seed_id,category,summary,original_headline,original_rationale,original_faithfulness,original_clarity,original_specificity,original_attractiveness,original_non_clickbait,original_overall,generic_sft_headline,generic_sft_rationale,generic_sft_faithfulness,generic_sft_clarity,generic_sft_specificity,generic_sft_attractiveness,generic_sft_non_clickbait,generic_sft_overall,specificity_sft_headline,specificity_sft_rationale,specificity_sft_faithfulness,specificity_sft_clarity,specificity_sft_specificity,specificity_sft_attractiveness,specificity_sft_non_clickbait,specificity_sft_overall,original_clickbait_penalty,original_quality_reward,original_pairwise_reward,original_final_score,original_reference_token_f1,original_summary_support_rate,original_headline_word_count,original_has_specific_signal,generic_sft_clickbait_penalty,generic_sft_quality_reward,generic_sft_pairwise_reward,generic_sft_final_score,generic_sft_reference_token_f1,generic_sft_summary_support_rate,generic_sft_headline_word_count,generic_sft_has_specific_signal,specificity_sft_clickbait_penalty,specificity_sft_quality_reward,specificity_sft_pairwise_reward,specificity_sft_final_score,specificity_sft_reference_token_f1,specificity_sft_summary_support_rate,specificity_sft_headline_word_count,specificity_sft_has_specific_signal,specificity_minus_generic_faithfulness,specificity_minus_original_faithfulness,generic_minus_original_faithfulness,specificity_minus_generic_clarity,specificity_minus_original_clarity,generic_minus_original_clarity,specificity_minus_generic_specificity,specificity_minus_original_specificity,generic_minus_original_specificity,specificity_minus_generic_attractiveness,specificity_minus_original_attractiveness,generic_minus_original_attractiveness,specificity_minus_generic_non_clickbait,specificity_minus_original_non_clickbait,generic_minus_original_non_clickbait,specificity_minus_generic_overall,specificity_minus_original_overall,generic_minus_original_overall,failure_group
1,news,"There's really nothing easy about being a NASA astronaut on the International Space Station, and the same goes for spacewalking outside of the orbiting laboratory. It's hard work, and when spacewalks stretch on for hours and hours, you have to be in excellent physical condition to make it through.",NASA's Christina Koch got a little bit messy during first all-female spacewalk,"This headline captures the identity of a specific astronaut and an event, maintaining interest without adding unsupported claims.",5.0,5.0,4.0,4.0,5.0,4.0,NASA astronauts need to be in good physical condition to make spacewalks,"While it conveys a relevant point, it's generic and lacks the specific event or individual context found in the original.",4.0,5.0,3.0,3.0,5.0,4.0,"Spacewalks are hard work, but you need to be in good physical condition to make spacewalks","This variant offers specific information on the challenges of spacewalks, but does not capture any specific event or individual.",4.0,5.0,3.0,3.0,5.0,4.0,0.9999181,3.4760218,-0.06396885,2.9600706,1.0,0.0,13,True,0.0014029072,4.621839,0.7026676,4.7968044,0.0,0.625,12,False,0.19318032,4.6012,0.6966382,4.6787696,0.0,0.7,16,False,0.0,-1.0,-1.0,0.0,0.0,0.0,0.0,-1.0,-1.0,0.0,-1.0,-1.0,0.0,0.0,0.0,0.0,0.0,0.0,sft_tie
2,foodanddrink,"LODI -- Spain's king of red grapes, Tempranillo, has found a home in Lodi, where talented growers and winemakers respect and know how to handle the variety. To celebrate International Tempranillo Day, Bokisch Vineyards is putting on the fourth annual Lodi Tour of Tempranillo Friday through Sunday. This year, 13 boutique wineries in the Lodi American Viticultural Area will showcase their ...",Tour of Tempranillo offers taste of Lodi's take on the Spanish varietal,Captures event details with clarity and focuses on the celebration of Tempranillo.,5.0,5.0,4.0,5.0,5.0,5.0,"Spain's king of red grapes, Tempranillo finds home in Lodi",Faithfully presents the connection of Tempranillo to Lodi but lacks event details.,4.0,5.0,3.0,4.0,5.0,4.0,"Tempranillo: Spain's king of red grapes, Tempranillo finds home in Lodi",Similar to generic_sft but slightly redundant; lacks event specifics.,4.0,5.0,3.0,4.0,5.0,4.0,0.002086994,4.672064,0.6037939,4.821969,1.0,0.25,12,True,0.00010266751,4.682578,0.6837976,4.853476,0.125,0.875,10,True,0.00016392846,4.6766815,0.7505419,4.864235,0.125,0.875,11,True,0.0,-1.0,-1.0,0.0,0.0,0.0,0.0,-1.0,-1.0,0.0,-1.0,-1.0,0.0,0.0,0.0,0.0,-1.0,-1.0,original_best_sft_tie
3,travel,"Today, roller coasters have become instruments of adrenaline (or torture, depending on your perspective). They break speed records, hurl passengers through space, and some are even designed to trick riders.",The Best Roller Coasters Around the World,The headline implies a subjective ranking without specifics on what makes them the 'best'.,3.0,4.0,3.0,4.0,4.0,3.0,"Roller coasters break speed records, hurl passengers through space","The headline accurately reflects the summary, capturing key aspects of roller coasters while being specific.",4.0,5.0,4.0,4.0,5.0,4.0,"Roller coasters break speed records, hurl passengers through space","This variant is identical to the generic_sft, garnering the same scores for its precise reflection of the summary.",4.0,5.0,4.0,4.0,5.0,4.0,0.99994266,3.0502784,0.09927301,2.5751252,1.0,0.4,7,True,0.00031450033,4.65588,1.0053914,4.9070706,0.2857142857142857,1.0,9,False,0.00031450033,4.65588,1.0053914,4.9070706,0.2857142857142857,1.0,9,False,0.0,1.0,1.0,0.0,1.0,1.0,0.0,1.0,1.0,0.0,0.0,0.0,0.0,1.0,1.0,0.0,1.0,1.0,sft_tie
4,sports,"The Seattle Seahawks once again rallied for a win, this time over the previously unbeaten 49ers. And this Seattle team is for real, writes Mike Jones.",'We always believe': Win over 49ers proves Seattle Seahawks' mindset is more than just lip service,Captures the essence of the game and team mindset.,5.0,5.0,5.0,4.0,5.0,5.0,Seattle Seahawks win over 49ers,Describes the outcome but lacks nuance about the significance.,4.0,5.0,3.0,3.0,5.0,4.0,Seattle Seahawks win over 49ers,"Same as generic, lacking context and detail.",4.0,5.0,3.0,3.0,5.0,4.0,0.00012817541,3.9887772,0.29814067,4.0632486,1.0,0.2666666666666666,16,True,7.658858e-05,4.6705885,0.5342021,4.804101,0.4,1.0,5,True,7.658858e-05,4.6705885,0.5342021,4.804101,0.4,1.0,5,True,0.0,-1.0,-1.0,0.0,0.0,0.0,0.0,-2.0,-2.0,0.0,-1.0,-1.0,0.0,0.0,0.0,0.0,-1.0,-1.0,original_best_sft_tie
5,sports,Listed starters for the Cyclones and Longhorns in their 2019 Big 12 Conference matchup at Jack Trice Stadium in Ames.,Depth charts: Projected starters for Iowa State vs. No. 23 Texas,Accurately summarizes the content while maintaining clarity and specificity.,5.0,5.0,5.0,4.0,5.0,5.0,Cyclones and Longhorns Listed starters for 2019 Big 12 Conference matchup at Jack Trice Stadium,"While it conveys the teams and event, it's less engaging and structured awkwardly.",4.0,4.0,4.0,3.0,4.0,3.0,Cyclones and Longhorns Listed starters for 2019 Big 12 Conference matchup at Jack Trice Stadium,Similar issues as the generic variant; lacks engagement despite details.,4.0,4.0,4.0,3.0,4.0,3.0,0.00015676547,4.6947236,0.39811856,4.794175,1.0,0.1428571428571428,11,True,0.00020681668,4.698399,0.99741745,4.94765,0.1111111111111111,1.0,15,True,0.00020681668,4.698399,0.99741745,4.94765,0.1111111111111111,1.0,15,True,0.0,-1.0,-1.0,0.0,-1.0,-1.0,0.0,-1.0,-1.0,0.0,-1.0,-1.0,0.0,-1.0,-1.0,0.0,-2.0,-2.0,original_best_sft_tie
6,health,A local airman returned home to the Miami Valley on Friday and was greeted by dozens of family and friends.,Local Airman returns from 6 Months in Afghanistan,"The headline accurately conveys the key facts and context, including location and duration.",5.0,5.0,5.0,4.0,5.0,5.0,"Airman returns home to Miami Valley, greeted by family and friends",This headline encompasses the homecoming event and its emotional context effectively.,5.0,5.0,5.0,5.0,5.0,5.0,Airman returns home to Miami Valley,"While accurate, this headline lacks the emotional context of family and friends.",5.0,5.0,4.0,3.0,5.0,4.0,8.4165215e-05,4.495592,0.4748003,4.61425,1.0,0.4,8,True,0.00011980369,4.706705,1.1079309,4.983628,0.3076923076923077,0.875,11,True,9.1301124e-05,4.7009706,0.94781005,4.937877,0.4000000000000001,0.8,6,True,0.0,0.0,0.0,0.0,0.0,0.0,-1.0,-1.0,0.0,-2.0,-1.0,1.0,0.0,0.0,0.0,-1.0,-1.0,0.0,generic_best
7,news,"Students at Hartford's new Weaver campus are working to erase stark lines dividing the building's two school communities, the public school drawing students from the neighborhoods and the magnet arts school that mostly serves the suburbs. Working with staff and administrators, they're trying to counteract some of the unintended consequences of relocating and reorganizing three high schools ...","Hartford's Weaver forging a new identity at campus shared by public, magnet students",Accurately conveys the effort to unite the two school communities with clarity but could include more specific details.,5.0,5.0,4.0,4.0,5.0,4.0,Hartford's new Weaver campus works to erase stark lines,Fairly concise but lacks specific context about the two school communities.,4.0,5.0,2.0,3.0,5.0,4.0,Hartford's new Weaver campus works to erase stark lines dividing the building's two school communities,"Highly specific and clear, but slightly less attractive due to its length.",5.0,5.0,5.0,3.0,5.0,4.0,0.00013871057,4.6294928,0.7405252,4.8145547,1.0,0.7,13,True,7.905018e-05,4.700725,0.96684706,4.942397,0.4444444444444445,0.875,9,True,0.00016176516,4.7079663,1.0720029,4.975886,0.3478260869565217,0.9230769230769232,15,True,1.0,0.0,-1.0,0.0,0.0,0.0,3.0,1.0,-2.0,0.0,-1.0,-1.0,0.0,0.0,0.0,0.0,0.0,0.0,sft_tie
8,sports,"Considering that Domingue is slated to be an unrestricted free agent this summer, finding an opportunity to play regularly (even if it isn't necessarily at the NHL level to start with) would be ideal.",Louis Domingue changes agents amid attempt to play at NHL level again,"The headline accurately reflects Domingue's situation, is clear, specific, and not clickbait.",5.0,5.0,5.0,4.0,5.0,5.0,"Domingue is a free agent, but he's not a regular at the NHL level","While it relates to his status as a free agent, it lacks clarity and specificity about his attempt to play regularly.",4.0,4.0,3.0,3.0,4.0,3.0,Domingue to be free agent this summer,It correctly states his status but doesn’t capture the full context of his career intentions.,4.0,4.0,4.0,3.0,5.0,4.0,7.878077e-05,3.3075447,0.3818859,3.4029768,1.0,0.4,12,True,0.00063491834,4.343393,0.4774021,4.4624257,0.3157894736842105,0.5555555555555556,14,True,0.0003692042,4.3384275,0.6771591,4.5075326,0.1428571428571428,1.0,7,False,0.0,-1.0,-1.0,0.0,-1.0,-1.0,1.0,-1.0,-2.0,0.0,-1.0,-1.0,1.0,0.0,-1.0,1.0,-1.0,-2.0,original_best_specificity_above_generic
9,news,A driver was fatally shot in St. Paul on Sunday night and police are searching for the person responsible.,Driver dies after being shot in St. Paul's Summit-U area,Includes specific area and details of the incident while maintaining clarity.,5.0,5.0,5.0,4.0,5.0,5.0,Driver fatally shot in St. Paul,Describes the event accurately but lacks specific location detail found in the original.,5.0,5.0,4.0,3.0,5.0,4.0,Driver fatally shot in St. Paul,"Identical to generic_sft; hence, scores are the same.",5.0,5.0,4.0,3.0,5.0,4.0,7.788159e-05,4.4747925,0.18850517,4.5218797,1.0,0.25,11,True,9.153038e-05,4.687585,0.58422816,4.833596,0.3333333333333333,1.0,6,True,9.153038e-05,4.687585,0.58422816,4.833596,0.3333333333333333,1.0,6,True,0.0,0.0,0.0,0.0,0.0,0.0,0.0,-1.0,-1.0,0.0,-1.0,-1.0,0.0,0.0,0.0,0.0,-1.0,-1.0,original_best_sft_tie
10,sports,The playoffs begin next week across Oklahoma. Here is a complete list of the first-round playoff pairings for each class. Class 6A-I Moore at Edmond Santa Fe Jenks at Mustang Norman at Owasso Tulsa Union at Broken Arrow Class 6A-II Sapulpa at Stillwater Choctaw at Muskogee Midwest City at Bixby Tulsa Washington at Del City Class 5A Woodward at Noble Tulsa Kelley at Collinsville Pryor ...,High school football: First-round playoff pairings,Effectively conveys the main event with good clarity and relevance.,5.0,5.0,4.0,4.0,5.0,4.0,Oklahoma's first-round playoff pairings begin next week,"Less specific and lacks detail about the pairings, but remains clear.",4.0,4.0,3.0,3.0,5.0,3.0,Oklahoma's first-round playoff pairings: Class 6A-I Moore at Edmond Santa Fe Jenks at Mustang Norman at Owass,Highly specific with concrete details that engage readers without being manipulative.,4.0,4.0,5.0,5.0,5.0,5.0,0.00012095628,4.483592,0.8274108,4.6903844,1.0,0.5714285714285714,7,True,8.8048066e-05,4.695371,0.99694407,4.9445634,0.5333333333333333,0.875,8,False,0.000116107854,4.696193,1.0569468,4.960372,0.4,0.8461538461538461,19,True,0.0,-1.0,-1.0,0.0,-1.0,-1.0,2.0,1.0,-1.0,2.0,1.0,-1.0,0.0,0.0,0.0,2.0,1.0,-1.0,specificity_best
11,lifestyle,"It's a decade where you'll meet multiple princesses, a new Queen, The King, Prince and the future King of Pop.",50+ Amazing Things That Happened in the '50s,The headline is irrelevant to the summary.,1.0,1.0,1.0,1.0,1.0,1.0,"The King of Pop is a decade where you'll meet multiple princesses, a new Queen, The King, Prince and the future King",The headline is somewhat related but poorly constructed and retains long summary phrasing.,2.0,3.0,3.0,2.0,3.0,2.0,"The King of Pop is a decade where you'll meet multiple princesses, a new Queen, The King, Prince and the future King","Identical to generic_sft, with the same issues.",2.0,3.0,3.0,2.0,3.0,2.0,0.99997616,2.420284,0.06447468,1.9364147,1.0,0.0,8,True,0.9999676,4.675727,1.1037256,4.4516745,0.0,1.0,22,True,0.9999676,4.675727,1.1037256,4.4516745,0.0,1.0,22,True,0.0,1.0,1.0,0.0,2.0,2.0,0.0,2.0,2.0,0.0,1.0,1.0,0.0,2.0,2.0,0.0,1.0,1.0,sft_tie
12,sports,"When Monday's game against the Mavericks was tied at 86-86, one of the five Celtics on the floor wasn't even on an NBA roster last year. Now, that might not be surprising if the Celtics were floundering, but they're not. They're doing just the opposite. Now, there is an opportunity for others to contribute as a result of Gordon Hayward's injury. Even with that being the case, Javonte Green wasn't told by Brad Stevens he might see minutes in a...",Javonte Green didn't expect to play as much as he did vs. Mavericks,This headline accurately reflects the summary about Javonte Green's unexpected gameplay while remaining clear and specific.,5.0,5.0,5.0,4.0,5.0,4.0,"Celtics are doing just the opposite, but they're doing just the opposite",This headline is repetitive and doesn't provide new information about the game or players.,2.0,2.0,1.0,2.0,2.0,1.0,"Celtics are doing just the opposite, but they're doing just the opposite","Identical to the generic variant; it lacks clarity and specificity, making it ineffective.",2.0,2.0,1.0,2.0,2.0,1.0,0.86900187,4.2070227,0.16315123,3.8133094,1.0,0.375,13,True,0.010611527,4.122118,0.1641038,4.1578383,0.0,1.0,12,False,0.010611527,4.122118,0.1641038,4.1578383,0.0,1.0,12,False,0.0,-3.0,-3.0,0.0,-3.0,-3.0,0.0,-4.0,-4.0,0.0,-2.0,-2.0,0.0,-3.0,-3.0,0.0,-3.0,-3.0,original_best_sft_tie
13,travel,Game wardens are investigating a fatal crash involving an all-terrain passenger vehicle in a small town west of Belfast. The wardens say the crash killed 30-year-old Rachel Curtis of Montville in her hometown on Sunday. They say Curtis was a passenger on an ATV that was traveling on a dirt road when it crashed before noon. The warden service says it is working with the district attorney's office to determine if the driver of the ATV will be...,Charges possible after woman dies in ATV crash,"The headline succinctly conveys the key event and potential legal implications, but lacks specific details about the victim.",5.0,5.0,3.0,4.0,5.0,4.0,Game wardens investigating fatal crash in small town west of Belfast,This headline is factually accurate but lacks attention-grabbing elements and a succinct focus on the human aspect of the tragedy.,5.0,4.0,4.0,3.0,5.0,4.0,Game wardens investigating fatal crash in small town west of Belfast,Identical to the generic version; it provides strong factual content but lacks emotional engagement.,5.0,4.0,4.0,3.0,5.0,4.0,8.025222e-05,3.3484468,0.35460377,3.4370577,1.0,0.2857142857142857,8,True,7.3163246e-05,4.6981406,0.97868603,4.9427752,0.125,1.0,11,True,7.3163246e-05,4.6981406,0.97868603,4.9427752,0.125,1.0,11,True,0.0,0.0,0.0,0.0,-1.0,-1.0,0.0,1.0,1.0,0.0,-1.0,-1.0,0.0,0.0,0.0,0.0,0.0,0.0,sft_tie
14,finance,Critics say Procter & Gamble contributes to deforestation and should use recycled materials for paper products,Environmentalists' new target? Charmin toilet paper,Captures the essence but lacks details on the environmental issue.,4.0,4.0,3.0,3.0,5.0,4.0,Critics say Procter & Gamble contributes to deforestation and should use recycled materials for paper products,Accurate and detailed but less engaging as a headline.,5.0,5.0,5.0,2.0,5.0,4.0,Critics say Procter & Gamble contributes to deforestation and should use recycled materials for paper products,Same as generic_sft; accurately detailed but lacks engaging quality.,5.0,5.0,5.0,2.0,5.0,4.0,7.264664e-05,3.8571327,0.15726379,3.8964124,1.0,0.1666666666666666,6,True,0.00072971743,4.6979427,1.1769032,4.9918036,0.1111111111111111,1.0,15,True,0.00072971743,4.6979427,1.1769032,4.9918036,0.1111111111111111,1.0,15,True,0.0,1.0,1.0,0.0,1.0,1.0,0.0,2.0,2.0,0.0,-1.0,-1.0,0.0,0.0,0.0,0.0,0.0,0.0,sft_tie
15,news,Plant officials told workers during early shifts less than 12 hours after a proposed tentative contract agreement was announced publicly.,"Ford-UAW deal includes closing Romeo Engine Plant, moving 600 jobs","Directly addresses the main points of the summary, provides specific details about the contract and job impact.",5.0,5.0,4.0,4.0,5.0,5.0,Plant officials tell workers during early shifts less than 12 hours after proposed contract agreement,"Accurate but lacks specific details about the contract's outcomes, making it less engaging.",4.0,5.0,3.0,3.0,5.0,3.0,Plant officials tell workers during early shifts less than 12 hours after proposed contract agreement,Identical to generic_sft with similar strengths and weaknesses.,4.0,5.0,3.0,3.0,5.0,3.0,6.765447e-05,4.14357,0.3471293,4.2303185,1.0,0.0909090909090909,11,True,8.494962e-05,4.7013507,1.0408984,4.961533,0.08,0.9285714285714286,15,True,8.494962e-05,4.7013507,1.0408984,4.961533,0.08,0.9285714285714286,15,True,0.0,-1.0,-1.0,0.0,0.0,0.0,0.0,-1.0,-1.0,0.0,-1.0,-1.0,0.0,0.0,0.0,0.0,-2.0,-2.0,original_best_sft_tie
16,travel,": CELEBS AND KID PARTIESTampa Theatre is shaking up its annual Halloween film festival Nightmare on Franklin Street with two live shows. Catch the popular horror-comedy podcast The Last Podcast on the Left at 8 p.m. Friday. $34.50-$44.50. And Barry Bostwick, the star of The Rocky Horror Picture Show, will give a talk before a screening of the cult classic at 7 p.m. and midnight ...",Top things to do in Tampa Bay this weekend: Oct. 18-20,The headline is too generic and lacks details about the specific events.,2.0,3.0,2.0,2.0,3.0,2.0,CELEBS AND KID PARTIESTampa Theatre is shaking up Halloween film festival Nightmare on Franklin Street,"While it captures the essence, it's a bit vague about the events and lacks engagement.",3.0,4.0,3.0,2.0,4.0,3.0,CELEBS AND KID PARTIESTampa Theatre is shaking up Halloween film festival Nightmare on Franklin Street,"Similar to the generic version, it has clarity but lacks unique details to attract readers.",3.0,4.0,3.0,2.0,4.0,3.0,0.9996277,2.700875,0.07944509,2.2209225,1.0,0.0,12,True,0.9999502,4.707302,1.0649573,4.473566,0.0,1.0,15,True,0.9999502,4.707302,1.0649573,4.473566,0.0,1.0,15,True,0.0,1.0,1.0,0.0,1.0,1.0,0.0,1.0,1.0,0.0,0.0,0.0,0.0,1.0,1.0,0.0,1.0,1.0,sft_tie
17,news,State officials including Republican Gov. Greg Abbott have targeted Austin's left-leaning policies toward homelessness as encampments have grown more prevalent in Texas' capital city.,"Homeless Become More Visible in Austin, Sparking Political Clash",Captures the issue and political tension but lacks specific mention of encampments.,4.0,4.0,3.0,4.0,5.0,4.0,Texas Gov. Greg Abbott targets left-leaning homelessness policies,Directly addresses the core issue with specific reference to Gov. Abbott.,5.0,5.0,5.0,3.0,5.0,5.0,Texas Gov. Greg Abbott targets left-leaning homelessness policies,"Identical to generic_sft, providing a clear and specific statement.",5.0,5.0,5.0,3.0,5.0,5.0,8.295399e-05,3.7001126,0.064128205,3.716103,1.0,0.125,9,True,7.44814e-05,4.703287,1.0264031,4.959851,0.0,0.7777777777777778,9,True,7.44814e-05,4.703287,1.0264031,4.959851,0.0,0.7777777777777778,9,True,0.0,1.0,1.0,0.0,1.0,1.0,0.0,2.0,2.0,0.0,-1.0,-1.0,0.0,0.0,0.0,0.0,1.0,1.0,sft_tie
18,news,"President Donald Trump was at Walter Reed National Medical Center on Saturday for what the White House said were medical tests as part of his annual physical. The appointment wasn't on his weekend public schedule that was released Friday night, and his last physical was in February. Press secretary Stephanie Grisham said the 73-year-old Trump was ``anticipating a very busy 2020'' and wanted to take advantage of ``a free...",White House: Trump having tests as part of medical checkup,Accurately reports the situation and is clear and engaging.,5.0,5.0,4.0,4.0,5.0,5.0,Donald Trump at Walter Reed National Medical Center for medical tests,Clear but less engaging than the original; also lacks the White House attribution.,5.0,5.0,4.0,3.0,5.0,4.0,Donald Trump at Walter Reed National Medical Center for medical tests,"Identical to generic_sft; thus, it has the same scores.",5.0,5.0,4.0,3.0,5.0,4.0,0.000117346244,4.343567,0.22518657,4.399805,1.0,0.75,10,True,0.00010129729,4.6634455,0.3652057,4.7546964,0.375,1.0,11,True,0.00010129729,4.6634455,0.3652057,4.7546964,0.375,1.0,11,True,0.0,0.0,0.0,0.0,0.0,0.0,0.0,0.0,0.0,0.0,-1.0,-1.0,0.0,0.0,0.0,0.0,-1.0,-1.0,original_best_sft_tie
19,health,"In a small study, researchers found that exercising before breakfast led to more fat loss, but not weight loss, than eating beforehand.","The best time to exercise is before breakfast, a new study says",The headline gives a general claim but doesn't specify the study's exact findings about fat loss versus weight loss.,3.0,4.0,3.0,3.0,4.0,3.0,"Exercise before breakfast leads to more fat loss, but not weight loss","Directly states the study's findings clearly and specifically, without exaggeration.",5.0,5.0,5.0,4.0,5.0,5.0,"Exercise before breakfast leads to more fat loss, but not weight loss",Identical to the generic headline with the same strengths in clarity and specificity.,5.0,5.0,5.0,4.0,5.0,5.0,0.00060696277,3.7587187,0.3234586,3.83928,1.0,0.375,12,False,0.00018070321,4.6439013,0.7471119,4.8305893,0.3333333333333332,0.8,12,False,0.00018070321,4.6439013,0.7471119,4.8305893,0.3333333333333332,0.8,12,False,0.0,2.0,2.0,0.0,1.0,1.0,0.0,2.0,2.0,0.0,1.0,1.0,0.0,1.0,1.0,0.0,2.0,2.0,sft_tie
20,sports,"The Cincinnati Bengals lost running back Giovani Bernard to a knee injury during the team's Week 10 game against the Baltimore Ravens. Bernard went to the blue tent in the second quarter and the team quickly ruled him out. They then revised it to a doubtful tag before he unexpectedly made his return in the second half. At the time of the injury, the Ravens had a 28-3 lead and Bernard had turned two carries into 10 yards while serving as the...","Giovani Bernard suffers knee injury vs. Ravens, eventually returns",Accurately reflects the event and his return.,5.0,5.0,5.0,4.0,5.0,5.0,Cincinnati Bengals lose running back Giovani Bernard to knee injury,Provides essential information but lacks detail about the return.,4.0,4.0,4.0,3.0,5.0,4.0,Cincinnati Bengals lose running back Giovani Bernard to knee injury,Identical to the generic but lacks diversity in wording.,4.0,4.0,4.0,3.0,5.0,4.0,9.860398e-05,4.6779356,0.5754406,4.821747,1.0,0.625,9,True,8.314937e-05,4.6896853,0.56616545,4.8311853,0.4705882352941176,0.8888888888888888,10,True,8.314937e-05,4.6896853,0.56616545,4.8311853,0.4705882352941176,0.8888888888888888,10,True,0.0,-1.0,-1.0,0.0,-1.0,-1.0,0.0,-1.0,-1.0,0.0,-1.0,-1.0,0.0,0.0,0.0,0.0,-1.0,-1.0,original_best_sft_tie
21,lifestyle,"In April of this year student activists called for acknowledgment of inaction regarding racism in Worcester's schools. Last month, Worcester voters took to the polls with their selections for the district's new School Committee. The vote reveals that student activists' calls for change have fallen upon deaf ears. With only one person of color elected, Worcester's schools will continue to be ...","As I See It: What Worcester's election means for school discipline, representation",Relevant to the topic but lacks urgency and specifics about the election outcome.,4.0,4.0,3.0,3.0,4.0,4.0,Student activists call for change in Worcester's schools,Accurately reflects the call for change but lacks specificity about the election results.,5.0,5.0,3.0,4.0,5.0,4.0,Student activists call for change in Worcester's schools,"Identical to the generic version, providing a good reflection but not enough detail.",5.0,5.0,3.0,4.0,5.0,4.0,0.0012295804,3.0246305,0.19520943,3.072818,1.0,0.25,12,True,0.00015537137,4.615451,0.7557018,4.8042984,0.1428571428571428,0.8333333333333334,8,True,0.00015537137,4.615451,0.7557018,4.8042984,0.1428571428571428,0.8333333333333334,8,True,0.0,1.0,1.0,0.0,1.0,1.0,0.0,0.0,0.0,0.0,1.0,1.0,0.0,1.0,1.0,0.0,0.0,0.0,sft_tie
22,news,"South Jersey, Group 3 2-Ocean City at 1-Clearview How they got here: Ocean City and Clearivew seem to meet in the sectional final every season, and it's no shock to see both programs back with the years they've both put together. Ocean City continued its impressive play from a year ago, earning wins against Haddonfield and Bishop Eustace to prove itself as one of the state's best. The Red ...","South Jersey, Group 3 final preview: Ocean City at Clearview",Accurately summarizes the matchup while remaining clear and engaging.,5.0,5.0,5.0,4.0,5.0,5.0,"South Jersey, Group 3 2-Ocean City at 1-Clearview",Provides specific details but lacks engagement and is more of a statement.,4.0,4.0,5.0,3.0,5.0,4.0,Ocean City and Clearivew meet in sectional final,Clear and specific but doesn't evoke as much interest; resemblance to a recap.,4.0,4.0,5.0,3.0,5.0,4.0,9.0596295e-05,4.5007954,0.58896714,4.6479917,1.0,0.875,10,True,0.00011011224,4.5369873,0.5011928,4.6622305,0.8571428571428571,1.0,10,True,8.6813e-05,4.5357885,0.6377529,4.6951833,0.4285714285714285,1.0,8,True,0.0,-1.0,-1.0,0.0,-1.0,-1.0,0.0,0.0,0.0,0.0,-1.0,-1.0,0.0,0.0,0.0,0.0,-1.0,-1.0,original_best_sft_tie
23,finance,"Buy Microsoft on weakness to its semiannual value level at $131.71, or buy at Friday's close if the stock is above $138.17, the key weekly moving average. The target is its quarterly risky level at $152.47.",How to Trade Microsoft on Solid Earnings but No New Intraday High,The headline alludes to earnings but doesn't directly state trading advice; it's somewhat vague.,3.0,4.0,3.0,4.0,4.0,3.0,"Microsoft sells its semiannual value at $131.71, or buy at Friday's close if the stock is above $138.17","While it provides specific trading levels, it lacks clarity and isn't engaging.",3.0,3.0,5.0,3.0,5.0,3.0,"Microsoft sells its semiannual value at $131.71, or buy at Friday's close if the stock is above $138.17",Identical to generic_sft; same strengths and weaknesses.,3.0,3.0,5.0,3.0,5.0,3.0,0.00017857313,2.7539485,0.28168592,2.8242807,1.0,0.125,12,True,9.000876e-05,4.696436,0.9755744,4.9402847,0.1,0.9166666666666666,20,True,9.000876e-05,4.696436,0.9755744,4.9402847,0.1,0.9166666666666666,20,True,0.0,0.0,0.0,0.0,-1.0,-1.0,0.0,2.0,2.0,0.0,-1.0,-1.0,0.0,1.0,1.0,0.0,0.0,0.0,sft_tie
24,news,WATERBURY A tractor-trailer found itself stuck under a railroad bridge Monday morning. Police said the truck wedge itself under the bridge at West Main Street and Sperry Street. There were some delays in the area while they worked to remove the truck. It's unknown at this time if there was any structural damage to the bridge. Traffic Accident Tractor Trailer stuck under R&R bridge West ...,Tractor-trailer wedges itself under Waterbury bridge Monday morning,It accurately conveys the main event and location in a clear manner.,5.0,5.0,5.0,4.0,5.0,5.0,tractor-trailer found stuck under railroad bridge,"While it is clear and faithful, it lacks specificity on the location.",5.0,5.0,4.0,3.0,5.0,4.0,tractor-trailer found stuck under railroad bridge,Similar to generic_sft; lacks the exact location under the bridge.,5.0,5.0,4.0,3.0,5.0,4.0,0.00012932527,4.6814294,0.87613666,4.9003987,1.0,0.8888888888888888,9,True,0.00015205884,4.642115,0.75776386,4.8314805,0.5,1.0,7,False,0.00015205884,4.642115,0.75776386,4.8314805,0.5,1.0,7,False,0.0,0.0,0.0,0.0,0.0,0.0,0.0,-1.0,-1.0,0.0,-1.0,-1.0,0.0,0.0,0.0,0.0,-1.0,-1.0,original_best_sft_tie
25,lifestyle,Adam's Corner and Fisher House provide military families resources such as housing and child care.,Adam's Corner celebrates the bravery of our Armed Forces and bring joy to children | Opinion,"While it mentions Adam's Corner and the Armed Forces, it includes opinion framing and lacks specific event focus.",3.0,4.0,3.0,3.0,4.0,3.0,Adam's Corner and Fisher House provide military families resources,Accurately describes the resources provided by both organizations; clear and precise.,5.0,5.0,5.0,4.0,5.0,5.0,Adam's Corner and Fisher House provide military family resources,"Similar to generic_sft, it conveys essential information without embellishment.",5.0,5.0,5.0,4.0,5.0,5.0,0.9999305,2.6145205,0.081017315,2.1348097,1.0,0.1818181818181818,15,True,0.00012341484,4.7063727,1.0990317,4.981069,0.2105263157894737,1.0,9,True,0.00011874415,4.7064667,1.0887712,4.9786,0.2105263157894737,0.875,9,True,0.0,2.0,2.0,0.0,1.0,1.0,0.0,2.0,2.0,0.0,1.0,1.0,0.0,1.0,1.0,0.0,2.0,2.0,sft_tie
26,news,"A Sacramento man has opened his doors to a Healdsburg couple and their 18 dogs, 11 of which are five-week-old puppies.",Sacramento Man Takes Wildfire Evacuees And Their 18 Dogs,Directly informs about the actions of the man and the situation of the evacuees.,5.0,5.0,5.0,5.0,5.0,5.0,"Sacramento man opens doors to 18 dogs, 11 of which are five-week-old puppies",Clear but less engaging than the original; it reads more like a statement.,5.0,4.0,5.0,4.0,5.0,4.0,"Sacramento man opens doors to 18 dogs, 11 of which are five-week-old puppies",Identical to generic_sft; same clarity and engagement level.,5.0,4.0,5.0,4.0,5.0,4.0,0.00017466304,4.0969524,0.5988691,4.2465825,1.0,0.5714285714285714,9,True,0.00066612783,4.704775,1.0103173,4.957021,0.3529411764705882,0.9,15,True,0.00066612783,4.704775,1.0103173,4.957021,0.3529411764705882,0.9,15,True,0.0,0.0,0.0,0.0,-1.0,-1.0,0.0,0.0,0.0,0.0,-1.0,-1.0,0.0,0.0,0.0,0.0,-1.0,-1.0,original_best_sft_tie
27,sports,Check out photos from the Monster Energy NASCAR Cup Series and NASCAR Xfinity Series playoff weekend at Kansas Speedway.,At-track photos: 2019 Kansas playoff weekend,The headline accurately conveys the essence of the event and is clear and engaging.,5.0,5.0,5.0,4.0,5.0,5.0,Monster Energy NASCAR Cup Series and NASCAR Xfinity Series playoff weekend at Kansas Speedway,"While accurate, it's more of a detailed statement than a headline, making it less engaging.",5.0,4.0,5.0,3.0,5.0,4.0,Monster Energy NASCAR Cup Series and NASCAR Xfinity Series playoff weekend at Kansas Speedway,"Similar to the generic variant, it's specific but lacks the succinctness of a strong headline.",5.0,4.0,5.0,3.0,5.0,4.0,0.00013012187,4.681156,0.6652301,4.8473988,1.0,0.6666666666666666,7,True,9.216643e-05,4.684589,0.82279813,4.890242,0.3749999999999999,1.0,14,True,9.216643e-05,4.684589,0.82279813,4.890242,0.3749999999999999,1.0,14,True,0.0,0.0,0.0,0.0,-1.0,-1.0,0.0,0.0,0.0,0.0,-1.0,-1.0,0.0,0.0,0.0,0.0,-1.0,-1.0,original_best_sft_tie
28,sports,"Frank Vogel is aware of the great situation he's in with the Lakers, and he wants to make the best of it.","Frank Vogel says Lakers are 'coolest organization in the NBA,' calls coaching LeBron James and rest of team 'opportunity of a lifetime'",The headline accurately captures the essence of Vogel's statements and is clear and engaging.,5.0,5.0,5.0,5.0,5.0,5.0,"Lakers' Frank Vogel wants to make the best of it, and he wants to make the best of it",The headline is somewhat clear but repeats the same phrase and lacks specificity.,3.0,4.0,2.0,2.0,4.0,3.0,"Lakers' Frank Vogel is aware of the great situation he's in with the Lakers, and wants to make the best of it",The headline holds a good level of detail but is lengthy and less engaging.,4.0,4.0,4.0,3.0,4.0,4.0,0.00010999188,3.9569142,0.42614108,4.0633945,1.0,0.2,23,True,0.00034570985,4.424461,0.42003822,4.5292974,0.1904761904761904,0.8333333333333334,19,True,0.023951467,4.639699,0.7084352,4.804832,0.2307692307692307,0.9090909090909092,22,True,1.0,-1.0,-2.0,0.0,-1.0,-1.0,2.0,-1.0,-3.0,1.0,-2.0,-3.0,0.0,-1.0,-1.0,1.0,-1.0,-2.0,original_best_specificity_above_generic
29,finance,"PROVIDENCE -- Rhode Island's seasonally adjusted unemployment rage for October was 3.6 percent, the same as September, the state Department of Labor and Training announced Thursday The number of unemployed Rhode Island residents -- those residents classified as available for and actively seeking employment -- was 19,900, down 100 from September, the DLT said. The number of employed Rhode ...","R.I. unemployment rate stays at 3.6%, same as U.S.",Accurately conveys the content but lacks a strong hook.,4.0,4.0,4.0,3.0,5.0,4.0,"Rhode Island's seasonally adjusted unemployment rage for October was 3.6 percent, the same as September",Too much detail for a headline; lacks engagement.,3.0,3.0,3.0,1.0,2.0,2.0,"Rhode Island's unemployment rage for October was 3.6 percent, the same as September",Similar issues as the generic version; lacks appeal.,3.0,3.0,3.0,1.0,2.0,2.0,7.121261e-05,4.0565805,0.46698028,4.17329,1.0,0.5,12,True,0.0001754243,4.706795,0.98863304,4.9538655,0.2666666666666666,1.0,16,True,0.00012869589,4.703069,0.92887187,4.9352226,0.3076923076923076,1.0,14,True,0.0,-1.0,-1.0,0.0,-1.0,-1.0,0.0,-1.0,-1.0,0.0,-2.0,-2.0,0.0,-3.0,-3.0,0.0,-2.0,-2.0,original_best_sft_tie
30,finance,Curious just how far your dollar goes in Pleasant Valley? Here's what you can get in neighborhood apartment rentals for $900/month.,What apartments will $900 rent you in Pleasant Valley right now?,Clearly states the subject and specifics of the rental market.,5.0,5.0,5.0,4.0,5.0,5.0,How to rent a neighborhood apartment in Pleasant Valley? Here's what you can get in neighborhood apartment rentals for $900/month,Vague phrasing and unnecessary wording detracts from clarity and attractiveness.,4.0,4.0,3.0,3.0,4.0,3.0,Apartment rentals for $900/month in Pleasant Valley: What you can get in neighborhood apartment rentals for $900/month,Includes specific details but is too repetitive and lengthy to be a strong headline.,4.0,4.0,5.0,3.0,4.0,4.0,0.00046313612,4.67382,0.31362924,4.7519956,1.0,0.5,11,True,0.9999503,4.632464,0.74487644,4.318708,0.5217391304347826,0.9230769230769232,21,True,0.9998155,4.69915,0.8974452,4.4236035,0.4761904761904761,1.0,19,True,0.0,-1.0,-1.0,0.0,-1.0,-1.0,2.0,0.0,-2.0,0.0,-1.0,-1.0,0.0,-1.0,-1.0,1.0,-1.0,-2.0,original_best_specificity_above_generic
31,autos,"Duane Roots' 1,500hp 6.2L Hemi Charger Hellcat runs on E90 and nitrous, with a huge helping of boost (18 psi) from a 4.5L Whipple blower.","Horsepower! The 1,500hp Hellcat King","While interesting and catchy, it lacks specific details about the car's setup.",3.0,4.0,2.0,4.0,3.0,3.0,Duane Roots' 6.2L Hemi Charger Hellcat runs on E90 and nitrous,"Covers the main points accurately and clearly, but is a bit dry.",5.0,5.0,4.0,3.0,5.0,4.0,Duane Roots' 6.2L Hemi Charger Hellcat runs on E90 and nitrous,"Identical to the generic variant, maintaining high fidelity and clarity.",5.0,5.0,4.0,3.0,5.0,4.0,0.9994406,3.0901897,0.0038549714,2.591433,1.0,0.5,6,True,0.00026317057,4.701232,1.0434586,4.961965,0.1666666666666666,1.0,12,True,0.00026317057,4.701232,1.0434586,4.961965,0.1666666666666666,1.0,12,True,0.0,2.0,2.0,0.0,1.0,1.0,0.0,2.0,2.0,0.0,-1.0,-1.0,0.0,2.0,2.0,0.0,1.0,1.0,sft_tie
32,autos,Interstate 70 has reopened near Hoke Road after a rollover crash left all westbound lanes closed around 1 a.m.,I-70 westbound reopened after single-car rollover crash,"This headline is clear, specific, and accurately reflects the event without exaggeration.",5.0,5.0,4.0,4.0,5.0,5.0,Interstate 70 reopens near Hoke Road after rollover crash leaves all westbound lanes closed,This variant includes all necessary details and is clear and precise.,5.0,5.0,5.0,4.0,5.0,5.0,Interstate 70 reopens near Hoke Road after rollover crash,"While this is clear and accurate, it lacks detail about the lane closures.",5.0,5.0,4.0,4.0,5.0,5.0,9.55977e-05,4.697409,0.6329149,4.8555903,1.0,0.7142857142857143,9,True,8.146734e-05,4.7064185,0.9228218,4.9370832,0.4,0.8461538461538461,14,True,6.635214e-05,4.704819,0.81663877,4.9089456,0.3999999999999999,0.875,9,True,0.0,0.0,0.0,0.0,0.0,0.0,-1.0,0.0,1.0,0.0,0.0,0.0,0.0,0.0,0.0,0.0,0.0,0.0,sft_tie
33,autos,"State Highway Patrol troopers tried to stop a vehicle after it went left of center around 2:19 a.m. on Park Road near state Route 49, according to a release from Wapakoneta Ohio State Highway Patrol.","Troopers attempt to stop impaired driver, ends with vehicle into tree",Directly reports the attempt to stop the driver and the outcome.,5.0,5.0,4.0,4.0,5.0,5.0,State Highway Patrol troopers try to stop vehicle after it went left of center at 2:19 a.m.,Accurate but lacks the event's impactful outcome.,4.0,5.0,4.0,3.0,5.0,4.0,State Highway Patrol troopers try to stop vehicle after it went left of center at 2:19 a.m.,"Identical to generic_sft, with the same strengths and weaknesses.",4.0,5.0,4.0,3.0,5.0,4.0,0.00016354205,3.847341,0.49216652,3.970301,1.0,0.3333333333333333,11,False,0.0002562841,4.6878505,0.936931,4.921955,0.3,0.9090909090909092,19,True,0.0002562841,4.6878505,0.936931,4.921955,0.3,0.9090909090909092,19,True,0.0,-1.0,-1.0,0.0,0.0,0.0,0.0,0.0,0.0,0.0,-1.0,-1.0,0.0,0.0,0.0,0.0,-1.0,-1.0,original_best_sft_tie
34,sports,"With the Miami Dolphins rebuilding and holding three 2020 first-round picks in the NFL draft, it is never too early to watch some of the top prospects across the college landscape. Week 11 of the college football season offers a few great opportunities to view some of these players in action against some of the best teams in the nation. Here's a look at a few top players you can watch in South ...",Do some couch scouting for Dolphins draft: Here are top prospects to watch this weekend,Accurately reflects the summary and is engaging without being clickbait.,5.0,5.0,5.0,4.0,5.0,5.0,Miami Dolphins: Top players you can watch in South &lt;b&gt;...&lt;/b&gt,Vague and lacks detail; does not specify which players or events.,3.0,3.0,2.0,3.0,4.0,3.0,Miami Dolphins' top players in action against some of the best teams in the nation,Somewhat specific but misleads by suggesting results against top teams; lacks engagement.,4.0,4.0,4.0,3.0,4.0,4.0,0.99962175,4.676055,0.4416014,4.2866445,1.0,0.6,15,True,0.018361978,4.414971,0.49845496,4.5304036,0.3333333333333332,1.0,15,True,0.0003926084,4.686681,0.54796934,4.823477,0.2,0.9,15,True,1.0,-1.0,-2.0,1.0,-1.0,-2.0,2.0,-1.0,-3.0,0.0,-1.0,-1.0,0.0,-1.0,-1.0,1.0,-1.0,-2.0,original_best_specificity_above_generic
35,sports,"HOUSTON The Astros have a reputation for being good at stealing signs and picking up on opposing pitchers' small tells, especially at Minute Maid Park. The Yankees know all too well what the Astros are capable of. In April, James Paxton got hit hard, allowing five earned runs on eight hits in just four innings work here. After that, the Yankees left-hander, who will start Game 2 for the Yankees Sunday night, said he was told he was tipping...","James Paxton, Yankees know Astros can and will pick up on pitching signs",Addresses the main theme but lacks a direct action or consequence.,4.0,4.0,4.0,3.0,4.0,3.0,Astros are good at stealing signs and picking up on opposing pitchers' small tells,Describes a fact but lacks context and is too vague.,3.0,3.0,3.0,3.0,4.0,3.0,"Astros' James Paxton gets hit hard, allowing five earned runs on eight hits in just four innings",Very specific but focuses on past performance rather than current implications.,4.0,4.0,5.0,3.0,5.0,4.0,0.00011176088,3.8904212,0.6751603,4.0591555,1.0,0.7,13,True,0.00010344009,4.670309,0.7563939,4.859356,0.2105263157894737,1.0,14,False,9.46852e-05,4.6882997,0.7627902,4.87895,0.16,0.8666666666666667,17,True,1.0,0.0,-1.0,1.0,0.0,-1.0,2.0,1.0,-1.0,0.0,0.0,0.0,1.0,1.0,0.0,1.0,1.0,0.0,specificity_best
36,health,Intentionally infecting healthy people with the virus will enable scientists to better understand the progression of the illness.,Spreading the flu is putting researchers one step closer to a universal vaccine,The headline hints at a benefit but somewhat incorrectly implies a direct link to a universal vaccine without sufficient context.,4.0,4.0,3.0,3.0,4.0,3.0,Intentionally infecting healthy people with the virus will enable scientists to better understand the progression of the illness,"Accurately reflects the summary with clarity and detail, though less attractive.",5.0,5.0,5.0,3.0,5.0,5.0,Intentionally infecting healthy people with the virus will enable scientists to better understand the progression of the illness,"Identical to the generic variant, maintaining high scores.",5.0,5.0,5.0,3.0,5.0,5.0,0.00031975002,4.20595,0.18244514,4.2514014,1.0,0.0,13,False,0.99906117,4.699095,1.0954413,4.4734244,0.0,1.0,18,False,0.99906117,4.699095,1.0954413,4.4734244,0.0,1.0,18,False,0.0,1.0,1.0,0.0,1.0,1.0,0.0,2.0,2.0,0.0,0.0,0.0,0.0,1.0,1.0,0.0,2.0,2.0,sft_tie
37,lifestyle,"You won't believe these wedding gowns are made from only Quilted Northern toilet paper, tape, glue, and a needle and thread.",These 12 exquisite wedding dresses are made from toilet paper,The headline is engaging and mostly accurate but doesn't specify the materials fully.,4.0,5.0,3.0,4.0,4.0,4.0,"You won't believe these wedding gowns are made from only quilted Northern toilet paper, tape, glue, and a needle and thread",Very detailed but leans on clickbait with 'you won't believe'.,5.0,5.0,5.0,3.0,3.0,4.0,"Wedding gowns made from quilted Northern toilet paper, tape, glue, and a needle and thread",Highly specific and clear without clickbait elements.,5.0,5.0,5.0,4.0,5.0,5.0,0.9999778,4.398285,0.34846944,3.985413,1.0,0.7142857142857143,10,True,0.9999746,4.704188,1.0553148,4.4680295,0.4347826086956521,1.0,21,True,0.19242851,4.706021,0.9573439,4.8491426,0.4444444444444444,1.0,15,True,0.0,1.0,1.0,0.0,0.0,0.0,0.0,2.0,2.0,1.0,0.0,-1.0,2.0,1.0,-1.0,1.0,1.0,0.0,specificity_best
38,sports,"The second round of the playoffs are up next, but there's still one more thing to settle when it comes to last week's postseason openers. Who was the Grand Rapids area's top player? It's not an easy question because there were plenty of good choices. Check out the candidates below and vote for your favorite. Votes as many times as you want through 9 a.m. Friday. Just remember to have fun with ...",Vote for Grand Rapids Player of the Week 10,"Directly asks for votes for the specific player recognition, maintaining clarity and focus.",5.0,5.0,5.0,4.0,5.0,5.0,Grand Rapids vs. Grand Rapids: Who's the top player in the playoffs?,Misleading as it implies a matchup rather than voting for a player; lacks clarity and faithfulness.,3.0,3.0,2.0,3.0,2.0,2.0,Grand Rapids' top player votes for his favorite,"Incorrectly suggests a player is voting for others, which is not supported by the summary.",2.0,3.0,2.0,3.0,3.0,2.0,0.003879734,4.221615,0.24376963,4.280617,1.0,0.8,9,True,0.0003644629,3.9761634,0.14235209,4.011569,0.5454545454545454,0.8333333333333334,12,True,8.8042354e-05,4.3643913,0.39291412,4.462576,0.3333333333333333,0.7142857142857143,8,True,-1.0,-3.0,-2.0,0.0,-2.0,-2.0,0.0,-3.0,-3.0,0.0,-1.0,-1.0,1.0,-2.0,-3.0,0.0,-3.0,-3.0,original_best_sft_tie
39,sports,A Hawaii man has fulfilled a dream shared by shore fishermen throughout the islands with the catch of an ulua weighing 100 pounds or more.,Hawaii angler lands rare giant ulua,Accurately captures the achievement with clarity and is engaging.,5.0,5.0,5.0,4.0,5.0,5.0,Hawaii man fulfills dream of fishing with ulua weighing 100 pounds,Clearly states the achievement with a focus on the dream and the specifics of the catch.,5.0,5.0,5.0,5.0,5.0,5.0,Hawaii man catches ulua weighing 100 pounds,Directly mentions the catch but is slightly less engaging than others.,5.0,5.0,5.0,4.0,5.0,5.0,0.000116240124,4.559214,0.38218912,4.654703,1.0,0.3333333333333333,6,False,0.00038647145,4.707637,1.0035875,4.9583406,0.2666666666666666,0.7777777777777778,11,True,0.00010141076,4.7033997,0.87901276,4.9231024,0.3076923076923076,0.8571428571428571,7,True,0.0,0.0,0.0,0.0,0.0,0.0,0.0,0.0,0.0,-1.0,0.0,1.0,0.0,0.0,0.0,0.0,0.0,0.0,sft_tie
40,autos,"UPDATE @ 12:16 a.m. (Oct. 25): The state patrol is working to determine who went left of center in the head-on collision along U.S. 127 south of Camden that left one dead and two others with serious, non-life threatening injuries, said Sgt. Dallas Root, Dayton Post.","1 dead, 2 injured in U.S. 127 head-on collision near Camden, state patrol says",Accurately summarizes the incident with clarity and specific details.,5.0,5.0,5.0,4.0,5.0,5.0,State patrol working to determine who went left of center in head-on collision along U.S. 127 south of Camden,Describes the investigation but lacks urgency and detail regarding casualties.,4.0,4.0,4.0,3.0,5.0,4.0,State patrol working to determine who went left of center in head-on collision along U.S. 127 south of Camden,Identical to generic_sft in content and lacks a focus on the incident's impact.,4.0,4.0,4.0,3.0,5.0,4.0,8.773277e-05,4.6603823,0.3169217,4.7395687,1.0,0.7,16,True,9.5001466e-05,4.686629,0.728106,4.8686075,0.5,1.0,21,True,9.5001466e-05,4.686629,0.728106,4.8686075,0.5,1.0,21,True,0.0,-1.0,-1.0,0.0,-1.0,-1.0,0.0,-1.0,-1.0,0.0,-1.0,-1.0,0.0,0.0,0.0,0.0,-1.0,-1.0,original_best_sft_tie
41,finance,"Losing Game 5 of the National League Division Series was crushing, but losing the tomahawk chop as well would be too much for Kevin Mooneyhan.","Online petition to keep divisive Braves tomahawk chop nears 60,000",Clearly states the main event and the petition's status.,5.0,5.0,5.0,4.0,5.0,5.0,Kevin Mooneyhan's tomahawk chop would be too much for Kevin Mooneyhan,Fails to convey relevant information and lacks clarity.,1.0,1.0,1.0,2.0,1.0,1.0,"Kevin Mooneyhan, Kevin Mooneyhan, Kevin Mooneyhan, Kevin Mooneyhan, Kevin Mooneyhan, Kevin Mooneyhan",Repetitive and provides no useful content.,1.0,1.0,1.0,1.0,1.0,1.0,8.491285e-05,4.595751,0.038991436,4.6054564,1.0,0.2222222222222222,11,True,0.99994445,4.684984,0.67781067,4.3544645,0.2352941176470588,0.875,11,True,0.99943537,4.6182847,0.6041342,4.2696004,0.0,1.0,12,True,0.0,-4.0,-4.0,0.0,-4.0,-4.0,0.0,-4.0,-4.0,-1.0,-3.0,-2.0,0.0,-4.0,-4.0,0.0,-4.0,-4.0,original_best_sft_tie
42,weather,Fort Collins is celebrating the 20th anniversary of the city's climate action efforts with a free event at the Lincoln Center.,"Fort Collins, CSU hosting event to celebrate 20 years of climate action","Clearly states the event, location, and significance while maintaining reader interest.",5.0,5.0,5.0,4.0,5.0,5.0,Fort Collins celebrates 20th anniversary of climate action efforts,"Accurately describes the event but lacks mention of the hosting entity, making it slightly less engaging.",5.0,4.0,4.0,3.0,5.0,4.0,Fort Collins celebrates 20th anniversary of climate action,"Similar to the generic headline, it delivers the core message but could be more engaging.",5.0,4.0,4.0,3.0,5.0,4.0,8.906225e-05,4.5472746,0.63773537,4.706664,1.0,0.5555555555555556,12,True,9.402209e-05,4.7006593,0.96010804,4.940639,0.4705882352941176,0.875,9,True,9.059293e-05,4.699092,0.84063005,4.909204,0.5,0.8571428571428571,8,True,0.0,0.0,0.0,0.0,-1.0,-1.0,0.0,-1.0,-1.0,0.0,-1.0,-1.0,0.0,0.0,0.0,0.0,-1.0,-1.0,original_best_sft_tie
43,news,"President Donald Trump on Monday equated the case of a hate crime allegation made by actor Jussie Smollett to the current impeachment process being imposed by Congress, calling both a ""scam.""",Trump equates the Smollett case to impeachment inquiry,Accurate and clear but slightly vague on context.,5.0,5.0,4.0,4.0,5.0,4.0,Trump equates hate crime allegation to current impeachment process,Clear and faithful but lacks personal detail about Smollett.,5.0,5.0,4.0,4.0,5.0,4.0,Trump equates case of hate crime allegation made by actor Jussie Smollett to current impeachment process,Highly specific but a bit lengthy for a headline.,5.0,4.0,5.0,3.0,5.0,4.0,0.00013501775,4.20361,0.6167507,4.35773,1.0,0.6666666666666666,8,True,0.00014193199,4.615713,0.77742577,4.8099985,0.4285714285714285,0.875,9,False,0.0003274819,4.692116,1.0699288,4.9594345,0.5263157894736842,0.9230769230769232,16,True,0.0,0.0,0.0,-1.0,-1.0,0.0,1.0,1.0,0.0,-1.0,-1.0,0.0,0.0,0.0,0.0,0.0,0.0,0.0,sft_tie
44,finance,"If you're apartment hunting, you know how hard it can be to find a bargain nearby. So what does the low-end rental price in Zilker look like these days?","The most affordable apartments for rent in Zilker, Austin",Directly states the focus on affordable apartments in Zilker.,5.0,5.0,5.0,4.0,5.0,5.0,Apartments in Zilker: What's the best way to find a low-end rental price in Zilker?,Asks a question instead of stating information; less clear and engaging.,3.0,4.0,4.0,3.0,4.0,3.0,"Zilker's low-end rental price is a bit of a bargain, but it's worth it",Vague phrasing about bargains and lacks specific actionable information.,2.0,3.0,3.0,2.0,3.0,2.0,0.058436144,3.6179338,0.15410098,3.6272411,1.0,0.1666666666666666,9,True,0.0002062051,4.1679826,0.28145468,4.238243,0.25,0.6,16,True,0.00027522008,4.267611,0.1548807,4.3061934,0.0,0.5,15,False,-1.0,-3.0,-2.0,-1.0,-2.0,-1.0,-1.0,-2.0,-1.0,-1.0,-2.0,-1.0,-1.0,-2.0,-1.0,-1.0,-3.0,-2.0,original_best_generic_above_specificity
45,health,"Often marketed as a natural solution to aches and pains, CBD can now be found in food, drinks, and even skincare products.",8 Questions to Ask Yourself Before Using CBD,The headline poses questions but doesn't accurately reflect the summary's main focus on CBD's presence in various products.,2.0,3.0,2.0,3.0,3.0,2.0,"CBD can be found in food, drinks, and even skincare products",This headline accurately reflects the summary and is clear and specific about where CBD can be found.,5.0,5.0,5.0,4.0,5.0,5.0,CBD marketed as a natural solution to aches and pains,"While it captures some specifics about CBD, it lacks clarity on its availability in various products.",4.0,4.0,4.0,3.0,5.0,4.0,0.9999633,3.5608222,0.24317516,3.1216345,1.0,0.1666666666666666,8,True,0.00053148175,4.671669,1.0298139,4.928857,0.1428571428571428,1.0,11,False,0.00015951278,4.6690483,1.0534391,4.9323287,0.1666666666666666,1.0,10,False,-1.0,2.0,3.0,-1.0,1.0,2.0,-1.0,2.0,3.0,-1.0,0.0,1.0,0.0,2.0,2.0,-1.0,2.0,3.0,generic_best
46,foodanddrink,"Eat the Frog Fitness and MOOYAH Burgers, Fries & Shakes are headed for Hill Center Brentwood.",2 more business openings on tap at Hill Center Brentwood,"While it refers to openings, it lacks specifics of the businesses involved.",3.0,4.0,3.0,3.0,4.0,3.0,"Frog Fitness, MOOYAH Burgers, Fries & Shakes heading for Hill Center Brentwood","Clearly lists both businesses and location, making it informative and specific.",5.0,5.0,5.0,4.0,5.0,5.0,"Frog Fitness, MOOYAH Burgers, Fries & Shakes heading for Hill Center Brentwood","Identical to the generic variant, providing all necessary details without extra fluff.",5.0,5.0,5.0,4.0,5.0,5.0,0.00010116273,2.8762481,0.24061696,2.9363518,1.0,0.4285714285714285,10,True,0.90094286,4.7071924,1.079489,4.526593,0.3529411764705882,0.9,11,True,0.90094286,4.7071924,1.079489,4.526593,0.3529411764705882,0.9,11,True,0.0,2.0,2.0,0.0,1.0,1.0,0.0,2.0,2.0,0.0,1.0,1.0,0.0,1.0,1.0,0.0,2.0,2.0,sft_tie
47,news,"LEBANON, Pa. -There's an unrepaired sinkhole in a Lebanon neighborhood and it's causing more problems than one. The location of it has people playing the blame game and now it's all falling back on one person. The hole on Elm Street is causing a whole lot of problems for Debbie Carpenter of Lebanon. ""I'm very stressed,"" Carpenter said. ""I'm very upset about this whole thing. I just want it to ...","City, resident at odds over sinkhole repair in Lebanon",The headline accurately reflects the main conflict and includes the key figures involved.,5.0,5.0,4.0,4.0,5.0,5.0,Unrepaired sinkhole in Lebanon's Elm Street causes more problems than one,The headline is clear and specific but lacks emphasis on the conflict.,4.0,5.0,5.0,4.0,5.0,4.0,Unrepaired sinkhole in Lebanon's Elm Street causes more problems than one,"Identical to the generic version, it is clear and specific but lacks conflict emphasis.",4.0,5.0,5.0,4.0,5.0,4.0,6.360105e-05,3.5436752,0.13837345,3.5782368,1.0,0.2857142857142857,9,True,9.8956545e-05,4.612174,0.80976343,4.814565,0.1176470588235294,0.8,11,True,9.8956545e-05,4.612174,0.80976343,4.814565,0.1176470588235294,0.8,11,True,0.0,-1.0,-1.0,0.0,0.0,0.0,0.0,1.0,1.0,0.0,0.0,0.0,0.0,0.0,0.0,0.0,-1.0,-1.0,original_best_sft_tie
48,travel,"A fading piece of Americana, bobwhite quail are iconic in Texas. The tradition of hunting them with friends and family is a social experience that can be second to none. ""Once people do it and experience it, it's something they'll never forget. The first flush of wild quail, how your heart jumps in your throat you feel like you're about to have a heart attack,"" said Robert Perez, upland game bird program leader for the Texas Parks and Wildlife...",Texas quail rebounding after a dismal 2018,The headline addresses a specific issue about quail in Texas but lacks mention of the hunting tradition.,4.0,5.0,3.0,4.0,5.0,4.0,"'Once people do it and experience it, it's something they'll never forget'",This is a quote but lacks context and does not serve as a strong headline.,3.0,4.0,1.0,2.0,5.0,3.0,"Wild bobwhite quail, a fading piece of Americana, are iconic in Texas","It is specific and clear, but not particularly engaging as a headline.",4.0,5.0,5.0,3.0,5.0,4.0,0.00018981568,3.9442441,0.19441535,3.992753,1.0,0.3333333333333333,7,True,0.99989617,4.1677895,0.3309504,3.7505789,0.0,0.75,12,False,0.9841628,4.6415215,0.6411332,4.309723,0.2857142857142857,1.0,12,True,1.0,0.0,-1.0,1.0,0.0,-1.0,4.0,2.0,-2.0,1.0,-1.0,-2.0,0.0,0.0,0.0,1.0,0.0,-1.0,specificity_best
49,health,"Most machines you find at the gym are engineered to train specific muscles, but what if you only have 20, 30 minutes?",You Asked: What's the Most Effective Machine to Use at the Gym?,Clearly poses a question but lacks specificity about the machines or training.,4.0,5.0,3.0,4.0,5.0,4.0,"If you only have 20 minutes at the gym, you'll be able to train your muscles",Generic statement that doesn't specify which muscles or exercises.,3.0,4.0,2.0,3.0,5.0,3.0,"If you only have 20 minutes at the gym, you'll be able to train your muscles.","Identical to generic_sft, lacks detail about the specific machines or training.",3.0,4.0,2.0,3.0,5.0,3.0,0.9998586,3.140789,0.12760454,2.672761,1.0,0.375,12,True,0.99996376,4.495281,0.37807703,4.0898185,0.2222222222222222,0.7,16,True,0.999944,4.4194527,0.3162787,3.9985504,0.2222222222222222,0.7,16,True,0.0,-1.0,-1.0,0.0,-1.0,-1.0,0.0,-1.0,-1.0,0.0,-1.0,-1.0,0.0,0.0,0.0,0.0,-1.0,-1.0,original_best_sft_tie
50,foodanddrink,Vice officers stormed the building in connection with a Design District massage parlor that was also raided,Critically Acclaimed Southlake Restaurant Raided By Police,Misleading focus on restaurant rather than the massage parlor.,2.0,3.0,3.0,3.0,5.0,3.0,Vice officers storm design district massage parlor,Accurate description of the event but lacks engaging detail.,4.0,4.0,4.0,3.0,5.0,4.0,Vice officers storm design district massage parlor,"Similar to generic_sft, maintains event clarity and accuracy.",4.0,4.0,4.0,3.0,5.0,4.0,0.00013959283,4.3678694,0.06708421,4.3845706,1.0,0.1666666666666666,7,True,0.00014901003,4.6720576,0.8636084,4.8878856,0.0,0.8571428571428571,7,False,0.00014901003,4.6720576,0.8636084,4.8878856,0.0,0.8571428571428571,7,False,0.0,2.0,2.0,0.0,1.0,1.0,0.0,1.0,1.0,0.0,0.0,0.0,0.0,0.0,0.0,0.0,1.0,1.0,sft_tie
51,news,"Canada's ruling Liberals took an early lead after polls closed in four provinces on Monday, as Prime Minister Justin Trudeau battled to remain in power after two major scandals and a spirited challenge by the opposition Conservatives.",Trudeau's Liberals take early lead after first Canadian polls close,"Accurately summarizes the situation, clearly states the key elements, and is engaging.",5.0,5.0,5.0,4.0,5.0,5.0,Liberals take early lead after polls close in four provinces,"Well-structured but lacks the specific mention of Trudeau, reducing its attractiveness.",5.0,5.0,5.0,3.0,5.0,4.0,Liberals take early lead after polls close in four provinces,Identical to generic_sft and has the same strengths and weaknesses.,5.0,5.0,5.0,3.0,5.0,4.0,7.4517135e-05,4.61372,0.6938082,4.7871346,1.0,0.5,10,True,7.596878e-05,4.646792,0.69285375,4.8199673,0.7368421052631577,0.7777777777777778,10,False,7.596878e-05,4.646792,0.69285375,4.8199673,0.7368421052631577,0.7777777777777778,10,False,0.0,0.0,0.0,0.0,0.0,0.0,0.0,0.0,0.0,0.0,-1.0,-1.0,0.0,0.0,0.0,0.0,-1.0,-1.0,original_best_sft_tie
52,finance,"We simply can't allow massive rent increases and unjust evictions to happen anymore, councilmember says","To help renters, LA moving to ban 'no fault' evictions",The headline captures the essence of the issue but lacks details about the councilmember's actions.,4.0,5.0,4.0,4.0,5.0,4.0,Councilmember: We can't allow massive rent increases and unjust evictions to happen anymore,"Direct quote provides strong specificity; however, it feels a bit verbose for a headline.",5.0,4.0,5.0,3.0,5.0,4.0,Councilmember: 'We can't allow massive rent increases and unjust evictions to happen anymore',Similar to generic_sft; the direct quote is strong but slightly verbose for a headline.,5.0,4.0,5.0,3.0,5.0,4.0,0.00011664184,4.2121077,0.22068185,4.26722,1.0,0.1428571428571428,10,False,0.5914066,4.6631465,0.880837,4.587652,0.1176470588235294,1.0,13,False,0.00040453396,4.639948,0.85177875,4.85269,0.1111111111111111,0.8181818181818182,13,False,0.0,1.0,1.0,0.0,-1.0,-1.0,0.0,1.0,1.0,0.0,-1.0,-1.0,0.0,0.0,0.0,0.0,0.0,0.0,sft_tie
53,finance,"Chinese conglomerate Fosun has snapped up the Thomas Cook brand for 11 million ($14.2 million), weeks after the renowned British travel group went bust and left hundreds of thousands of holidaymakers stranded abroad.",Fosun buys Thomas Cook brand for 11 million,The headline is clear and accurate but lacks specific context about the circumstances of the acquisition.,5.0,5.0,4.0,4.0,5.0,4.0,Fosun snaps up Thomas Cook for 11 million ($14.2 million),"This variant emphasizes the brand acquisition and includes the dollar amount, but misses details about the situation.",5.0,5.0,4.0,4.0,5.0,4.0,Fosun snaps up Thomas Cook for 11 million ($14.2 million),Identical to the generic variant in content; slightly less engaging but still accurate.,5.0,5.0,4.0,4.0,5.0,4.0,7.8410594e-05,4.6363573,0.45608968,4.7503405,1.0,0.8333333333333334,8,True,8.746879e-05,4.6747084,0.61945856,4.8295293,0.7272727272727272,0.8,11,True,8.746879e-05,4.6747084,0.61945856,4.8295293,0.7272727272727272,0.8,11,True,0.0,0.0,0.0,0.0,0.0,0.0,0.0,0.0,0.0,0.0,0.0,0.0,0.0,0.0,0.0,0.0,0.0,0.0,sft_tie
54,news,Browse listings of dogs up for adoption at pet adoption centers in and around Seattle.,5 delightful doggies to adopt now in Seattle,"Engaging and informative, focuses on immediate opportunities for adoption.",5.0,5.0,4.0,5.0,5.0,5.0,Pet adoption centers in Seattle: Dogs up for adoption,"Clear and informative, but less engaging than the original.",5.0,5.0,5.0,3.0,5.0,5.0,Pet adoption center listings for dogs up for adoption in Seattle,"Very specific and accurate, but lacks an engaging tone.",5.0,5.0,5.0,3.0,5.0,5.0,0.99996114,4.304064,0.12597531,3.835577,1.0,0.2,8,True,0.00013546832,4.6985354,0.8210243,4.9037237,0.2,1.0,9,True,9.809501e-05,4.698929,0.9788757,4.9435987,0.1818181818181818,0.8333333333333334,11,True,0.0,0.0,0.0,0.0,0.0,0.0,0.0,1.0,1.0,0.0,-2.0,-2.0,0.0,0.0,0.0,0.0,0.0,0.0,sft_tie
55,health,"As with other jobs in the health care sector, becoming a dentist is a long, costly, and demanding endeavor.",The Best and Worst States to Be a Dentist,The headline suggests a ranking that isn't supported by the summary.,3.0,4.0,3.0,4.0,4.0,3.0,"A dentist is a long, costly, and demanding endeavor",It's a direct copy of the summary and lacks headline characteristics.,2.0,3.0,2.0,2.0,3.0,2.0,"A dentist is a long, costly, and demanding endeavor","Identical to the generic_sft, lacking originality as a headline.",2.0,3.0,2.0,2.0,3.0,2.0,0.9989392,2.8292356,0.18000886,2.3747683,1.0,0.25,9,True,0.00015983342,4.4602203,0.6922297,4.633198,0.2222222222222222,1.0,9,False,0.00015983342,4.4602203,0.6922297,4.633198,0.2222222222222222,1.0,9,False,0.0,-1.0,-1.0,0.0,-1.0,-1.0,0.0,-1.0,-1.0,0.0,-2.0,-2.0,0.0,-1.0,-1.0,0.0,-1.0,-1.0,original_best_sft_tie
56,news,"A Gilroy mother suspected of drowning her 2-year-old daughter told a dispatcher she ""just snapped"" as her child gave her ""a hard time,"" according to a court document.",Gilroy mom suspected of killing 2-year-old daughter allegedly told dispatcher she 'just snapped',Accurate but slightly wordy.,5.0,4.0,5.0,4.0,5.0,4.0,"Gilroy mother accused of drowning 2-year-old daughter tells dispatcher she ""just snapped""",Clear and direct; maintains necessary details.,5.0,5.0,5.0,4.0,5.0,5.0,"Gilroy mother accused of drowning 2-year-old daughter tells dispatcher she ""just snapped""",Identical to generic_sft; equally strong.,5.0,5.0,5.0,4.0,5.0,5.0,0.55438167,4.6595817,0.8681388,4.599426,1.0,0.6153846153846154,15,True,0.47730213,4.691851,0.989513,4.700578,0.48,0.8333333333333334,14,True,0.47730213,4.691851,0.989513,4.700578,0.48,0.8333333333333334,14,True,0.0,0.0,0.0,0.0,1.0,1.0,0.0,0.0,0.0,0.0,0.0,0.0,0.0,0.0,0.0,0.0,1.0,1.0,sft_tie
57,news,Rep. Debbie Wasserman Schultz (D-Fla.) said she stands by her remarks from earlier this week in which she called acting U.S. Citizenship and Immigration Services (USCIS) Director Ken Cuccinelli a white supremacist.,Debbie Wasserman Schultz defends calling Ken Cuccinelli a white supremacist,"This headline accurately reflects the main claim, is clear and specific, and is engaging without being clickbait.",5.0,5.0,5.0,4.0,5.0,5.0,Rep. Debbie Wasserman Schultz stands by remarks from USCIS Director Ken Cuccinelli,"While this is faithful and relatively clear, it lacks the impactful claim about Cuccinelli being a white supremacist, making it less engaging.",5.0,4.0,4.0,3.0,5.0,4.0,Rep. Debbie Wasserman Schultz stands by comments from USCIS Director Ken Cuccinelli,"Similar to the generic_sft, it is accurate but lacks the exact provocative claim that draws readers' interest.",5.0,4.0,4.0,3.0,5.0,4.0,0.0072920797,4.687764,0.7150461,4.8628798,1.0,0.7777777777777778,10,True,0.00011242874,4.6930027,0.89149237,4.9158196,0.5263157894736842,1.0,12,True,0.00012227528,4.6927676,0.8890168,4.914961,0.5263157894736842,0.9,12,True,0.0,0.0,0.0,0.0,-1.0,-1.0,0.0,-1.0,-1.0,0.0,-1.0,-1.0,0.0,0.0,0.0,0.0,-1.0,-1.0,original_best_sft_tie
58,lifestyle,"Save time without sacrificing cleanliness at home with these mighty cleaning products. No stain, scum, or smell can handle the battle against them. As an added bonus, many of the products on the list are free of harsh chemicals and scents.",11 Powerful Products That Cut Your Cleaning Time in Half,Directly conveys the main theme and promises a specific benefit.,5.0,5.0,5.0,5.0,5.0,5.0,How to clean your home with a mighty cleaning product,"Somewhat informative, but lacks specificity and urgency. Feels bland.",3.0,4.0,3.0,3.0,4.0,3.0,Cleanse your home with mighty cleaning products,"More specific than the generic headline, but still less engaging and not as informative as the original.",4.0,4.0,4.0,3.0,5.0,4.0,0.99997556,3.4413705,0.13096747,2.9741244,1.0,0.375,10,True,0.99996924,3.175366,0.5820672,2.820898,0.2857142857142857,0.5,10,False,0.99947876,4.47858,0.7784412,4.173451,0.4285714285714285,0.6666666666666666,7,False,1.0,-1.0,-2.0,0.0,-1.0,-1.0,1.0,-1.0,-2.0,0.0,-2.0,-2.0,1.0,0.0,-1.0,1.0,-1.0,-2.0,original_best_specificity_above_generic
59,health,"The name of the patient has not been released, and there's no clear answer as to how this tragedy happened, but here's a breakdown of what we do know.",Patient dies in ER at WellSpan York Hospital what we know now,The headline summarizes the event well but lacks detail about the situation or cause.,4.0,4.0,4.0,3.0,4.0,3.0,What's a breakdown of what's going on in the death of a patient?,The headline is vague and does not clearly state what the breakdown refers to.,2.0,3.0,1.0,2.0,3.0,2.0,"Patient's name has not been released, but there's a breakdown of what we do know","The headline provides good context and mentions the lack of patient name, but is slightly verbose.",4.0,4.0,5.0,3.0,4.0,4.0,0.000167963,3.961534,0.11141701,3.9893043,1.0,0.375,12,True,0.9998424,3.4238327,0.11510965,2.9526887,0.1538461538461538,0.4,13,False,0.9999627,4.5026884,0.6719245,4.170688,0.2105263157894737,0.9090909090909092,15,False,2.0,0.0,-2.0,1.0,0.0,-1.0,4.0,1.0,-3.0,1.0,0.0,-1.0,1.0,0.0,-1.0,2.0,1.0,-1.0,specificity_best
60,news,"At first, teachers at Sky Valley Education Center simply evacuated students and used fans to clear the air when the fluorescent lights caught fire or smoked with noxious fumes.","Toxic PCBs linger in schools; EPA, lawmakers fail to act","Addresses broader issue, but not directly about the incident.",3.0,4.0,3.0,3.0,4.0,3.0,Students evacuated at Sky Valley Education Center after noxious fumes caught fire,Accurate and clear summary of the incident.,5.0,5.0,5.0,4.0,5.0,5.0,Students evacuated at Sky Valley Education Center after noxious fumes caught fire,Duplicate of generic_sft; also a clear summary.,5.0,5.0,5.0,4.0,5.0,5.0,9.006138e-05,2.831136,0.069690734,2.8485136,1.0,0.0,10,True,0.0003214525,4.7045226,1.0864806,4.975982,0.0,0.9090909090909092,12,True,0.0003214525,4.7045226,1.0864806,4.975982,0.0,0.9090909090909092,12,True,0.0,2.0,2.0,0.0,1.0,1.0,0.0,2.0,2.0,0.0,1.0,1.0,0.0,1.0,1.0,0.0,2.0,2.0,sft_tie
61,foodanddrink,"In the land of sourdough, heavy loaves of dense Tartine Bakery bread and naturally fermented everything, milk bread might seem like a surprising choice for San Francisco chefs. But they love it. ""I think white bread is kind of taboo in the Bay Area food scene,"" said Anthony Strong, chef-owner of Prairie in the Mission. ""I feel a little guilty eating it sometimes. This isn't some sort of heirloom flour that was milled down the street."" Japanese...",San Francisco chefs find nostalgia in Japanese milk bread,Accurately captures the chefs' sentiment about milk bread and maintains specificity.,5.0,5.0,5.0,4.0,5.0,5.0,San Francisco chefs love sourdough bread,"Misleading as it focuses only on sourdough, which contradicts the summary.",1.0,3.0,1.0,2.0,5.0,1.0,"San Francisco chefs love white bread, but they love it",Confusing title as it repeats 'love it' without clarity and lacks precision.,2.0,3.0,2.0,3.0,5.0,2.0,0.0007083049,4.180787,0.5220139,4.3109365,1.0,0.75,9,True,0.9971228,4.1900344,0.5421187,3.8270025,0.5714285714285715,1.0,6,True,0.043196872,4.1251783,0.40388945,4.204552,0.5,1.0,10,True,1.0,-3.0,-4.0,0.0,-2.0,-2.0,1.0,-3.0,-4.0,1.0,-1.0,-2.0,0.0,0.0,0.0,1.0,-3.0,-4.0,original_best_specificity_above_generic
62,news,"After Dr. Ulrich Klopfer died in September his family found 2,246 preserved fetuses at his home in Illinois. Authorities have now found more.",More fetal remains connected to dead abortion doctor found in Illinois,Captures the main claim but lacks details about the scale of the discovery.,4.0,4.0,4.0,3.0,5.0,4.0,"Dr. Klopfer's family finds 2,246 preserved fetuses at Illinois home",Clearly presents the main findings and includes specific details.,5.0,5.0,5.0,4.0,5.0,5.0,"Dr. Klopfer's family finds 2,246 preserved fetuses at Illinois home","Identical to generic_sft, also effectively presents specific information.",5.0,5.0,5.0,4.0,5.0,5.0,0.000105514264,3.686148,0.113837615,3.7145545,1.0,0.3333333333333333,11,True,0.00014109307,4.697452,0.9639347,4.938365,0.1176470588235294,0.75,11,True,0.00014109307,4.697452,0.9639347,4.938365,0.1176470588235294,0.75,11,True,0.0,1.0,1.0,0.0,1.0,1.0,0.0,1.0,1.0,0.0,1.0,1.0,0.0,0.0,0.0,0.0,1.0,1.0,sft_tie
63,foodanddrink,Dust off your grandma's cookbook and make one of these vintage Christmas desserts for your holiday feast. The post 30 Vintage Christmas Desserts Inspired by Grandma appeared first on Taste of Home.,30 Vintage Christmas Desserts Inspired by Grandma,"The headline accurately reflects the summary and conveys a clear, engaging message about the content.",5.0,5.0,5.0,5.0,5.0,5.0,30 Vintage Christmas Desserts Inspired by Grandma,"Identical to the original, maintaining the same high quality.",5.0,5.0,5.0,5.0,5.0,5.0,30 Vintage Christmas Desserts Inspired by Grandma,"Also identical to the original, preserving the same strengths.",5.0,5.0,5.0,5.0,5.0,5.0,0.9999771,4.703672,1.0262926,4.4602566,1.0,1.0,7,True,0.9999771,4.703672,1.0262926,4.4602566,1.0,1.0,7,True,0.9999771,4.703672,1.0262926,4.4602566,1.0,1.0,7,True,0.0,0.0,0.0,0.0,0.0,0.0,0.0,0.0,0.0,0.0,0.0,0.0,0.0,0.0,0.0,0.0,0.0,0.0,sft_tie
64,lifestyle,"A school in south Seattle had to cancel some classes after someone allegedly set fire to one of their buildings. St. Bernadette Catholic School on SW 128th Street in White Center released a statement Thursday, saying a fire caused major damage to their primary building, which houses the pre-school to third-grade classrooms. It happened overnight Wednesday into Thursday morning. School leaders said cleaners are working around the clock and...",Fire damages St. Bernadette Catholic School in south Seattle,Concise and accurately describes the incident but lacks details about class cancellations.,5.0,5.0,3.0,4.0,5.0,4.0,St. Bernadette Catholic School cancels classes after fire causes major damage to primary building,"Directly addresses the consequences of the fire, maintaining accuracy and drawing in readers.",5.0,5.0,5.0,5.0,5.0,5.0,St. Bernadette Catholic School cancels classes after fire causes major damage to primary building,"Identical to the generic variant, conveying the situation clearly and engagingly.",5.0,5.0,5.0,5.0,5.0,5.0,8.314731e-05,4.611119,0.64634055,4.7726626,1.0,0.8571428571428571,9,True,0.00014635871,4.7058735,1.0438206,4.966756,0.4210526315789474,0.8333333333333334,14,True,0.00014635871,4.7058735,1.0438206,4.966756,0.4210526315789474,0.8333333333333334,14,True,0.0,0.0,0.0,0.0,0.0,0.0,0.0,2.0,2.0,0.0,1.0,1.0,0.0,0.0,0.0,0.0,1.0,1.0,sft_tie
65,travel,"Every year, volunteers bring holiday cheer to seniors in long-term care facilities as part of the Brevard County TRIAD's Senior Santa program.",Senior Santa a great way to help area's elderly,Captures the essence but could specify more about the program.,4.0,4.0,3.0,3.0,5.0,4.0,Volunteers bring holiday cheer to Brevard County seniors as part of TRIAD's Senior Santa program,Accurately and clearly presents the essential details.,5.0,5.0,5.0,4.0,5.0,5.0,Volunteers bring holiday cheer to Brevard County seniors as part of TRIAD's Senior Santa program,Identical to generic_sft; contains all necessary elements.,5.0,5.0,5.0,4.0,5.0,5.0,0.86702746,3.6820562,0.3645191,3.3396723,1.0,0.2857142857142857,9,True,0.0009083443,4.7072935,1.1911416,5.004625,0.2105263157894737,1.0,15,True,0.0009083443,4.7072935,1.1911416,5.004625,0.2105263157894737,1.0,15,True,0.0,1.0,1.0,0.0,1.0,1.0,0.0,2.0,2.0,0.0,1.0,1.0,0.0,0.0,0.0,0.0,1.0,1.0,sft_tie
66,sports,"Penn State junior Megan McNeely was just headed to class, when she heard a voice in the distance. ""Michigan State?! Why are you wearing that?"" That was from football coach James Franklin, who while walking across campus spotted McNeely wearing a T-shirt supporting the Spartans. (McNeely has family that went to MSU.) So Franklin's rectified McNeeley's wardrobe choice ... by giving her his Penn ...",Penn State's James Franklin gives student in Michigan State shirt his instead,The headline accurately captures the key event and elements while being clear and not misleading.,5.0,5.0,5.0,4.0,5.0,5.0,Penn State freshman Megan McNeely wears T-shirt for Spartans,"This headline focuses solely on McNeely wearing the shirt, which lacks the event's main action of Franklin's response.",4.0,4.0,4.0,3.0,5.0,4.0,Penn State freshman Megan McNeely wears T-shirt for Spartans,"While similar to the generic version, it also does not capture the reaction and event effectively.",4.0,4.0,4.0,3.0,5.0,4.0,0.00024723573,4.6050115,0.49297017,4.7281303,1.0,0.6363636363636364,12,True,0.0013808011,4.655878,0.6146877,4.8088593,0.3157894736842105,0.75,10,True,0.0013808011,4.655878,0.6146877,4.8088593,0.3157894736842105,0.75,10,True,0.0,-1.0,-1.0,0.0,-1.0,-1.0,0.0,-1.0,-1.0,0.0,-1.0,-1.0,0.0,0.0,0.0,0.0,-1.0,-1.0,original_best_sft_tie
67,sports,"Kansas coach Les Miles says he's ready for the reunion. Miles, who has guided the Jayhawks to a 3-6 record, will return to a previous stop this weekend: Stillwater, where KU will play at Oklahoma State on Saturday. ""I think I will enjoy walking in that stadium,"" Miles said, ""more than anybody else."" Miles recalls his days as Oklahoma State coach fondly. He was there from 2001-04, ...","KU Jayhawks football vs. Oklahoma State Cowboys: Kickoff time, TV, 5 things to know",Provides details but lacks focus on Miles' sentiments.,3.0,4.0,3.0,3.0,4.0,3.0,Kansas coach Les Miles says he's ready for reunion,Directly addresses Miles' feelings about the reunion.,5.0,5.0,4.0,4.0,5.0,5.0,Kansas coach Les Miles says he's ready for reunion,Same as generic; effectively conveys Miles' stance.,5.0,5.0,4.0,4.0,5.0,5.0,0.98893356,2.7170696,0.07230039,2.2406778,1.0,0.3333333333333333,14,True,0.00017876203,4.679999,0.69363177,4.8533177,0.0,1.0,9,True,0.00017876203,4.679999,0.69363177,4.8533177,0.0,1.0,9,True,0.0,2.0,2.0,0.0,1.0,1.0,0.0,1.0,1.0,0.0,1.0,1.0,0.0,1.0,1.0,0.0,2.0,2.0,sft_tie
68,news,"A few of Kentucky's representatives had something to say after the vote, and Majority Leader Mitch McConnell had strong words in the Senate",How Kentucky's House delegation voted on the Trump impeachment inquiry rules,Clearly summarizes the vote context while remaining concise.,5.0,5.0,5.0,3.0,5.0,5.0,Kentucky's Mitch McConnell has strong words in Senate,Captures McConnell's comments but lacks full context about the vote.,4.0,4.0,3.0,3.0,5.0,4.0,Kentucky's Mitch McConnell's strong words in Senate,"Similar to generic_sft, with minor wording difference, maintaining key details.",4.0,4.0,3.0,3.0,5.0,4.0,0.0014578314,3.6231763,0.084856175,3.6436615,1.0,0.125,11,True,0.000106402375,4.555551,0.65716475,4.719789,0.1333333333333333,0.8571428571428571,8,True,9.932127e-05,4.488798,0.56816506,4.6307898,0.1428571428571428,0.8333333333333334,7,True,0.0,-1.0,-1.0,0.0,-1.0,-1.0,0.0,-2.0,-2.0,0.0,0.0,0.0,0.0,0.0,0.0,0.0,-1.0,-1.0,original_best_sft_tie
69,lifestyle,These gentle giants are not only adorable they're also fascinating. Here are a few surprising facts about perhaps the sweetest sea creatures. The post 13 Things You Never Knew About Manatees appeared first on Reader's Digest.,13 Things You Never Knew About Manatees,"The headline is precise, informative, and adheres closely to the summary.",5.0,5.0,5.0,4.0,5.0,5.0,13 Things You Never Knew About Manatees,Identical to the original and equally effective.,5.0,5.0,5.0,4.0,5.0,5.0,Manatees: What's the sweetest sea creature?,"While it intrigues with a question, it lacks concrete facts and deviates from the original claim.",3.0,4.0,4.0,3.0,4.0,3.0,0.9999789,4.6823153,0.60292053,4.333056,1.0,1.0,7,True,0.9999789,4.6823153,0.60292053,4.333056,1.0,1.0,7,True,0.04224441,3.7724903,0.167166,3.7931595,0.1818181818181818,0.6,6,True,-2.0,-2.0,0.0,-1.0,-1.0,0.0,-1.0,-1.0,0.0,-1.0,-1.0,0.0,-1.0,-1.0,0.0,-2.0,-2.0,0.0,generic_best
70,sports,"Rafael Nadal pulled out of the Paris Masters with an abdominal injury just minutes before the scheduled start of his semi-final against Denis Shapovalov on Saturday, and admitted his participation at the ATP Tour Finals was in doubt. The 33-year-old has battled multiple injuries throughout his career and also pulled out of the Paris Masters on his last appearance in 2017 before the quarter-finals.","'Super sad' Nadal out of Paris Masters, doubt for ATP Finals",Conveys emotion and main facts but lacks specifics on injury details.,4.0,4.0,3.0,5.0,4.0,4.0,Rafael Nadal pulls out of Paris Masters with abdominal injury,"Accurate and clear, but less engaging than others.",5.0,5.0,5.0,3.0,5.0,5.0,Rafael Nadal pulls out of Paris Masters with abdominal injury,Identical to generic but does not add any new information.,5.0,5.0,5.0,3.0,5.0,5.0,7.290132e-05,3.432661,0.43425256,3.5411878,1.0,0.7777777777777778,11,True,0.00011622848,4.6809273,0.9154998,4.9097443,0.4705882352941176,0.875,10,True,0.00011622848,4.6809273,0.9154998,4.9097443,0.4705882352941176,0.875,10,True,0.0,1.0,1.0,0.0,1.0,1.0,0.0,2.0,2.0,0.0,-2.0,-2.0,0.0,1.0,1.0,0.0,1.0,1.0,sft_tie
71,finance,"A nearly 8,000 square-foot mansion in Scottsdale with a finished basement was among this week's priciest homes sold in metro Phoenix.","A Scottsdale mansion with a rooftop view deck, home theater sells for $2.65M","Includes additional details (rooftop view deck, home theater) not mentioned in the summary.",3.0,4.0,4.0,4.0,4.0,3.0,"8,000-square-foot mansion in Scottsdale sold in metro Phoenix",Accurately reflects the key details from the summary with good clarity.,5.0,5.0,5.0,3.0,5.0,5.0,"8,000-square-foot mansion in Scottsdale sold in metro Phoenix","Identical to generic_sft, maintaining high fidelity and clarity.",5.0,5.0,5.0,3.0,5.0,5.0,0.00011751174,4.173098,0.2489582,4.235279,1.0,0.2222222222222222,14,True,8.6946224e-05,4.6991405,0.7351224,4.882878,0.2352941176470588,1.0,11,True,8.6946224e-05,4.6991405,0.7351224,4.882878,0.2352941176470588,1.0,11,True,0.0,2.0,2.0,0.0,1.0,1.0,0.0,1.0,1.0,0.0,-1.0,-1.0,0.0,1.0,1.0,0.0,2.0,2.0,sft_tie
72,health,Connor Murphy posted a video to his YouTube channel in 2016 that highlights the ways people can manipulate their appearance for photos.,A bodybuilder showed how fitness influencers can make their bodies look Instagram-perfect in before-and-after photos,Captures the essence of the video but introduces specific terms like 'Instagram-perfect' that may not reflect the summary.,4.0,4.0,4.0,4.0,4.0,4.0,Connor Murphy's YouTube video shows how people can manipulate their appearance for photos,Directly reflects the content of the summary with clear language and no embellishments.,5.0,5.0,5.0,4.0,5.0,5.0,Connor Murphy posts video to YouTube channel to show how people can manipulate their appearance,Clearly states Connor Murphy's action and aligns perfectly with the summary while being straightforward.,5.0,5.0,5.0,4.0,5.0,5.0,0.9999678,3.7672906,0.11529731,3.2961311,1.0,0.2142857142857142,18,False,0.9999666,4.6959834,0.9613098,4.4363275,0.2399999999999999,0.8181818181818182,13,True,0.9955395,4.692231,0.992345,4.442548,0.1538461538461538,0.8333333333333334,15,True,0.0,1.0,1.0,0.0,1.0,1.0,0.0,1.0,1.0,0.0,0.0,0.0,0.0,1.0,1.0,0.0,1.0,1.0,sft_tie
73,lifestyle,"If you love Halloween, this spooky wedding shoot is a great way to get a little dark inspiration for your big day.","This Halloween Corn Maze Wedding Is Dark, Sophisticated, and Bone-Chillingly Beautiful",The headline captures the essence of the summary with specific elements that make it engaging.,5.0,5.0,5.0,5.0,5.0,5.0,'Spooky wedding shoot' is a great way to get a little dark inspiration for your big day,"While it conveys the idea, it lacks specificity and engagement compared to the original.",3.0,4.0,2.0,3.0,4.0,3.0,'Spooky wedding shoot': 'It's a great way to get a little dark inspiration for your big day',"Similar to the generic variant, it is less engaging and specific compared to the original.",3.0,4.0,2.0,3.0,4.0,3.0,0.9999722,4.2756543,0.048577838,3.7878127,1.0,0.3333333333333333,12,True,0.9999335,4.699919,0.8102944,4.4025264,0.1904761904761905,0.8333333333333334,17,False,0.9993395,4.626279,0.6576898,4.291032,0.1818181818181818,0.6923076923076923,17,True,0.0,-2.0,-2.0,0.0,-1.0,-1.0,0.0,-3.0,-3.0,0.0,-2.0,-2.0,0.0,-1.0,-1.0,0.0,-2.0,-2.0,original_best_sft_tie
74,news,"3 ON YOUR SIDE (3TV) - The 3 On Your Side Team gets a lot of emails from viewers wondering if certain phone calls are legit or scams. So, we want to share some of those calls with you, so you know what to look out for. [WATCH: 3 On Your Side warns about scam phone calls] First up, there's one call we've been getting a lot of questions about regarding the Social Security Administration. Here's a sample. ""This call is from the Department of Social...",Don't be duped by 'phony' phone calls,"Clear and engaging, warns about scams effectively, but lacks specific details about the Social Security call.",5.0,5.0,3.0,4.0,5.0,4.0,The 3 On Your Side Team gets a lot of emails from viewers wondering if certain phone calls are legit or scams,Too long and lacks punch as a headline; primarily a summary of viewer emails.,3.0,3.0,2.0,2.0,4.0,2.0,The 3 On Your Side Team gets a lot of emails from viewers wondering if certain phone calls are legit or scams,Same as generic_sft; not suitable as a headline.,3.0,3.0,2.0,2.0,4.0,2.0,0.99992406,4.0606923,0.29481745,3.6344345,1.0,0.4,7,False,0.9999615,4.4082932,0.7486132,4.0954657,0.2222222222222222,1.0,22,True,0.9999615,4.4082932,0.7486132,4.0954657,0.2222222222222222,1.0,22,True,0.0,-2.0,-2.0,0.0,-2.0,-2.0,0.0,-1.0,-1.0,0.0,-2.0,-2.0,0.0,-1.0,-1.0,0.0,-2.0,-2.0,original_best_sft_tie
75,travel,"Winter is not stopping Milwaukee's pilot scooter program even if snow did for a day. The city ordered scooter companies to move the vehicles off the streets before Thursday's storm. Scooters were back on Milwaukee's streets Friday after the Halloween snowstorm forced them into temporary storage according to a Lime spokesman. ""We monitor the weather in addition to a number of other things we do. And our robust operations staff decided to pull...",Snow puts skids on scooters for day,Catches the key issue but lacks detail on the program's resilience.,4.0,5.0,2.0,4.0,5.0,4.0,Milwaukee's pilot scooter program not stopping snow for a day,Provides the main point but is too generic and less engaging.,3.0,4.0,3.0,2.0,5.0,3.0,Winter is not stopping Milwaukee's pilot scooter program even if snow does for a day,Very detailed but less punchy as a headline.,5.0,4.0,5.0,3.0,5.0,4.0,0.00036725524,3.04182,0.30863056,3.1187942,1.0,0.6,7,False,0.00015644052,4.5379124,0.71764594,4.7172456,0.3076923076923077,1.0,10,False,0.20706712,4.5571804,0.793105,4.6519227,0.25,0.9090909090909092,15,True,2.0,1.0,-1.0,0.0,-1.0,-1.0,2.0,3.0,1.0,1.0,-1.0,-2.0,0.0,0.0,0.0,1.0,0.0,-1.0,specificity_best
76,news,Majority Leader Steny Hoyer joins Morning Joe to discuss Wednesday's hearing with top diplomats George Kent and Bill Taylor and why he will make a decision on impeachment after he's heard all of the testimony.,Rep. Hoyer: I'll reserve judgment until I hear all testimony,Accurately conveys Hoyer's position and intent regarding the impeachment hearing.,5.0,5.0,5.0,4.0,5.0,5.0,Steny Hoyer joins Morning Joe to discuss impeachment hearing,Relevant but lacks the specificity of Hoyer's position on the impeachment decision.,4.0,5.0,4.0,3.0,5.0,4.0,Steny Hoyer joins Morning Joe to discuss impeachment hearing,"Same as generic_sft, lacking specifics about Hoyer's judgment.",4.0,5.0,4.0,3.0,5.0,4.0,0.00029099474,4.32794,0.22495456,4.384033,1.0,0.3333333333333333,10,True,0.00012882703,4.6971,1.0631617,4.9628263,0.1176470588235294,1.0,9,True,0.00012882703,4.6971,1.0631617,4.9628263,0.1176470588235294,1.0,9,True,0.0,-1.0,-1.0,0.0,0.0,0.0,0.0,-1.0,-1.0,0.0,-1.0,-1.0,0.0,0.0,0.0,0.0,-1.0,-1.0,original_best_sft_tie
77,sports,"If the start of Thursday's practice is any indication, quarterback Jimmy Garoppolo and his 49ers offense could operate at significantly less than full strength Sunday against Arizona. Tight end George Kittle (ankle/knee injuries), wide receiver Emmanuel Sanders (ribs) and running back Matt Breida (ankle) didn't participate in the portion of practice open to the media. Sanders, wearing his No. 17 jersey and sweats, was walking off the field as...",49ers offense still at less than full strength ahead of game vs. Arizona,Accurately captures the situation and is clear and specific.,5.0,5.0,5.0,4.0,5.0,5.0,49ers quarterback Jimmy Garoppolo and 49ers offense could operate at significantly less than full strength Sunday,Includes key details but is too lengthy and less engaging.,4.0,4.0,4.0,3.0,4.0,4.0,Garoppolo and 49ers offense could operate at less than full strength Sunday against Arizona,"Similar to generic variant, but slightly clearer; still lengthy.",4.0,4.0,4.0,3.0,4.0,4.0,8.148334e-05,4.638664,0.42958146,4.7460184,1.0,0.7,13,True,0.00019608205,4.698797,0.72324055,4.879509,0.5217391304347826,1.0,16,True,0.00011560849,4.68943,0.5803939,4.834471,0.6363636363636365,1.0,14,True,0.0,-1.0,-1.0,0.0,-1.0,-1.0,0.0,-1.0,-1.0,0.0,-1.0,-1.0,0.0,-1.0,-1.0,0.0,-1.0,-1.0,original_best_sft_tie
78,weather,"A milder-than-average winter is predicted across much of the country, federal forecasters said in the official U.S. winter outlook released Thursday.","Mild but changeable winter weather predicted for much of U.S., federal forecasters say",Concise and conveys the main point with clear details.,5.0,5.0,5.0,4.0,5.0,4.0,U.S. winter forecast: A milder-than-average winter is predicted across much of the country,Follows the summary closely but is too wordy for a headline.,5.0,4.0,4.0,3.0,5.0,4.0,U.S. forecasters predict milder-than-average winter across much of country,"Similar to generic_sft, lacks a catchy element for attractiveness.",5.0,4.0,4.0,3.0,5.0,4.0,9.420607e-05,4.6473026,0.8845659,4.8683968,1.0,0.5,14,True,0.00012078179,4.692039,0.9566804,4.9311485,0.3157894736842105,0.8888888888888888,16,False,0.00010134523,4.697146,0.9864528,4.9437084,0.3157894736842105,0.8888888888888888,12,False,0.0,0.0,0.0,0.0,-1.0,-1.0,0.0,-1.0,-1.0,0.0,-1.0,-1.0,0.0,0.0,0.0,0.0,0.0,0.0,sft_tie
79,sports,A pregame injury report before the Michigan Wolverines face No. 7 Penn State in a Big Ten matchup,Michigan injury report: Here's who is expected to play at Penn State,Directly addresses the injury report for the game.,5.0,5.0,5.0,4.0,5.0,5.0,Michigan Wolverines face No. 7 Penn State in Big Ten matchup,Describes the matchup but lacks specific focus on injuries.,4.0,5.0,3.0,3.0,5.0,4.0,Michigan Wolverines face Penn State in Big Ten matchup,"Similar to generic headline, lacks emphasis on injury context.",4.0,5.0,3.0,3.0,5.0,4.0,0.00019250887,4.6282644,0.19552182,4.6770487,1.0,0.5555555555555556,12,True,9.501986e-05,4.6926923,0.7100067,4.8701463,0.3529411764705882,1.0,11,True,9.527427e-05,4.6914353,0.64510036,4.8526626,0.3529411764705882,1.0,9,True,0.0,-1.0,-1.0,0.0,0.0,0.0,0.0,-2.0,-2.0,0.0,-1.0,-1.0,0.0,0.0,0.0,0.0,-1.0,-1.0,original_best_sft_tie
80,finance,"It's tax season, and in the past couple of weeks you've probably been checking out your return or figuring out how you're going to pay your bill. Large corporations and wealthy individuals, though? They've figured out a way around that. These are the 20 countries that most often serve as tax havens, based mostly on research from activist group Oxfam.",The biggest tax havens in the world,"Clear and straightforward, but lacks specifics about the countries.",5.0,5.0,3.0,4.0,5.0,4.0,Tax havens in 20 countries that most often serve as tax havens,Provides detail but is somewhat repetitive and less engaging.,5.0,4.0,4.0,3.0,5.0,4.0,Tax havens in the 20 countries that most often serve as tax havens,"Similar to generic_sft, slightly improves clarity but still repetitive.",5.0,4.0,4.0,3.0,5.0,4.0,0.00079290895,3.423365,0.07346005,3.4413335,1.0,0.5,7,False,0.019477684,4.5689225,0.6269366,4.7159176,0.3636363636363636,1.0,12,True,0.96083283,4.559753,0.6219003,4.234812,0.3636363636363636,1.0,13,True,0.0,0.0,0.0,0.0,-1.0,-1.0,0.0,1.0,1.0,0.0,-1.0,-1.0,0.0,0.0,0.0,0.0,0.0,0.0,sft_tie
81,health,"Approaching his 40th birthday, Aaron Archer found himself at 230 pounds and nearly 25 percent body fat. He started doing regular HIIT workouts in addition to weight training and calorie tracking, and lost 40 pounds.",How This Guy Lost 40 Pounds and Got Shredded for His 40th Birthday,"Captures the main story of weight loss for a milestone birthday, but could be more intriguing.",5.0,5.0,5.0,4.0,5.0,4.0,Aaron Archer loses 230 pounds and nearly 25 percent body fat,Incorrectly states weight loss as 230 pounds instead of the actual 40 pounds lost.,1.0,1.0,1.0,1.0,1.0,1.0,Aaron Archer loses 230 pounds and nearly 25 percent body fat,"Same issue as generic, with incorrect weight loss figure.",1.0,1.0,1.0,1.0,1.0,1.0,0.99997437,3.4307113,0.31988424,3.0106952,1.0,0.625,13,True,0.00016705767,4.6755304,0.9232055,4.9062486,0.1176470588235294,0.8888888888888888,11,True,0.00016705767,4.6755304,0.9232055,4.9062486,0.1176470588235294,0.8888888888888888,11,True,0.0,-4.0,-4.0,0.0,-4.0,-4.0,0.0,-4.0,-4.0,0.0,-3.0,-3.0,0.0,-4.0,-4.0,0.0,-3.0,-3.0,original_best_sft_tie
82,news,Three former Louisville Metro Police Department officers will have to pay back thousands of dollars in restitution for an overtime scheme that lasted years. Sgt. Brian Stanfield and Detectives Todd Roadhouse and Mark Final pleaded guilty to federal wire fraud charges Monday. The three officers admitted to submitting overtime requests and collecting payments for hours they did not actually work. As part of a unit in the department's Narcotics...,3 former LMPD officers plead guilty to federal charges of falsifying overtime records,Clear and specific about the charges and actions of the officers.,5.0,5.0,4.0,4.0,5.0,4.0,Three former Louisville Metro police officers will have to pay back thousands of dollars in restitution for overtime scheme,"Accurate but less focused on the illegality, making it less compelling.",5.0,5.0,4.0,3.0,5.0,4.0,Three former Louisville Metro police officers will have to pay back thousands of dollars in restitution for overtime scheme,"Same as generic, lacks emphasis on the criminal aspect.",5.0,5.0,4.0,3.0,5.0,4.0,0.00017939656,4.6535373,0.7186389,4.8331075,1.0,0.6,13,True,0.00029640214,4.697155,0.78314114,4.892792,0.24,1.0,19,True,0.00029640214,4.697155,0.78314114,4.892792,0.24,1.0,19,True,0.0,0.0,0.0,0.0,0.0,0.0,0.0,0.0,0.0,0.0,-1.0,-1.0,0.0,0.0,0.0,0.0,0.0,0.0,sft_tie
83,autos,"Two crashes caused major issues Thursday morning near I-265 and I-65 in south Louisville. A jackknifed semi closed the ramp from I-265 West to I-65 North. That ramp has since opened. Sign up for our Newsletters The semi was leaking fuel. Another accident also blocked lanes on I-65 North, just inside I-265. READ THE FULL STORY:Crashes causing backups near I-265 and I-65 in Louisville CHECK OUT WLKY:Live. Local. Late-Breaking. Get the top...",Crashes causing backups near I-265 and I-65 in Louisville,Effectively summarizes the issue but lacks detail on the specific crashes.,5.0,5.0,4.0,4.0,5.0,4.0,jackknifed semi closes ramp from I-265 West to I-65 North,Provides specific details on the crash but lacks broader context and might seem less engaging.,5.0,5.0,5.0,3.0,5.0,4.0,A jackknifed semi closes ramp from I-265 West to I-65 North,"Same as generic but adds 'A', slightly improving readability; still lacks broader context.",5.0,5.0,5.0,3.0,5.0,4.0,8.717519e-05,3.8935802,0.71923447,4.0733457,1.0,1.0,11,True,0.000104296836,3.9069598,0.7056673,4.0833244,0.1538461538461538,0.8571428571428571,12,True,0.0001379887,3.8955283,0.6664375,4.0620685,0.1538461538461538,0.8571428571428571,13,True,0.0,0.0,0.0,0.0,0.0,0.0,0.0,1.0,1.0,0.0,-1.0,-1.0,0.0,0.0,0.0,0.0,0.0,0.0,sft_tie
84,sports,The head coach may have doomed his team - and his kicker - with the questionable call.,Matt Nagy defends decision to kneel before Eddy Pineiro miss,Accurately reports the coach's defense of his decision and names the kicker.,5.0,5.0,5.0,4.0,5.0,5.0,Head coach may have doomed his team - and his kicker - with questionable call,Repeats the summary without adding clarity and specific details.,3.0,4.0,3.0,3.0,4.0,3.0,Head coach may have doneomed his team - and his kicker - with questionable call,Contains a typo ('doomed') and lacks clear appeal as a headline.,3.0,3.0,3.0,3.0,4.0,3.0,0.0002560836,3.9620996,0.04564855,3.9733837,1.0,0.0,10,True,0.00011507584,4.696015,0.9370012,4.9302077,0.0,1.0,13,False,0.00014358755,4.6459403,0.85114884,4.8586555,0.0,0.9,13,False,0.0,-2.0,-2.0,-1.0,-2.0,-1.0,0.0,-2.0,-2.0,0.0,-1.0,-1.0,0.0,-1.0,-1.0,0.0,-2.0,-2.0,original_best_sft_tie
85,weather,"Twitter user Brian the Brachiosaurus created a lovely video showing the progression of the snow in Point Place, Ohio, on Nov. 12, even though their clock literally froze from freezing rain at 3:44 p.m.",Brian the Brachiosaurus' snow time-lapse,The title is somewhat catchy but lacks details on the location and event.,4.0,4.0,2.0,3.0,5.0,3.0,"Brachiosaurus creates video showing snow in Point Place, Ohio",This headline accurately conveys the content and context of the video.,5.0,5.0,4.0,3.0,5.0,4.0,"Brachiosaurus creates video showing snow in Point Place, Ohio",Identical to the generic version so scores remain the same.,5.0,5.0,4.0,3.0,5.0,4.0,0.8526757,3.194106,0.15414606,2.806305,1.0,0.4,6,True,0.00015819227,4.6997333,0.9338093,4.9331064,0.1538461538461538,0.875,9,True,0.00015819227,4.6997333,0.9338093,4.9331064,0.1538461538461538,0.875,9,True,0.0,1.0,1.0,0.0,1.0,1.0,0.0,2.0,2.0,0.0,0.0,0.0,0.0,0.0,0.0,0.0,1.0,1.0,sft_tie
86,foodanddrink,Phoenix brunch restaurant Hash Kitchen has 60 ingredients on the largest bloody mary bar in Arizona. Here's the trick to making the massive drinks.,Here's the trick pros use to make massive bloody marys at Hash Kitchen in Phoenix,Engaging and informative; focuses on professional tips for a popular drink.,5.0,5.0,5.0,4.0,5.0,4.0,Hash Kitchen has 60 ingredients on largest bloody mary bar in Arizona,Accurate but more of a statement than a headline; lacks excitement.,4.0,4.0,5.0,3.0,5.0,4.0,Phoenix brunch restaurant Hash Kitchen has 60 ingredients on largest bloody mary bar in Arizona,Detailed and precise but reads like a summary rather than a catchy headline.,5.0,5.0,5.0,3.0,5.0,4.0,0.9999771,4.5668535,0.81143856,4.269725,1.0,0.6363636363636364,15,True,0.54550064,4.700294,1.0014967,4.677918,0.3,1.0,12,True,0.99814796,4.705355,1.139558,4.491171,0.3478260869565217,1.0,15,True,1.0,0.0,-1.0,1.0,0.0,-1.0,0.0,0.0,0.0,0.0,-1.0,-1.0,0.0,0.0,0.0,0.0,0.0,0.0,sft_tie
87,news,"A great white shark that weighs over 2,000 pounds and measures 15 feet, 5 inches long has been swimming along the US East Coast.","A 2,000-pound great white shark is swimming off the coast of Florida","Accurate, clear, and includes specific details about weight and location.",5.0,5.0,5.0,4.0,5.0,5.0,Great white shark swimming along US East Coast,Faithful to the summary but lacks the specific weight and more enticing details.,5.0,5.0,5.0,3.0,5.0,4.0,Great white shark swimming along US East Coast,Same as generic headline; lacks specifics that could enhance interest.,5.0,5.0,5.0,3.0,5.0,4.0,0.2455776,4.5972433,0.42587346,4.5809226,1.0,0.6666666666666666,14,True,0.00022119081,4.6894116,0.6301874,4.846848,0.6250000000000001,1.0,8,True,0.00022119081,4.6894116,0.6301874,4.846848,0.6250000000000001,1.0,8,True,0.0,0.0,0.0,0.0,0.0,0.0,0.0,0.0,0.0,0.0,-1.0,-1.0,0.0,0.0,0.0,0.0,-1.0,-1.0,original_best_sft_tie
88,sports,Finley put together a performance that indicates the Bengals are still looking for their quarterback of the future.,Life came at Ryan Finley fast in his first career start,The original headline references Finley's experience but lacks clarity on the main point about the Bengals' quarterback situation.,2.0,3.0,2.0,3.0,4.0,3.0,Finley: Bengals still looking for quarterback of the future,"This headline accurately reflects the summary, is clear, specific, and not misleading.",5.0,5.0,5.0,4.0,5.0,5.0,Finley: Bengals still looking for quarterback of the future,"Identical to the generic version, accurately reflects the main claim without being clickbait.",5.0,5.0,5.0,4.0,5.0,5.0,0.00032155975,3.0873256,-0.117990434,3.0576673,1.0,0.1111111111111111,11,True,0.000111390735,4.6714034,0.84087074,4.881565,0.1333333333333333,1.0,9,True,0.000111390735,4.6714034,0.84087074,4.881565,0.1333333333333333,1.0,9,True,0.0,3.0,3.0,0.0,2.0,2.0,0.0,3.0,3.0,0.0,1.0,1.0,0.0,1.0,1.0,0.0,2.0,2.0,sft_tie
89,lifestyle,"Michelle Mero Riedel's carefully composed garden in Oakdale is always ready for its close-up. The beds and plots are kept meticulously weeded and deadheaded, and she doesn't hesitate to move a plant that has grown too tall for the plants around it. ""I really like a tidy garden,"" said Mero Riedel. As a professional photographer, Mero Riedel relies on having a photogenic subject right outside ...",Photographer tends a picture-perfect garden in Oakdale,Captures the essence of the garden and the photographer.,5.0,5.0,4.0,4.0,5.0,4.0,Michelle Mero Riedel's garden in Oakdale is always ready for its close-up,Describes the garden accurately but lacks engagement.,5.0,5.0,5.0,3.0,5.0,4.0,Michelle Mero Riedel's garden in Oakdale is always ready for its close-up,Identical to generic_sft; reflects the same details.,5.0,5.0,5.0,3.0,5.0,4.0,0.0005745622,4.571299,0.54021806,4.7060666,1.0,0.5,8,True,0.9999167,4.703681,0.780862,4.398938,0.2666666666666666,1.0,13,True,0.9999167,4.703681,0.780862,4.398938,0.2666666666666666,1.0,13,True,0.0,0.0,0.0,0.0,0.0,0.0,0.0,1.0,1.0,0.0,-1.0,-1.0,0.0,0.0,0.0,0.0,0.0,0.0,sft_tie
90,foodanddrink,"Every week in Genius Recipes often with your help! Food52 Creative Director and lifelong Genius-hunter Kristen Miglore is unearthing recipes that will change the way you cook. Why does everyone keep talking about this chopped salad? It first started making waves in 2006 when Nancy Silverton put it on the menu at Pizzeria Mozza in Los Angeles. Thirteen years later, Food52 community members are still writing to me to tell me how genius it is. It...",The Genius Chopped Salad Everyone's (Still) Talking About,Captures the main idea of ongoing interest in the salad while being clear and engaging.,5.0,5.0,4.0,5.0,5.0,5.0,Food52 Creative Director Kristen Miglore unearths recipes that will change the way you cook,Accurate but too general and lacks connection to the specific salad discussed.,4.0,5.0,4.0,3.0,4.0,4.0,Chef Kristen Miglore unearths recipes that will change the way you cook,"Similar to generic but emphasizes the chef, still lacking specificity about the salad.",4.0,5.0,4.0,3.0,4.0,4.0,0.9999716,4.298498,0.4254091,3.9048648,1.0,0.8571428571428571,8,True,0.9999391,4.6888914,1.0007825,4.4391174,0.0,0.9230769230769232,14,True,0.99995625,4.6704555,0.89952475,4.3953586,0.0,0.8181818181818182,12,True,0.0,-1.0,-1.0,0.0,0.0,0.0,0.0,0.0,0.0,0.0,-2.0,-2.0,0.0,-1.0,-1.0,0.0,-1.0,-1.0,original_best_sft_tie
91,news,"An Arcadia man with a history of donating to Democrats and Republicans in federal elections including $900,000 funneled to President Trump's inaugural committee is expected to plead guilty to falsifying records to conceal his work as a foreign agent and making almost $1 million in illegal campaign contributions, prosecutors said Tuesday. Imaad Shah Zuberi, a 49-year-old campaign fundraiser ...","SoCal Man Who Donated $900K to Trump Will Plead Guilty to Hiding Work as Foreign Agent, Illegal Campaign Contributions","The headline captures the key details, including the man’s identity, the amount donated, and the nature of the charges.",5.0,5.0,5.0,5.0,5.0,5.0,Arcadia man expected to plead guilty to falsifying campaign donations,"The headline lacks specific details about the individual and the amounts involved, making it less engaging.",3.0,4.0,3.0,3.0,5.0,3.0,Arcadia man expected to plead guilty to falsifying campaign donations,"Identical to the generic_sft, it doesn't provide enough specific details to be compelling.",3.0,4.0,3.0,3.0,5.0,3.0,0.00016324321,4.5852523,0.6457943,4.746619,1.0,0.5625,19,True,9.608969e-05,4.161949,0.4811431,4.282187,0.3333333333333333,0.875,10,False,9.608969e-05,4.161949,0.4811431,4.282187,0.3333333333333333,0.875,10,False,0.0,-2.0,-2.0,0.0,-1.0,-1.0,0.0,-2.0,-2.0,0.0,-2.0,-2.0,0.0,0.0,0.0,0.0,-2.0,-2.0,original_best_sft_tie
92,sports,"Monty Williams felt first-year Michigan coach Juwan Howard could do anything, but he was one of the first coaches Howard asked questions about coaching.",How Suns coach Monty Williams helped Michigan's Juwan Howard become a coach,This headline conveys the relationship and assistance between Williams and Howard but implies more than the summary states.,4.0,4.0,4.0,4.0,5.0,4.0,Michigan coach Juwan Howard asks questions about coaching,"It accurately reflects part of the summary, but lacks context about the relations between the coaches.",5.0,5.0,3.0,3.0,5.0,4.0,"Monty Williams feels first-year Michigan coach Juwan Howard could do anything, but he was one of the first coaches","While it includes specifics, it is too verbose and poorly structured for a headline.",3.0,3.0,4.0,2.0,4.0,3.0,0.42069197,4.05305,0.55436444,3.9812953,1.0,0.5555555555555556,12,True,0.00012011082,4.6973286,0.82756436,4.9041595,0.3529411764705882,0.875,8,True,0.099539906,4.7039638,1.0036337,4.9051023,0.4166666666666667,0.9333333333333332,20,True,-2.0,-1.0,1.0,-2.0,-1.0,1.0,1.0,0.0,-1.0,-1.0,-2.0,-1.0,-1.0,-1.0,0.0,-1.0,-1.0,0.0,generic_best
93,news,"Last month was the hottest October ever recorded worldwide, according to data released by the European Union's satellite monitoring service on Tuesday. Globally, temperatures were 0.69 degrees Celsius (1.25 degrees Fahrenheit) warmer than the average October from 1981 to 2010, and 0.01 C warmer than the previous record holder, October 2015. This is equivalent to 1.2 Celsius above the pre-industrial average, the Copernicus Climate Change Service...",Last month hottest October on record: EU climate service,"Combined the main claim and the source, making it concise.",5.0,5.0,4.0,4.0,5.0,4.0,Last month was the hottest October ever recorded worldwide,Accurate but lacks source and is less concise.,5.0,5.0,4.0,3.0,5.0,4.0,Last month was the hottest October ever recorded worldwide,Identical to generic but focuses on specificity with added world context.,5.0,5.0,4.0,3.0,5.0,4.0,0.00021198396,4.585654,0.8088196,4.7877526,1.0,1.0,9,True,0.9999453,4.6881394,0.84925807,4.400481,0.5333333333333333,1.0,9,True,0.9999453,4.6881394,0.84925807,4.400481,0.5333333333333333,1.0,9,True,0.0,0.0,0.0,0.0,0.0,0.0,0.0,0.0,0.0,0.0,-1.0,-1.0,0.0,0.0,0.0,0.0,0.0,0.0,sft_tie
94,health,U.S. News & World Report released its new ratings for the best nursing homes in 2019-20 on Tuesday.,69 Texas Nursing Homes Make U.S. News 'Best' Ratings,"Highlights the significant number of Texas nursing homes recognized, making it interesting.",5.0,5.0,5.0,4.0,5.0,5.0,U.S. News & World Report: Best nursing homes in 2019-20,Informative but lacks engagement and specific details about Texas.,5.0,4.0,3.0,3.0,5.0,4.0,U.S. News & World Report: Best nursing homes in 2019-20,"Similar to the generic_sft, it provides the same information without regional specification.",5.0,4.0,3.0,3.0,5.0,4.0,0.00015268462,4.6814623,0.6745825,4.850032,1.0,0.5714285714285714,10,True,0.0001312862,4.678267,0.8025141,4.87883,0.4285714285714285,1.0,11,True,0.0001312862,4.678267,0.8025141,4.87883,0.4285714285714285,1.0,11,True,0.0,0.0,0.0,0.0,-1.0,-1.0,0.0,-2.0,-2.0,0.0,-1.0,-1.0,0.0,0.0,0.0,0.0,-1.0,-1.0,original_best_sft_tie
95,weather,"Waves pummeled the shores of Lake Superior and Lake Michigan early this week as an intense storm system swept across the Great Lakes. Winds howled from the Dakotas through Michigan, and AccuWeather Reporter Blake Naftel witnessed the power of the storm first-hand along the eastern shores of Lake Michigan. Naftel was in Grand Haven, Michigan, on Tuesday morning when 50-mph wind gusts lashed the area. Those strong winds spawned large waves that...",Huge storm blows through and makes lake look like raging ocean,Captures the storm's impact but uses exaggerated language ('raging ocean') and lacks specificity.,3.0,4.0,2.0,4.0,3.0,3.0,Storms sweep Lake Superior and Lake Michigan as intense storm system sweeps across Great Lakes,"Accurate and clear, but slightly generic.",5.0,5.0,4.0,3.0,5.0,4.0,Storms sweep Lake Superior and Lake Michigan as intense storm system sweeps across Great Lakes,"Accurate and clear, but slightly generic.",5.0,5.0,4.0,3.0,5.0,4.0,0.0016366349,2.7248585,0.49560392,2.8479412,1.0,0.3,11,False,0.00015060905,4.6929054,0.98729676,4.9396544,0.1818181818181818,0.75,15,True,0.00015060905,4.6929054,0.98729676,4.9396544,0.1818181818181818,0.75,15,True,0.0,2.0,2.0,0.0,1.0,1.0,0.0,2.0,2.0,0.0,-1.0,-1.0,0.0,2.0,2.0,0.0,1.0,1.0,sft_tie
96,travel,"Next month, however, you'll be able to see it from your own moped driven by you.",Uber Is Launching Mopeds in Paris,Clearly states the key point about Uber launching mopeds in Paris.,5.0,5.0,5.0,4.0,5.0,5.0,You'll be able to see it from your own moped driven by you next month,Good clarity but lacks specificity and is not compelling as a headline.,3.0,4.0,2.0,3.0,4.0,3.0,You'll be able to see it from your own moped,Offers some specificity but is less informative and engaging than the original.,3.0,4.0,3.0,3.0,4.0,3.0,0.0011883039,4.081925,0.07877331,4.101024,1.0,0.0,6,True,0.99996877,4.6288433,0.7301638,4.3114,0.0,1.0,15,False,0.99996376,4.489177,0.4690178,4.1064496,0.0,1.0,10,False,0.0,-2.0,-2.0,0.0,-1.0,-1.0,1.0,-2.0,-3.0,0.0,-1.0,-1.0,0.0,-1.0,-1.0,0.0,-2.0,-2.0,original_best_sft_tie
97,weather,"Minnesota resident Carol Bauer captured video of a farmer driving his tractor through his fields as snow fell in Graceville, on November 6. Bauer told Storyful weather conditions this year made it challenging for farmers in west-central Minnesota, leading to low crop production. Many acres were not planted due to a wet summer and fall, and even some hail throughout the year, according to Bauer. ""Farmers had to plant cover crops to stop soil erosion or preventive planting instead of a productive crop,"" said Bauer. ""Now we are trying to finish up with wet fall snow. "" Credit: Carol Bauer via Storyful",Minnesota Farms Report Low Yields After 'Extremely Challenging' Weather Conditions,The headline captures the main issue of low yields due to challenging weather but doesn't explicitly mention the specific events or quotes from Bauer.,4.0,4.0,3.0,4.0,5.0,4.0,Minnesota farmer driving tractor through fields as snow falls in Graceville,"The headline is clear and specific, accurately describing the video content without exaggeration.",5.0,5.0,5.0,3.0,5.0,5.0,Farmer driving tractor through fields as snow falls in Graceville,"Similar to the generic variant, it is clear and specific, accurately representing the video footage.",5.0,5.0,5.0,3.0,5.0,5.0,8.492719e-05,4.4124684,1.0392482,4.672238,1.0,0.4,10,True,9.79012e-05,4.4297543,1.0350788,4.6884747,0.1052631578947368,0.8888888888888888,11,True,0.00012866131,4.3606253,0.9992373,4.61037,0.0,0.875,10,True,0.0,1.0,1.0,0.0,1.0,1.0,0.0,2.0,2.0,0.0,-1.0,-1.0,0.0,0.0,0.0,0.0,1.0,1.0,sft_tie
98,lifestyle,"The Wall of Faces campaign has been tracking down photos of the more than 58,000 faces on the Vietnam Veterans Memorial. But images from 11 men from Detroit are missing.",Help find photos of these 11 Vietnam Veterans from Detroit,"Directly addresses the missing photos and specifies the location, making it clear and engaging.",5.0,5.0,5.0,5.0,5.0,5.0,"The Wall of Faces campaign is tracking photos of more than 58,000 faces on Vietnam Veterans Memorial","Describes the campaign but lacks focus on the specific missing items, making it less engaging.",3.0,3.0,3.0,2.0,4.0,3.0,"The Wall of Faces campaign is tracking photos of more than 58,000 faces on Vietnam Veterans Memorial","Same as the generic version; it lacks focus on the specific missing photos, reducing its appeal.",3.0,3.0,3.0,2.0,4.0,3.0,0.99988997,4.6567216,0.4215494,4.2621636,1.0,0.5714285714285714,10,True,0.0008805505,4.7026677,1.0728819,4.970448,0.3333333333333332,1.0,18,True,0.0008805505,4.7026677,1.0728819,4.970448,0.3333333333333332,1.0,18,True,0.0,-2.0,-2.0,0.0,-2.0,-2.0,0.0,-2.0,-2.0,0.0,-3.0,-3.0,0.0,-1.0,-1.0,0.0,-2.0,-2.0,original_best_sft_tie
99,news,"Missouri State Auditor Nicole Galloway has again issued a subpoena to Clay County officials pushing the county to turn over documents related to a citizen-mandated audit. ""Given the past conduct of the county in evading the audit, the subpoena was issued to get answers on behalf of Clay County citizens,"" the auditor's office said in a statement. Sign up for our Newsletters In October, a judge dismissed a lawsuit filed by the Clay County...",State auditor again issues subpoena to Clay County in citizen-mandated audit,"The original headline is concise, accurately reflects the main events, and is straightforward.",5.0,5.0,4.0,4.0,5.0,5.0,Missouri State Auditor issued subpoena to Clay County officials pushing county to turn over documents related to citizen-mandated audit,The generic headline captures the main events but is longer and less engaging.,4.0,4.0,5.0,3.0,4.0,4.0,Missouri State Auditor issued subpoena to Clay County officials pushing county to turn over documents related to citizen-mandated audit,Identical to generic_sft; lacks conciseness and engagement.,4.0,4.0,5.0,3.0,4.0,4.0,6.6570545e-05,4.688211,1.0552981,4.952002,1.0,0.9,12,True,8.0718564e-05,4.6933384,1.1237246,4.974229,0.6153846153846154,1.0,20,True,8.0718564e-05,4.6933384,1.1237246,4.974229,0.6153846153846154,1.0,20,True,0.0,-1.0,-1.0,0.0,-1.0,-1.0,0.0,1.0,1.0,0.0,-1.0,-1.0,0.0,-1.0,-1.0,0.0,-1.0,-1.0,original_best_sft_tie
100,travel,"Mizner Park, a 28-year-old shopping plaza in downtown Boca Raton, was in need of a refresh after losing some tenants in recent years. Now, the owner is energizing its retail mix with restaurants, bars, stores, entertainment, and some pop-up retailers. H u00e4stens, a company that sells handmade bedding from Sweden, will open in December, according to Mizner Park's management, followed by ...","Boca Raton's Mizner Park jazzes up plaza with new restaurants, stores, bars and entertainment","The headline effectively encapsulates the revitalization efforts at Mizner Park, making it attractive and clear.",5.0,5.0,5.0,5.0,5.0,5.0,Boca Raton shopping plaza in need of a refresh after losing tenants,"While mentioning the need for a refresh, it lacks details on the positive steps being taken.",3.0,4.0,3.0,3.0,4.0,3.0,Boca Raton shopping plaza in need of a refresh after losing tenants,This variant is identical to the generic_sft and suffers from similar issues.,3.0,4.0,3.0,3.0,4.0,3.0,0.00014517365,4.5831184,0.6944742,4.7566643,1.0,0.7272727272727273,14,True,0.0001299899,4.6473417,0.6492384,4.8095865,0.1999999999999999,1.0,12,True,0.0001299899,4.6473417,0.6492384,4.8095865,0.1999999999999999,1.0,12,True,0.0,-2.0,-2.0,0.0,-1.0,-1.0,0.0,-2.0,-2.0,0.0,-2.0,-2.0,0.0,-1.0,-1.0,0.0,-2.0,-2.0,original_best_sft_tie
