sft_id,dataset_variant,split,nid,news_id,category,subvert,source_text,target_title,input_text,target_text,source_word_count,target_word_count,has_specific_signal,clickbait_penalty,predicted_clickbait,url,generated_title,exact_match
specificity-004922,specificity,test,8995,N17634,finance,finance-companies,"U.S. prosecutors are seeking records from a company associated with Russian billionaire Oleg Deripaska as part of a previously unreported investigation, according to documents filed in a London court.",Oleg Deripaska-Linked Firm Was Raided for Undisclosed U.S. Inquiry,"Generate a faithful, specific, non-clickbait news headline. Use concrete names, numbers, places, or events only when supported by the article summary. Avoid curiosity-gap wording, exaggeration, and unsupported details. Category: finance Article summary: U.S. prosecutors are seeking records from a company associated with Russian billionaire Oleg Deripaska as part of a previously unreported investigation, according to documents filed in a London court.",Oleg Deripaska-Linked Firm Was Raided for Undisclosed U.S. Inquiry,29,9,True,7.756421e-05,0,https://assets.msn.com/labs/mind/AAIYxpa.html,U.S. prosecutors seek records from Russian billionaire Oleg Deripaska,False
specificity-004923,specificity,test,11581,N51345,travel,traveltripideas,"A fading piece of Americana, bobwhite quail are iconic in Texas. The tradition of hunting them with friends and family is a social experience that can be second to none. ""Once people do it and experience it, it's something they'll never forget. The first flush of wild quail, how your heart jumps in your throat you feel like you're about to have a heart attack,"" said Robert Perez, upland game bird program leader for the Texas Parks and Wildlife...",Texas quail rebounding after a dismal 2018,"Generate a faithful, specific, non-clickbait news headline. Use concrete names, numbers, places, or events only when supported by the article summary. Avoid curiosity-gap wording, exaggeration, and unsupported details. Category: travel Article summary: A fading piece of Americana, bobwhite quail are iconic in Texas. The tradition of hunting them with friends and family is a social experience that can be second to none. ""Once people do it and experience it, it's something they'll never forget. The first flush of wild quail, how your heart jumps in your throat you feel like you're about to have a heart attack,"" said Robert Perez, upland game bird program leader for the Texas Parks and Wildlife...",Texas quail rebounding after a dismal 2018,79,7,True,0.00018981566,0,https://assets.msn.com/labs/mind/AAIUeEN.html,"Wild bobwhite quail, a fading piece of Americana, are iconic in Texas",False
specificity-004924,specificity,test,21397,N59812,news,newscrime,"A suspect was in critical condition Thursday morning after police said he opened fire on officers and one officer returned fire, shooting him. Watch the report from the shooting scene in the video player above. Sign up for our Newsletters The incident happened around 10:40 p.m. Wednesday while officers were responding to a call about a domestic disturbance on the 1600 block of Crucible Street in Pittsburgh's Crafton Heights neighborhood....",Man shot by Pittsburgh police after allegedly opening fire on officers in Crafton Heights,"Generate a faithful, specific, non-clickbait news headline. Use concrete names, numbers, places, or events only when supported by the article summary. Avoid curiosity-gap wording, exaggeration, and unsupported details. Category: news Article summary: A suspect was in critical condition Thursday morning after police said he opened fire on officers and one officer returned fire, shooting him. Watch the report from the shooting scene in the video player above. Sign up for our Newsletters The incident happened around 10:40 p.m. Wednesday while officers were responding to a call about a domestic disturbance on the 1600 block of Crucible Street in Pittsburgh's Crafton Heights neighborhood....",Man shot by Pittsburgh police after allegedly opening fire on officers in Crafton Heights,70,14,True,0.00020062277,0,https://assets.msn.com/labs/mind/AAJY3h4.html,"A suspect in critical condition after police say he opened fire on officers and one officer returned fire, shooting him",False
specificity-004925,specificity,test,15298,N48485,sports,more_sports,The Suns wasted no time cleaning house and will now look to the scrap heap or the G League for their second two-way player.,"Suns waive Kramer, Owens and Odiase to get roster down to 16","Generate a faithful, specific, non-clickbait news headline. Use concrete names, numbers, places, or events only when supported by the article summary. Avoid curiosity-gap wording, exaggeration, and unsupported details. Category: sports Article summary: The Suns wasted no time cleaning house and will now look to the scrap heap or the G League for their second two-way player.","Suns waive Kramer, Owens and Odiase to get roster down to 16",24,12,True,8.4437255e-05,0,https://assets.msn.com/labs/mind/AAIPAV5.html,Suns look to the scrap heap or the G League for their second two-way player,False
specificity-004926,specificity,test,13160,N53277,news,newsus,"A jury recommended Friday that Michael Gargiulo, a serial killer who terrorized women who lived near him in the Los Angeles area, should be put to death, a decision bookending a wrenching trial that began with the harrowing account of a survivor and ended with a son's plea to spare his father's life. The jury deliberated for several hours over three days in the penalty phase of the marathon trial that featured testimony from actor Ashton Kutcher...","'Boy Next Door Killer' Michael Gargiulo should get the death penalty, jury decides","Generate a faithful, specific, non-clickbait news headline. Use concrete names, numbers, places, or events only when supported by the article summary. Avoid curiosity-gap wording, exaggeration, and unsupported details. Category: news Article summary: A jury recommended Friday that Michael Gargiulo, a serial killer who terrorized women who lived near him in the Los Angeles area, should be put to death, a decision bookending a wrenching trial that began with the harrowing account of a survivor and ended with a son's plea to spare his father's life. The jury deliberated for several hours over three days in the penalty phase of the marathon trial that featured testimony from actor Ashton Kutcher...","'Boy Next Door Killer' Michael Gargiulo should get the death penalty, jury decides",77,13,True,0.00012682515,0,https://assets.msn.com/labs/mind/AAIZHoU.html,Judge recommends Michael Gargiulo to be put to death,False
specificity-004927,specificity,test,43953,N63872,sports,basketball_ncaa,"Greg Paulus' career playing point guard at Duke and quarterback at Syracuse was anything but conventional, and his path as a coach has been even more so.",Greg Paulus' unconventional road after Duke leads him to head coaching job at Niagara,"Generate a faithful, specific, non-clickbait news headline. Use concrete names, numbers, places, or events only when supported by the article summary. Avoid curiosity-gap wording, exaggeration, and unsupported details. Category: sports Article summary: Greg Paulus' career playing point guard at Duke and quarterback at Syracuse was anything but conventional, and his path as a coach has been even more so.",Greg Paulus' unconventional road after Duke leads him to head coaching job at Niagara,27,14,True,0.0001523937,0,https://assets.msn.com/labs/mind/BBWtw8U.html,"Greg Paulus' career playing point guard at Duke and Syracuse was anything but conventional, and his path as a coach has been even more so",False
specificity-004928,specificity,test,21656,N25590,news,newsscienceandtechnology,"Dell's newest monitor has been designed with creators in mind. The UP2720Q is the world's first 27-inch 4K monitor with a built-in colorimeter -- a light-sensitive device that measures the intensity and concentration of color. It offers 100 percent Adobe RBG, 98 percent DCI-P3 and 80 percent BT2020, allowing designers to maximize a larger color gamut and more accurately work with images on devices such as smartphones, computers and TVs, where...",Dell built a color calibrator into its new monitor,"Generate a faithful, specific, non-clickbait news headline. Use concrete names, numbers, places, or events only when supported by the article summary. Avoid curiosity-gap wording, exaggeration, and unsupported details. Category: news Article summary: Dell's newest monitor has been designed with creators in mind. The UP2720Q is the world's first 27-inch 4K monitor with a built-in colorimeter -- a light-sensitive device that measures the intensity and concentration of color. It offers 100 percent Adobe RBG, 98 percent DCI-P3 and 80 percent BT2020, allowing designers to maximize a larger color gamut and more accurately work with images on devices such as smartphones, computers and TVs, where...",Dell built a color calibrator into its new monitor,71,9,False,0.00057022495,0,https://assets.msn.com/labs/mind/AAJOHdC.html,Dell's UP2720Q is the world's first 4K monitor with a built-in colorimeter,False
specificity-004929,specificity,test,23048,N2876,autos,autosnews,"NORTH KINGSTOWN -- A crash involving three vehicles, one of them an Ocean State Job Lot truck, seriously injured three people and closed the westbound lanes of Route 403 out of Quonset for about three hours during Tuesday's evening commute. One driver was taken to Kent Hospital with critical injuries and two were taken to Rhode Island Hospital with serious injuries, North Kingstown Fire Chief ...",North Kingstown crash blocks rush hour traffic out of Quonset,"Generate a faithful, specific, non-clickbait news headline. Use concrete names, numbers, places, or events only when supported by the article summary. Avoid curiosity-gap wording, exaggeration, and unsupported details. Category: autos Article summary: NORTH KINGSTOWN -- A crash involving three vehicles, one of them an Ocean State Job Lot truck, seriously injured three people and closed the westbound lanes of Route 403 out of Quonset for about three hours during Tuesday's evening commute. One driver was taken to Kent Hospital with critical injuries and two were taken to Rhode Island Hospital with serious injuries, North Kingstown Fire Chief ...",North Kingstown crash blocks rush hour traffic out of Quonset,66,10,True,6.925511e-05,0,https://assets.msn.com/labs/mind/AAJczup.html,Ocean State Job Lot truck crashes in Quonset,False
specificity-004930,specificity,test,58362,N14020,news,newsus,"Carroll County health officials have identified a fifth animal in the past few weeks to test positive for rabies. Health officials are quick to point out this is far from an epidemic; however, the number of cases in such a short period of time has caused some mild concern. They said the best thing pet owners can do is to make sure their pets are vaccinated for rabies. Sign up for our Newsletters A kitten found last week in northeastern Carroll...",Kitten found in Carroll County tests positive for rabies,"Generate a faithful, specific, non-clickbait news headline. Use concrete names, numbers, places, or events only when supported by the article summary. Avoid curiosity-gap wording, exaggeration, and unsupported details. Category: news Article summary: Carroll County health officials have identified a fifth animal in the past few weeks to test positive for rabies. Health officials are quick to point out this is far from an epidemic; however, the number of cases in such a short period of time has caused some mild concern. They said the best thing pet owners can do is to make sure their pets are vaccinated for rabies. Sign up for our Newsletters A kitten found last week in northeastern Carroll...",Kitten found in Carroll County tests positive for rabies,81,9,True,0.0001522965,0,https://assets.msn.com/labs/mind/AAJTZOe.html,Five cats tested positive for rabies in Carroll County,False
specificity-004931,specificity,test,43890,N7197,news,newsus,"Some Baltimore City Department of Public Works employees are demanding change at its facilities after a death over the summer. Trina Cunningham was a DPW supervisor who fell through a grate into a vat of water while working at the Patapsco Wastewater Treatment Facility in June. Sign up for our Newsletters The City Union of Baltimore and Cunningham's family blame the city for her death. ""The city has failed my wife, me, our son, family,...","DPW employees, family demand change after worker's death","Generate a faithful, specific, non-clickbait news headline. Use concrete names, numbers, places, or events only when supported by the article summary. Avoid curiosity-gap wording, exaggeration, and unsupported details. Category: news Article summary: Some Baltimore City Department of Public Works employees are demanding change at its facilities after a death over the summer. Trina Cunningham was a DPW supervisor who fell through a grate into a vat of water while working at the Patapsco Wastewater Treatment Facility in June. Sign up for our Newsletters The City Union of Baltimore and Cunningham's family blame the city for her death. ""The city has failed my wife, me, our son, family,...","DPW employees, family demand change after worker's death",75,8,False,9.721899e-05,0,https://assets.msn.com/labs/mind/BBWLLBO.html,Baltimore City Department of Public Works employees demanding change at its facilities after death,False
specificity-004932,specificity,test,42363,N61542,sports,icehockey_nhl,"DETROIT Opponents probably see Filip Hronek as a skilled European defenseman with a good shot and offensive instincts. Dylan McIlrath saw another side of Hronek when they were teammates in Grand Rapids, elements the young defenseman has shown at times with the Detroit Red Wings: being abrasive, hard to play against and not backing down. It led to Hronek's first NHL fighting major in Friday's ...",Red Wings' Filip Hronek developing knack for agitating opponents,"Generate a faithful, specific, non-clickbait news headline. Use concrete names, numbers, places, or events only when supported by the article summary. Avoid curiosity-gap wording, exaggeration, and unsupported details. Category: sports Article summary: DETROIT Opponents probably see Filip Hronek as a skilled European defenseman with a good shot and offensive instincts. Dylan McIlrath saw another side of Hronek when they were teammates in Grand Rapids, elements the young defenseman has shown at times with the Detroit Red Wings: being abrasive, hard to play against and not backing down. It led to Hronek's first NHL fighting major in Friday's ...",Red Wings' Filip Hronek developing knack for agitating opponents,66,9,True,0.00015673945,0,https://assets.msn.com/labs/mind/BBWw3oR.html,Filip Hronek is a skilled European defenseman with a good shot and offensive instincts,False
specificity-004933,specificity,test,42484,N61622,sports,basketball_nba,"The nightmare season continues for the Warriors, as Curry's replacement Damion Lee is set to miss at least the next two weeks with a broken hand.",Warriors' Damion Lee out at least two weeks,"Generate a faithful, specific, non-clickbait news headline. Use concrete names, numbers, places, or events only when supported by the article summary. Avoid curiosity-gap wording, exaggeration, and unsupported details. Category: sports Article summary: The nightmare season continues for the Warriors, as Curry's replacement Damion Lee is set to miss at least the next two weeks with a broken hand.",Warriors' Damion Lee out at least two weeks,26,8,True,0.00010213084,0,https://assets.msn.com/labs/mind/BBWEsfg.html,Curry's Damion Lee to miss two weeks with broken hand,False
specificity-004934,specificity,test,32083,N35227,sports,football_nfl,https://www.dailymotion.com/embed/video/x nvmy autoPlay= FOXBORO Mass. -- Monday's holiday carried a special meaning for New England Patriots long snapper Joe Cardona. In addition to being a key cog in the Patriots',Patriots Long Snapper Joe Cardona Offers Unique Perspective On Veterans Day,"Generate a faithful, specific, non-clickbait news headline. Use concrete names, numbers, places, or events only when supported by the article summary. Avoid curiosity-gap wording, exaggeration, and unsupported details. Category: sports Article summary: https://www.dailymotion.com/embed/video/x nvmy autoPlay= FOXBORO Mass. -- Monday's holiday carried a special meaning for New England Patriots long snapper Joe Cardona. In addition to being a key cog in the Patriots'",Patriots Long Snapper Joe Cardona Offers Unique Perspective On Veterans Day,30,11,True,0.00022419055,0,https://assets.msn.com/labs/mind/BBWE0LH.html,New England Patriots long snapper Joe Cardona is a key cog in Patriots,False
specificity-004935,specificity,test,62875,N10876,sports,baseball_mlb,Will Austin Romine come back?; Teams make it clear they want Miguel Andujar; Yankees will do their best to get Cole; Cashman is engaging with all free agents.,NYY news: Miggy on the move?,"Generate a faithful, specific, non-clickbait news headline. Use concrete names, numbers, places, or events only when supported by the article summary. Avoid curiosity-gap wording, exaggeration, and unsupported details. Category: sports Article summary: Will Austin Romine come back?; Teams make it clear they want Miguel Andujar; Yankees will do their best to get Cole; Cashman is engaging with all free agents.",NYY news: Miggy on the move?,28,6,True,0.00019457421,0,https://assets.msn.com/labs/mind/BBWPTyi.html,Yankees' Austin Romine to come back? Yankees' Miguel Andujar to get Cole,False
specificity-004936,specificity,test,23703,N31522,sports,football_nfl,"Fall is officially here and we've already had snow. Yay... If you haven't finished your fall maintenance list, get on it. This is a comprehensive list of fall maintenance items for Minnesota homeowners. We post this same fall maintenance list every year, and we modify it just a bit every year with new and updated information. For this year's list, we have a podcast episode to go along with all ...",Fall maintenance checklist for Minnesota homeowners,"Generate a faithful, specific, non-clickbait news headline. Use concrete names, numbers, places, or events only when supported by the article summary. Avoid curiosity-gap wording, exaggeration, and unsupported details. Category: sports Article summary: Fall is officially here and we've already had snow. Yay... If you haven't finished your fall maintenance list, get on it. This is a comprehensive list of fall maintenance items for Minnesota homeowners. We post this same fall maintenance list every year, and we modify it just a bit every year with new and updated information. For this year's list, we have a podcast episode to go along with all ...",Fall maintenance checklist for Minnesota homeowners,71,6,True,9.3113245e-05,0,https://assets.msn.com/labs/mind/AAJa5sr.html,Fall maintenance list for Minnesota homeowners,False
specificity-004937,specificity,test,22823,N7629,finance,markets,"It was practically the anthem for this year's World Series, with tens of thousands of Washington Nationals fans clapping in unison and belting out ""Baby Shark, doo-doo doo-doo doo-doo.""",'Baby Shark' Makes Millions for Family Behind Infectious Tune,"Generate a faithful, specific, non-clickbait news headline. Use concrete names, numbers, places, or events only when supported by the article summary. Avoid curiosity-gap wording, exaggeration, and unsupported details. Category: finance Article summary: It was practically the anthem for this year's World Series, with tens of thousands of Washington Nationals fans clapping in unison and belting out ""Baby Shark, doo-doo doo-doo doo-doo.""",'Baby Shark' Makes Millions for Family Behind Infectious Tune,29,9,True,0.00010782271,0,https://assets.msn.com/labs/mind/AAJHHXo.html,"'Baby Shark, doo-doo doo-doo doo-doo doo-doo",False
specificity-004938,specificity,test,9845,N58202,finance,markets,"In winning the JEDI contract, Microsoft has turned into the ""top dog"" in the cloud computing world, and that's big news for MSFT stock.More From InvestorPlace 2 Toxic Pot Stocks You Should Avoid 10 Stocks to Buy Regardless of Q3 Earnings 8 Consumer Stocks to Buy before Thanksgiving 7 Autonomous Vehicle Stocks to Drive You to the Future",Buy Microsoft Stock Because JEDI Contract Changes the Game,"Generate a faithful, specific, non-clickbait news headline. Use concrete names, numbers, places, or events only when supported by the article summary. Avoid curiosity-gap wording, exaggeration, and unsupported details. Category: finance Article summary: In winning the JEDI contract, Microsoft has turned into the ""top dog"" in the cloud computing world, and that's big news for MSFT stock.More From InvestorPlace 2 Toxic Pot Stocks You Should Avoid 10 Stocks to Buy Regardless of Q3 Earnings 8 Consumer Stocks to Buy before Thanksgiving 7 Autonomous Vehicle Stocks to Drive You to the Future",Buy Microsoft Stock Because JEDI Contract Changes the Game,58,9,True,8.065238e-05,0,https://assets.msn.com/labs/mind/AAJy1KJ.html,"Microsoft turns into the ""top dog"" in the cloud computing world, and that's big news for MSFT",False
specificity-004939,specificity,test,3982,N29583,video,news,CNN's Jake Tapper asked Democratic presidential hopeful Mayor Pete Buttigieg to weigh in on former Democratic presidential nominee Hillary Clinton suggesting that Russians are 'grooming' fellow 2020 candidate Tulsi Gabbard for a third-party run.,Buttigieg reacts to Hillary Clinton's swipe at Gabbard,"Generate a faithful, specific, non-clickbait news headline. Use concrete names, numbers, places, or events only when supported by the article summary. Avoid curiosity-gap wording, exaggeration, and unsupported details. Category: video Article summary: CNN's Jake Tapper asked Democratic presidential hopeful Mayor Pete Buttigieg to weigh in on former Democratic presidential nominee Hillary Clinton suggesting that Russians are 'grooming' fellow 2020 candidate Tulsi Gabbard for a third-party run.",Buttigieg reacts to Hillary Clinton's swipe at Gabbard,34,8,True,0.0010266826,0,https://assets.msn.com/labs/mind/AAJ4f1r.html,CNN's Jake Tapper asks Democratic presidential hopeful to weigh in on Hillary Clinton 'grooming' Tulsi Gabbard,False
specificity-004940,specificity,test,45254,N54476,news,newsworld,"An inmate at the Oak Park Heights prison was gravely injured on Friday during an inmate-on-inmate assault, Minnesota Department of Corrections officials said. The inmate, 59, is being treated at Regions Hospital in St. Paul with ""potentially life-threatening injuries,"" said Sarah Fitzgerald, a spokeswoman for the DOC. The inmate was found by prison staff to [ ]",Oak Park Heights prison inmate critically injured during assault,"Generate a faithful, specific, non-clickbait news headline. Use concrete names, numbers, places, or events only when supported by the article summary. Avoid curiosity-gap wording, exaggeration, and unsupported details. Category: news Article summary: An inmate at the Oak Park Heights prison was gravely injured on Friday during an inmate-on-inmate assault, Minnesota Department of Corrections officials said. The inmate, 59, is being treated at Regions Hospital in St. Paul with ""potentially life-threatening injuries,"" said Sarah Fitzgerald, a spokeswoman for the DOC. The inmate was found by prison staff to [ ]",Oak Park Heights prison inmate critically injured during assault,57,9,True,0.000118119744,0,https://assets.msn.com/labs/mind/BBWF6o1.html,Oak Park Heights prison inmate killed in inmate-on-inmate assault,False
specificity-004941,specificity,test,35257,N7277,weather,weathertopstories,"With a deepening marine layer, the San Francisco Bay Area is seeing the thickest and most widespread fog of the week Thursday morning. A handful of vehicle crashes are being reported that may be linked to low visibility. Visibility across much of the North Bay interior valleys including in Santa Rosa, Napa and Petaluma is .25-mile or less. The National Weather Service has issued a Dense Fog Advisory for this region through 9 a.m. Patchy, dense...",Dangerously thick fog spreads across Bay Area: .25-mile visibility in some spots,"Generate a faithful, specific, non-clickbait news headline. Use concrete names, numbers, places, or events only when supported by the article summary. Avoid curiosity-gap wording, exaggeration, and unsupported details. Category: weather Article summary: With a deepening marine layer, the San Francisco Bay Area is seeing the thickest and most widespread fog of the week Thursday morning. A handful of vehicle crashes are being reported that may be linked to low visibility. Visibility across much of the North Bay interior valleys including in Santa Rosa, Napa and Petaluma is .25-mile or less. The National Weather Service has issued a Dense Fog Advisory for this region through 9 a.m. Patchy, dense...",Dangerously thick fog spreads across Bay Area: .25-mile visibility in some spots,76,12,True,0.00011060252,0,https://assets.msn.com/labs/mind/BBWpYyj.html,San Francisco Bay Area sees thickest and most widespread fog of the week,False
specificity-004942,specificity,test,63754,N12380,sports,basketball_ncaa,"Lance Phelps just wants his son to get one more team bus ride. Sure, he'd love if his oldest child could play football again. Line up with his buddies on the offensive line. Wear the gold and black of Tecumseh High School. But with his son, Jackson, in the hospital for almost two weeks, Phelps would be giddy over a bus ride. He and so many others in Tecumseh have learned over the past ...",How family of hospitalized football player found perspective in its darkest hours,"Generate a faithful, specific, non-clickbait news headline. Use concrete names, numbers, places, or events only when supported by the article summary. Avoid curiosity-gap wording, exaggeration, and unsupported details. Category: sports Article summary: Lance Phelps just wants his son to get one more team bus ride. Sure, he'd love if his oldest child could play football again. Line up with his buddies on the offensive line. Wear the gold and black of Tecumseh High School. But with his son, Jackson, in the hospital for almost two weeks, Phelps would be giddy over a bus ride. He and so many others in Tecumseh have learned over the past ...",How family of hospitalized football player found perspective in its darkest hours,75,12,False,0.004604285,0,https://assets.msn.com/labs/mind/BBWM2jI.html,Lance Phelps wants his son to get one more team bus ride,False
specificity-004943,specificity,test,57631,N31095,sports,mma,"Before UFC Fight Night 162 goes down this Saturday (Oct. 26, 2019) in Singapore, take a look at some of the best finishes from many of the combatants competing at the event.",Video: Best Finishes From UFC 'Singapore' Fighters,"Generate a faithful, specific, non-clickbait news headline. Use concrete names, numbers, places, or events only when supported by the article summary. Avoid curiosity-gap wording, exaggeration, and unsupported details. Category: sports Article summary: Before UFC Fight Night 162 goes down this Saturday (Oct. 26, 2019) in Singapore, take a look at some of the best finishes from many of the combatants competing at the event.",Video: Best Finishes From UFC 'Singapore' Fighters,32,7,True,0.00018008654,0,https://assets.msn.com/labs/mind/AAJbmIb.html,UFC Fight Night 162's best finish at Singapore's UFC Fight Night 162,False
specificity-004944,specificity,test,16782,N31327,sports,football_nfl,Interceptions rarely come as easy as the pick Earl Thomas corraled Sunday night in Baltimore. Thomas was the recipient of an effective arm punt by Tom Brady early in the,Tom Brady Begrudgingly Tips Cap To Earl Thomas For Interception In Patriots-Ravens,"Generate a faithful, specific, non-clickbait news headline. Use concrete names, numbers, places, or events only when supported by the article summary. Avoid curiosity-gap wording, exaggeration, and unsupported details. Category: sports Article summary: Interceptions rarely come as easy as the pick Earl Thomas corraled Sunday night in Baltimore. Thomas was the recipient of an effective arm punt by Tom Brady early in the",Tom Brady Begrudgingly Tips Cap To Earl Thomas For Interception In Patriots-Ravens,30,12,True,0.00012795826,0,https://assets.msn.com/labs/mind/AAJXhBZ.html,Earl Thomas corraled in Baltimore,False
specificity-004945,specificity,test,22043,N14193,autos,autosnews,"MEDINA, Ohio-- Three troopers with the Ohio State Highway Patrol were punished after an internal investigation sparked by a crash in the middle of the night last April on Interstate 71 near Medina, the FOX 8 I-Team found. Last spring, the I-Team revealed patrol car video showing troopers flying down the highway even though they had not been called to an emergency. They reached speeds of 90 mph ...",Three troopers disciplined for speeding on I-71 for 'No good reason',"Generate a faithful, specific, non-clickbait news headline. Use concrete names, numbers, places, or events only when supported by the article summary. Avoid curiosity-gap wording, exaggeration, and unsupported details. Category: autos Article summary: MEDINA, Ohio-- Three troopers with the Ohio State Highway Patrol were punished after an internal investigation sparked by a crash in the middle of the night last April on Interstate 71 near Medina, the FOX 8 I-Team found. Last spring, the I-Team revealed patrol car video showing troopers flying down the highway even though they had not been called to an emergency. They reached speeds of 90 mph ...",Three troopers disciplined for speeding on I-71 for 'No good reason',69,11,True,0.0001508371,0,https://assets.msn.com/labs/mind/AAJjKBk.html,Three Ohio State Highway Patrol troopers punished after internal investigation,False
specificity-004946,specificity,test,35420,N37007,sports,golf,Tournament host Tiger Woods has added Jordan Spieth and Henrik Stenson to the 18-man field at next month's Hero World Challenge.,"Spieth, Stenson added to Hero World Challenge field","Generate a faithful, specific, non-clickbait news headline. Use concrete names, numbers, places, or events only when supported by the article summary. Avoid curiosity-gap wording, exaggeration, and unsupported details. Category: sports Article summary: Tournament host Tiger Woods has added Jordan Spieth and Henrik Stenson to the 18-man field at next month's Hero World Challenge.","Spieth, Stenson added to Hero World Challenge field",21,8,True,9.740533e-05,0,https://assets.msn.com/labs/mind/BBWHFZv.html,Tiger Woods adds Jordan Spieth and Henrik Stenson to Hero World Challenge,False
specificity-004947,specificity,test,51054,N6198,sports,golf,Victory at the Mayakoba Golf Classic last November for Matt Kuchar should have been one of golf's feel-good stories of the year.,Matt Kuchar returns to Mayakoba Golf Classic and site of 'Caddie-Gate',"Generate a faithful, specific, non-clickbait news headline. Use concrete names, numbers, places, or events only when supported by the article summary. Avoid curiosity-gap wording, exaggeration, and unsupported details. Category: sports Article summary: Victory at the Mayakoba Golf Classic last November for Matt Kuchar should have been one of golf's feel-good stories of the year.",Matt Kuchar returns to Mayakoba Golf Classic and site of 'Caddie-Gate',22,11,True,9.862467e-05,0,https://assets.msn.com/labs/mind/BBWyuhx.html,Matt Kuchar's victory at Mayakoba Golf Classic should have been one of golf's feel-good stories of the year,False
specificity-004948,specificity,test,50785,N2830,sports,football_nfl,"The Cincinnati Bengals lost running back Giovani Bernard to a knee injury during the team's Week 10 game against the Baltimore Ravens. Bernard went to the blue tent in the second quarter and the team quickly ruled him out. They then revised it to a doubtful tag before he unexpectedly made his return in the second half. At the time of the injury, the Ravens had a 28-3 lead and Bernard had turned two carries into 10 yards while serving as the...","Giovani Bernard suffers knee injury vs. Ravens, eventually returns","Generate a faithful, specific, non-clickbait news headline. Use concrete names, numbers, places, or events only when supported by the article summary. Avoid curiosity-gap wording, exaggeration, and unsupported details. Category: sports Article summary: The Cincinnati Bengals lost running back Giovani Bernard to a knee injury during the team's Week 10 game against the Baltimore Ravens. Bernard went to the blue tent in the second quarter and the team quickly ruled him out. They then revised it to a doubtful tag before he unexpectedly made his return in the second half. At the time of the injury, the Ravens had a 28-3 lead and Bernard had turned two carries into 10 yards while serving as the...","Giovani Bernard suffers knee injury vs. Ravens, eventually returns",82,9,True,9.860407e-05,0,https://assets.msn.com/labs/mind/BBWym6p.html,Cincinnati Bengals lose running back Giovani Bernard to knee injury,False
specificity-004949,specificity,test,37529,N61204,news,newsus,"The sentencing phase of the trial for Rahmael Holt, the man convicted in the murder of New Kensington Police Officer Brian Shaw, enters a second day on Thursday morning.","Defense To Call Rahmael Holt's Girlfriend, Pastor On Day 2 Of Sentencing Phase Of Trial","Generate a faithful, specific, non-clickbait news headline. Use concrete names, numbers, places, or events only when supported by the article summary. Avoid curiosity-gap wording, exaggeration, and unsupported details. Category: news Article summary: The sentencing phase of the trial for Rahmael Holt, the man convicted in the murder of New Kensington Police Officer Brian Shaw, enters a second day on Thursday morning.","Defense To Call Rahmael Holt's Girlfriend, Pastor On Day 2 Of Sentencing Phase Of Trial",29,15,True,0.00012138263,0,https://assets.msn.com/labs/mind/BBWKUsw.html,Rahmael Holt convicted in murder of New Kensington Police Officer Brian Shaw enters second day,False
specificity-004950,specificity,test,44348,N59482,news,newsus,"A person was injured with a knife Tuesday night during an Akins Early College High School basketball scrimmage, Austin school district officials said. Akins Principal Tina Salazar sent a letter to families that said an altercation between students and possible non-students happened in the stands during the game at the South Austin school. ""As the dispute was moving from the stands toward the ...",Officials: One injured by knife at Akins Early College High basketball game,"Generate a faithful, specific, non-clickbait news headline. Use concrete names, numbers, places, or events only when supported by the article summary. Avoid curiosity-gap wording, exaggeration, and unsupported details. Category: news Article summary: A person was injured with a knife Tuesday night during an Akins Early College High School basketball scrimmage, Austin school district officials said. Akins Principal Tina Salazar sent a letter to families that said an altercation between students and possible non-students happened in the stands during the game at the South Austin school. ""As the dispute was moving from the stands toward the ...",Officials: One injured by knife at Akins Early College High basketball game,64,12,True,0.00017169541,0,https://assets.msn.com/labs/mind/BBWI3NA.html,Akins Early College High School basketball scrimmage injured,False
specificity-004951,specificity,test,49244,N12331,sports,basketball_nba,The Spurs came into the 2019 season with high expectations for Murray. He showed why against the Oklahoma City Thunder on Thursday night.,Spurs' Murray hits circus shot while falling to floor,"Generate a faithful, specific, non-clickbait news headline. Use concrete names, numbers, places, or events only when supported by the article summary. Avoid curiosity-gap wording, exaggeration, and unsupported details. Category: sports Article summary: The Spurs came into the 2019 season with high expectations for Murray. He showed why against the Oklahoma City Thunder on Thursday night.",Spurs' Murray hits circus shot while falling to floor,23,9,True,8.451201e-05,0,https://assets.msn.com/labs/mind/BBWr8CB.html,Spurs vs. Oklahoma City Thunder: Murray shows why Oklahoma City Thunder beat Oklahoma City Thunder,False
specificity-004952,specificity,test,37782,N25664,finance,finance-video,"Project ""Mose,"" like the biblical hero Moses, was supposed to prevent the sort of massive flooding that has hit Venice. But decades after its inception and billions in cost overruns later, the rusting mega project is still years from entering service -- and may prove irrelevant soon after. Matthew Larotonda reports.",The mega project that failed to save Venice,"Generate a faithful, specific, non-clickbait news headline. Use concrete names, numbers, places, or events only when supported by the article summary. Avoid curiosity-gap wording, exaggeration, and unsupported details. Category: finance Article summary: Project ""Mose,"" like the biblical hero Moses, was supposed to prevent the sort of massive flooding that has hit Venice. But decades after its inception and billions in cost overruns later, the rusting mega project is still years from entering service -- and may prove irrelevant soon after. Matthew Larotonda reports.",The mega project that failed to save Venice,51,8,False,0.00049365393,0,https://assets.msn.com/labs/mind/BBWKWOQ.html,"Project ""Mose,"" like the biblical hero Moses, was supposed to prevent massive flooding",False
specificity-004953,specificity,test,61714,N25506,sports,baseball_mlb,"NEW YORK -- The way that Yankees general manager Brian Cashman saw it, it wouldn't be fair summing up catcher Gary Sanchez's year focusing on his offensive struggles from June on or his horrific postseason at the plate or all of those passed balls and wild pitches in playoff games. The way Cashman saw it ""I thought Sanchez had a great season, obviously outside of the injuries."" Great?! Wow, ...",Why Yankees say Gary Sanchez had 'great season' despite long slump and postseason failures,"Generate a faithful, specific, non-clickbait news headline. Use concrete names, numbers, places, or events only when supported by the article summary. Avoid curiosity-gap wording, exaggeration, and unsupported details. Category: sports Article summary: NEW YORK -- The way that Yankees general manager Brian Cashman saw it, it wouldn't be fair summing up catcher Gary Sanchez's year focusing on his offensive struggles from June on or his horrific postseason at the plate or all of those passed balls and wild pitches in playoff games. The way Cashman saw it ""I thought Sanchez had a great season, obviously outside of the injuries."" Great?! Wow, ...",Why Yankees say Gary Sanchez had 'great season' despite long slump and postseason failures,70,14,True,0.0015080048,0,https://assets.msn.com/labs/mind/AAJkWB0.html,"Yankees' Brian Cashman: 'I thought Sanchez had a great season, obviously outside of the injuries'",False
specificity-004954,specificity,test,47220,N1781,sports,football_nfl,"Saquon Barkley did not look like himself on Sunday against the Jets. The Giants lost to their in-house rivals 34-27, and Barkley didn't do as much to help their cause as he usually does. The star running back caught five passes for 30 yards, but could only manage one yard on 13 rushing attempts. Barkley is only a few weeks removed from a high ankle sprain, and his performance sparked some concerns that he might not be 100 percent physically....","Pat Shurmur: Giants' Saquon Barkley Is 'Fine,' Won't Be Shut Down","Generate a faithful, specific, non-clickbait news headline. Use concrete names, numbers, places, or events only when supported by the article summary. Avoid curiosity-gap wording, exaggeration, and unsupported details. Category: sports Article summary: Saquon Barkley did not look like himself on Sunday against the Jets. The Giants lost to their in-house rivals 34-27, and Barkley didn't do as much to help their cause as he usually does. The star running back caught five passes for 30 yards, but could only manage one yard on 13 rushing attempts. Barkley is only a few weeks removed from a high ankle sprain, and his performance sparked some concerns that he might not be 100 percent physically....","Pat Shurmur: Giants' Saquon Barkley Is 'Fine,' Won't Be Shut Down",80,11,True,0.00027222832,0,https://assets.msn.com/labs/mind/BBWBrTx.html,Saquon Barkley's performance sparked concerns that he might not be 100 percent physically,False
specificity-004955,specificity,test,34533,N9141,news,newscrime,"A Greenville County student at Southside High School is facing charges after an incident happened Friday at Berea High School, according to a district official. District Communications Director Beth Brotherton said a Berea High administrator smelled a strong odor of marijuana coming from a student vehicle in the parking lot. Sign up for our Newsletters Greenville County deputies were immediately notified, Brotherton said. During their search,...","Smell of pot in Greenville County student's car leads to weapons charge, district says","Generate a faithful, specific, non-clickbait news headline. Use concrete names, numbers, places, or events only when supported by the article summary. Avoid curiosity-gap wording, exaggeration, and unsupported details. Category: news Article summary: A Greenville County student at Southside High School is facing charges after an incident happened Friday at Berea High School, according to a district official. District Communications Director Beth Brotherton said a Berea High administrator smelled a strong odor of marijuana coming from a student vehicle in the parking lot. Sign up for our Newsletters Greenville County deputies were immediately notified, Brotherton said. During their search,...","Smell of pot in Greenville County student's car leads to weapons charge, district says",66,14,True,0.000113554874,0,https://assets.msn.com/labs/mind/BBWtFN2.html,Greenville County student faces charges after incident at Southside High School,False
specificity-004956,specificity,test,23451,N50836,news,newsus,"Curious just how far your dollar goes in Cleveland real estate? From budget apartments to luxury apartments, here's what you can get locally by price point, with photos and amenities.","Apartments for rent in Cleveland: What will $1,000 get you?","Generate a faithful, specific, non-clickbait news headline. Use concrete names, numbers, places, or events only when supported by the article summary. Avoid curiosity-gap wording, exaggeration, and unsupported details. Category: news Article summary: Curious just how far your dollar goes in Cleveland real estate? From budget apartments to luxury apartments, here's what you can get locally by price point, with photos and amenities.","Apartments for rent in Cleveland: What will $1,000 get you?",30,10,True,0.00012067496,0,https://assets.msn.com/labs/mind/AAJOXUY.html,"Cleveland real estate: What you can get locally by price point, with photos and amenities",False
specificity-004957,specificity,test,22710,N36508,news,newsus,"Federal officials are investigating after a small plane grazed an Amazon truck during an emergency crash landing on a main Doral artery, about four miles west of Miami International Airport. The plane came to a stop at an intersection along Northwest 25th Street just west of 87th Avenue late Sunday night, near an industrial complex and the headquarters of Miami-Dade police. It clipped an ...","Small plane ditches along busy Doral street, grazes Amazon delivery truck on way down","Generate a faithful, specific, non-clickbait news headline. Use concrete names, numbers, places, or events only when supported by the article summary. Avoid curiosity-gap wording, exaggeration, and unsupported details. Category: news Article summary: Federal officials are investigating after a small plane grazed an Amazon truck during an emergency crash landing on a main Doral artery, about four miles west of Miami International Airport. The plane came to a stop at an intersection along Northwest 25th Street just west of 87th Avenue late Sunday night, near an industrial complex and the headquarters of Miami-Dade police. It clipped an ...","Small plane ditches along busy Doral street, grazes Amazon delivery truck on way down",65,14,True,0.00016611669,0,https://assets.msn.com/labs/mind/AAJOOuH.html,Federal officials investigating after small plane grazes Amazon truck during crash landing on Doral artery,False
specificity-004958,specificity,test,17094,N56129,video,news,"A fire erupted before dawn Monday in Los Angeles and roared up slopes into well-to-do neighborhoods, threatening thousands of homes and moving near the world-famous Getty art museum (Oct. 28)",Wildfire near Los Angeles forces evacuations,"Generate a faithful, specific, non-clickbait news headline. Use concrete names, numbers, places, or events only when supported by the article summary. Avoid curiosity-gap wording, exaggeration, and unsupported details. Category: video Article summary: A fire erupted before dawn Monday in Los Angeles and roared up slopes into well-to-do neighborhoods, threatening thousands of homes and moving near the world-famous Getty art museum (Oct. 28)",Wildfire near Los Angeles forces evacuations,30,6,True,6.60194e-05,0,https://assets.msn.com/labs/mind/AAJuIKl.html,"Fire erupters in Los Angeles, threatening thousands of homes and moving near Getty art museum",False
specificity-004959,specificity,test,25312,N35073,autos,autosnews,"A man was taken to the hospital with serious injuries after a crash in Union Township early Wednesday morning. The Ohio State Highway Patrol said the crash took place around 2:56 a.m. on Old SR 74 near Heitman Lane. Police said Seth D. Wilver, 20, was driving north when he failed to negotiate a curve in the roadway and drove off the right side of the road, hitting a fence before coming to a stop. Wilver was transported to Anderson Mercy Hospital...",OSP: Driver hospitalized with serious injuries after crash in Union Township,"Generate a faithful, specific, non-clickbait news headline. Use concrete names, numbers, places, or events only when supported by the article summary. Avoid curiosity-gap wording, exaggeration, and unsupported details. Category: autos Article summary: A man was taken to the hospital with serious injuries after a crash in Union Township early Wednesday morning. The Ohio State Highway Patrol said the crash took place around 2:56 a.m. on Old SR 74 near Heitman Lane. Police said Seth D. Wilver, 20, was driving north when he failed to negotiate a curve in the roadway and drove off the right side of the road, hitting a fence before coming to a stop. Wilver was transported to Anderson Mercy Hospital...",OSP: Driver hospitalized with serious injuries after crash in Union Township,82,11,True,0.00012235914,0,https://assets.msn.com/labs/mind/AAJzg7b.html,Man taken to hospital with serious injuries after crash in Union Township,False
specificity-004960,specificity,test,49848,N13354,finance,finance-career-education,"Earning a college degree isn't all about finding a high-paying job. But it's certainly a big part of the deal. More and more in today's competitive world of higher education, students are choosing their school based on how it will impact their bottom line once they graduate. That means colleges and universities with graduates earning higher salaries right out of the gate could have an edge when it comes to recruiting top applicants. A recent...",Four Triad schools rank in state's top 10 in terms of starting salaries,"Generate a faithful, specific, non-clickbait news headline. Use concrete names, numbers, places, or events only when supported by the article summary. Avoid curiosity-gap wording, exaggeration, and unsupported details. Category: finance Article summary: Earning a college degree isn't all about finding a high-paying job. But it's certainly a big part of the deal. More and more in today's competitive world of higher education, students are choosing their school based on how it will impact their bottom line once they graduate. That means colleges and universities with graduates earning higher salaries right out of the gate could have an edge when it comes to recruiting top applicants. A recent...",Four Triad schools rank in state's top 10 in terms of starting salaries,75,13,True,0.00013241015,0,https://assets.msn.com/labs/mind/BBWDGM3.html,"Earning a college degree isn't all about finding a high-paying job, but it's certainly a big part of",False
specificity-004961,specificity,test,30581,N31577,sports,icehockey_nhl,Only time will tell how it will all play out and whether the Senators will circle back to finding a president down the road.,Senators suspend search for president of hockey operations,"Generate a faithful, specific, non-clickbait news headline. Use concrete names, numbers, places, or events only when supported by the article summary. Avoid curiosity-gap wording, exaggeration, and unsupported details. Category: sports Article summary: Only time will tell how it will all play out and whether the Senators will circle back to finding a president down the road.",Senators suspend search for president of hockey operations,24,8,False,7.4733965e-05,0,https://assets.msn.com/labs/mind/AAIMip4.html,Senators will be able to find a president down the road,False
specificity-004962,specificity,test,2223,N61808,news,newsoffbeat,"DENVER -- A rock was recently thrown off a pedestrian bridge and onto a vehicle in north Denver. Christie Cline says she was driving down West 38th Avenue near Kalamath Street when a rock fell from the sky and onto the door of her SUV. ""My son freaked out and was like, 'What's happening?' My first reaction was, 'Are you kidding me?' I can't afford to get this paid,"" Cline said. Cline ...","Rock tossed off pedestrian bridge, onto vehicle in north Denver","Generate a faithful, specific, non-clickbait news headline. Use concrete names, numbers, places, or events only when supported by the article summary. Avoid curiosity-gap wording, exaggeration, and unsupported details. Category: news Article summary: DENVER -- A rock was recently thrown off a pedestrian bridge and onto a vehicle in north Denver. Christie Cline says she was driving down West 38th Avenue near Kalamath Street when a rock fell from the sky and onto the door of her SUV. ""My son freaked out and was like, 'What's happening?' My first reaction was, 'Are you kidding me?' I can't afford to get this paid,"" Cline said. Cline ...","Rock tossed off pedestrian bridge, onto vehicle in north Denver",73,10,True,0.000113670896,0,https://assets.msn.com/labs/mind/AAJWNS7.html,Rock thrown off pedestrian bridge and onto vehicle in north Denver,False
specificity-004963,specificity,test,19383,N47962,sports,football_nfl,The competitive juices will be flowing for the Patriots when they take the field Sunday night in Baltimore. It won't be tough for New England to get up for this,Ex-Patriot Explains How Bill Belichick Will Fire Up Team For Tilt With Ravens,"Generate a faithful, specific, non-clickbait news headline. Use concrete names, numbers, places, or events only when supported by the article summary. Avoid curiosity-gap wording, exaggeration, and unsupported details. Category: sports Article summary: The competitive juices will be flowing for the Patriots when they take the field Sunday night in Baltimore. It won't be tough for New England to get up for this",Ex-Patriot Explains How Bill Belichick Will Fire Up Team For Tilt With Ravens,30,13,True,0.0004598257,0,https://assets.msn.com/labs/mind/AAJNuxe.html,Patriots vs. New England vs. Patriots,False
specificity-004964,specificity,test,40269,N31957,travel,travelarticle,"The hotel will be built on the property of Cardinal Stadium's ""T Lot,"" which was sold to an affiliate of Peachtree Hotel Group for $2.75 in July.",Louisville's Cardinal Stadium may soon have a new neighbor a 134-room Hilton hotel,"Generate a faithful, specific, non-clickbait news headline. Use concrete names, numbers, places, or events only when supported by the article summary. Avoid curiosity-gap wording, exaggeration, and unsupported details. Category: travel Article summary: The hotel will be built on the property of Cardinal Stadium's ""T Lot,"" which was sold to an affiliate of Peachtree Hotel Group for $2.75 in July.",Louisville's Cardinal Stadium may soon have a new neighbor a 134-room Hilton hotel,27,13,True,0.00031857518,0,https://assets.msn.com/labs/mind/BBWEetx.html,Cardinal Stadium's T Lot will be built on property of Peachtree Hotel Group,False
specificity-004965,specificity,test,11725,N13642,sports,football_nfl,"Being haunted does seem fitting with Halloween just around the corner, especially since ""The Boogeymen"" on defense for the Patriots are genuinely beginning to scare just about everyone.",Patriots' Kyle Van Noy amused over Sam Darnold 'seeing ghosts',"Generate a faithful, specific, non-clickbait news headline. Use concrete names, numbers, places, or events only when supported by the article summary. Avoid curiosity-gap wording, exaggeration, and unsupported details. Category: sports Article summary: Being haunted does seem fitting with Halloween just around the corner, especially since ""The Boogeymen"" on defense for the Patriots are genuinely beginning to scare just about everyone.",Patriots' Kyle Van Noy amused over Sam Darnold 'seeing ghosts',28,10,True,0.0033275886,0,https://assets.msn.com/labs/mind/AAJasp8.html,'The Boogeymen' on defense for Patriots,False
specificity-004966,specificity,test,19141,N13081,news,newsus,"Ola Salem was, by all accounts, fearless. As a teenager, she stood up to the managers of an amusement park after she was not allowed on rides because she was wearing a head scarf.",She Fought for Muslim Women. Then She Was Found Dead.,"Generate a faithful, specific, non-clickbait news headline. Use concrete names, numbers, places, or events only when supported by the article summary. Avoid curiosity-gap wording, exaggeration, and unsupported details. Category: news Article summary: Ola Salem was, by all accounts, fearless. As a teenager, she stood up to the managers of an amusement park after she was not allowed on rides because she was wearing a head scarf.",She Fought for Muslim Women. Then She Was Found Dead.,34,10,True,0.009288254,0,https://assets.msn.com/labs/mind/AAJNtOE.html,"Ola Salem, a teenager, stood up to managers of amusement park after she was not allowed on rides",False
specificity-004967,specificity,test,1002,N55678,lifestyle,lifestylepets,"Meet one and a half-year-old Little Thang, the featured pet on Fetch ME a Home. Little Thang's foster mom says she was picked up as a stray in Arkansas. Little Thang can be paired with submissive dogs and loves going on adventures. She also does well with cats. Little Thang is available for adopting through Fetching Hope Rescue. RELATED: Fetch ME a Home: Barkley and Chewbacca RELATED: Fetch ME a Home: Zola up for adoption Fetch ME a Home airs...",Fetch ME a Home: Little Thang is looking for a home,"Generate a faithful, specific, non-clickbait news headline. Use concrete names, numbers, places, or events only when supported by the article summary. Avoid curiosity-gap wording, exaggeration, and unsupported details. Category: lifestyle Article summary: Meet one and a half-year-old Little Thang, the featured pet on Fetch ME a Home. Little Thang's foster mom says she was picked up as a stray in Arkansas. Little Thang can be paired with submissive dogs and loves going on adventures. She also does well with cats. Little Thang is available for adopting through Fetching Hope Rescue. RELATED: Fetch ME a Home: Barkley and Chewbacca RELATED: Fetch ME a Home: Zola up for adoption Fetch ME a Home airs...",Fetch ME a Home: Little Thang is looking for a home,80,11,True,0.002956626,0,https://assets.msn.com/labs/mind/AAJJeID.html,Little Thang's foster mom says she was picked up as a stray in Arkansas,False
specificity-004968,specificity,test,56782,N41143,sports,more_sports,Former Michigan linebacker Devin Bush is making a strong case for NFL Defensive Rookie of the Year. The No. 10 overall pick by the Pittsburgh Steelers had another standout performance in Sunday's 24-17 win over the Los Angeles Chargers with an interception and fumble recovery. Bush returned the Phillip Rivers fumble for a touchdown -- the first of his career. He now his six takeaways in six ...,"Ex-Michigan LB Devin Bush, takeaway machine, scores first career TD","Generate a faithful, specific, non-clickbait news headline. Use concrete names, numbers, places, or events only when supported by the article summary. Avoid curiosity-gap wording, exaggeration, and unsupported details. Category: sports Article summary: Former Michigan linebacker Devin Bush is making a strong case for NFL Defensive Rookie of the Year. The No. 10 overall pick by the Pittsburgh Steelers had another standout performance in Sunday's 24-17 win over the Los Angeles Chargers with an interception and fumble recovery. Bush returned the Phillip Rivers fumble for a touchdown -- the first of his career. He now his six takeaways in six ...","Ex-Michigan LB Devin Bush, takeaway machine, scores first career TD",68,10,True,8.159305e-05,0,https://assets.msn.com/labs/mind/AAIKUxd.html,Devin Bush makes strong case for NFL Defensive Rookie of the Year,False
specificity-004969,specificity,test,27706,N41703,news,newsus,"In Stockton, California, city and law enforcement leaders are attempting to build trust between police and communities of color. Why is this so hard to do?",A Police Department's Difficult Assignment: Atonement,"Generate a faithful, specific, non-clickbait news headline. Use concrete names, numbers, places, or events only when supported by the article summary. Avoid curiosity-gap wording, exaggeration, and unsupported details. Category: news Article summary: In Stockton, California, city and law enforcement leaders are attempting to build trust between police and communities of color. Why is this so hard to do?",A Police Department's Difficult Assignment: Atonement,26,6,True,0.00013008936,0,https://assets.msn.com/labs/mind/AAJePej.html,"In Stockton, California, law enforcement leaders are attempting to build trust between police and communities of color",False
specificity-004970,specificity,test,1623,N40215,news,newsus,"Friday, Boynton Beach police responded to a shooting at the Cherry Hill Mini Market on Northwest Fourth Street around 12 p.m. One male was shot and transported to a hospital, where he later died. According to a Cherry Hill Market employee, the victim was in front of the store on a bicycle when someone in a car pulled up and shot him. She says the victim then ran inside the store for help. This is an active investigation. Anyone with information...",One dead in Boynton Beach shooting,"Generate a faithful, specific, non-clickbait news headline. Use concrete names, numbers, places, or events only when supported by the article summary. Avoid curiosity-gap wording, exaggeration, and unsupported details. Category: news Article summary: Friday, Boynton Beach police responded to a shooting at the Cherry Hill Mini Market on Northwest Fourth Street around 12 p.m. One male was shot and transported to a hospital, where he later died. According to a Cherry Hill Market employee, the victim was in front of the store on a bicycle when someone in a car pulled up and shot him. She says the victim then ran inside the store for help. This is an active investigation. Anyone with information...",One dead in Boynton Beach shooting,81,6,True,8.498526e-05,0,https://assets.msn.com/labs/mind/AAJ0CbM.html,Boynton Beach police respond to shooting at Cherry Hill Mini Market,False
specificity-004971,specificity,test,47290,N62091,news,newsus,"Gov. Greg Abbott on Thursday announced the state will provide a temporary location for people who are homeless to camp in Southeast Austin near U.S. 183 and Montopolis Drive. The announcement comes just after the Austin Chamber of Commerce announced the ATX Helps campaign to raise $14 million to build a temporary shelter in Austin by early 2020. In a statement Thursday, Abbott spokesman John ...",BREAKING: State to provide temporary space for homeless camps in Southeast Austin,"Generate a faithful, specific, non-clickbait news headline. Use concrete names, numbers, places, or events only when supported by the article summary. Avoid curiosity-gap wording, exaggeration, and unsupported details. Category: news Article summary: Gov. Greg Abbott on Thursday announced the state will provide a temporary location for people who are homeless to camp in Southeast Austin near U.S. 183 and Montopolis Drive. The announcement comes just after the Austin Chamber of Commerce announced the ATX Helps campaign to raise $14 million to build a temporary shelter in Austin by early 2020. In a statement Thursday, Abbott spokesman John ...",BREAKING: State to provide temporary space for homeless camps in Southeast Austin,66,12,True,0.00010058232,0,https://assets.msn.com/labs/mind/BBWqsNq.html,Gov. Greg Abbott to provide temporary shelter for homeless in Austin,False
specificity-004972,specificity,test,12220,N13386,sports,basketball_nba,"Warriors guard Damion Lee sprang from his seat and kicked his right knee high in the air before he landed, crouched low and shuffled his feet. It was midway through the third quarter of the Warriors' 127-118 win over the Trail Blazers at Chase Center on Monday night, and guard Ky Bowman had just found center Willie Cauley-Stein for an alley-oop dunk. Lee, blank-faced in mock seriousness, stayed in his crouch for several moments while his fellow...",Eric Paschall powers Warriors to joyful win over Blazers,"Generate a faithful, specific, non-clickbait news headline. Use concrete names, numbers, places, or events only when supported by the article summary. Avoid curiosity-gap wording, exaggeration, and unsupported details. Category: sports Article summary: Warriors guard Damion Lee sprang from his seat and kicked his right knee high in the air before he landed, crouched low and shuffled his feet. It was midway through the third quarter of the Warriors' 127-118 win over the Trail Blazers at Chase Center on Monday night, and guard Ky Bowman had just found center Willie Cauley-Stein for an alley-oop dunk. Lee, blank-faced in mock seriousness, stayed in his crouch for several moments while his fellow...",Eric Paschall powers Warriors to joyful win over Blazers,77,9,True,0.00010330484,0,https://assets.msn.com/labs/mind/AAJS8qw.html,"Warriors guard Damion Lee sprang from his seat and kicked his right knee high in the air before he landed, crouched",False
specificity-004973,specificity,test,2708,N4502,news,newsoffbeat,"ALLEGAN, Mich. A dog at the Allegan County Animal Shelter is about to celebrate his fourth birthday and his only wish is to find a loving home. In just over a week, Rudy will turn 4 years old, but for nearly a quarter of his life, he's been in the shelter and it's starting to take a toll on him. ""He loves people he loves attention, he loves pets walks and loves tennis balls, you could throw ...",Dog wants family for 4th birthday after more than 340-day shelter stay,"Generate a faithful, specific, non-clickbait news headline. Use concrete names, numbers, places, or events only when supported by the article summary. Avoid curiosity-gap wording, exaggeration, and unsupported details. Category: news Article summary: ALLEGAN, Mich. A dog at the Allegan County Animal Shelter is about to celebrate his fourth birthday and his only wish is to find a loving home. In just over a week, Rudy will turn 4 years old, but for nearly a quarter of his life, he's been in the shelter and it's starting to take a toll on him. ""He loves people he loves attention, he loves pets walks and loves tennis balls, you could throw ...",Dog wants family for 4th birthday after more than 340-day shelter stay,78,12,True,0.00073396834,0,https://assets.msn.com/labs/mind/AAJ4uDE.html,"Dog at Allegan County Animal Shelter is about to celebrate his fourth birthday, but for nearly a quarter of his life, he's been in",False
specificity-004974,specificity,test,53161,N51578,sports,racing,NASCAR's Steve O'Donnell told SiriusXM NASCAR Radio: 'I think what we saw was an aggressive move by a crew member.',NASCAR hints at penalty for crew member who tossed Denny Hamlin to ground,"Generate a faithful, specific, non-clickbait news headline. Use concrete names, numbers, places, or events only when supported by the article summary. Avoid curiosity-gap wording, exaggeration, and unsupported details. Category: sports Article summary: NASCAR's Steve O'Donnell told SiriusXM NASCAR Radio: 'I think what we saw was an aggressive move by a crew member.'",NASCAR hints at penalty for crew member who tossed Denny Hamlin to ground,20,13,True,9.91969e-05,0,https://assets.msn.com/labs/mind/AAJsQ7z.html,NASCAR's Steve O'Donnell: 'I think what we saw was an aggressive move by a crew member',False
specificity-004975,specificity,test,36598,N9877,news,newsoffbeat,"BROOMFIELD, Colo. Legacy High School was placed on lockout on Tuesday morning after threats were made toward the Broomfield school, officials said. In a letter to parents, principal Sara Marx said the school received anonymous calls threatening the school. The Broomfield Police Department and security with Adams 12 Five Star district began investigating the origin of the calls. While the ...",Legacy High School placed on lockout after threats made,"Generate a faithful, specific, non-clickbait news headline. Use concrete names, numbers, places, or events only when supported by the article summary. Avoid curiosity-gap wording, exaggeration, and unsupported details. Category: news Article summary: BROOMFIELD, Colo. Legacy High School was placed on lockout on Tuesday morning after threats were made toward the Broomfield school, officials said. In a letter to parents, principal Sara Marx said the school received anonymous calls threatening the school. The Broomfield Police Department and security with Adams 12 Five Star district began investigating the origin of the calls. While the ...",Legacy High School placed on lockout after threats made,61,9,True,0.00015986543,0,https://assets.msn.com/labs/mind/BBWEOIz.html,"BROOMFIELD, Colo. Legacy High School placed on lockout after threats made toward school",False
specificity-004976,specificity,test,1590,N9144,sports,basketball_nba,"Oklahoma City Thunder ticket prices are going down, according to a report from a secondary-ticket resale site. But the team disputes the report and said it doesn't reflect the way most people buy Thunder tickets. ""Those numbers saying that the prices have gone down -- that's all more focused on the resale across the country of tickets. That has nothing to do with how we sell tickets,"" said Thunder spokesman Dan Mahoney. The numbers came out in a...",Thunder deny report claiming ticket prices are going down,"Generate a faithful, specific, non-clickbait news headline. Use concrete names, numbers, places, or events only when supported by the article summary. Avoid curiosity-gap wording, exaggeration, and unsupported details. Category: sports Article summary: Oklahoma City Thunder ticket prices are going down, according to a report from a secondary-ticket resale site. But the team disputes the report and said it doesn't reflect the way most people buy Thunder tickets. ""Those numbers saying that the prices have gone down -- that's all more focused on the resale across the country of tickets. That has nothing to do with how we sell tickets,"" said Thunder spokesman Dan Mahoney. The numbers came out in a...",Thunder deny report claiming ticket prices are going down,78,9,False,8.738758e-05,0,https://assets.msn.com/labs/mind/AAJ0Ca7.html,"Oklahoma City Thunder ticket prices go down, says resale site",False
specificity-004977,specificity,test,36338,N43940,weather,weathertopstories,The NTSB in a new report blasts the Coast Guard for failing to force the duck boat tourism industry to make critical safety improvements.,Report blasts Coast Guard for not forcing change on duck boats before deadly sinking,"Generate a faithful, specific, non-clickbait news headline. Use concrete names, numbers, places, or events only when supported by the article summary. Avoid curiosity-gap wording, exaggeration, and unsupported details. Category: weather Article summary: The NTSB in a new report blasts the Coast Guard for failing to force the duck boat tourism industry to make critical safety improvements.",Report blasts Coast Guard for not forcing change on duck boats before deadly sinking,24,14,True,8.465784e-05,0,https://assets.msn.com/labs/mind/BBWKOYN.html,NTSB blasts Coast Guard for failing to force duck boat tourism industry,False
specificity-004978,specificity,test,64897,N63951,sports,football_ncaa,MIchigan State football is mired in a three-game losing skid. Illinois has won three in a row as the two programs on different paths meet Saturday.,"Michigan State football, Illinois on different paths but 'need a win in the worst way'","Generate a faithful, specific, non-clickbait news headline. Use concrete names, numbers, places, or events only when supported by the article summary. Avoid curiosity-gap wording, exaggeration, and unsupported details. Category: sports Article summary: MIchigan State football is mired in a three-game losing skid. Illinois has won three in a row as the two programs on different paths meet Saturday.","Michigan State football, Illinois on different paths but 'need a win in the worst way'",26,15,True,0.00010080836,0,https://assets.msn.com/labs/mind/BBWtntc.html,MIchigan State wins three in a row as two programs on different paths meet Saturday,False
specificity-004979,specificity,test,63708,N61929,movies,movienews,Martin Scorsese's 'The Irishman' has experts on the unsolved mystery of Jimmy Hoffa's disappearance questioning the accuracy of this historical drama.,'The Irishman' stirs controversy over its version of what happened to Jimmy Hoffa,"Generate a faithful, specific, non-clickbait news headline. Use concrete names, numbers, places, or events only when supported by the article summary. Avoid curiosity-gap wording, exaggeration, and unsupported details. Category: movies Article summary: Martin Scorsese's 'The Irishman' has experts on the unsolved mystery of Jimmy Hoffa's disappearance questioning the accuracy of this historical drama.",'The Irishman' stirs controversy over its version of what happened to Jimmy Hoffa,21,13,True,0.0002713087,0,https://assets.msn.com/labs/mind/BBWOpoA.html,Martin Scorsese's 'The Irishman' examines Jimmy Hoffa's disappearance,False
specificity-004980,specificity,test,53634,N35054,finance,finance-real-estate,"In late October, 58-year-old Rodney Randolph will move down the hill from his public housing unit in San Francisco's once notorious Sunnydale public housing project to a fifth-floor apartment in a new building just completed two blocks away. It's a five-minute walk from the old spot to the new place. But it feels like a world away. ""Instead of facing these old Army barracks, I'm going to be facing the ocean,"" said Randolph, an Army veteran who...",SF's public housing was crumbling. Is a multibillion-dollar makeover the answer?,"Generate a faithful, specific, non-clickbait news headline. Use concrete names, numbers, places, or events only when supported by the article summary. Avoid curiosity-gap wording, exaggeration, and unsupported details. Category: finance Article summary: In late October, 58-year-old Rodney Randolph will move down the hill from his public housing unit in San Francisco's once notorious Sunnydale public housing project to a fifth-floor apartment in a new building just completed two blocks away. It's a five-minute walk from the old spot to the new place. But it feels like a world away. ""Instead of facing these old Army barracks, I'm going to be facing the ocean,"" said Randolph, an Army veteran who...",SF's public housing was crumbling. Is a multibillion-dollar makeover the answer?,77,11,False,0.00015239239,0,https://assets.msn.com/labs/mind/AAJ5w4Z.html,58-year-old Randolph to move down hill from San Francisco's Sunnydale public housing project to fifth-floor apartment,False
specificity-004981,specificity,test,34990,N28152,news,elections-2020-us,President Trump's reelection campaign announced that on Wednesday it raised over $3.1 million in donations the same day as the first public hearing of the House's impeachment inquiry into Trump.,Trump campaign raises $3.1M on first day of impeachment hearings,"Generate a faithful, specific, non-clickbait news headline. Use concrete names, numbers, places, or events only when supported by the article summary. Avoid curiosity-gap wording, exaggeration, and unsupported details. Category: news Article summary: President Trump's reelection campaign announced that on Wednesday it raised over $3.1 million in donations the same day as the first public hearing of the House's impeachment inquiry into Trump.",Trump campaign raises $3.1M on first day of impeachment hearings,30,10,True,6.979093e-05,0,https://assets.msn.com/labs/mind/BBWLqo6.html,Trump campaign raises $3.1 million in donations as first public hearing of Trump impeachment inquiry,False
specificity-004982,specificity,test,62644,N39002,travel,travelnews,"Mizner Park, a 28-year-old shopping plaza in downtown Boca Raton, was in need of a refresh after losing some tenants in recent years. Now, the owner is energizing its retail mix with restaurants, bars, stores, entertainment, and some pop-up retailers. H u00e4stens, a company that sells handmade bedding from Sweden, will open in December, according to Mizner Park's management, followed by ...","Boca Raton's Mizner Park jazzes up plaza with new restaurants, stores, bars and entertainment","Generate a faithful, specific, non-clickbait news headline. Use concrete names, numbers, places, or events only when supported by the article summary. Avoid curiosity-gap wording, exaggeration, and unsupported details. Category: travel Article summary: Mizner Park, a 28-year-old shopping plaza in downtown Boca Raton, was in need of a refresh after losing some tenants in recent years. Now, the owner is energizing its retail mix with restaurants, bars, stores, entertainment, and some pop-up retailers. H u00e4stens, a company that sells handmade bedding from Sweden, will open in December, according to Mizner Park's management, followed by ...","Boca Raton's Mizner Park jazzes up plaza with new restaurants, stores, bars and entertainment",62,14,True,0.00014517433,0,https://assets.msn.com/labs/mind/BBWOLNQ.html,Boca Raton shopping plaza in need of a refresh after losing tenants,False
specificity-004983,specificity,test,58388,N36375,sports,basketball_ncaa,"Greg Gard is frustrated to see dozens of other players gain immediate eligibility, knowing Micah Potter might have to sit out a third semester.",Greg Gard insists UW will continue to fight for Micah Potter to be declared immediately eligible,"Generate a faithful, specific, non-clickbait news headline. Use concrete names, numbers, places, or events only when supported by the article summary. Avoid curiosity-gap wording, exaggeration, and unsupported details. Category: sports Article summary: Greg Gard is frustrated to see dozens of other players gain immediate eligibility, knowing Micah Potter might have to sit out a third semester.",Greg Gard insists UW will continue to fight for Micah Potter to be declared immediately eligible,24,16,True,0.0009573851,0,https://assets.msn.com/labs/mind/AAJuXCX.html,"Greg Gard, Micah Potter and Micah Potter sat out in third semester",False
specificity-004984,specificity,test,29405,N50633,sports,basketball_nba,"Q: Ira, I hope Dion Waiters and James Johnson were paying attention to Saturday's game. This win over the Bucks was about being best conditioned team down the stretch, guys understanding and playing their roles, and coaches trusting their players. I totally understand Pat Riley's ire. -- Cheryl, Plantation. A: Which is why it will be so interesting to see what comes next, especially if the ...","ASK IRA: What do the Heat do next with Waiters, Johnson?","Generate a faithful, specific, non-clickbait news headline. Use concrete names, numbers, places, or events only when supported by the article summary. Avoid curiosity-gap wording, exaggeration, and unsupported details. Category: sports Article summary: Q: Ira, I hope Dion Waiters and James Johnson were paying attention to Saturday's game. This win over the Bucks was about being best conditioned team down the stretch, guys understanding and playing their roles, and coaches trusting their players. I totally understand Pat Riley's ire. -- Cheryl, Plantation. A: Which is why it will be so interesting to see what comes next, especially if the ...","ASK IRA: What do the Heat do next with Waiters, Johnson?",67,11,True,0.00020097007,0,https://assets.msn.com/labs/mind/AAJq8mt.html,"Dion Waiters, James Johnson pay attention to Bucks' win over the Bucks",False
specificity-004985,specificity,test,24530,N21734,news,newscrime,"Police say a man died after a suspect hit him with a metal pole in downtown Phoenix Wednesday night. John Kallay died of his injuries after he was found lying in the street unresponsive near 12th Avenue and Madison Street. Police say officers were flagged down by a witness who was chasing the suspect at 12th Avenue and Jefferson Street at 10:07 p.m. The suspect was running, carrying a four-foot metal pole, police say. The suspect was identified...","Man hit another man with a pole, killing him on a street in downtown Phoenix, police say","Generate a faithful, specific, non-clickbait news headline. Use concrete names, numbers, places, or events only when supported by the article summary. Avoid curiosity-gap wording, exaggeration, and unsupported details. Category: news Article summary: Police say a man died after a suspect hit him with a metal pole in downtown Phoenix Wednesday night. John Kallay died of his injuries after he was found lying in the street unresponsive near 12th Avenue and Madison Street. Police say officers were flagged down by a witness who was chasing the suspect at 12th Avenue and Jefferson Street at 10:07 p.m. The suspect was running, carrying a four-foot metal pole, police say. The suspect was identified...","Man hit another man with a pole, killing him on a street in downtown Phoenix, police say",78,17,True,0.00038955023,0,https://assets.msn.com/labs/mind/AAIWfUH.html,Man dies after suspect hits man with metal pole in downtown Phoenix,False
specificity-004986,specificity,test,22839,N46750,news,newscrime,The toll of human bodies has risen to 42 after three days of searching at a mass grave site that was discovered Thursday near Puerto Pe asco.,Search concludes with 42 bodies found in mass grave near Rocky Point,"Generate a faithful, specific, non-clickbait news headline. Use concrete names, numbers, places, or events only when supported by the article summary. Avoid curiosity-gap wording, exaggeration, and unsupported details. Category: news Article summary: The toll of human bodies has risen to 42 after three days of searching at a mass grave site that was discovered Thursday near Puerto Pe asco.",Search concludes with 42 bodies found in mass grave near Rocky Point,27,12,True,9.875284e-05,0,https://assets.msn.com/labs/mind/AAJoFSZ.html,Human toll rises to 42 after search at Puerto Pe asco grave site,False
specificity-004987,specificity,test,27732,N29817,tv,tvnews,"HAMPTON ROADS, Va. A special announcement by the U.S. Department of Housing and Urban Development will happen in Norfolk at 1:30 p.m. that will share news regarding Newport News and Norfolk. According to HUD, the announcement will involve support services for HUD-assisted families ""that can help them achieve self-sufficiency, thereby making scarce federal resources more readily available to ...",HUD to make special announcement regarding Newport News and Norfolk,"Generate a faithful, specific, non-clickbait news headline. Use concrete names, numbers, places, or events only when supported by the article summary. Avoid curiosity-gap wording, exaggeration, and unsupported details. Category: tv Article summary: HAMPTON ROADS, Va. A special announcement by the U.S. Department of Housing and Urban Development will happen in Norfolk at 1:30 p.m. that will share news regarding Newport News and Norfolk. According to HUD, the announcement will involve support services for HUD-assisted families ""that can help them achieve self-sufficiency, thereby making scarce federal resources more readily available to ...",HUD to make special announcement regarding Newport News and Norfolk,59,10,True,7.8647e-05,0,https://assets.msn.com/labs/mind/AAJQ1GN.html,U.S. Department of Housing and Urban Development to announce special announcement in Norfolk at 1:30 p.m.,False
specificity-004988,specificity,test,7182,N48005,travel,travelarticle,"WORCESTER -- A report just released ranks the top 10 cities for pizza lovers, and No. 1 was not New York with its thin slice or Chicago with its deep dish. Worcester was the top-ranked city in the country for the number of pizza places compared to all dining options. Worcester ranked No. 1 on Apartment Guide's list with 21.75% pizza spots per capita when compared to its overall dining scene. ...",Worcester ranks No. 1 in pizza shops,"Generate a faithful, specific, non-clickbait news headline. Use concrete names, numbers, places, or events only when supported by the article summary. Avoid curiosity-gap wording, exaggeration, and unsupported details. Category: travel Article summary: WORCESTER -- A report just released ranks the top 10 cities for pizza lovers, and No. 1 was not New York with its thin slice or Chicago with its deep dish. Worcester was the top-ranked city in the country for the number of pizza places compared to all dining options. Worcester ranked No. 1 on Apartment Guide's list with 21.75% pizza spots per capita when compared to its overall dining scene. ...",Worcester ranks No. 1 in pizza shops,72,7,True,0.00011101695,0,https://assets.msn.com/labs/mind/AAJAfKy.html,Pizza place in Worcester ranks No. 1 on Apartment Guide's list with 21.75% pizza spots per capita,False
specificity-004989,specificity,test,29147,N5557,news,newsus,"One person is dead after a semitrailer lost control, struck a support pillar and caught fire at Interstate 35 and Sunflower Road in Edgerton early Friday morning. As of 9 a.m. Friday the highway remained closed at Sunflower Road in both directions. Authorities were called just after 2:30 a.m., said Johnson County Sheriff's Office spokeswoman Claire Caanan. The truck traveling ...","One dead after fiery semi wreck on Interstate 35 in Edgerton, Kansas","Generate a faithful, specific, non-clickbait news headline. Use concrete names, numbers, places, or events only when supported by the article summary. Avoid curiosity-gap wording, exaggeration, and unsupported details. Category: news Article summary: One person is dead after a semitrailer lost control, struck a support pillar and caught fire at Interstate 35 and Sunflower Road in Edgerton early Friday morning. As of 9 a.m. Friday the highway remained closed at Sunflower Road in both directions. Authorities were called just after 2:30 a.m., said Johnson County Sheriff's Office spokeswoman Claire Caanan. The truck traveling ...","One dead after fiery semi wreck on Interstate 35 in Edgerton, Kansas",61,12,True,9.396957e-05,0,https://assets.msn.com/labs/mind/AAJIkDM.html,"One dead after semitrailer lost control, struck support pillar and caught fire",False
specificity-004990,specificity,test,21826,N45391,tv,tvnews,"The #MeToo controversy he was embroiled in two years ago won't keep Louis C.K. down. The disgraced comedian surprised fans with the announcement of a new 14-city international tour today on his rarely updated website and through his mailing list. ""I am on the road doing professional stand-up comedy. Which consists of sharing jokes, stories, observations, lies, non-lies, and being ...",Disgraced comic Louis C.K. announces 14-city tour,"Generate a faithful, specific, non-clickbait news headline. Use concrete names, numbers, places, or events only when supported by the article summary. Avoid curiosity-gap wording, exaggeration, and unsupported details. Category: tv Article summary: The #MeToo controversy he was embroiled in two years ago won't keep Louis C.K. down. The disgraced comedian surprised fans with the announcement of a new 14-city international tour today on his rarely updated website and through his mailing list. ""I am on the road doing professional stand-up comedy. Which consists of sharing jokes, stories, observations, lies, non-lies, and being ...",Disgraced comic Louis C.K. announces 14-city tour,61,7,True,7.7765515e-05,0,https://assets.msn.com/labs/mind/AAJuZqe.html,The #MeToo controversy he was embroiled in two years ago won't keep Louis C.K. down,False
specificity-004991,specificity,test,7930,N9209,health,medical,"DALLAS, N.C. -- For Martha and Russell Pelc, the nightmare began one afternoon in March 2018. Russ had gotten home from his job as a forklift mechanic at a Gaston County factory. A strapping 6-foot-3, he'd been feeling weak for a while and waking with occasional night sweats. That day he'd had trouble breathing. ""We need to go to the doctor,"" he told his wife. So they drove 60 miles ...",'We were blindsided': NC vet and his wife deal with cancer -- and the VA,"Generate a faithful, specific, non-clickbait news headline. Use concrete names, numbers, places, or events only when supported by the article summary. Avoid curiosity-gap wording, exaggeration, and unsupported details. Category: health Article summary: DALLAS, N.C. -- For Martha and Russell Pelc, the nightmare began one afternoon in March 2018. Russ had gotten home from his job as a forklift mechanic at a Gaston County factory. A strapping 6-foot-3, he'd been feeling weak for a while and waking with occasional night sweats. That day he'd had trouble breathing. ""We need to go to the doctor,"" he told his wife. So they drove 60 miles ...",'We were blindsided': NC vet and his wife deal with cancer -- and the VA,71,15,False,0.00021236489,0,https://assets.msn.com/labs/mind/AAJAuTU.html,"Martha and Russell Pelc's nightmare begins in Gaston County, N.C.",False
specificity-004992,specificity,test,43037,N21800,sports,golf,"Eddie Pepperell played the role of Roy 'Tin Cup' Mcavoy, but ran out of balls in Round 3 of the Turkish Airlines Open.","Pepperell has 'Tin Cup' moment, runs out of balls and DQd in Turkey","Generate a faithful, specific, non-clickbait news headline. Use concrete names, numbers, places, or events only when supported by the article summary. Avoid curiosity-gap wording, exaggeration, and unsupported details. Category: sports Article summary: Eddie Pepperell played the role of Roy 'Tin Cup' Mcavoy, but ran out of balls in Round 3 of the Turkish Airlines Open.","Pepperell has 'Tin Cup' moment, runs out of balls and DQd in Turkey",23,13,True,0.00013124887,0,https://assets.msn.com/labs/mind/BBWw7qv.html,Eddie Pepperell plays Roy 'Tin Cup' Mcavoy in Round 3 of Turkish Airlines Open,False
specificity-004993,specificity,test,26953,N41098,autos,autosnews,"It was such a spectacular crash scene, it seemed to defy the laws of nature, but as a high school physics teacher assures First Coast News -- it didn't. ""The first thing, obviously I notice, is just the amount of damage here,"" Andrew Jackson High School teacher George Teuber said Tuesday evening. Monday night, a Camaro clipped a curb on Port Arthur Road, traversed roughly 80 feet that included jumping a ditch about nine feet across and crashing...",Car smashes through Jacksonville home; How fast was it going?,"Generate a faithful, specific, non-clickbait news headline. Use concrete names, numbers, places, or events only when supported by the article summary. Avoid curiosity-gap wording, exaggeration, and unsupported details. Category: autos Article summary: It was such a spectacular crash scene, it seemed to defy the laws of nature, but as a high school physics teacher assures First Coast News -- it didn't. ""The first thing, obviously I notice, is just the amount of damage here,"" Andrew Jackson High School teacher George Teuber said Tuesday evening. Monday night, a Camaro clipped a curb on Port Arthur Road, traversed roughly 80 feet that included jumping a ditch about nine feet across and crashing...",Car smashes through Jacksonville home; How fast was it going?,78,10,True,9.326254e-05,0,https://assets.msn.com/labs/mind/AAJUQDR.html,"'The first thing, obviously I notice, is just the amount of damage here'",False
specificity-004994,specificity,test,64433,N29497,news,newscrime,"MEMPHIS, Tenn. A 12-year-old boy accused of attempting to carjack a 65-year-old woman at an East Memphis grocery earlier this week is expected in Juvenile Court next Friday. In a tearful interview with WREG on Thursday, his mother said the family was down on their luck and the crime was a cry for help. She said he knew better than to put people in danger. Knowing better means doing better, ...",Police leader says 12-year-old carjacker case points to problem in community,"Generate a faithful, specific, non-clickbait news headline. Use concrete names, numbers, places, or events only when supported by the article summary. Avoid curiosity-gap wording, exaggeration, and unsupported details. Category: news Article summary: MEMPHIS, Tenn. A 12-year-old boy accused of attempting to carjack a 65-year-old woman at an East Memphis grocery earlier this week is expected in Juvenile Court next Friday. In a tearful interview with WREG on Thursday, his mother said the family was down on their luck and the crime was a cry for help. She said he knew better than to put people in danger. Knowing better means doing better, ...",Police leader says 12-year-old carjacker case points to problem in community,71,11,True,0.00011715561,0,https://assets.msn.com/labs/mind/BBWPwIm.html,12-year-old boy accused of carjacking 65-year-old woman at East Memphis grocery,False
specificity-004995,specificity,test,45548,N37693,sports,basketball_ncaa,"Former UNC and NBA point guard Jeff McInnis said he had no trouble sleeping Friday night after leading his first-year team from Lincolnton -- a school called Combine Academy -- to an improbable 76-74 overtime win over Oak HIll Academy from Mouth of Wilson, Va. Oak Hill, ranked as high as No. 9 in the national polls, has won multiple mythical national championships. McInnis, who turned ...","After Oak Hill upset, former UNC star Jeff McInnis wants Combine Academy to stay focused","Generate a faithful, specific, non-clickbait news headline. Use concrete names, numbers, places, or events only when supported by the article summary. Avoid curiosity-gap wording, exaggeration, and unsupported details. Category: sports Article summary: Former UNC and NBA point guard Jeff McInnis said he had no trouble sleeping Friday night after leading his first-year team from Lincolnton -- a school called Combine Academy -- to an improbable 76-74 overtime win over Oak HIll Academy from Mouth of Wilson, Va. Oak Hill, ranked as high as No. 9 in the national polls, has won multiple mythical national championships. McInnis, who turned ...","After Oak Hill upset, former UNC star Jeff McInnis wants Combine Academy to stay focused",67,15,True,0.00010263931,0,https://assets.msn.com/labs/mind/BBWwnhY.html,Former UNC point guard Jeff McInnis says he had no trouble sleeping after 76-74 overtime win over Oak HIll Academy,False
specificity-004996,specificity,test,58406,N19940,sports,football_nfl,SANTA CLARA -- The 49ers were hopeful left tackle Joe Staley would make his return Thursday night against the Arizona Cardinals from his fractured fibula. But that appears less likely than initially planned. Staley returned to practice for the first time since the injury before last week's game against the Carolina Panthers as a limited participant but didn't play in the game. Kyle ...,"49ers notebook: Joe Staley 'doubtful,' but slew of injured starters could return soon","Generate a faithful, specific, non-clickbait news headline. Use concrete names, numbers, places, or events only when supported by the article summary. Avoid curiosity-gap wording, exaggeration, and unsupported details. Category: sports Article summary: SANTA CLARA -- The 49ers were hopeful left tackle Joe Staley would make his return Thursday night against the Arizona Cardinals from his fractured fibula. But that appears less likely than initially planned. Staley returned to practice for the first time since the injury before last week's game against the Carolina Panthers as a limited participant but didn't play in the game. Kyle ...","49ers notebook: Joe Staley 'doubtful,' but slew of injured starters could return soon",64,13,True,0.00010536324,0,https://assets.msn.com/labs/mind/AAJz31O.html,49ers hopeful left tackle Joe Staley to return from fractured fibula,False
specificity-004997,specificity,test,36673,N22463,sports,racing,"AVONDALE, Ariz. Austin Hill didn't want to know how the Gander Outdoors Truck Series Playoffs points were lining up at any point during Friday's Lucas Oil 150 at ISM Raceway. Thus, the Hattori Racing Enterprises driver and polesitter received rather disappointing news as the checkered flag fell that he did not, in fact, advance [ ]",Hill dejected after narrowly missing Championship 4,"Generate a faithful, specific, non-clickbait news headline. Use concrete names, numbers, places, or events only when supported by the article summary. Avoid curiosity-gap wording, exaggeration, and unsupported details. Category: sports Article summary: AVONDALE, Ariz. Austin Hill didn't want to know how the Gander Outdoors Truck Series Playoffs points were lining up at any point during Friday's Lucas Oil 150 at ISM Raceway. Thus, the Hattori Racing Enterprises driver and polesitter received rather disappointing news as the checkered flag fell that he did not, in fact, advance [ ]",Hill dejected after narrowly missing Championship 4,56,7,True,0.00020721302,0,https://assets.msn.com/labs/mind/BBWuitH.html,Austin Hill: Gander Outdoors Truck Series Playoffs lining up at ISM Raceway,False
specificity-004998,specificity,test,50533,N43384,news,newsus,"All new at 10, human sex trafficking is on the rise in the St. Louis area according to local law enforcement, and the victims are getting younger. Fox 2/News 11`s Katie Kormann explains how traffickers are making contact with the their victims, and what parents can do to keep children safe.",Sex Traffickers Using Social Media To Target Children,"Generate a faithful, specific, non-clickbait news headline. Use concrete names, numbers, places, or events only when supported by the article summary. Avoid curiosity-gap wording, exaggeration, and unsupported details. Category: news Article summary: All new at 10, human sex trafficking is on the rise in the St. Louis area according to local law enforcement, and the victims are getting younger. Fox 2/News 11`s Katie Kormann explains how traffickers are making contact with the their victims, and what parents can do to keep children safe.",Sex Traffickers Using Social Media To Target Children,51,8,True,0.00025907153,0,https://assets.msn.com/labs/mind/BBWDmE7.html,Human sex trafficking on the rise in St. Louis,False
specificity-004999,specificity,test,23146,N50599,news,newsus,The civil rights groups have asked the head of the post office to investigate the matter because the mailer may violate federal law.,Civil rights groups slam RNC for 'fraudulent' census mailers to Montana residents,"Generate a faithful, specific, non-clickbait news headline. Use concrete names, numbers, places, or events only when supported by the article summary. Avoid curiosity-gap wording, exaggeration, and unsupported details. Category: news Article summary: The civil rights groups have asked the head of the post office to investigate the matter because the mailer may violate federal law.",Civil rights groups slam RNC for 'fraudulent' census mailers to Montana residents,23,12,True,7.745962e-05,0,https://assets.msn.com/labs/mind/AAIWKxH.html,Civil rights groups ask head of post office to investigate mailer,False
specificity-005000,specificity,test,22978,N50785,news,newsus,"The attorney general's office issued letters to DirecTV and Comcast, saying the companies' charging a regional sports fee during a sports blackout may constitute a ""deceptive trade practice"" under the Colorado Consumer Protection Act.","Colorado attorney general investigating whether DirecTV, Comcast overcharged customers during Altitude blackout","Generate a faithful, specific, non-clickbait news headline. Use concrete names, numbers, places, or events only when supported by the article summary. Avoid curiosity-gap wording, exaggeration, and unsupported details. Category: news Article summary: The attorney general's office issued letters to DirecTV and Comcast, saying the companies' charging a regional sports fee during a sports blackout may constitute a ""deceptive trade practice"" under the Colorado Consumer Protection Act.","Colorado attorney general investigating whether DirecTV, Comcast overcharged customers during Altitude blackout",34,12,True,7.791381e-05,0,https://assets.msn.com/labs/mind/AAJHIXE.html,DirecTV and Comcast accuse DirecTV and Comcast of 'deceptive trade practice',False
specificity-005001,specificity,test,48482,N60558,news,newscrime,"Following the most exhausting year imaginable for a criminal defense attorney, Ariel Payan had been hoping to decompress in 2019 and step away from the courthouse spotlight. Weary-eyed from four trials involving three of Austin's most notable killers, Payan, the area's go-to appointed lawyer for some of the most heinous criminal cases, reflected on those 12 months with the American-Statesman ...",Leukemia sidelines prominent Austin criminal defense lawyer,"Generate a faithful, specific, non-clickbait news headline. Use concrete names, numbers, places, or events only when supported by the article summary. Avoid curiosity-gap wording, exaggeration, and unsupported details. Category: news Article summary: Following the most exhausting year imaginable for a criminal defense attorney, Ariel Payan had been hoping to decompress in 2019 and step away from the courthouse spotlight. Weary-eyed from four trials involving three of Austin's most notable killers, Payan, the area's go-to appointed lawyer for some of the most heinous criminal cases, reflected on those 12 months with the American-Statesman ...",Leukemia sidelines prominent Austin criminal defense lawyer,61,7,True,0.00011716711,0,https://assets.msn.com/labs/mind/BBWyADx.html,Ariel Payan seeks to decompress in 2019 and step away from courthouse spotlight,False
specificity-005002,specificity,test,32260,N50871,news,newsus,"One lane of northbound I-71 has reopened at I-264 in Louisville following an overturned semi. Police say the semi was carrying lumber, and spilled its load on the roadway early Thursday morning. Sign up for our Newsletters Officials said there was 44,000 lbs of lumber on the truck. The driver was injured, but they are expected to recover. The northbound side of I-71 was closed for several hours, but reopened shortly before 8 a.m. No word yet on...","Semi overturns on I-71, spills large load of lumber","Generate a faithful, specific, non-clickbait news headline. Use concrete names, numbers, places, or events only when supported by the article summary. Avoid curiosity-gap wording, exaggeration, and unsupported details. Category: news Article summary: One lane of northbound I-71 has reopened at I-264 in Louisville following an overturned semi. Police say the semi was carrying lumber, and spilled its load on the roadway early Thursday morning. Sign up for our Newsletters Officials said there was 44,000 lbs of lumber on the truck. The driver was injured, but they are expected to recover. The northbound side of I-71 was closed for several hours, but reopened shortly before 8 a.m. No word yet on...","Semi overturns on I-71, spills large load of lumber",78,9,True,7.4620744e-05,0,https://assets.msn.com/labs/mind/BBWpDww.html,A lane of northbound I-71 reopens at I-264 in Louisville,False
specificity-005003,specificity,test,40166,N2669,finance,financenews,"Residential and business customers of Central Maine Power Company and Emera Maine will pay lower rates for electricity supply throughout 2020, as a result of the Maine Public Utilities Commission's competitive bid process for setting Standard Offer Supply prices. That's according to a release from the Maine Public Utilities Commission. PUC officials said, for typical CMP residential bills based on 550 kWh monthly usage, the anticipated monthly...",PUC sets new standard offer electricity prices with a 19-20% decrease,"Generate a faithful, specific, non-clickbait news headline. Use concrete names, numbers, places, or events only when supported by the article summary. Avoid curiosity-gap wording, exaggeration, and unsupported details. Category: finance Article summary: Residential and business customers of Central Maine Power Company and Emera Maine will pay lower rates for electricity supply throughout 2020, as a result of the Maine Public Utilities Commission's competitive bid process for setting Standard Offer Supply prices. That's according to a release from the Maine Public Utilities Commission. PUC officials said, for typical CMP residential bills based on 550 kWh monthly usage, the anticipated monthly...",PUC sets new standard offer electricity prices with a 19-20% decrease,67,11,True,6.788033e-05,0,https://assets.msn.com/labs/mind/BBWHYQR.html,Residential and business customers of Central Maine Power Company and Emera Maine to pay lower rates for electricity supply,False
specificity-005004,specificity,test,40780,N9818,video,news,"The impeachment inquiry holds its first public hearing with Donald Trump's presidency on the line. Also, the arctic blast is gripping more than 220 million Americans. All that and all that matters in today's Eye Opener. Your world in 90 seconds.",Eye Opener: Impeachment inquiry goes public,"Generate a faithful, specific, non-clickbait news headline. Use concrete names, numbers, places, or events only when supported by the article summary. Avoid curiosity-gap wording, exaggeration, and unsupported details. Category: video Article summary: The impeachment inquiry holds its first public hearing with Donald Trump's presidency on the line. Also, the arctic blast is gripping more than 220 million Americans. All that and all that matters in today's Eye Opener. Your world in 90 seconds.",Eye Opener: Impeachment inquiry goes public,41,6,True,8.520477e-05,0,https://assets.msn.com/labs/mind/BBWHcsS.html,arctic blast gripping more than 220 million Americans,False
specificity-005005,specificity,test,24600,N38946,sports,football_nfl,"The Texans were the only AFC South team to lose on Sunday, and their loss at Indianapolis cost them first place in the division. The Colts, Tennessee and Jacksonville won. Indianapolis leads the division by one-half game over the Texans after defeating them by seven at Lucas Oil Stadium. The Titans and Jaguars are tied for last place. The quarterbacks ignited the victories. Jacoby Brissett burned the Texans for four touchdowns. In his first...",John McClain's AFC South rewind: Week 7,"Generate a faithful, specific, non-clickbait news headline. Use concrete names, numbers, places, or events only when supported by the article summary. Avoid curiosity-gap wording, exaggeration, and unsupported details. Category: sports Article summary: The Texans were the only AFC South team to lose on Sunday, and their loss at Indianapolis cost them first place in the division. The Colts, Tennessee and Jacksonville won. Indianapolis leads the division by one-half game over the Texans after defeating them by seven at Lucas Oil Stadium. The Titans and Jaguars are tied for last place. The quarterbacks ignited the victories. Jacoby Brissett burned the Texans for four touchdowns. In his first...",John McClain's AFC South rewind: Week 7,74,7,True,0.00016948556,0,https://assets.msn.com/labs/mind/AAJ7vul.html,"Colts, Tennessee, Jacksonville lead AFC South division by one-half game over Texans",False
specificity-005006,specificity,test,14902,N21031,sports,basketball_nba,"After missing the entire preseason and the first three games of the regular season with a left mid-foot sprain, Warriors center Willie Cauley-Stein is expected to make his Golden State debut on Wednesday night against the Suns at Chase Center. ""If it's up to me, I'm in there,"" Cauley-Stein said in a text message. Cauley-Stein has spent the past couple of days getting in contact work with the Warriors' G League affiliate in Santa Cruz. With Kevon...","Warriors' Willie Cauley-Stein, Alec Burks listed as probable for Suns game","Generate a faithful, specific, non-clickbait news headline. Use concrete names, numbers, places, or events only when supported by the article summary. Avoid curiosity-gap wording, exaggeration, and unsupported details. Category: sports Article summary: After missing the entire preseason and the first three games of the regular season with a left mid-foot sprain, Warriors center Willie Cauley-Stein is expected to make his Golden State debut on Wednesday night against the Suns at Chase Center. ""If it's up to me, I'm in there,"" Cauley-Stein said in a text message. Cauley-Stein has spent the past couple of days getting in contact work with the Warriors' G League affiliate in Santa Cruz. With Kevon...","Warriors' Willie Cauley-Stein, Alec Burks listed as probable for Suns game",77,11,True,0.000117229465,0,https://assets.msn.com/labs/mind/AAJyWrK.html,Warriors center Willie Cauley-Stein expected to make Golden State debut against Suns,False
specificity-005007,specificity,test,61460,N20149,news,newscrime,"YELLVILLE, Ark. (AP) Officials in Arkansas say a hunter died after he was attacked by a deer that he'd shot and believed to be dead. Arkansas Game and Fish Commission spokesman Keith Stephens says 66-year-old Thomas Alexander shot a buck with a muzzleloader while hunting Tuesday near Yellville, an area in the Ozark Mountains about 105 miles (170 kilometers) north of Little Rock. Stephens tells Springfield, Missouri, television station KY3 the...",Hunter dies in Arkansas after deer he'd shot attacks him,"Generate a faithful, specific, non-clickbait news headline. Use concrete names, numbers, places, or events only when supported by the article summary. Avoid curiosity-gap wording, exaggeration, and unsupported details. Category: news Article summary: YELLVILLE, Ark. (AP) Officials in Arkansas say a hunter died after he was attacked by a deer that he'd shot and believed to be dead. Arkansas Game and Fish Commission spokesman Keith Stephens says 66-year-old Thomas Alexander shot a buck with a muzzleloader while hunting Tuesday near Yellville, an area in the Ozark Mountains about 105 miles (170 kilometers) north of Little Rock. Stephens tells Springfield, Missouri, television station KY3 the...",Hunter dies in Arkansas after deer he'd shot attacks him,71,10,True,0.00015033128,0,https://assets.msn.com/labs/mind/AAJkMw5.html,Arkansas hunter dies after he was attacked by deer that he'd shot and believed to be dead,False
specificity-005008,specificity,test,54063,N17446,travel,travelarticle,"The city of Tacoma is taking a new approach when it comes to boosting its tourism industry. For starters, they're no longer mentioning ""Pierce County"" in advertising materials. Now, they're going to start embracing the natural beauty that is Mount Rainier in their marketing to tourists. ""Mountain. City. Sea."" is the city's new three-word tagline that marketing organization Travel Tacoma Mt. Rainier hopes will bring even more tourism to the...",Tacoma focusing on Mount Rainier in new marketing to tourists,"Generate a faithful, specific, non-clickbait news headline. Use concrete names, numbers, places, or events only when supported by the article summary. Avoid curiosity-gap wording, exaggeration, and unsupported details. Category: travel Article summary: The city of Tacoma is taking a new approach when it comes to boosting its tourism industry. For starters, they're no longer mentioning ""Pierce County"" in advertising materials. Now, they're going to start embracing the natural beauty that is Mount Rainier in their marketing to tourists. ""Mountain. City. Sea."" is the city's new three-word tagline that marketing organization Travel Tacoma Mt. Rainier hopes will bring even more tourism to the...",Tacoma focusing on Mount Rainier in new marketing to tourists,70,10,True,7.14701e-05,0,https://assets.msn.com/labs/mind/AAJgyPx.html,Travel Tacoma Mt. Rainier launches new tagline for tourism in Tacoma,False
specificity-005009,specificity,test,39895,N61202,sports,icehockey_nhl,https://www.dailymotion.com/embed/video/x nsrai As if suffering their worst lost of the season wasn't bad enough the Boston Bruins were dealt some insult to injury Saturday morning. In the second period of,David Pastrnak's Point Streak Ends At 13 Games After NHL Scoring Change,"Generate a faithful, specific, non-clickbait news headline. Use concrete names, numbers, places, or events only when supported by the article summary. Avoid curiosity-gap wording, exaggeration, and unsupported details. Category: sports Article summary: https://www.dailymotion.com/embed/video/x nsrai As if suffering their worst lost of the season wasn't bad enough the Boston Bruins were dealt some insult to injury Saturday morning. In the second period of",David Pastrnak's Point Streak Ends At 13 Games After NHL Scoring Change,30,12,True,0.00012325429,0,https://assets.msn.com/labs/mind/BBWvTE6.html,Boston Bruins slammed for injury in second period,False
specificity-005010,specificity,test,21083,N54640,news,newsworld,"American forces and their Kurdish-led partners in Syria had been conducting as many as a dozen counterterrorism missions a day against Islamic State militants, officials said. That has stopped. Those same partners, the Syrian Democratic Forces, had also been quietly releasing some Islamic State prisoners and incorporating them into their ranks, in part as a way to keep them under watch. That, too, is now in jeopardy. And across Syria's porous...",ISIS Reaps Gains of U.S. Pullout From Syria,"Generate a faithful, specific, non-clickbait news headline. Use concrete names, numbers, places, or events only when supported by the article summary. Avoid curiosity-gap wording, exaggeration, and unsupported details. Category: news Article summary: American forces and their Kurdish-led partners in Syria had been conducting as many as a dozen counterterrorism missions a day against Islamic State militants, officials said. That has stopped. Those same partners, the Syrian Democratic Forces, had also been quietly releasing some Islamic State prisoners and incorporating them into their ranks, in part as a way to keep them under watch. That, too, is now in jeopardy. And across Syria's porous...",ISIS Reaps Gains of U.S. Pullout From Syria,71,8,True,6.194691e-05,0,https://assets.msn.com/labs/mind/AAJ7crv.html,American forces and Kurdish-led partners in Syria have been conducting as many as a dozen counterterrorism missions a day against Islamic State militants,False
specificity-005011,specificity,test,18960,N28888,finance,personalfinance,"The first Forbes 400 list of the richest Americans was published in 1982, and it looked very different from the 2019 version.",Comparing Forbes 400 lists from 1982 and 2019 shows how differently wealth is tracked today,"Generate a faithful, specific, non-clickbait news headline. Use concrete names, numbers, places, or events only when supported by the article summary. Avoid curiosity-gap wording, exaggeration, and unsupported details. Category: finance Article summary: The first Forbes 400 list of the richest Americans was published in 1982, and it looked very different from the 2019 version.",Comparing Forbes 400 lists from 1982 and 2019 shows how differently wealth is tracked today,22,15,True,0.02445018,0,https://assets.msn.com/labs/mind/AAJXraK.html,The first Forbes 400 list of the richest Americans was published in 1982,False
specificity-005012,specificity,test,9967,N5861,sports,baseball_mlb,Bryce Harper has no regrets about leaving the Washington Nationals in free agency last offseason - even though his former team is now playing for a championship for the first time since 1933.,Harper happy for Nationals: 'Jealousy isn't good',"Generate a faithful, specific, non-clickbait news headline. Use concrete names, numbers, places, or events only when supported by the article summary. Avoid curiosity-gap wording, exaggeration, and unsupported details. Category: sports Article summary: Bryce Harper has no regrets about leaving the Washington Nationals in free agency last offseason - even though his former team is now playing for a championship for the first time since 1933.",Harper happy for Nationals: 'Jealousy isn't good',33,7,True,9.900959e-05,0,https://assets.msn.com/labs/mind/AAIZ4Wt.html,Bryce Harper says he's no regrets about leaving Washington Nationals in free agency,False
specificity-005013,specificity,test,18406,N61098,news,newspolitics,"ANNAPOLIS, Md. (AP) Maryland Rep. Elijah E. Cummings died early Thursday due to complications from longstanding health challenges, his congressional office said. He was 68.",Baltimore Democratic Rep. Elijah Cummings has died,"Generate a faithful, specific, non-clickbait news headline. Use concrete names, numbers, places, or events only when supported by the article summary. Avoid curiosity-gap wording, exaggeration, and unsupported details. Category: news Article summary: ANNAPOLIS, Md. (AP) Maryland Rep. Elijah E. Cummings died early Thursday due to complications from longstanding health challenges, his congressional office said. He was 68.",Baltimore Democratic Rep. Elijah Cummings has died,25,7,True,0.00014184878,0,https://assets.msn.com/labs/mind/AAIVn8r.html,Maryland Rep. Elijah E. Cummings dies due to complications from longstanding health challenges,False
specificity-005014,specificity,test,61148,N20087,news,newsus,"Car crashes into stream/ Turkey poults rescued/ Chimney falls, traps man's arm/ Restaurant burglarized/ See inside CT's newest mall and more",Drag Racing Bust; School Group Kicked Out Of D.C. Museum: CT News,"Generate a faithful, specific, non-clickbait news headline. Use concrete names, numbers, places, or events only when supported by the article summary. Avoid curiosity-gap wording, exaggeration, and unsupported details. Category: news Article summary: Car crashes into stream/ Turkey poults rescued/ Chimney falls, traps man's arm/ Restaurant burglarized/ See inside CT's newest mall and more",Drag Racing Bust; School Group Kicked Out Of D.C. Museum: CT News,21,12,True,7.7685014e-05,0,https://assets.msn.com/labs/mind/AAIM76g.html,"Car crashes into stream, traps man's arm, Restaurant burglarized",False
specificity-005015,specificity,test,15799,N8256,lifestyle,lifestylebuzz,"Fueled by a growing Muslim population and a desire for less revealing clothing, ""modest fashion"" has evolved into a big business.","Modest clothing movement mixes faith, fashion","Generate a faithful, specific, non-clickbait news headline. Use concrete names, numbers, places, or events only when supported by the article summary. Avoid curiosity-gap wording, exaggeration, and unsupported details. Category: lifestyle Article summary: Fueled by a growing Muslim population and a desire for less revealing clothing, ""modest fashion"" has evolved into a big business.","Modest clothing movement mixes faith, fashion",21,6,False,0.00012634114,0,https://assets.msn.com/labs/mind/AAIKOK3.html,'Modest fashion' has evolved into a big business,False
specificity-005016,specificity,test,37096,N45499,news,newsus,"MESA, AZ (3TV/CBS 5) -- A retired Mesa Police detective says she was forced to leave the department because of toxic leadership. Vicki Hixson blames Chief Ramon Batista, who resigned last week, but she says he was only part of the problem. [VIDEO: Former Mesa PD detective claims she left department due to 'toxic leadership'] Hixson retired last year after serving 21 years with Mesa Police, where she led a team connecting officers with mental...",Retired Mesa PD detective says former Chief Batista was only part of the problem,"Generate a faithful, specific, non-clickbait news headline. Use concrete names, numbers, places, or events only when supported by the article summary. Avoid curiosity-gap wording, exaggeration, and unsupported details. Category: news Article summary: MESA, AZ (3TV/CBS 5) -- A retired Mesa Police detective says she was forced to leave the department because of toxic leadership. Vicki Hixson blames Chief Ramon Batista, who resigned last week, but she says he was only part of the problem. [VIDEO: Former Mesa PD detective claims she left department due to 'toxic leadership'] Hixson retired last year after serving 21 years with Mesa Police, where she led a team connecting officers with mental...",Retired Mesa PD detective says former Chief Batista was only part of the problem,75,14,True,0.00015546533,0,https://assets.msn.com/labs/mind/BBWHMbD.html,Mesa Police detective says she was forced to leave department because of toxic leadership,False
specificity-005017,specificity,test,17507,N61164,weather,weathertopstories,"Bay State commuters can expect delays on the Green line and Commuter Rail Thursday after an overnight storm caused downed trees, extensive flooding, damage to trains and widespread power outages. ""We appreciate our passengers' patience while crews continue to provide service. Passengers should stay connected for service updates at MBTA.com and Twitter,"" Keolis Commuter Services, [ ]",MBTA reports widespread delays due to storm,"Generate a faithful, specific, non-clickbait news headline. Use concrete names, numbers, places, or events only when supported by the article summary. Avoid curiosity-gap wording, exaggeration, and unsupported details. Category: weather Article summary: Bay State commuters can expect delays on the Green line and Commuter Rail Thursday after an overnight storm caused downed trees, extensive flooding, damage to trains and widespread power outages. ""We appreciate our passengers' patience while crews continue to provide service. Passengers should stay connected for service updates at MBTA.com and Twitter,"" Keolis Commuter Services, [ ]",MBTA reports widespread delays due to storm,57,7,False,9.2081034e-05,0,https://assets.msn.com/labs/mind/AAIVZxQ.html,Bay State commuters expect delays on Green line and Commuter Rail,False
specificity-005018,specificity,test,30728,N45639,news,newsus,A predawn Sunday crash involving a car and a Miami-Dade bus used to transport airport employees has constipated traffic coming into Miami International Airport. The investigation and cleanup of the crash has traffic into the airport detoured and down to one lane for a stretch. Travelers should leave extra time. Herald news partner CBS4 reports that Miami-Dade Fire Rescue took three ...,Going to Miami International Airport this morning? A bus crash is clogging traffic,"Generate a faithful, specific, non-clickbait news headline. Use concrete names, numbers, places, or events only when supported by the article summary. Avoid curiosity-gap wording, exaggeration, and unsupported details. Category: news Article summary: A predawn Sunday crash involving a car and a Miami-Dade bus used to transport airport employees has constipated traffic coming into Miami International Airport. The investigation and cleanup of the crash has traffic into the airport detoured and down to one lane for a stretch. Travelers should leave extra time. Herald news partner CBS4 reports that Miami-Dade Fire Rescue took three ...",Going to Miami International Airport this morning? A bus crash is clogging traffic,62,13,True,0.000307624,0,https://assets.msn.com/labs/mind/AAJqlTi.html,Miami-Dade Fire Rescue Takes Three,False
specificity-005019,specificity,test,13970,N51693,news,newspolitics,"The legal team representing the whistleblower who ignited the impeachment investigation has received death threats that have led to at least one law enforcement investigation, according to a source familiar with the situation.",Threats against Ukraine whistleblower's legal team lead to law enforcement investigation,"Generate a faithful, specific, non-clickbait news headline. Use concrete names, numbers, places, or events only when supported by the article summary. Avoid curiosity-gap wording, exaggeration, and unsupported details. Category: news Article summary: The legal team representing the whistleblower who ignited the impeachment investigation has received death threats that have led to at least one law enforcement investigation, according to a source familiar with the situation.",Threats against Ukraine whistleblower's legal team lead to law enforcement investigation,33,11,True,7.759854e-05,0,https://assets.msn.com/labs/mind/AAJyLuO.html,Lawyers for whistleblower who ignited impeachment investigation receive death threats,False
specificity-005020,specificity,test,44279,N34225,weather,weathertopstories,"Early season snow has blanketed much of the Great Lakes region. Snowboarders and skiers in Otsego, Michigan, take advantage of the weather by hitting the slopes of Bittersweet Ski Resort on Nov. 14.",Snowboarders and skiers hit the slopes after some early winter weather,"Generate a faithful, specific, non-clickbait news headline. Use concrete names, numbers, places, or events only when supported by the article summary. Avoid curiosity-gap wording, exaggeration, and unsupported details. Category: weather Article summary: Early season snow has blanketed much of the Great Lakes region. Snowboarders and skiers in Otsego, Michigan, take advantage of the weather by hitting the slopes of Bittersweet Ski Resort on Nov. 14.",Snowboarders and skiers hit the slopes after some early winter weather,33,11,False,0.009543999,0,https://assets.msn.com/labs/mind/BBWLR0R.html,Snowboarders and skiers in Otsego hit the slopes of Bittersweet Ski Resort on Nov. 14.,False
specificity-005021,specificity,test,48109,N47250,autos,autosnews,I-75 South is currently closed at the Proctor Road overpass (mile marker 206) before the Clark Road Exit. Traffic is being diverted onto Bee Ridge Road.,"Vehicle hits overpass, closing I-75 South and Proctor Road","Generate a faithful, specific, non-clickbait news headline. Use concrete names, numbers, places, or events only when supported by the article summary. Avoid curiosity-gap wording, exaggeration, and unsupported details. Category: autos Article summary: I-75 South is currently closed at the Proctor Road overpass (mile marker 206) before the Clark Road Exit. Traffic is being diverted onto Bee Ridge Road.","Vehicle hits overpass, closing I-75 South and Proctor Road",26,9,True,9.0350586e-05,0,https://assets.msn.com/labs/mind/BBWIlnA.html,I-75 South closed at Clark Road overpass,False
specificity-005022,specificity,test,17622,N32178,news,newsworld,"President Donald Trump is crediting his threat of sanctions on Turkey as ""tough love"" that led the country to agree to a five-day cease-fire in its battle with Kurds in northern Syria.",The Latest: Trump credits 'tough love' for cease-fire deal,"Generate a faithful, specific, non-clickbait news headline. Use concrete names, numbers, places, or events only when supported by the article summary. Avoid curiosity-gap wording, exaggeration, and unsupported details. Category: news Article summary: President Donald Trump is crediting his threat of sanctions on Turkey as ""tough love"" that led the country to agree to a five-day cease-fire in its battle with Kurds in northern Syria.",The Latest: Trump credits 'tough love' for cease-fire deal,32,9,True,0.000116357005,0,https://assets.msn.com/labs/mind/AAIVc1y.html,"Trump praises Turkey's ""tough love"" as 'tough love'",False
specificity-005023,specificity,test,13975,N47163,news,newsscienceandtechnology,Monday's rare 'Mercury in transit' occurs when it passes between the Earth and the sun. But don't look directly or you'll damage your eyes.,Solar Telescope Required To View Rare 'Mercury In Transit' Monday,"Generate a faithful, specific, non-clickbait news headline. Use concrete names, numbers, places, or events only when supported by the article summary. Avoid curiosity-gap wording, exaggeration, and unsupported details. Category: news Article summary: Monday's rare 'Mercury in transit' occurs when it passes between the Earth and the sun. But don't look directly or you'll damage your eyes.",Solar Telescope Required To View Rare 'Mercury In Transit' Monday,24,10,True,0.00010425616,0,https://assets.msn.com/labs/mind/AAJXTOK.html,'Mercury in transit' occurs when it passes between Earth and the sun,False
specificity-005024,specificity,test,2608,N19475,sports,football_nfl,"Tevin Coleman scored three of his four touchdowns in the first half, rookie Nick Bosa had three sacks to go along with an acrobatic interception and the San Francisco 49ers remained unbeaten with a 51-13 victory over the Carolina Panthers on Sunday in their highest-scoring game in 26 years.",Coleman's 4 TDs lead 49ers past Panthers 51-13,"Generate a faithful, specific, non-clickbait news headline. Use concrete names, numbers, places, or events only when supported by the article summary. Avoid curiosity-gap wording, exaggeration, and unsupported details. Category: sports Article summary: Tevin Coleman scored three of his four touchdowns in the first half, rookie Nick Bosa had three sacks to go along with an acrobatic interception and the San Francisco 49ers remained unbeaten with a 51-13 victory over the Carolina Panthers on Sunday in their highest-scoring game in 26 years.",Coleman's 4 TDs lead 49ers past Panthers 51-13,49,8,True,0.00014062645,0,https://assets.msn.com/labs/mind/AAJrLCF.html,San Francisco 49ers beat Panthers 51-13 in their highest-scoring game in 26 years,False
specificity-005025,specificity,test,38786,N54062,foodanddrink,newstrends,"Hoodline crunched the numbers to find the top smokehouses in St. Louis. Here's a rundown of top businesses in the city, with ratings, photos and more.",St. Louis' top 5 smokehouses to visit now,"Generate a faithful, specific, non-clickbait news headline. Use concrete names, numbers, places, or events only when supported by the article summary. Avoid curiosity-gap wording, exaggeration, and unsupported details. Category: foodanddrink Article summary: Hoodline crunched the numbers to find the top smokehouses in St. Louis. Here's a rundown of top businesses in the city, with ratings, photos and more.",St. Louis' top 5 smokehouses to visit now,26,8,True,0.0004747728,0,https://assets.msn.com/labs/mind/BBWB7uA.html,Top smokehouses in St. Louis,False
specificity-005026,specificity,test,56814,N25869,sports,more_sports,"A longtime agreement allowing Badin High School sports teams to play at Hamilton High School's stadium may be reduced or canceled, according to Hamilton school officials.",Badin's use of Hamilton High School stadium in jeopardy,"Generate a faithful, specific, non-clickbait news headline. Use concrete names, numbers, places, or events only when supported by the article summary. Avoid curiosity-gap wording, exaggeration, and unsupported details. Category: sports Article summary: A longtime agreement allowing Badin High School sports teams to play at Hamilton High School's stadium may be reduced or canceled, according to Hamilton school officials.",Badin's use of Hamilton High School stadium in jeopardy,26,9,True,0.00013671619,0,https://assets.msn.com/labs/mind/AAJbbhT.html,Badin High School sports teams to play at Hamilton High School may be reduced or canceled,False
specificity-005027,specificity,test,36276,N5781,video,news,"Politico reports at least eight former White House, presidential transition and Trump campaign officials were hired as outside contractors by the Centers for Medicare and Medicaid Services. But these contractors were not needed because the Centers for Medicare and Medicaid services already has career communications staffers on the payroll. One More Thing with Katy Tur looks at this case of ""big-league"" wasteful spending.",One More Thing: Trump allies received hundreds of thousands of dollars under federal health contract,"Generate a faithful, specific, non-clickbait news headline. Use concrete names, numbers, places, or events only when supported by the article summary. Avoid curiosity-gap wording, exaggeration, and unsupported details. Category: video Article summary: Politico reports at least eight former White House, presidential transition and Trump campaign officials were hired as outside contractors by the Centers for Medicare and Medicaid Services. But these contractors were not needed because the Centers for Medicare and Medicaid services already has career communications staffers on the payroll. One More Thing with Katy Tur looks at this case of ""big-league"" wasteful spending.",One More Thing: Trump allies received hundreds of thousands of dollars under federal health contract,63,15,True,0.00020107337,0,https://assets.msn.com/labs/mind/BBWEN2S.html,Former Trump campaign officials hired as outside contractors by Centers for Medicare and Medicaid Services,False
specificity-005028,specificity,test,13604,N57362,news,newspolitics,"Belgian Malinois ""Cactus Jack"" serves the Precinct 4 Constable's Office alongside Deputy Justin Loucks. ""All of his commands are in Hungarian."" Loucks said his bond with Cactus Jack is solid, no matter how you say it. ""24/7, I'm always with him,"" Loucks said. ""Comes home with me, spends time with the kids, my wife. So, basically, he's part of the family."" Like his department, Loucks is glad more than 90% of Texas voters supported a...",'I couldn't imagine losing him': Local deputy praises passage of K-9 retirement law,"Generate a faithful, specific, non-clickbait news headline. Use concrete names, numbers, places, or events only when supported by the article summary. Avoid curiosity-gap wording, exaggeration, and unsupported details. Category: news Article summary: Belgian Malinois ""Cactus Jack"" serves the Precinct 4 Constable's Office alongside Deputy Justin Loucks. ""All of his commands are in Hungarian."" Loucks said his bond with Cactus Jack is solid, no matter how you say it. ""24/7, I'm always with him,"" Loucks said. ""Comes home with me, spends time with the kids, my wife. So, basically, he's part of the family."" Like his department, Loucks is glad more than 90% of Texas voters supported a...",'I couldn't imagine losing him': Local deputy praises passage of K-9 retirement law,75,13,True,0.0001320979,0,https://assets.msn.com/labs/mind/AAJXRcO.html,"Belgian Malinois ""Cactus Jack"" serves Precinct 4 Constable's Office alongside Deputy Justin Loucks",False
specificity-005029,specificity,test,56158,N23815,travel,travelarticle,CBS 11 took a closer look inside two places in Fort Worth believed to be some of the most haunted in Texas and across the country.,Some Convinced Certain Fort Worth Buildings Are Haunted: 'The Spirits Have A Heyday Up Here',"Generate a faithful, specific, non-clickbait news headline. Use concrete names, numbers, places, or events only when supported by the article summary. Avoid curiosity-gap wording, exaggeration, and unsupported details. Category: travel Article summary: CBS 11 took a closer look inside two places in Fort Worth believed to be some of the most haunted in Texas and across the country.",Some Convinced Certain Fort Worth Buildings Are Haunted: 'The Spirits Have A Heyday Up Here',26,15,True,0.008349965,0,https://assets.msn.com/labs/mind/AAJFpiy.html,CBS 11 takes closer look at Fort Worth haunted places,False
specificity-005030,specificity,test,30548,N50710,news,newsus,"A U.S. Air Force airman went missing Tuesday after falling from a C-130 aircraft into the Gulf of Mexico, according to reports.",Air Force airman missing after fall into Gulf of Mexico from C-130 aircraft,"Generate a faithful, specific, non-clickbait news headline. Use concrete names, numbers, places, or events only when supported by the article summary. Avoid curiosity-gap wording, exaggeration, and unsupported details. Category: news Article summary: A U.S. Air Force airman went missing Tuesday after falling from a C-130 aircraft into the Gulf of Mexico, according to reports.",Air Force airman missing after fall into Gulf of Mexico from C-130 aircraft,22,13,True,0.00010873898,0,https://assets.msn.com/labs/mind/AAJVQJB.html,Airman missing after falling from C-130 aircraft into Gulf of Mexico,False
specificity-005031,specificity,test,19642,N15488,news,newsus,"LOS ANGELES - The Los Angeles City Council approved an emergency moratorium on evictions Tuesday that aims to stop landlords from quickly booting tenants before new statewide rental rules take effect in January. In a 14-to-0 vote, council members passed a ban on ""no-fault"" evictions. The ban would prevent property owners from removing residential tenants unless there's just cause, such as ...",LA City Council passes moratorium on rental evictions,"Generate a faithful, specific, non-clickbait news headline. Use concrete names, numbers, places, or events only when supported by the article summary. Avoid curiosity-gap wording, exaggeration, and unsupported details. Category: news Article summary: LOS ANGELES - The Los Angeles City Council approved an emergency moratorium on evictions Tuesday that aims to stop landlords from quickly booting tenants before new statewide rental rules take effect in January. In a 14-to-0 vote, council members passed a ban on ""no-fault"" evictions. The ban would prevent property owners from removing residential tenants unless there's just cause, such as ...",LA City Council passes moratorium on rental evictions,62,8,True,7.399236e-05,0,https://assets.msn.com/labs/mind/AAJbr2v.html,Los Angeles City Council approves emergency moratorium on evictions,False
specificity-005032,specificity,test,1934,N46390,sports,football_nfl,Tom Brady is back to full health for the New England Patriots. After being limited in practice Wednesday with a right shoulder injury the -year-old quarterback was removed from the injury report,Tom Brady Removed From Patriots Injury Report Ahead Of Ravens Game,"Generate a faithful, specific, non-clickbait news headline. Use concrete names, numbers, places, or events only when supported by the article summary. Avoid curiosity-gap wording, exaggeration, and unsupported details. Category: sports Article summary: Tom Brady is back to full health for the New England Patriots. After being limited in practice Wednesday with a right shoulder injury the -year-old quarterback was removed from the injury report",Tom Brady Removed From Patriots Injury Report Ahead Of Ravens Game,32,11,True,0.0001519923,0,https://assets.msn.com/labs/mind/AAJEXMa.html,Brady back to full health for Patriots,False
specificity-005033,specificity,test,62521,N64376,news,newscrime,"The man who died at Grandview Medical Center Friday night after he was shot while inside his car on Forsythe Avenue has been identified as Dandre Hill, 32, of West Carrollton, according to the Montgomery County Coroner's Office.",Man fatally shot as he sat in his car identified; Dayton police have no suspect,"Generate a faithful, specific, non-clickbait news headline. Use concrete names, numbers, places, or events only when supported by the article summary. Avoid curiosity-gap wording, exaggeration, and unsupported details. Category: news Article summary: The man who died at Grandview Medical Center Friday night after he was shot while inside his car on Forsythe Avenue has been identified as Dandre Hill, 32, of West Carrollton, according to the Montgomery County Coroner's Office.",Man fatally shot as he sat in his car identified; Dayton police have no suspect,38,15,True,0.00013246937,0,https://assets.msn.com/labs/mind/BBWPHLr.html,"Dandre Hill, 32, killed in Grandview Medical Center shooting",False
specificity-005034,specificity,test,19741,N18676,tv,tvnews,"WarnerMedia revealed the launch date and pricing of HBO Max and it will cost the same as HBO's standalone streaming service, for twice the amount of content. The company revealed that HBO Max will debut in May 2020 in the U.S. and cost $14.99 per month. Out of the gate, existing subscribers of HBO","HBO Max Sets Monthly Pricing, May 2020 Launch Date","Generate a faithful, specific, non-clickbait news headline. Use concrete names, numbers, places, or events only when supported by the article summary. Avoid curiosity-gap wording, exaggeration, and unsupported details. Category: tv Article summary: WarnerMedia revealed the launch date and pricing of HBO Max and it will cost the same as HBO's standalone streaming service, for twice the amount of content. The company revealed that HBO Max will debut in May 2020 in the U.S. and cost $14.99 per month. Out of the gate, existing subscribers of HBO","HBO Max Sets Monthly Pricing, May 2020 Launch Date",54,9,True,7.641685e-05,0,https://assets.msn.com/labs/mind/AAJyteo.html,HBO Max to debut in the U.S. and cost $14.99 per month,False
specificity-005035,specificity,test,18957,N3786,news,newspolitics,"Acting White House chief of staff Mick Mulvaney is finding himself on shaky ground following a pair of public appearances that produced more problems than solutions for his boss, President Trump.",Mulvaney faces uncertain future after public gaffes,"Generate a faithful, specific, non-clickbait news headline. Use concrete names, numbers, places, or events only when supported by the article summary. Avoid curiosity-gap wording, exaggeration, and unsupported details. Category: news Article summary: Acting White House chief of staff Mick Mulvaney is finding himself on shaky ground following a pair of public appearances that produced more problems than solutions for his boss, President Trump.",Mulvaney faces uncertain future after public gaffes,31,7,False,8.760954e-05,0,https://assets.msn.com/labs/mind/AAJ7TO0.html,Mick Mulvaney finds himself on shaky ground following public appearances,False
specificity-005036,specificity,test,60952,N28779,sports,football_nfl,"NEW PORT RICHEY Led by the powerful running of Anthony Roussos, who rushed for a game-high 226 yards and three touchdowns, along with a ball-hawking defense that forced seven turnovers, River Ridge clinched the Class 5A, District 11 title with a 52-19 win over Zephyrhills. Monday's makeup of Friday's postponed matchup due to a flooded field gives the host Royal Knights three district ...",River Ridge emphatically claims district title,"Generate a faithful, specific, non-clickbait news headline. Use concrete names, numbers, places, or events only when supported by the article summary. Avoid curiosity-gap wording, exaggeration, and unsupported details. Category: sports Article summary: NEW PORT RICHEY Led by the powerful running of Anthony Roussos, who rushed for a game-high 226 yards and three touchdowns, along with a ball-hawking defense that forced seven turnovers, River Ridge clinched the Class 5A, District 11 title with a 52-19 win over Zephyrhills. Monday's makeup of Friday's postponed matchup due to a flooded field gives the host Royal Knights three district ...",River Ridge emphatically claims district title,64,6,True,7.455843e-05,0,https://assets.msn.com/labs/mind/AAJ9BXt.html,"River Ridge clinches Class 5A, District 11 title with 52-19 win over Zephyrhills",False
specificity-005037,specificity,test,972,N34760,sports,basketball_nba,It's old news now that the Nets beat out the Knicks in the sweepstakes for both Kevin Durant and Kyrie Irving this past free agency period.,Rose: Durant's free agency would've 'been different' without season-ending injury,"Generate a faithful, specific, non-clickbait news headline. Use concrete names, numbers, places, or events only when supported by the article summary. Avoid curiosity-gap wording, exaggeration, and unsupported details. Category: sports Article summary: It's old news now that the Nets beat out the Knicks in the sweepstakes for both Kevin Durant and Kyrie Irving this past free agency period.",Rose: Durant's free agency would've 'been different' without season-ending injury,26,10,True,0.0010674548,0,https://assets.msn.com/labs/mind/AAJ4PGV.html,Nets beat Knicks in free agency sweepstakes,False
specificity-005038,specificity,test,44768,N28230,sports,football_nfl,"AUSTIN It's hard to say whether anyone inside Royal-Memorial Stadium was stunned when Texas fell behind Kansas State by two touchdowns just 10 minutes into last Saturday's game. The fans were distraught, and the players were incensed, but given the way both programs had trended the past few weeks no one appeared shocked. The Longhorns weren't stupefied at the 14-0 deficit. ""This might sound crazy but no, not at all,"" sophomore tailback...",Latest win has UT defense walking tall,"Generate a faithful, specific, non-clickbait news headline. Use concrete names, numbers, places, or events only when supported by the article summary. Avoid curiosity-gap wording, exaggeration, and unsupported details. Category: sports Article summary: AUSTIN It's hard to say whether anyone inside Royal-Memorial Stadium was stunned when Texas fell behind Kansas State by two touchdowns just 10 minutes into last Saturday's game. The fans were distraught, and the players were incensed, but given the way both programs had trended the past few weeks no one appeared shocked. The Longhorns weren't stupefied at the 14-0 deficit. ""This might sound crazy but no, not at all,"" sophomore tailback...",Latest win has UT defense walking tall,72,7,False,9.618768e-05,0,https://assets.msn.com/labs/mind/BBWBZ8x.html,"Longhorns vs. Kansas State: 'This might sound crazy but no, not at all'",False
specificity-005039,specificity,test,45744,N54351,autos,autosnews,"A portion of Interstate 90 in Avon is once again open following a crash Wednesday evening. The crash occurred in the east bound lanes between State Route 611 and State Route 83 around 8 p.m. According to police, a semi-truck struck another unoccupied semi-truck, causing mail and some fuel to spill onto the highway. The driver of the mail truck suffered only minor injuries despite the vehicles being heavily damaged. The entire scene was cleared...",Photos: Portion of I-90 east open again following crash in Avon Wednesday night,"Generate a faithful, specific, non-clickbait news headline. Use concrete names, numbers, places, or events only when supported by the article summary. Avoid curiosity-gap wording, exaggeration, and unsupported details. Category: autos Article summary: A portion of Interstate 90 in Avon is once again open following a crash Wednesday evening. The crash occurred in the east bound lanes between State Route 611 and State Route 83 around 8 p.m. According to police, a semi-truck struck another unoccupied semi-truck, causing mail and some fuel to spill onto the highway. The driver of the mail truck suffered only minor injuries despite the vehicles being heavily damaged. The entire scene was cleared...",Photos: Portion of I-90 east open again following crash in Avon Wednesday night,75,13,True,0.00014626578,0,https://assets.msn.com/labs/mind/BBWIB0D.html,Interstate 90 in Avon again open following crash,False
specificity-005040,specificity,test,46950,N55548,sports,basketball_nba,"When Kristaps Porzingis crashed to the Madison Square Garden floor in pain on Feb. 6, 2018, it was soon clear that would be his final play of the season. Much harder to imagine was that it would be the final play of his Knicks career. Porzingis returns to the arena on Thursday for a nationally televised game between the Dallas Mavericks and the Knicks, who are already showing signs of the type of chaos that helped sour the star...",Porzingis returns as Knicks show signs of chaos he escaped,"Generate a faithful, specific, non-clickbait news headline. Use concrete names, numbers, places, or events only when supported by the article summary. Avoid curiosity-gap wording, exaggeration, and unsupported details. Category: sports Article summary: When Kristaps Porzingis crashed to the Madison Square Garden floor in pain on Feb. 6, 2018, it was soon clear that would be his final play of the season. Much harder to imagine was that it would be the final play of his Knicks career. Porzingis returns to the arena on Thursday for a nationally televised game between the Dallas Mavericks and the Knicks, who are already showing signs of the type of chaos that helped sour the star...",Porzingis returns as Knicks show signs of chaos he escaped,79,10,True,8.194128e-05,0,https://assets.msn.com/labs/mind/BBWIe2x.html,Kristaps Porzingis returns to Madison Square Garden for televised game between Dallas Mavericks and Knicks,False
specificity-005041,specificity,test,50832,N1416,finance,financenews,Tempe-based Envoy America made it easier for elderly and infirm to get around with door-to-door service that takes them from where they need to go.,Envoy America uses ride-share business model to keep seniors moving,"Generate a faithful, specific, non-clickbait news headline. Use concrete names, numbers, places, or events only when supported by the article summary. Avoid curiosity-gap wording, exaggeration, and unsupported details. Category: finance Article summary: Tempe-based Envoy America made it easier for elderly and infirm to get around with door-to-door service that takes them from where they need to go.",Envoy America uses ride-share business model to keep seniors moving,25,10,True,0.00015717871,0,https://assets.msn.com/labs/mind/BBWynUg.html,Tempe-based Envoy America makes it easier for elderly and infirm to get around with door-to-door service,False
specificity-005042,specificity,test,60738,N10377,news,newsus,Altin Nezaj was killed when the SUV he was in collided with another car on Route 304 in Pearl River and then plunged off an overpass and burst into flames.,Funeral Held For 17-Year-Old Football Player Killed In Pearl River Overpass Crash,"Generate a faithful, specific, non-clickbait news headline. Use concrete names, numbers, places, or events only when supported by the article summary. Avoid curiosity-gap wording, exaggeration, and unsupported details. Category: news Article summary: Altin Nezaj was killed when the SUV he was in collided with another car on Route 304 in Pearl River and then plunged off an overpass and burst into flames.",Funeral Held For 17-Year-Old Football Player Killed In Pearl River Overpass Crash,30,12,True,9.81403e-05,0,https://assets.msn.com/labs/mind/AAIRPZL.html,Altin Nezaj killed when SUV collided with another car on Pearl River,False
specificity-005043,specificity,test,37830,N5780,weather,weathertopstories,"BLOOMINGTON, Ind. 55 buildings at Indiana University's Bloomington Campus went dark for almost all day Friday after an incident off-campus. IU representatives say an incident at the Duke substation off campus caused an oversurge at their distribution center just before 10:15 Friday morning. This caused a small fire at the distribution center, melting an important cable. The incident and fire ...",Incident causes power outage at IU Bloomington campus,"Generate a faithful, specific, non-clickbait news headline. Use concrete names, numbers, places, or events only when supported by the article summary. Avoid curiosity-gap wording, exaggeration, and unsupported details. Category: weather Article summary: BLOOMINGTON, Ind. 55 buildings at Indiana University's Bloomington Campus went dark for almost all day Friday after an incident off-campus. IU representatives say an incident at the Duke substation off campus caused an oversurge at their distribution center just before 10:15 Friday morning. This caused a small fire at the distribution center, melting an important cable. The incident and fire ...",Incident causes power outage at IU Bloomington campus,61,8,True,8.8814675e-05,0,https://assets.msn.com/labs/mind/BBWtS8o.html,Indiana University's Bloomington Campus goes dark for almost all day after incident off-campus,False
specificity-005044,specificity,test,38224,N43147,sports,football_nfl,https://www.dailymotion.com/embed/video/x nyro autoPlay= FOXBORO Mass. -- We still don't know if New England Patriots rookie wide receiver N'Keal Harry will actually make his NFL debut Sunday but the first-round pick,Patriots' N'Keal Harry Looked At Time On Injured Reserve As A Positive,"Generate a faithful, specific, non-clickbait news headline. Use concrete names, numbers, places, or events only when supported by the article summary. Avoid curiosity-gap wording, exaggeration, and unsupported details. Category: sports Article summary: https://www.dailymotion.com/embed/video/x nyro autoPlay= FOXBORO Mass. -- We still don't know if New England Patriots rookie wide receiver N'Keal Harry will actually make his NFL debut Sunday but the first-round pick",Patriots' N'Keal Harry Looked At Time On Injured Reserve As A Positive,30,12,True,0.00044692945,0,https://assets.msn.com/labs/mind/BBWMbzN.html,New England Patriots rookie wide receiver N'Keal Harry to make NFL debut Sunday,False
specificity-005045,specificity,test,30521,N11902,news,newsus,A 1943 duck boat is one of 600 vehicles available at Pennsylvania's auction of former fleet cars and vehicles seized by police.,World War II-Era Duck Boat Among 600 Vehicles Being Auctioned By Pennsylvania,"Generate a faithful, specific, non-clickbait news headline. Use concrete names, numbers, places, or events only when supported by the article summary. Avoid curiosity-gap wording, exaggeration, and unsupported details. Category: news Article summary: A 1943 duck boat is one of 600 vehicles available at Pennsylvania's auction of former fleet cars and vehicles seized by police.",World War II-Era Duck Boat Among 600 Vehicles Being Auctioned By Pennsylvania,22,12,True,0.00010483118,0,https://assets.msn.com/labs/mind/AAIXptx.html,A duck boat is one of 600 vehicles available at auction of former fleet cars and vehicles seized by police,False
specificity-005046,specificity,test,15930,N21969,news,newspolitics,"Ghazala Hashmi and Abrar Omeish are the first Muslim women elected in Virginia, and the latter is the state's youngest elected official.",Virginia Election 2019: First Muslim Women Elected,"Generate a faithful, specific, non-clickbait news headline. Use concrete names, numbers, places, or events only when supported by the article summary. Avoid curiosity-gap wording, exaggeration, and unsupported details. Category: news Article summary: Ghazala Hashmi and Abrar Omeish are the first Muslim women elected in Virginia, and the latter is the state's youngest elected official.",Virginia Election 2019: First Muslim Women Elected,22,7,True,8.750775e-05,0,https://assets.msn.com/labs/mind/AAJXdgr.html,Virginia's Ghazala Hashmi and Abrar Omeish are the first Muslim women elected in Virginia,False
specificity-005047,specificity,test,60665,N1295,news,newsus,"CLEVELAND-- A planned protest outside an economic summit in downtown Cleveland was canceled after minority leaders demanded inclusion and won. Members of the Black Contractors Association and Cleveland Clergy Coalition held a joint news conference to announce there will now be minority inclusion during the Cleveland Rising Summit. Organized by Destination Cleveland, its mission is to set goals ...",Protest of Cleveland Rising Summit canceled as minority leaders announce inclusion,"Generate a faithful, specific, non-clickbait news headline. Use concrete names, numbers, places, or events only when supported by the article summary. Avoid curiosity-gap wording, exaggeration, and unsupported details. Category: news Article summary: CLEVELAND-- A planned protest outside an economic summit in downtown Cleveland was canceled after minority leaders demanded inclusion and won. Members of the Black Contractors Association and Cleveland Clergy Coalition held a joint news conference to announce there will now be minority inclusion during the Cleveland Rising Summit. Organized by Destination Cleveland, its mission is to set goals ...",Protest of Cleveland Rising Summit canceled as minority leaders announce inclusion,59,11,True,8.0979764e-05,0,https://assets.msn.com/labs/mind/AAJvhn5.html,Black Contractors Association and Cleveland Clergy Coalition announce minority inclusion during Cleveland Rising Summit,False
specificity-005048,specificity,test,17566,N8277,news,newsus,A multistate salmonella outbreak caused one death and sickened 10 people in August and September. The outbreak is linked to ground beef.,"1 dead, 10 sickened after multistate Salmonella outbreak linked to ground beef","Generate a faithful, specific, non-clickbait news headline. Use concrete names, numbers, places, or events only when supported by the article summary. Avoid curiosity-gap wording, exaggeration, and unsupported details. Category: news Article summary: A multistate salmonella outbreak caused one death and sickened 10 people in August and September. The outbreak is linked to ground beef.","1 dead, 10 sickened after multistate Salmonella outbreak linked to ground beef",22,12,True,0.0003281638,0,https://assets.msn.com/labs/mind/AAJNdEF.html,"Multistate salmonella outbreak causes one death, sickened 10 in August and September",False
specificity-005049,specificity,test,52141,N43040,weather,weathertopstories,"Crews from a variety of power companies are hard at work right now as they repair and replace power lines in areas that were hit hard by tornadoes in North Texas. Some property owners are also hard at work. ""I have 35 different people in here,"" R.G. Colling said as he surveyed the damage at a business center he owns off Shady Trail in northwest Dallas. The landlord and some of his tenants are trying to keep their property safe from suspected...",'I chased around 9 or 10 looters out of here': Tornado victims protect property as clean-up continues,"Generate a faithful, specific, non-clickbait news headline. Use concrete names, numbers, places, or events only when supported by the article summary. Avoid curiosity-gap wording, exaggeration, and unsupported details. Category: weather Article summary: Crews from a variety of power companies are hard at work right now as they repair and replace power lines in areas that were hit hard by tornadoes in North Texas. Some property owners are also hard at work. ""I have 35 different people in here,"" R.G. Colling said as he surveyed the damage at a business center he owns off Shady Trail in northwest Dallas. The landlord and some of his tenants are trying to keep their property safe from suspected...",'I chased around 9 or 10 looters out of here': Tornado victims protect property as clean-up continues,82,17,True,0.00023621418,0,https://assets.msn.com/labs/mind/AAJgdNj.html,Power companies are hard at work as they repair and replace power lines in North Texas,False
specificity-005050,specificity,test,15681,N30127,sports,racing,"Red Bull says it is now in no rush to decide who will partner Max Verstappen next year, after admitting calendar confusion prompted it to say a call would be made after the Mexican GP.","Marko: Mexico deadline for 2020 F1 line-up ""a mistake""","Generate a faithful, specific, non-clickbait news headline. Use concrete names, numbers, places, or events only when supported by the article summary. Avoid curiosity-gap wording, exaggeration, and unsupported details. Category: sports Article summary: Red Bull says it is now in no rush to decide who will partner Max Verstappen next year, after admitting calendar confusion prompted it to say a call would be made after the Mexican GP.","Marko: Mexico deadline for 2020 F1 line-up ""a mistake""",35,9,True,0.00020690248,0,https://assets.msn.com/labs/mind/AAJBaxs.html,Red Bull says it is no rush to decide who will partner Max Verstappen next year,False
specificity-005051,specificity,test,35217,N55591,sports,football_nfl,"Quick Take: Madison scored on its first four possessions of the second half to pull away and clinch its second straight District 27-6A championship in a 49-34 victory over Johnson Friday at Heroes Stadium. Running back Darien Gill and quarterback Michael Garza led a huge rushing attack that piled up 478 yards on 51 carries. Gill, Garza and running back Gabriel Green each rushed for two scores. ""We wanted to run that football,"" Madison coach...",Madison grounds out second straight 27-6A title,"Generate a faithful, specific, non-clickbait news headline. Use concrete names, numbers, places, or events only when supported by the article summary. Avoid curiosity-gap wording, exaggeration, and unsupported details. Category: sports Article summary: Quick Take: Madison scored on its first four possessions of the second half to pull away and clinch its second straight District 27-6A championship in a 49-34 victory over Johnson Friday at Heroes Stadium. Running back Darien Gill and quarterback Michael Garza led a huge rushing attack that piled up 478 yards on 51 carries. Gill, Garza and running back Gabriel Green each rushed for two scores. ""We wanted to run that football,"" Madison coach...",Madison grounds out second straight 27-6A title,75,7,True,8.112522e-05,0,https://assets.msn.com/labs/mind/BBWuTLJ.html,Madison beat Johnson 49-34 at Heroes Stadium,False
specificity-005052,specificity,test,13114,N57947,news,newsus,"Smoke from a massive Sonoma County wildfire was blanketing the Bay Area region on Friday, raising air pollution levels and prompting officials to issue an advisory warning of unhealthful conditions. The Bay Area Air Quality Management District, which monitors elevated levels of particle pollution, urged people from the North Bay to the Santa Clara Valley to limit their exposure to the smoke. The most sensitive groups include the elderly,...","Smoke from the Kincade fire is spreading across the Bay Area, bringing unhealthful air quality","Generate a faithful, specific, non-clickbait news headline. Use concrete names, numbers, places, or events only when supported by the article summary. Avoid curiosity-gap wording, exaggeration, and unsupported details. Category: news Article summary: Smoke from a massive Sonoma County wildfire was blanketing the Bay Area region on Friday, raising air pollution levels and prompting officials to issue an advisory warning of unhealthful conditions. The Bay Area Air Quality Management District, which monitors elevated levels of particle pollution, urged people from the North Bay to the Santa Clara Valley to limit their exposure to the smoke. The most sensitive groups include the elderly,...","Smoke from the Kincade fire is spreading across the Bay Area, bringing unhealthful air quality",69,15,True,0.0007714583,0,https://assets.msn.com/labs/mind/AAJmUEp.html,Smoke from Sonoma County wildfire blankets Bay Area region,False
specificity-005053,specificity,test,30794,N19530,sports,golf,"JEJU ISLAND, South Korea (AP) Justin Thomas shot a 9-under 63 Friday to take a two-stroke lead at the CJ Cup, putting himself in position to win his second PGA Tour event in South Korea in three years. Thomas, who won the inaugural CJ Cup in 2017, had a two-round total of 13-under 131 at Nine Bridges. South Korean-born New Zealander Danny Lee (66) was in a tie for second place with first-round leader Byeong Hun An (69). Thomas birdied his...",Justin Thomas takes 2-stroke after 2 rounds at CJ Cup,"Generate a faithful, specific, non-clickbait news headline. Use concrete names, numbers, places, or events only when supported by the article summary. Avoid curiosity-gap wording, exaggeration, and unsupported details. Category: sports Article summary: JEJU ISLAND, South Korea (AP) Justin Thomas shot a 9-under 63 Friday to take a two-stroke lead at the CJ Cup, putting himself in position to win his second PGA Tour event in South Korea in three years. Thomas, who won the inaugural CJ Cup in 2017, had a two-round total of 13-under 131 at Nine Bridges. South Korean-born New Zealander Danny Lee (66) was in a tie for second place with first-round leader Byeong Hun An (69). Thomas birdied his...",Justin Thomas takes 2-stroke after 2 rounds at CJ Cup,81,10,True,0.000104881474,0,https://assets.msn.com/labs/mind/AAIY6VW.html,Justin Thomas takes two-stroke lead at CJ Cup,False
specificity-005054,specificity,test,13104,N34140,finance,markets,"Gov. Gavin Newsom thinks oil companies may be ""engaging in false advertising or price fixing"" and he has called on Attorney General Xavier Bacerra to open an investigation into what UC Berkeley professor Severin Borenstein has long called the ""mystery gasoline surcharge.""",What's behind the 'mystery surcharge' at some California gas stations?,"Generate a faithful, specific, non-clickbait news headline. Use concrete names, numbers, places, or events only when supported by the article summary. Avoid curiosity-gap wording, exaggeration, and unsupported details. Category: finance Article summary: Gov. Gavin Newsom thinks oil companies may be ""engaging in false advertising or price fixing"" and he has called on Attorney General Xavier Bacerra to open an investigation into what UC Berkeley professor Severin Borenstein has long called the ""mystery gasoline surcharge.""",What's behind the 'mystery surcharge' at some California gas stations?,42,10,True,0.0005133645,0,https://assets.msn.com/labs/mind/AAJhbUQ.html,"Gov. Gavin Newsom calls on Attorney General Xavier Bacerra to open probe into UC Berkeley's ""mystery gasoline sur",False
specificity-005055,specificity,test,43873,N13817,sports,football_nfl,"The future of the Miami Dolphins is down to a question no one can untangle or underestimate: How dumb are these other NFL teams? The Dolphins have matched anyone, dumb for dumb, for years. Everyone saw it from Dave Wannstedt to Mike Tannenbaum. Now they have an intriguing plan that doesn't demand brains for winning as much as a stomach for losing, or inspired thinking as much as merciless ...",Hyde: Dolphins' bold plan threatened by other teams' stupidity | Commentary,"Generate a faithful, specific, non-clickbait news headline. Use concrete names, numbers, places, or events only when supported by the article summary. Avoid curiosity-gap wording, exaggeration, and unsupported details. Category: sports Article summary: The future of the Miami Dolphins is down to a question no one can untangle or underestimate: How dumb are these other NFL teams? The Dolphins have matched anyone, dumb for dumb, for years. Everyone saw it from Dave Wannstedt to Mike Tannenbaum. Now they have an intriguing plan that doesn't demand brains for winning as much as a stomach for losing, or inspired thinking as much as merciless ...",Hyde: Dolphins' bold plan threatened by other teams' stupidity | Commentary,70,11,True,0.00029339045,0,https://assets.msn.com/labs/mind/BBWwaUL.html,Dolphins' future is down to a question no one can untangle or underestimate: How dumb are these other NFL teams?,False
specificity-005056,specificity,test,55967,N8870,news,newsus,"West Hollywood City Councilman John Duran said Ed Buck once hung an effigy of him in a park. Some municipal employees said they refused to meet alone with him, and he unnerved two political foes so much at council meetings that sheriff's deputies accompanied them to their cars afterward. Still, for years, Buck was a fixture in West Hollywood, where he donated to all but one of the current City Council members, enmeshed himself in local activist...",Ed Buck was known for his abrasive behavior. But politicians still took his money,"Generate a faithful, specific, non-clickbait news headline. Use concrete names, numbers, places, or events only when supported by the article summary. Avoid curiosity-gap wording, exaggeration, and unsupported details. Category: news Article summary: West Hollywood City Councilman John Duran said Ed Buck once hung an effigy of him in a park. Some municipal employees said they refused to meet alone with him, and he unnerved two political foes so much at council meetings that sheriff's deputies accompanied them to their cars afterward. Still, for years, Buck was a fixture in West Hollywood, where he donated to all but one of the current City Council members, enmeshed himself in local activist...",Ed Buck was known for his abrasive behavior. But politicians still took his money,77,14,True,0.064102076,0,https://assets.msn.com/labs/mind/AAIVHya.html,West Hollywood City Councilman says Ed Buck once hung an effigy of him in park,False
specificity-005057,specificity,test,60495,N10809,weather,weathertopstories,"Firefighters are investigating an early morning fire in Greenville County. It started around 6 a.m. Wednesday in a building on the 2600 block of Laurens Road. When firefighters got to the scene, they found smoke and flames coming from a metal storage building. There was an RV behind the storage building that was also on fire, firefighters said. It is unclear where the fire started. There is no word on any injuries. Firefighters are still...",Firefighters: Early morning fire near stretch of Greenville Co. businesses under investigation,"Generate a faithful, specific, non-clickbait news headline. Use concrete names, numbers, places, or events only when supported by the article summary. Avoid curiosity-gap wording, exaggeration, and unsupported details. Category: weather Article summary: Firefighters are investigating an early morning fire in Greenville County. It started around 6 a.m. Wednesday in a building on the 2600 block of Laurens Road. When firefighters got to the scene, they found smoke and flames coming from a metal storage building. There was an RV behind the storage building that was also on fire, firefighters said. It is unclear where the fire started. There is no word on any injuries. Firefighters are still...",Firefighters: Early morning fire near stretch of Greenville Co. businesses under investigation,75,12,True,9.863792e-05,0,https://assets.msn.com/labs/mind/AAIRJ2h.html,Firefighters investigate early morning fire in Greenville County,False
specificity-005058,specificity,test,6316,N24960,weather,weathertopstories,"The National Weather Service in Wakefield confirmed a tornado touched down in Chesapeake on Friday morning. In a tweet, the organization said an EF1 tornado had maximum winds of 90 to 95 miles per hour, a path width of about 200 yards, and it traveled about 5 miles. RELATED: Severe storms, strong winds cause outages, road closures in Hampton Roads The NWS said the tornado initially touched down in Chesapeake near Benefit Road around 12:55 a.m....",National Weather Service: Tornado touched down in Chesapeake,"Generate a faithful, specific, non-clickbait news headline. Use concrete names, numbers, places, or events only when supported by the article summary. Avoid curiosity-gap wording, exaggeration, and unsupported details. Category: weather Article summary: The National Weather Service in Wakefield confirmed a tornado touched down in Chesapeake on Friday morning. In a tweet, the organization said an EF1 tornado had maximum winds of 90 to 95 miles per hour, a path width of about 200 yards, and it traveled about 5 miles. RELATED: Severe storms, strong winds cause outages, road closures in Hampton Roads The NWS said the tornado initially touched down in Chesapeake near Benefit Road around 12:55 a.m....",National Weather Service: Tornado touched down in Chesapeake,76,8,True,9.3056435e-05,0,https://assets.msn.com/labs/mind/AAJKCf6.html,National Weather Service confirms tornado touched down in Chesapeake,False
specificity-005059,specificity,test,39311,N16750,video,news,"Sen. Elizabeth Warren (D-MA), in a fundraising email for her presidential campaign, addressed the innuendo stoked by former Vice President Joe Biden and others who have cast her as an elitist ideologue.",Biden responds to Warren's comments on 'angry' charge,"Generate a faithful, specific, non-clickbait news headline. Use concrete names, numbers, places, or events only when supported by the article summary. Avoid curiosity-gap wording, exaggeration, and unsupported details. Category: video Article summary: Sen. Elizabeth Warren (D-MA), in a fundraising email for her presidential campaign, addressed the innuendo stoked by former Vice President Joe Biden and others who have cast her as an elitist ideologue.",Biden responds to Warren's comments on 'angry' charge,32,8,True,0.0001095513,0,https://assets.msn.com/labs/mind/BBWvPpr.html,Warren: Innuendo stoked by former Vice President Joe Biden and others who cast her as an elitist ide,False
specificity-005060,specificity,test,39646,N3456,news,newsus,"A man was shot and killed in Sacramento on Friday night, police said. The shooting happened at San Juan and Truxel roads. Police say the man was found dead inside a car. Another man was also shot and was found in the same car. He was taken to a hospital. Sign up for our Newsletters Police believe the shooting victims crashed into another car at the intersection. The occupants in the other car were not hurt. Police said they are not involved in...",Man killed after 2 shot in Sacramento,"Generate a faithful, specific, non-clickbait news headline. Use concrete names, numbers, places, or events only when supported by the article summary. Avoid curiosity-gap wording, exaggeration, and unsupported details. Category: news Article summary: A man was shot and killed in Sacramento on Friday night, police said. The shooting happened at San Juan and Truxel roads. Police say the man was found dead inside a car. Another man was also shot and was found in the same car. He was taken to a hospital. Sign up for our Newsletters Police believe the shooting victims crashed into another car at the intersection. The occupants in the other car were not hurt. Police said they are not involved in...",Man killed after 2 shot in Sacramento,83,7,True,0.000110388006,0,https://assets.msn.com/labs/mind/BBWvRrl.html,"Man shot and killed in Sacramento, police say",False
specificity-005061,specificity,test,3689,N51643,sports,basketball_nba,"Warriors center Kevon Looney is on track to return for Thursday's season opener against the Clippers. Looney, who missed the preseason with a strained right hamstring, on Sunday scrimmaged for the first time since getting injured on the first day of training camp. If he feels OK, Looney will scrimmage again Tuesday. ""I just talked to him, and he said he felt good,"" Warriors head coach Steve Kerr said. ""We'll continue to get more work in as the...",Warriors' Kevon Looney on track to return for season opener,"Generate a faithful, specific, non-clickbait news headline. Use concrete names, numbers, places, or events only when supported by the article summary. Avoid curiosity-gap wording, exaggeration, and unsupported details. Category: sports Article summary: Warriors center Kevon Looney is on track to return for Thursday's season opener against the Clippers. Looney, who missed the preseason with a strained right hamstring, on Sunday scrimmaged for the first time since getting injured on the first day of training camp. If he feels OK, Looney will scrimmage again Tuesday. ""I just talked to him, and he said he felt good,"" Warriors head coach Steve Kerr said. ""We'll continue to get more work in as the...",Warriors' Kevon Looney on track to return for season opener,78,10,True,0.00010901971,0,https://assets.msn.com/labs/mind/AAJ4GYw.html,Warriors center Kevon Looney on track to return for Thursday's season opener against Clippers,False
specificity-005062,specificity,test,7097,N48357,sports,baseball_mlb,"That's it, folks. A wrap up on the 2019 campaign, and it ends with a celebration of the first World Series championship in D.C. in 95 years.",Washington Nationals hold World Series championship parade in nation's capital,"Generate a faithful, specific, non-clickbait news headline. Use concrete names, numbers, places, or events only when supported by the article summary. Avoid curiosity-gap wording, exaggeration, and unsupported details. Category: sports Article summary: That's it, folks. A wrap up on the 2019 campaign, and it ends with a celebration of the first World Series championship in D.C. in 95 years.",Washington Nationals hold World Series championship parade in nation's capital,27,10,True,6.810007e-05,0,https://assets.msn.com/labs/mind/AAJL2UX.html,World Series: The first World Series championship in D.C. in 95 years,False
specificity-005063,specificity,test,56157,N18679,sports,basketball_ncaa,"Penn State junior Megan McNeely was just headed to class, when she heard a voice in the distance. ""Michigan State?! Why are you wearing that?"" That was from football coach James Franklin, who while walking across campus spotted McNeely wearing a T-shirt supporting the Spartans. (McNeely has family that went to MSU.) So Franklin's rectified McNeeley's wardrobe choice ... by giving her his Penn ...",Penn State's James Franklin gives student in Michigan State shirt his instead,"Generate a faithful, specific, non-clickbait news headline. Use concrete names, numbers, places, or events only when supported by the article summary. Avoid curiosity-gap wording, exaggeration, and unsupported details. Category: sports Article summary: Penn State junior Megan McNeely was just headed to class, when she heard a voice in the distance. ""Michigan State?! Why are you wearing that?"" That was from football coach James Franklin, who while walking across campus spotted McNeely wearing a T-shirt supporting the Spartans. (McNeely has family that went to MSU.) So Franklin's rectified McNeeley's wardrobe choice ... by giving her his Penn ...",Penn State's James Franklin gives student in Michigan State shirt his instead,65,12,True,0.00024723596,0,https://assets.msn.com/labs/mind/AAIDxCZ.html,Penn State freshman Megan McNeely wears T-shirt for Spartans,False
specificity-005064,specificity,test,18420,N15523,news,newscrime,The teenage boy accused of shooting a Chicago girl who was out trick-or-treating on Halloween faces a court hearing Monday.,Chicago teenager accused of shooting 7-year-old girl on Halloween faces court hearing Monday,"Generate a faithful, specific, non-clickbait news headline. Use concrete names, numbers, places, or events only when supported by the article summary. Avoid curiosity-gap wording, exaggeration, and unsupported details. Category: news Article summary: The teenage boy accused of shooting a Chicago girl who was out trick-or-treating on Halloween faces a court hearing Monday.",Chicago teenager accused of shooting 7-year-old girl on Halloween faces court hearing Monday,20,13,True,0.00031356176,0,https://assets.msn.com/labs/mind/AAJNpNN.html,Boy accused of shooting Chicago girl who was out trick-or-treating on Halloween faces court hearing,False
specificity-005065,specificity,test,39551,N48407,news,elections-2020-us,"Former Gov. Deval Patrick of Massachusetts officially entered the presidential race, adding an 18th candidate and an 11th-hour twist to a turbulent Democratic primary.","Deval Patrick Joins the 2020 Race: 'This Won't Be Easy, and It Shouldn't Be'","Generate a faithful, specific, non-clickbait news headline. Use concrete names, numbers, places, or events only when supported by the article summary. Avoid curiosity-gap wording, exaggeration, and unsupported details. Category: news Article summary: Former Gov. Deval Patrick of Massachusetts officially entered the presidential race, adding an 18th candidate and an 11th-hour twist to a turbulent Democratic primary.","Deval Patrick Joins the 2020 Race: 'This Won't Be Easy, and It Shouldn't Be'",24,14,True,0.000167008,0,https://assets.msn.com/labs/mind/BBWKqxh.html,"Former Massachusetts Gov. Deval Patrick officially enters race, adding 18th candidate and 11th-hour twist",False
specificity-005066,specificity,test,31598,N7046,travel,traveltripideas,"These budget-friendly RV campgrounds in each state may have more availability in the off-season, and go as low as $16 nightly for a spot with electricity. Even sites with amenities such as swimming holes, mini golf, fire pits, showers, movie theaters, and high-speed Wi-Fi can wind up being surprisingly affordable.",50 Budget-Friendly RV Campgrounds to Check Out,"Generate a faithful, specific, non-clickbait news headline. Use concrete names, numbers, places, or events only when supported by the article summary. Avoid curiosity-gap wording, exaggeration, and unsupported details. Category: travel Article summary: These budget-friendly RV campgrounds in each state may have more availability in the off-season, and go as low as $16 nightly for a spot with electricity. Even sites with amenities such as swimming holes, mini golf, fire pits, showers, movie theaters, and high-speed Wi-Fi can wind up being surprisingly affordable.",50 Budget-Friendly RV Campgrounds to Check Out,50,7,True,0.04265043,0,https://assets.msn.com/labs/mind/BBVhV5z.html,"RV campgrounds in each state may have more availability in the off-season, and go as low as $16 nightly for a spot with electricity",False
specificity-005067,specificity,test,59916,N60347,news,newsworld,"A driver was killed in Metairie Saturday when he was ejected from his car during a crash, officials with the Jefferson Parish Sheriff's Office said. The crash happened just before 4 p.m. on Kawanee Avenue, near Green Acres Drive, JPSO officials said. The 38-year-old man's vehicle left the road and struck a pole, JPSO investigators said. It's unclear why the car left the road. The driver, who has not been identified, was ejected from the car and...","Metairie rollover crash ejects, kills man","Generate a faithful, specific, non-clickbait news headline. Use concrete names, numbers, places, or events only when supported by the article summary. Avoid curiosity-gap wording, exaggeration, and unsupported details. Category: news Article summary: A driver was killed in Metairie Saturday when he was ejected from his car during a crash, officials with the Jefferson Parish Sheriff's Office said. The crash happened just before 4 p.m. on Kawanee Avenue, near Green Acres Drive, JPSO officials said. The 38-year-old man's vehicle left the road and struck a pole, JPSO investigators said. It's unclear why the car left the road. The driver, who has not been identified, was ejected from the car and...","Metairie rollover crash ejects, kills man",77,6,False,0.00010081912,0,https://assets.msn.com/labs/mind/AAJpCHb.html,"Driver killed in Metairie crash, officials say",False
specificity-005068,specificity,test,39931,N61753,travel,travelarticle,"It's been more than a year since Bird scooters first landed, and fleets have multiplied. Catch up on the latest tweaks to the city's scooter policies.",Your Bird ride may be changing. What to know about tweaks to Louisville's scooter rules,"Generate a faithful, specific, non-clickbait news headline. Use concrete names, numbers, places, or events only when supported by the article summary. Avoid curiosity-gap wording, exaggeration, and unsupported details. Category: travel Article summary: It's been more than a year since Bird scooters first landed, and fleets have multiplied. Catch up on the latest tweaks to the city's scooter policies.",Your Bird ride may be changing. What to know about tweaks to Louisville's scooter rules,26,15,True,0.011732355,0,https://assets.msn.com/labs/mind/BBWKu7f.html,Bird scooters re-introduced to the city's scooter policy,False
specificity-005069,specificity,test,52015,N60818,news,newspolitics,"Pence touted the benefits to Wisconsin, including increased dairy exports that President Donald Trump negotiated in what Pence, tongue in cheek, called ""his typically subtle way.""","In Wisconsin appearance, Vice President Mike Pence urges passage of trade agreement with Mexico and Canada","Generate a faithful, specific, non-clickbait news headline. Use concrete names, numbers, places, or events only when supported by the article summary. Avoid curiosity-gap wording, exaggeration, and unsupported details. Category: news Article summary: Pence touted the benefits to Wisconsin, including increased dairy exports that President Donald Trump negotiated in what Pence, tongue in cheek, called ""his typically subtle way.""","In Wisconsin appearance, Vice President Mike Pence urges passage of trade agreement with Mexico and Canada",26,16,True,6.8599795e-05,0,https://assets.msn.com/labs/mind/AAJgcjt.html,"Pence lauds Wisconsin dairy exports, including increased dairy exports",False
specificity-005070,specificity,test,35535,N15518,news,newsworld,"Lithuania and Russia swapped spies at the Baltic nation's border on Friday, with two Lithuanian citizens and a Norwegian handed over in exchange for two Russians.","Russia Releases Norwegian, Lithuanians in Unusual Spy Swap","Generate a faithful, specific, non-clickbait news headline. Use concrete names, numbers, places, or events only when supported by the article summary. Avoid curiosity-gap wording, exaggeration, and unsupported details. Category: news Article summary: Lithuania and Russia swapped spies at the Baltic nation's border on Friday, with two Lithuanian citizens and a Norwegian handed over in exchange for two Russians.","Russia Releases Norwegian, Lithuanians in Unusual Spy Swap",26,8,True,6.441186e-05,0,https://assets.msn.com/labs/mind/BBWOhmG.html,"Lithuania, Russia swap spies at Baltic nation's border",False
specificity-005071,specificity,test,49278,N39746,music,musicnews,"It's been a busy day for concert announcements at Tampa's big arena (Elton John, Harry Styles), but one we missed out on was Camila Cabello. The former Fifth Harmony singer will bring her first major headlining tour to Orlando's Amway Center on Sept. 20. Tickets start at $29 and go on sale Nov. 21. Click here.Latin pop star Prince Royce is scaling down to a more intimate local venue for his ...","New concerts: Camila Cabello, Prince Royce, Drowning Pool, more","Generate a faithful, specific, non-clickbait news headline. Use concrete names, numbers, places, or events only when supported by the article summary. Avoid curiosity-gap wording, exaggeration, and unsupported details. Category: music Article summary: It's been a busy day for concert announcements at Tampa's big arena (Elton John, Harry Styles), but one we missed out on was Camila Cabello. The former Fifth Harmony singer will bring her first major headlining tour to Orlando's Amway Center on Sept. 20. Tickets start at $29 and go on sale Nov. 21. Click here.Latin pop star Prince Royce is scaling down to a more intimate local venue for his ...","New concerts: Camila Cabello, Prince Royce, Drowning Pool, more",72,9,True,0.00064625626,0,https://assets.msn.com/labs/mind/BBWIv7H.html,Camila Cabello to tour Orlando's Amway Center on Sept. 20,False
specificity-005072,specificity,test,33613,N7476,news,newsworld,"ANKARA, Turkey (AP) Turkish officials say two explosions at an ammunition depot in southeast Turkey have injured 16 military personnel and one civilian. Gov. Abdullah Erin of Sanliurfa province has told reporters that the explosions occurred late Wednesday at the command of a mechanized brigade in the province, which borders Syria. He says the first explosion triggered the second. A fire that ensued was quickly brought under control.",Turkey: 17 hurt in explosions at ammunition depot,"Generate a faithful, specific, non-clickbait news headline. Use concrete names, numbers, places, or events only when supported by the article summary. Avoid curiosity-gap wording, exaggeration, and unsupported details. Category: news Article summary: ANKARA, Turkey (AP) Turkish officials say two explosions at an ammunition depot in southeast Turkey have injured 16 military personnel and one civilian. Gov. Abdullah Erin of Sanliurfa province has told reporters that the explosions occurred late Wednesday at the command of a mechanized brigade in the province, which borders Syria. He says the first explosion triggered the second. A fire that ensued was quickly brought under control.",Turkey: 17 hurt in explosions at ammunition depot,68,8,True,6.977223e-05,0,https://assets.msn.com/labs/mind/BBWJZIa.html,Turkish officials say two explosions at ammunition depot in southeast Turkey have injured 16 military personnel and civilian,False
specificity-005073,specificity,test,13953,N30990,news,newsus,"At a church service on Sunday, former President Jimmy Carter reflected on dying and expressed his thoughts on what would truly make American great.",President Jimmy Carter says he's 'at peace' with death during church service,"Generate a faithful, specific, non-clickbait news headline. Use concrete names, numbers, places, or events only when supported by the article summary. Avoid curiosity-gap wording, exaggeration, and unsupported details. Category: news Article summary: At a church service on Sunday, former President Jimmy Carter reflected on dying and expressed his thoughts on what would truly make American great.",President Jimmy Carter says he's 'at peace' with death during church service,24,12,True,0.00014545687,0,https://assets.msn.com/labs/mind/AAJMnci.html,Former President Jimmy Carter reflects on dying and expressed his thoughts on what would truly make American great,False
specificity-005074,specificity,test,34620,N45623,sports,football_nfl,"Florida Atlantic tight end John Raine will return to the FAU for the 2020 season after receiving a medical redshirt for his freshman season in 2016. ""Freshman year, I played in four games and then that fourth game I played in, I broke my ankle and I missed the rest of the year,"" Raine said. ""I went and tried to get a year of medical eligibility back and it was approved by the NCAA."" FAU's ...",Florida Atlantic tight end John Raine to return to Owls for 2020 season,"Generate a faithful, specific, non-clickbait news headline. Use concrete names, numbers, places, or events only when supported by the article summary. Avoid curiosity-gap wording, exaggeration, and unsupported details. Category: sports Article summary: Florida Atlantic tight end John Raine will return to the FAU for the 2020 season after receiving a medical redshirt for his freshman season in 2016. ""Freshman year, I played in four games and then that fourth game I played in, I broke my ankle and I missed the rest of the year,"" Raine said. ""I went and tried to get a year of medical eligibility back and it was approved by the NCAA."" FAU's ...",Florida Atlantic tight end John Raine to return to Owls for 2020 season,76,13,True,0.00013190908,0,https://assets.msn.com/labs/mind/BBWEFlg.html,Florida Atlantic tight end John Raine to return to FAU for 2020 season,False
specificity-005075,specificity,test,22427,N65139,sports,baseball_mlb,"Carlos Beltr n was back in familiar blue pinstripes Monday, buttoning up a New York Mets uniform while standing next to his new boss, Brodie Van Wagenen.",Beltr n On New Beginning With Mets: Manager Must Be GM's 'Best Friend',"Generate a faithful, specific, non-clickbait news headline. Use concrete names, numbers, places, or events only when supported by the article summary. Avoid curiosity-gap wording, exaggeration, and unsupported details. Category: sports Article summary: Carlos Beltr n was back in familiar blue pinstripes Monday, buttoning up a New York Mets uniform while standing next to his new boss, Brodie Van Wagenen.",Beltr n On New Beginning With Mets: Manager Must Be GM's 'Best Friend',27,13,True,0.00010626407,0,https://assets.msn.com/labs/mind/AAJOMcW.html,"Carlos Beltr n back in blue pinstripes, buttoning up Mets uniform while standing next to Brodie Van Wagenen",False
specificity-005076,specificity,test,2784,N56349,news,newsus,"When the Volusia County Council grades the year-long performance of its new manager and long-time attorney next month, they will once again do so without written evaluations. That was determined Tuesday despite a request from Councilwoman Heather Post at the end of the meeting to change the evaluation process going forward. Performance reviews for the county manager and attorney appear on the ...","Volusia Council rejects written reviews for manager, attorney","Generate a faithful, specific, non-clickbait news headline. Use concrete names, numbers, places, or events only when supported by the article summary. Avoid curiosity-gap wording, exaggeration, and unsupported details. Category: news Article summary: When the Volusia County Council grades the year-long performance of its new manager and long-time attorney next month, they will once again do so without written evaluations. That was determined Tuesday despite a request from Councilwoman Heather Post at the end of the meeting to change the evaluation process going forward. Performance reviews for the county manager and attorney appear on the ...","Volusia Council rejects written reviews for manager, attorney",63,8,True,6.532744e-05,0,https://assets.msn.com/labs/mind/AAJWQCr.html,Volusia County Council's new manager and long-time attorney will again do so without written evaluations,False
specificity-005077,specificity,test,48537,N45212,music,musicnews,"NASHVILLE, Tenn. (AP) The Latest on the 2019 Country Music Association Awards, being presented Wednesday at the Bridgestone Arena (all times local): 10 p.m. Garth Brooks has won the Entertainer of the Year honor at the Country Music Association Awards. Brooks won the top award on a night when the contributions of women to country music were front and center, starting with a powerful opening performance from some of country music's biggest...",The Latest: Garth Brooks wins CMA's Entertainer of the Year,"Generate a faithful, specific, non-clickbait news headline. Use concrete names, numbers, places, or events only when supported by the article summary. Avoid curiosity-gap wording, exaggeration, and unsupported details. Category: music Article summary: NASHVILLE, Tenn. (AP) The Latest on the 2019 Country Music Association Awards, being presented Wednesday at the Bridgestone Arena (all times local): 10 p.m. Garth Brooks has won the Entertainer of the Year honor at the Country Music Association Awards. Brooks won the top award on a night when the contributions of women to country music were front and center, starting with a powerful opening performance from some of country music's biggest...",The Latest: Garth Brooks wins CMA's Entertainer of the Year,72,10,True,0.00035106557,0,https://assets.msn.com/labs/mind/BBWIoj8.html,Country Music Association Awards: Garth Brooks wins Entertainer of the Year honor,False
specificity-005078,specificity,test,39108,N1638,news,newsoffbeat,"Rachel Marston started her work as barn manager at HorsePlay Ranch in Corcoran just a few months ago, but she knew right away that something wasn't right when she approached one of the paddocks Tuesday afternoon. ""She was down right here,"" Marston said, pointing to a small patch of ice. ""You can see we spread manure to try to give her some footing."" Laying on that patch of ice, was a 34-year-old horse named Tess. ""She's like 90 in human years,""...",Neighbors work for hours to save elderly horse after fall on ice,"Generate a faithful, specific, non-clickbait news headline. Use concrete names, numbers, places, or events only when supported by the article summary. Avoid curiosity-gap wording, exaggeration, and unsupported details. Category: news Article summary: Rachel Marston started her work as barn manager at HorsePlay Ranch in Corcoran just a few months ago, but she knew right away that something wasn't right when she approached one of the paddocks Tuesday afternoon. ""She was down right here,"" Marston said, pointing to a small patch of ice. ""You can see we spread manure to try to give her some footing."" Laying on that patch of ice, was a 34-year-old horse named Tess. ""She's like 90 in human years,""...",Neighbors work for hours to save elderly horse after fall on ice,81,12,False,0.00024541112,0,https://assets.msn.com/labs/mind/BBWMh1j.html,Rachel Marston's horse is 'like 90 in human years',False
specificity-005079,specificity,test,25456,N50271,sports,basketball_ncaa,"NEW YORK (AP) Tre Jones scored 15 points and Cassius Stanley added 11 of his 13 points in the second half to help No. 4 Duke beat third-ranked Kansas 68-66 in the opener of the Champions Classic on Tuesday night at Madison Square Garden. While Duke doesn't have the star-studded freshmen class of last season of Zion Williamson, Cam Reddish and RJ Barrett, coach Mike Krzyzewski may have a more balanced team, capable of making plays down the...",No. 4 Duke edges third-ranked Kansas 68-66,"Generate a faithful, specific, non-clickbait news headline. Use concrete names, numbers, places, or events only when supported by the article summary. Avoid curiosity-gap wording, exaggeration, and unsupported details. Category: sports Article summary: NEW YORK (AP) Tre Jones scored 15 points and Cassius Stanley added 11 of his 13 points in the second half to help No. 4 Duke beat third-ranked Kansas 68-66 in the opener of the Champions Classic on Tuesday night at Madison Square Garden. While Duke doesn't have the star-studded freshmen class of last season of Zion Williamson, Cam Reddish and RJ Barrett, coach Mike Krzyzewski may have a more balanced team, capable of making plays down the...",No. 4 Duke edges third-ranked Kansas 68-66,78,7,True,8.6951855e-05,0,https://assets.msn.com/labs/mind/AAJUAMy.html,"Tre Jones scores 15 points, Cassius Stanley adds 13 points in second half to help No. 4 Duke beat Kansas 68-66",False
specificity-005080,specificity,test,61399,N22132,finance,financenews,"The school district will ask voters for $3.3 million for new staff on Nov. 5, then seek a $9.9 million bond to repair Queen of Peace HS on Dec. 10.","North Arlington asks voters to OK $13.3M for more staff, upgrades","Generate a faithful, specific, non-clickbait news headline. Use concrete names, numbers, places, or events only when supported by the article summary. Avoid curiosity-gap wording, exaggeration, and unsupported details. Category: finance Article summary: The school district will ask voters for $3.3 million for new staff on Nov. 5, then seek a $9.9 million bond to repair Queen of Peace HS on Dec. 10.","North Arlington asks voters to OK $13.3M for more staff, upgrades",30,11,True,6.933487e-05,0,https://assets.msn.com/labs/mind/AAJq28o.html,"School district to ask voters for $3.3 million for new staff on Nov. 5, then seek $9.9 million bond to repair Queen of Peace HS",False
specificity-005081,specificity,test,6852,N16674,sports,basketball_nba,"Editor's Note: The following story contains graphic information from an arrest affidavit that may not be suitable for all audiences. Pinellas Park police responded to an unusual call Tuesday at the Target Store on US Hwy 19 at Park Boulevard. Investigators say 20-year-old Cody Meader went into the store and made his way to a display of Disney ""Frozen"" merchandise, selecting a large, stuffed ""Olaf"" toy. According to an arrest affidavit, he put...",Man accused of having sex with stuffed Disney toy at Target,"Generate a faithful, specific, non-clickbait news headline. Use concrete names, numbers, places, or events only when supported by the article summary. Avoid curiosity-gap wording, exaggeration, and unsupported details. Category: sports Article summary: Editor's Note: The following story contains graphic information from an arrest affidavit that may not be suitable for all audiences. Pinellas Park police responded to an unusual call Tuesday at the Target Store on US Hwy 19 at Park Boulevard. Investigators say 20-year-old Cody Meader went into the store and made his way to a display of Disney ""Frozen"" merchandise, selecting a large, stuffed ""Olaf"" toy. According to an arrest affidavit, he put...",Man accused of having sex with stuffed Disney toy at Target,73,11,True,0.00038524962,0,https://assets.msn.com/labs/mind/AAJg1ZC.html,"Police say 20-year-old Cody Meader went into Target store and made his way to display of Disney ""Frozen"" merchandise",False
specificity-005082,specificity,test,61301,N34149,news,newsus,"ANN ARBOR, MI -- An Ann Arbor business won the historic designation of becoming Michigan's first-ever recreational marijuana business license applicant at exactly 12:17 a.m. Friday, Nov. 1. ""The state has been very helpful in getting us through this process to make sure we got all of our ducks in a row and submitted our application in its entirety,"" said Omar Hishmeh, co-owner of Exclusive ...",Meet Michigan's first-ever recreational marijuana business applicant,"Generate a faithful, specific, non-clickbait news headline. Use concrete names, numbers, places, or events only when supported by the article summary. Avoid curiosity-gap wording, exaggeration, and unsupported details. Category: news Article summary: ANN ARBOR, MI -- An Ann Arbor business won the historic designation of becoming Michigan's first-ever recreational marijuana business license applicant at exactly 12:17 a.m. Friday, Nov. 1. ""The state has been very helpful in getting us through this process to make sure we got all of our ducks in a row and submitted our application in its entirety,"" said Omar Hishmeh, co-owner of Exclusive ...",Meet Michigan's first-ever recreational marijuana business applicant,66,7,True,0.000897581,0,https://assets.msn.com/labs/mind/AAJIipj.html,Ann Arbor business wins historic designation of becoming Michigan's first-ever recreational marijuana business license applicant,False
specificity-005083,specificity,test,50407,N13403,sports,football_nfl,"The Seattle Seahawks once again rallied for a win, this time over the previously unbeaten 49ers. And this Seattle team is for real, writes Mike Jones.",'We always believe': Win over 49ers proves Seattle Seahawks' mindset is more than just lip service,"Generate a faithful, specific, non-clickbait news headline. Use concrete names, numbers, places, or events only when supported by the article summary. Avoid curiosity-gap wording, exaggeration, and unsupported details. Category: sports Article summary: The Seattle Seahawks once again rallied for a win, this time over the previously unbeaten 49ers. And this Seattle team is for real, writes Mike Jones.",'We always believe': Win over 49ers proves Seattle Seahawks' mindset is more than just lip service,26,16,True,0.00012817541,0,https://assets.msn.com/labs/mind/BBWDZP7.html,Seattle Seahawks win over 49ers,False
specificity-005084,specificity,test,46161,N3943,news,newscrime,"WINSTON-SALEM, N.C. A woman was shot in the leg and taken to a local hospital after a confrontation at a McDonald's, according to a Winston-Salem Police Department news release. On Saturday, around 4:15 p.m., officers, fire personnel and EMS workers responded to a report of a shooting at the McDonald's at 780 Martin Luther King Jr. Drive. The people in a vehicle believed a white vehicle ...","Woman shot in leg in Winston-Salem, taken to hospital after confrontation at McDonald's","Generate a faithful, specific, non-clickbait news headline. Use concrete names, numbers, places, or events only when supported by the article summary. Avoid curiosity-gap wording, exaggeration, and unsupported details. Category: news Article summary: WINSTON-SALEM, N.C. A woman was shot in the leg and taken to a local hospital after a confrontation at a McDonald's, according to a Winston-Salem Police Department news release. On Saturday, around 4:15 p.m., officers, fire personnel and EMS workers responded to a report of a shooting at the McDonald's at 780 Martin Luther King Jr. Drive. The people in a vehicle believed a white vehicle ...","Woman shot in leg in Winston-Salem, taken to hospital after confrontation at McDonald's",67,13,True,0.00016021336,0,https://assets.msn.com/labs/mind/BBWBhkA.html,Woman shot in leg and taken to hospital after confrontation at McDonald's,False
specificity-005085,specificity,test,46662,N33135,sports,more_sports,Eleven girls and seven boys from Connecticut placed in the top 25 at the New England Interscholastic Cross Country Championships Saturday.,Connecticut Runners Excel At New England Championships,"Generate a faithful, specific, non-clickbait news headline. Use concrete names, numbers, places, or events only when supported by the article summary. Avoid curiosity-gap wording, exaggeration, and unsupported details. Category: sports Article summary: Eleven girls and seven boys from Connecticut placed in the top 25 at the New England Interscholastic Cross Country Championships Saturday.",Connecticut Runners Excel At New England Championships,21,7,True,6.785044e-05,0,https://assets.msn.com/labs/mind/BBWxPjm.html,Eleven girls and seven boys in top 25 at New England Interscholastic Cross Country Championships,False
specificity-005086,specificity,test,8488,N19670,news,newscrime,"ASHEVILLE, NC (FOX Carolina) - The Asheville Police Department said they have tracked down the owner of a dog that bit a person on Sunday. It happened at Mod Pizza on Merrimon Avenue around 2 p.m. and involved a large, gray pit bull. Police said Tuesday if the owner is not located within the next 24 hours the victim will be required to receive rabies post-exposure regimen of shots. On Wednesday, police said the dog's owner had been located....",Asheville police have located owner of dog that bit person on Merrimon Avenue,"Generate a faithful, specific, non-clickbait news headline. Use concrete names, numbers, places, or events only when supported by the article summary. Avoid curiosity-gap wording, exaggeration, and unsupported details. Category: news Article summary: ASHEVILLE, NC (FOX Carolina) - The Asheville Police Department said they have tracked down the owner of a dog that bit a person on Sunday. It happened at Mod Pizza on Merrimon Avenue around 2 p.m. and involved a large, gray pit bull. Police said Tuesday if the owner is not located within the next 24 hours the victim will be required to receive rabies post-exposure regimen of shots. On Wednesday, police said the dog's owner had been located....",Asheville police have located owner of dog that bit person on Merrimon Avenue,79,13,True,0.00064617925,0,https://assets.msn.com/labs/mind/AAJg5MT.html,Asheville police track down owner of dog biting person,False
specificity-005087,specificity,test,18400,N29387,travel,travelarticle,"The clam bar and tavern closed its Ramsey site Sunday after six years, leaving one location on Route 17 south in Carlstadt.","Biggie's, popular raw bar and tavern, shuts down in Ramsey","Generate a faithful, specific, non-clickbait news headline. Use concrete names, numbers, places, or events only when supported by the article summary. Avoid curiosity-gap wording, exaggeration, and unsupported details. Category: travel Article summary: The clam bar and tavern closed its Ramsey site Sunday after six years, leaving one location on Route 17 south in Carlstadt.","Biggie's, popular raw bar and tavern, shuts down in Ramsey",22,10,True,0.0002838831,0,https://assets.msn.com/labs/mind/AAJuN0C.html,clam bar and tavern close Ramsey site after six years,False
specificity-005088,specificity,test,58282,N27736,video,news,"Thousands of people were evacuated from some of Los Angeles' wealthiest neighborhoods after a fast-moving brush fire ignited early Monday near the Getty Center museum, the latest outbreak in a wildfire season that has scorched parts of California. Lisa Bernhard reports.",Flames encircle L.A. museum as thousands flee,"Generate a faithful, specific, non-clickbait news headline. Use concrete names, numbers, places, or events only when supported by the article summary. Avoid curiosity-gap wording, exaggeration, and unsupported details. Category: video Article summary: Thousands of people were evacuated from some of Los Angeles' wealthiest neighborhoods after a fast-moving brush fire ignited early Monday near the Getty Center museum, the latest outbreak in a wildfire season that has scorched parts of California. Lisa Bernhard reports.",Flames encircle L.A. museum as thousands flee,41,7,True,0.000116971314,0,https://assets.msn.com/labs/mind/AAJuWAr.html,Thousands evacuated from Los Angeles' wealthiest neighborhoods after fast-moving brush fire,False
specificity-005089,specificity,test,43668,N46024,travel,travelarticle,The 17 to 180-foot deep void is now covered by a concrete slab supported by concrete and steel micropiles. But don't call it a permanent solution.,Route 422 to reopen late this week: What you need to know about PennDOT's repair to the sinkhole,"Generate a faithful, specific, non-clickbait news headline. Use concrete names, numbers, places, or events only when supported by the article summary. Avoid curiosity-gap wording, exaggeration, and unsupported details. Category: travel Article summary: The 17 to 180-foot deep void is now covered by a concrete slab supported by concrete and steel micropiles. But don't call it a permanent solution.",Route 422 to reopen late this week: What you need to know about PennDOT's repair to the sinkhole,26,18,True,0.0036323848,0,https://assets.msn.com/labs/mind/BBWI02X.html,Concrete slab covered by concrete and steel micropiles,False
specificity-005090,specificity,test,12475,N58010,finance,finance-real-estate,"SOUTH KINGSTOWN -- A custom-built colonial at 455 Congdon Drive recently sold for $1,595,000, according to Mott & Chace Sotheby's International Realty, the agency that represented the sellers. The 6,100-square-foot house sits on four acres. It has four bedrooms, four-and-a-half bathrooms, a home theater, a fitness room, a sauna, a gourmet kitchen, a home office and a two-car garage. The ...",South Kingstown colonial with basketball court sells for $1.6 million,"Generate a faithful, specific, non-clickbait news headline. Use concrete names, numbers, places, or events only when supported by the article summary. Avoid curiosity-gap wording, exaggeration, and unsupported details. Category: finance Article summary: SOUTH KINGSTOWN -- A custom-built colonial at 455 Congdon Drive recently sold for $1,595,000, according to Mott & Chace Sotheby's International Realty, the agency that represented the sellers. The 6,100-square-foot house sits on four acres. It has four bedrooms, four-and-a-half bathrooms, a home theater, a fitness room, a sauna, a gourmet kitchen, a home office and a two-car garage. The ...",South Kingstown colonial with basketball court sells for $1.6 million,61,10,True,6.529101e-05,0,https://assets.msn.com/labs/mind/AAIStgW.html,"Custom-built colonial at 455 Congdon Drive sold for $1,595,000",False
specificity-005091,specificity,test,55795,N51419,news,newscrime,"Ammunition went off Tuesday during a house fire in Des Moines. The Des Moines Fire Department responded to the fire near 4th and Euclid just before 3 p.m. Before fire crews arrived, a neighbor attempted to extinguish the fire with a garden hose. Fighters said heat set off the ammunition that was stored in the basement. Nobody was injured in the fire, which remains under investigation. READ MORE:Fire sets off ammunition in Des Moines home CHECK...",Fire sets off ammunition in Des Moines home,"Generate a faithful, specific, non-clickbait news headline. Use concrete names, numbers, places, or events only when supported by the article summary. Avoid curiosity-gap wording, exaggeration, and unsupported details. Category: news Article summary: Ammunition went off Tuesday during a house fire in Des Moines. The Des Moines Fire Department responded to the fire near 4th and Euclid just before 3 p.m. Before fire crews arrived, a neighbor attempted to extinguish the fire with a garden hose. Fighters said heat set off the ammunition that was stored in the basement. Nobody was injured in the fire, which remains under investigation. READ MORE:Fire sets off ammunition in Des Moines home CHECK...",Fire sets off ammunition in Des Moines home,76,8,True,7.872325e-05,0,https://assets.msn.com/labs/mind/AAJyJBu.html,Ammunition goes off during house fire in Des Moines,False
specificity-005092,specificity,test,41117,N5854,news,newscrime,Crime Stoppers is offering a reward for the identification of two people they say were involved in a robbery at a downtown 7-Eleven.,Crime Stoppers seeking identity of two involved in 7-Eleven robbery,"Generate a faithful, specific, non-clickbait news headline. Use concrete names, numbers, places, or events only when supported by the article summary. Avoid curiosity-gap wording, exaggeration, and unsupported details. Category: news Article summary: Crime Stoppers is offering a reward for the identification of two people they say were involved in a robbery at a downtown 7-Eleven.",Crime Stoppers seeking identity of two involved in 7-Eleven robbery,23,10,True,0.00010518194,0,https://assets.msn.com/labs/mind/BBWL3YT.html,Crime Stoppers offers reward for identification of two people involved in robbery at 7-Eleven,False
specificity-005093,specificity,test,11092,N656,travel,travelnews,"The 1921 Woolworth Building in Alamo Plaza is on a new list of 25 heritage sites worldwide that are described as threatened, potentially boosting its standing in the often stormy debate over its future. Controversy long has surrounded the state-owned building, which stands on the same spot as the Alamo fort's west wall, scene of some of the heaviest fighting during the famous 1836 battle for Texas independence. Described as a symbol of...",San Antonio's Woolworth Building in Alamo Plaza makes global list of endangered sites,"Generate a faithful, specific, non-clickbait news headline. Use concrete names, numbers, places, or events only when supported by the article summary. Avoid curiosity-gap wording, exaggeration, and unsupported details. Category: travel Article summary: The 1921 Woolworth Building in Alamo Plaza is on a new list of 25 heritage sites worldwide that are described as threatened, potentially boosting its standing in the often stormy debate over its future. Controversy long has surrounded the state-owned building, which stands on the same spot as the Alamo fort's west wall, scene of some of the heaviest fighting during the famous 1836 battle for Texas independence. Described as a symbol of...",San Antonio's Woolworth Building in Alamo Plaza makes global list of endangered sites,73,13,True,9.506326e-05,0,https://assets.msn.com/labs/mind/AAJy5YL.html,1921 Woolworth Building in Alamo Plaza on new list of 25 heritage sites,False
specificity-005094,specificity,test,42832,N58784,sports,football_ncaa,"ANN ARBOR -- There's been a lot of talk this week, generated by Jim Harbaugh and his never-ending quest for gamesmanship, about Michigan State and its history of ""trick plays"" on special teams. Fake field goals here. Fake punts there. Mark Dantonio's teams have done it all over the past decade. But Michigan has converted its share of them this season, too. The 14th-ranked Wolverines have ...",Michael Barrett and Michigan's fake-punt threat,"Generate a faithful, specific, non-clickbait news headline. Use concrete names, numbers, places, or events only when supported by the article summary. Avoid curiosity-gap wording, exaggeration, and unsupported details. Category: sports Article summary: ANN ARBOR -- There's been a lot of talk this week, generated by Jim Harbaugh and his never-ending quest for gamesmanship, about Michigan State and its history of ""trick plays"" on special teams. Fake field goals here. Fake punts there. Mark Dantonio's teams have done it all over the past decade. But Michigan has converted its share of them this season, too. The 14th-ranked Wolverines have ...",Michael Barrett and Michigan's fake-punt threat,67,6,True,8.718284e-05,0,https://assets.msn.com/labs/mind/BBWLDLH.html,"Michigan State's history of ""trick plays"" on special teams",False
specificity-005095,specificity,test,37642,N57170,autos,autosnews,"HIGHFILL, Ark. (KFSM) On Oct. 26 a Highfill Police Officer tried to make a traffic stop on the driver of a gray Dodge Charger. The driver was traveling on Highway 12 and according to police, took off at a high rate of speed. Officers said the driver was at times traveling more than 120 mph. The chase lasted about 24 miles. ""We were able to see that there were two male occupants inside of the ...",Highfill Police Search For Two Suspects In High Speed Chase,"Generate a faithful, specific, non-clickbait news headline. Use concrete names, numbers, places, or events only when supported by the article summary. Avoid curiosity-gap wording, exaggeration, and unsupported details. Category: autos Article summary: HIGHFILL, Ark. (KFSM) On Oct. 26 a Highfill Police Officer tried to make a traffic stop on the driver of a gray Dodge Charger. The driver was traveling on Highway 12 and according to police, took off at a high rate of speed. Officers said the driver was at times traveling more than 120 mph. The chase lasted about 24 miles. ""We were able to see that there were two male occupants inside of the ...",Highfill Police Search For Two Suspects In High Speed Chase,76,10,True,6.616827e-05,0,https://assets.msn.com/labs/mind/BBWB3d7.html,Highfill Police Officer tries to make a traffic stop on driver of Dodge Charger,False
specificity-005096,specificity,test,39263,N36330,news,newsopinion,Bloomberg would be smart to enter the race; he would attract many Democrats who think Warren too toxic to beat Donald Trump.,Bloomberg run should push Warren to the center but won't,"Generate a faithful, specific, non-clickbait news headline. Use concrete names, numbers, places, or events only when supported by the article summary. Avoid curiosity-gap wording, exaggeration, and unsupported details. Category: news Article summary: Bloomberg would be smart to enter the race; he would attract many Democrats who think Warren too toxic to beat Donald Trump.",Bloomberg run should push Warren to the center but won't,22,10,True,0.00013902865,0,https://assets.msn.com/labs/mind/BBWvPRj.html,Bloomberg would be smart to enter the race; he would attract many Democrats who think Warren too toxic to beat Donald Trump,False
specificity-005097,specificity,test,54711,N2757,news,newsus,INDIANAPOLIS (AP) Indiana Attorney General Curtis Hill is trying to block two women from testifying about allegations of sexual misconduct as he prepares for an upcoming disciplinary hearing on separate claims that he drunkenly groped four women at a bar last year. The Indiana Supreme Court Disciplinary Commission wants the women to testify about Hill's actions when they were employees under him as the Elkhart County prosecutor before becoming...,Indiana attorney general tries barring testimony against him,"Generate a faithful, specific, non-clickbait news headline. Use concrete names, numbers, places, or events only when supported by the article summary. Avoid curiosity-gap wording, exaggeration, and unsupported details. Category: news Article summary: INDIANAPOLIS (AP) Indiana Attorney General Curtis Hill is trying to block two women from testifying about allegations of sexual misconduct as he prepares for an upcoming disciplinary hearing on separate claims that he drunkenly groped four women at a bar last year. The Indiana Supreme Court Disciplinary Commission wants the women to testify about Hill's actions when they were employees under him as the Elkhart County prosecutor before becoming...",Indiana attorney general tries barring testimony against him,69,8,False,7.948193e-05,0,https://assets.msn.com/labs/mind/AAISha7.html,Indiana Attorney General Curtis Hill seeks to block two women from testifying about sexual misconduct,False
specificity-005098,specificity,test,30390,N5457,sports,football_ncaa,"The redshirt freshman started eight of nine games this season, but was demoted during the loss to Georgia on Saturday.",Florida OL Chris Bleich opts for portal over bench,"Generate a faithful, specific, non-clickbait news headline. Use concrete names, numbers, places, or events only when supported by the article summary. Avoid curiosity-gap wording, exaggeration, and unsupported details. Category: sports Article summary: The redshirt freshman started eight of nine games this season, but was demoted during the loss to Georgia on Saturday.",Florida OL Chris Bleich opts for portal over bench,20,9,True,7.941708e-05,0,https://assets.msn.com/labs/mind/AAJUzke.html,"Redshirt freshman starts eight of nine games this season, but is demoted during Georgia loss",False
specificity-005099,specificity,test,27719,N53516,lifestyle,lifestylefamily,"Four of Houston's legendary African-American quarterbacks are teaming up to award diversity scholarships to students in the Houston area. Deshaun Watson, Warren Moon, Andre Ware and Vince Young were raised by single mothers. Their mothers emphasized education, lending a hand to those in need and giving back. Watson, Moon, Ware and Young, in partnership with the Sports Authority Foundation, came together to form Brothers In Arms. The first class...","Deshaun Watson, Warren Moon, Vince Young, Andre Ware launch Houston-area scholarship program","Generate a faithful, specific, non-clickbait news headline. Use concrete names, numbers, places, or events only when supported by the article summary. Avoid curiosity-gap wording, exaggeration, and unsupported details. Category: lifestyle Article summary: Four of Houston's legendary African-American quarterbacks are teaming up to award diversity scholarships to students in the Houston area. Deshaun Watson, Warren Moon, Andre Ware and Vince Young were raised by single mothers. Their mothers emphasized education, lending a hand to those in need and giving back. Watson, Moon, Ware and Young, in partnership with the Sports Authority Foundation, came together to form Brothers In Arms. The first class...","Deshaun Watson, Warren Moon, Vince Young, Andre Ware launch Houston-area scholarship program",69,12,True,8.2902676e-05,0,https://assets.msn.com/labs/mind/AAJUgtj.html,"Houston's Deshaun Watson, Warren Moon, Andre Ware and Vince Young award diversity scholarships",False
specificity-005100,specificity,test,12645,N32640,news,newsworld,"Lebanon is on the verge of economic collapse unless an ""immediate solution"" can be found to end days of nationwide protests that have paralyzed the country, Central Bank Governor Riad Salame told CNN in an exclusive interview Monday.","Lebanon 'days' away from economic collapse if no solution to protests found, central bank governor says","Generate a faithful, specific, non-clickbait news headline. Use concrete names, numbers, places, or events only when supported by the article summary. Avoid curiosity-gap wording, exaggeration, and unsupported details. Category: news Article summary: Lebanon is on the verge of economic collapse unless an ""immediate solution"" can be found to end days of nationwide protests that have paralyzed the country, Central Bank Governor Riad Salame told CNN in an exclusive interview Monday.","Lebanon 'days' away from economic collapse if no solution to protests found, central bank governor says",38,16,False,6.933877e-05,0,https://assets.msn.com/labs/mind/AAJtaDB.html,Lebanon on the verge of economic collapse unless 'immediate solution' can be found to end protests,False
specificity-005101,specificity,test,45820,N63151,news,newsscienceandtechnology,"A pedestrian was hit by a car on East Beltine Avenue SE near Woodland Mall Tuesday night. Grand Rapids Police, Kentwood Police and Michigan State Police shut down a section of East Beltline Avenue just north of 28th Street SE while they investigated the scene. The victim is being treated at an area hospital, and their condition is unknown at this time. A 13 ON YOUR SIDE crew on the scene said two cars appear to be involved in the crash. This is...","Pedestrian struck on East Beltline, police shut down road","Generate a faithful, specific, non-clickbait news headline. Use concrete names, numbers, places, or events only when supported by the article summary. Avoid curiosity-gap wording, exaggeration, and unsupported details. Category: news Article summary: A pedestrian was hit by a car on East Beltine Avenue SE near Woodland Mall Tuesday night. Grand Rapids Police, Kentwood Police and Michigan State Police shut down a section of East Beltline Avenue just north of 28th Street SE while they investigated the scene. The victim is being treated at an area hospital, and their condition is unknown at this time. A 13 ON YOUR SIDE crew on the scene said two cars appear to be involved in the crash. This is...","Pedestrian struck on East Beltline, police shut down road",83,9,True,0.000111853966,0,https://assets.msn.com/labs/mind/BBWFDMK.html,A pedestrian was hit by a car on East Beltine Avenue SE near Woodland Mall,False
specificity-005102,specificity,test,18085,N57760,news,newspolitics,"Some details the president has revealed are inaccurate, others are classified. Officials say they worry what to put in briefings for a man with no filter.",Officials cringe as Trump spills sensitive details of al-Baghdadi raid,"Generate a faithful, specific, non-clickbait news headline. Use concrete names, numbers, places, or events only when supported by the article summary. Avoid curiosity-gap wording, exaggeration, and unsupported details. Category: news Article summary: Some details the president has revealed are inaccurate, others are classified. Officials say they worry what to put in briefings for a man with no filter.",Officials cringe as Trump spills sensitive details of al-Baghdadi raid,26,10,True,0.000111926514,0,https://assets.msn.com/labs/mind/AAJuLrP.html,"President's briefings are inaccurate, others are classified",False
specificity-005103,specificity,test,3490,N42366,autos,autosnews,"The driver behind the wheel of a pickup truck that traveled into the path of a school bus carrying 18 elementary students and crashed earlier this month in Rockingham County has been charged. The crash happened on North Carolina Highway 68 near Sylvania Road just after 3 p.m. on Oct. 1, according to the North Carolina State Highway Patrol. Troopers said the bus, which was a private vehicle not owned by Rockingham County Schools, was carrying...","Driver charged with reckless driving after crashing into school bus, sending 16 children to hospital","Generate a faithful, specific, non-clickbait news headline. Use concrete names, numbers, places, or events only when supported by the article summary. Avoid curiosity-gap wording, exaggeration, and unsupported details. Category: autos Article summary: The driver behind the wheel of a pickup truck that traveled into the path of a school bus carrying 18 elementary students and crashed earlier this month in Rockingham County has been charged. The crash happened on North Carolina Highway 68 near Sylvania Road just after 3 p.m. on Oct. 1, according to the North Carolina State Highway Patrol. Troopers said the bus, which was a private vehicle not owned by Rockingham County Schools, was carrying...","Driver charged with reckless driving after crashing into school bus, sending 16 children to hospital",76,15,True,0.00020072494,0,https://assets.msn.com/labs/mind/AAI7TKO.html,Driver behind wheel of pickup truck that traveled into path of school bus crashes in Rockingham County,False
specificity-005104,specificity,test,951,N36539,sports,football_nfl,"Deshaun Watson threw for 279 yards and three touchdowns, including the go-ahead score in the fourth quarter to lift the Houston Texans to a 27-24 win over the Oakland Raiders on Sunday.",Watson's 3 TD passes lead Texans over Raiders 27-24,"Generate a faithful, specific, non-clickbait news headline. Use concrete names, numbers, places, or events only when supported by the article summary. Avoid curiosity-gap wording, exaggeration, and unsupported details. Category: sports Article summary: Deshaun Watson threw for 279 yards and three touchdowns, including the go-ahead score in the fourth quarter to lift the Houston Texans to a 27-24 win over the Oakland Raiders on Sunday.",Watson's 3 TD passes lead Texans over Raiders 27-24,32,9,True,0.00013922472,0,https://assets.msn.com/labs/mind/AAJrHVE.html,Deshaun Watson throws 279 yards and three touchdowns to lift Houston Texans to 27-24 win over Oakland Raiders,False
specificity-005105,specificity,test,51062,N14895,sports,football_nfl,"CLEVELAND, Ohio -- Browns receiver Antonio Callaway was a last-minute healthy scratch from Sunday's 19-16 victory over the Bills Sunday for a disciplinary reason, a league source said, but coach Freddie Kitchens wouldn't say what it was. ""That's between Antonio and I,'' coach Freddie Kitchens said. ""That's between Antonio and I."" Asked if it was disciplinary, Kitchens repeated, ""That's between ...","Antonio Callaway benched for disciplinary reasons vs. Bills, but Freddie Kitchens won't say why","Generate a faithful, specific, non-clickbait news headline. Use concrete names, numbers, places, or events only when supported by the article summary. Avoid curiosity-gap wording, exaggeration, and unsupported details. Category: sports Article summary: CLEVELAND, Ohio -- Browns receiver Antonio Callaway was a last-minute healthy scratch from Sunday's 19-16 victory over the Bills Sunday for a disciplinary reason, a league source said, but coach Freddie Kitchens wouldn't say what it was. ""That's between Antonio and I,'' coach Freddie Kitchens said. ""That's between Antonio and I."" Asked if it was disciplinary, Kitchens repeated, ""That's between ...","Antonio Callaway benched for disciplinary reasons vs. Bills, but Freddie Kitchens won't say why",61,14,True,0.00042038903,0,https://assets.msn.com/labs/mind/BBWyuvV.html,Browns receiver Antonio Callaway a last-minute healthy scratch from 19-16 victory over Bills,False
specificity-005106,specificity,test,53549,N7610,sports,football_nfl,"The Atlanta Falcons lost in heartbreaking fashion to the Arizona Cardinals, 34-33, after a miss by Matt Bryant on an extra point that would have tied the game up with just under two minutes left",Winners and Losers from the Falcons' Week 6 loss to the Cardinals,"Generate a faithful, specific, non-clickbait news headline. Use concrete names, numbers, places, or events only when supported by the article summary. Avoid curiosity-gap wording, exaggeration, and unsupported details. Category: sports Article summary: The Atlanta Falcons lost in heartbreaking fashion to the Arizona Cardinals, 34-33, after a miss by Matt Bryant on an extra point that would have tied the game up with just under two minutes left",Winners and Losers from the Falcons' Week 6 loss to the Cardinals,35,12,True,0.00024614038,0,https://assets.msn.com/labs/mind/AAIIXBx.html,"Falcons lose in heartbreaking fashion to Cardinals, 34-33",False
specificity-005107,specificity,test,47115,N54312,news,newsus,"The House Intelligence Committee has announced more open hearings in their impeachment inquiry against President Trump. They are scheduled to take place next Tuesday, Wednesday and Thursday -- and will feature a total of eight witnesses including Gordon Sondland and Kurt Volker.",House Intelligence Committee announces more public hearings,"Generate a faithful, specific, non-clickbait news headline. Use concrete names, numbers, places, or events only when supported by the article summary. Avoid curiosity-gap wording, exaggeration, and unsupported details. Category: news Article summary: The House Intelligence Committee has announced more open hearings in their impeachment inquiry against President Trump. They are scheduled to take place next Tuesday, Wednesday and Thursday -- and will feature a total of eight witnesses including Gordon Sondland and Kurt Volker.",House Intelligence Committee announces more public hearings,42,7,True,6.630799e-05,0,https://assets.msn.com/labs/mind/BBWFew2.html,House Intelligence Committee announces more open hearings in impeachment inquiry,False
specificity-005108,specificity,test,21145,N44478,sports,football_nfl,"While the star power of the injury report diverts attention to the likes of Tyreek Hill, Chris Jones and Sammy Watkins, the Chiefs' offensive line is enduring its own absences. Left tackle Eric Fisher is set to miss a fourth straight week after surgery for a sports hernia. And guard Andrew Wylie is doubtful to play Sunday with an ankle injury suffered last weekend against ...",Chiefs will likely be without two starting offensive linemen Sunday. What's the plan?,"Generate a faithful, specific, non-clickbait news headline. Use concrete names, numbers, places, or events only when supported by the article summary. Avoid curiosity-gap wording, exaggeration, and unsupported details. Category: sports Article summary: While the star power of the injury report diverts attention to the likes of Tyreek Hill, Chris Jones and Sammy Watkins, the Chiefs' offensive line is enduring its own absences. Left tackle Eric Fisher is set to miss a fourth straight week after surgery for a sports hernia. And guard Andrew Wylie is doubtful to play Sunday with an ankle injury suffered last weekend against ...",Chiefs will likely be without two starting offensive linemen Sunday. What's the plan?,66,13,True,0.0005003287,0,https://assets.msn.com/labs/mind/AAIEldb.html,Chiefs' offensive line enduring its own absences,False
specificity-005109,specificity,test,47525,N55580,sports,mma,"Frankie Edgar's bantamweight debut is set, as he will meet Cory Sandhagen in the co-main event of the upcoming UFC Fight Night card on January 25, 2020 in Raleigh, North Carolina.",Edgar's Bantamweight Debut Set Vs Sandhagen on Jan. 25,"Generate a faithful, specific, non-clickbait news headline. Use concrete names, numbers, places, or events only when supported by the article summary. Avoid curiosity-gap wording, exaggeration, and unsupported details. Category: sports Article summary: Frankie Edgar's bantamweight debut is set, as he will meet Cory Sandhagen in the co-main event of the upcoming UFC Fight Night card on January 25, 2020 in Raleigh, North Carolina.",Edgar's Bantamweight Debut Set Vs Sandhagen on Jan. 25,31,9,True,0.00071459747,0,https://assets.msn.com/labs/mind/BBWIhL3.html,Frankie Edgar to fight Cory Sandhagen in UFC Fight Night card,False
specificity-005110,specificity,test,54803,N62470,news,newsus,Daytime lane closures are expected to continue through the end of the month around the busy intersection of Ohio 741 and Ohio 725 near the Dayton Mall.,"Daytime Ohio 741 lane closures start, slowing traffic near Dayton Mall","Generate a faithful, specific, non-clickbait news headline. Use concrete names, numbers, places, or events only when supported by the article summary. Avoid curiosity-gap wording, exaggeration, and unsupported details. Category: news Article summary: Daytime lane closures are expected to continue through the end of the month around the busy intersection of Ohio 741 and Ohio 725 near the Dayton Mall.","Daytime Ohio 741 lane closures start, slowing traffic near Dayton Mall",27,11,True,7.703187e-05,0,https://assets.msn.com/labs/mind/AAJ6SKV.html,Daytime lane closures expected to continue across Ohio 741 and Ohio 725,False
specificity-005111,specificity,test,28372,N32322,lifestyle,lifestylebuzz,"Essence Festival organizers announced an extended festival for next year to celebrate its 50th anniversary. The announcement was made on Monday on the festival's social media platforms. Sign up for our Newsletters The festival is normally three days long at the Convention Center in New Orleans. The 2020 festival will now last one week. The 2020 festival will be held July 1 through July 5. Tickets are available now, according to festival...",Essence Fest announces extended festival for 50th anniversary,"Generate a faithful, specific, non-clickbait news headline. Use concrete names, numbers, places, or events only when supported by the article summary. Avoid curiosity-gap wording, exaggeration, and unsupported details. Category: lifestyle Article summary: Essence Festival organizers announced an extended festival for next year to celebrate its 50th anniversary. The announcement was made on Monday on the festival's social media platforms. Sign up for our Newsletters The festival is normally three days long at the Convention Center in New Orleans. The 2020 festival will now last one week. The 2020 festival will be held July 1 through July 5. Tickets are available now, according to festival...",Essence Fest announces extended festival for 50th anniversary,72,8,True,8.966933e-05,0,https://assets.msn.com/labs/mind/AAJQBci.html,Essence Festival announces extended festival for next year to celebrate 50th anniversary,False
specificity-005112,specificity,test,22929,N60698,sports,baseball_mlb,"The Yankees plan to use their bullpen against Houston from the start in Game 4 of the AL Championship Series. With the best-of-seven series tied 1-1, Luis Severino starts Game 3 on Tuesday against Gerrit Cole.",Yankees plan to go all relievers in ALCS Game 4 vs. Astros,"Generate a faithful, specific, non-clickbait news headline. Use concrete names, numbers, places, or events only when supported by the article summary. Avoid curiosity-gap wording, exaggeration, and unsupported details. Category: sports Article summary: The Yankees plan to use their bullpen against Houston from the start in Game 4 of the AL Championship Series. With the best-of-seven series tied 1-1, Luis Severino starts Game 3 on Tuesday against Gerrit Cole.",Yankees plan to go all relievers in ALCS Game 4 vs. Astros,36,12,True,8.208533e-05,0,https://assets.msn.com/labs/mind/AAILSbZ.html,Yankees to use bullpen against Houston from start in AL Championship Series,False
specificity-005113,specificity,test,23567,N42557,sports,baseball_mlb,"Masahiro Tanaka left Game 1 of the American League Championship Series on Saturday night after pitching six shutout innings, allowing one hit and facing the minimum. He had only thrown 68 pitches, which made manager Aaron Boone's decision to pull Tanaka a bit curious. But WFAN Yankees reporter Sweeny Murti told Joe Benigno and Evan Roberts on Monday that Tanaka practically asked out of the game. ...listen to the audio... ""Tanaka went to them and...",Tanaka Told Yankees He Was Gassed After 68 Pitches In Game 1,"Generate a faithful, specific, non-clickbait news headline. Use concrete names, numbers, places, or events only when supported by the article summary. Avoid curiosity-gap wording, exaggeration, and unsupported details. Category: sports Article summary: Masahiro Tanaka left Game 1 of the American League Championship Series on Saturday night after pitching six shutout innings, allowing one hit and facing the minimum. He had only thrown 68 pitches, which made manager Aaron Boone's decision to pull Tanaka a bit curious. But WFAN Yankees reporter Sweeny Murti told Joe Benigno and Evan Roberts on Monday that Tanaka practically asked out of the game. ...listen to the audio... ""Tanaka went to them and...",Tanaka Told Yankees He Was Gassed After 68 Pitches In Game 1,75,12,True,0.00019664335,0,https://assets.msn.com/labs/mind/AAILVbi.html,Masahiro Tanaka leaves Game 1 of American League Championship Series,False
specificity-005114,specificity,test,18590,N14402,news,newsscienceandtechnology,"Now you can report the location of police using radar to catch speeding motorists, as well as six other hazards and slowdowns.",Avoiding speed traps: Google Maps on iPhone finally gets Waze's most controversial feature,"Generate a faithful, specific, non-clickbait news headline. Use concrete names, numbers, places, or events only when supported by the article summary. Avoid curiosity-gap wording, exaggeration, and unsupported details. Category: news Article summary: Now you can report the location of police using radar to catch speeding motorists, as well as six other hazards and slowdowns.",Avoiding speed traps: Google Maps on iPhone finally gets Waze's most controversial feature,22,13,True,0.004105041,0,https://assets.msn.com/labs/mind/AAJnCVS.html,"Reporting the location of police using radar to catch speeding motorists, as well as six other hazards and slowdowns",False
specificity-005115,specificity,test,49604,N10577,news,newsworld,"A Syrian protester was killed after he was run over by a Turkish military vehicle during a joint Turkish-Russian patrol in northeastern Syria on Friday, Kurdish forces and a Syria war monitoring group said. The man was among a group of residents who had chased and pelted the convoy with shoes and stones, prompting Turkish troops to fire tear-gas to disperse the protesters.",Turkish patrol kills protester amid shaky truce in NE Syria,"Generate a faithful, specific, non-clickbait news headline. Use concrete names, numbers, places, or events only when supported by the article summary. Avoid curiosity-gap wording, exaggeration, and unsupported details. Category: news Article summary: A Syrian protester was killed after he was run over by a Turkish military vehicle during a joint Turkish-Russian patrol in northeastern Syria on Friday, Kurdish forces and a Syria war monitoring group said. The man was among a group of residents who had chased and pelted the convoy with shoes and stones, prompting Turkish troops to fire tear-gas to disperse the protesters.",Turkish patrol kills protester amid shaky truce in NE Syria,63,10,True,6.36494e-05,0,https://assets.msn.com/labs/mind/BBWrUhu.html,Syrian protester killed after he was run over by Turkish military vehicle in northeastern Syria,False
specificity-005116,specificity,test,15670,N53028,finance,financenews,"A section of the Hegewisch neighborhood had been in the dark for weeks, and a block of frustrated residents said they had made every possible request for a streetlight fix but nothing was done.",Streetlights Back On Along Hegewisch Block That Had Been In The Dark For Weeks After CBS 2 Visits,"Generate a faithful, specific, non-clickbait news headline. Use concrete names, numbers, places, or events only when supported by the article summary. Avoid curiosity-gap wording, exaggeration, and unsupported details. Category: finance Article summary: A section of the Hegewisch neighborhood had been in the dark for weeks, and a block of frustrated residents said they had made every possible request for a streetlight fix but nothing was done.",Streetlights Back On Along Hegewisch Block That Had Been In The Dark For Weeks After CBS 2 Visits,34,18,True,0.019154599,0,https://assets.msn.com/labs/mind/AAJbObW.html,Hegewisch residents say they made every possible request for a streetlight fix but nothing was done,False
specificity-005117,specificity,test,18522,N6238,news,newsus,"The world's No. 1 exporter of beef is home to a large and growing vegan movement. Sometimes, the cultures clash.",Schools in meat-loving rural Brazil went vegan. The community revolted.,"Generate a faithful, specific, non-clickbait news headline. Use concrete names, numbers, places, or events only when supported by the article summary. Avoid curiosity-gap wording, exaggeration, and unsupported details. Category: news Article summary: The world's No. 1 exporter of beef is home to a large and growing vegan movement. Sometimes, the cultures clash.",Schools in meat-loving rural Brazil went vegan. The community revolted.,20,10,True,0.000424901,0,https://assets.msn.com/labs/mind/AAJNpyh.html,Beef exporters flock to vegan movement,False
specificity-005118,specificity,test,43076,N49406,sports,football_ncaa,Alabama quarterback Tua Tagovailoa started for the No. 1 Crimson Tide against No. 2 LSU less than three weeks after surgery on his injured ankle.,Alabama QB Tagovailoa starts against LSU after ankle surgery,"Generate a faithful, specific, non-clickbait news headline. Use concrete names, numbers, places, or events only when supported by the article summary. Avoid curiosity-gap wording, exaggeration, and unsupported details. Category: sports Article summary: Alabama quarterback Tua Tagovailoa started for the No. 1 Crimson Tide against No. 2 LSU less than three weeks after surgery on his injured ankle.",Alabama QB Tagovailoa starts against LSU after ankle surgery,25,9,True,8.995683e-05,0,https://assets.msn.com/labs/mind/BBWw8Io.html,Alabama quarterback Tua Tagovailoa starts for No. 1 Crimson Tide against No. 2 LSU,False
specificity-005119,specificity,test,20834,N15730,news,newsscienceandtechnology,"Dominion Energy wants to soup up the electric meters it uses to bill its customers -- but if customers want to opt out, it could cost them extra. The electric monopoly wants to update some 2.1 million meters across the state as part of its multi-billion-dollar grid modernization plan, saying the improved ""smart"" devices will allow customers to better manage their power use -- and ...","Dominion's smart meters are coming. If you want to opt out, it could cost you.","Generate a faithful, specific, non-clickbait news headline. Use concrete names, numbers, places, or events only when supported by the article summary. Avoid curiosity-gap wording, exaggeration, and unsupported details. Category: news Article summary: Dominion Energy wants to soup up the electric meters it uses to bill its customers -- but if customers want to opt out, it could cost them extra. The electric monopoly wants to update some 2.1 million meters across the state as part of its multi-billion-dollar grid modernization plan, saying the improved ""smart"" devices will allow customers to better manage their power use -- and ...","Dominion's smart meters are coming. If you want to opt out, it could cost you.",66,15,False,0.00076477474,0,https://assets.msn.com/labs/mind/AAJOAUV.html,Dominion wants to update 2.1 million meters across the state,False
specificity-005120,specificity,test,45079,N59455,health,medical,"CHESAPEAKE, Va. A local doctor was arrested Friday for health care fraud and making false statements related to health care, records show. The FBI started investigating Javaid Perwaiz, 69, back in September 2018, after receiving a tip from a hospital employee who suspected he may have been performing unnecessary surgeries on unsuspecting patients, documents say. Perwaiz's patients advised ...",Chesapeake doctor facing charges after accused of performing 'unnecessary surgeries',"Generate a faithful, specific, non-clickbait news headline. Use concrete names, numbers, places, or events only when supported by the article summary. Avoid curiosity-gap wording, exaggeration, and unsupported details. Category: health Article summary: CHESAPEAKE, Va. A local doctor was arrested Friday for health care fraud and making false statements related to health care, records show. The FBI started investigating Javaid Perwaiz, 69, back in September 2018, after receiving a tip from a hospital employee who suspected he may have been performing unnecessary surgeries on unsuspecting patients, documents say. Perwaiz's patients advised ...",Chesapeake doctor facing charges after accused of performing 'unnecessary surgeries',59,10,False,7.258639e-05,0,https://assets.msn.com/labs/mind/BBWBahg.html,69-year-old doctor arrested for health care fraud,False
specificity-005121,specificity,test,59905,N40624,weather,weathertopstories,"While Fort Collins mostly misses out on this storm, southwest of Denver and southern Colorado could see as much as a foot of snow.",Forecast snow totals for Fort Collins and around Colorado with the next storm,"Generate a faithful, specific, non-clickbait news headline. Use concrete names, numbers, places, or events only when supported by the article summary. Avoid curiosity-gap wording, exaggeration, and unsupported details. Category: weather Article summary: While Fort Collins mostly misses out on this storm, southwest of Denver and southern Colorado could see as much as a foot of snow.",Forecast snow totals for Fort Collins and around Colorado with the next storm,24,13,True,0.00019976913,0,https://assets.msn.com/labs/mind/AAJdWJO.html,Fort Collins storm could see as much as a foot of snow,False
specificity-005122,specificity,test,37714,N438,news,newsus,"TAMPA The University of South Florida is holding a special academic ceremony Thursday to celebrate and formally welcome the school's new president Steve Currall. Currall took the job July 1 and has since wrangled a plan for the pending consolidation of USF's three campuses. He will share more of his vision for the university during the event at 2 p.m. in Yuengling Center, where ""an array of ...",Special ceremony at USF will formally welcome President Steve Currall,"Generate a faithful, specific, non-clickbait news headline. Use concrete names, numbers, places, or events only when supported by the article summary. Avoid curiosity-gap wording, exaggeration, and unsupported details. Category: news Article summary: TAMPA The University of South Florida is holding a special academic ceremony Thursday to celebrate and formally welcome the school's new president Steve Currall. Currall took the job July 1 and has since wrangled a plan for the pending consolidation of USF's three campuses. He will share more of his vision for the university during the event at 2 p.m. in Yuengling Center, where ""an array of ...",Special ceremony at USF will formally welcome President Steve Currall,68,10,True,9.447333e-05,0,https://assets.msn.com/labs/mind/BBWKVyy.html,University of South Florida welcomes new president Steve Currall,False
specificity-005123,specificity,test,52455,N37626,news,newsus,"Minnesota voters will decide a number of local races and referendums on Tuesday, Nov. 5. Here's what you need to know.","Minnesota Election Guide 2019: Garbage, School Funding On Ballot","Generate a faithful, specific, non-clickbait news headline. Use concrete names, numbers, places, or events only when supported by the article summary. Avoid curiosity-gap wording, exaggeration, and unsupported details. Category: news Article summary: Minnesota voters will decide a number of local races and referendums on Tuesday, Nov. 5. Here's what you need to know.","Minnesota Election Guide 2019: Garbage, School Funding On Ballot",21,9,True,7.990363e-05,0,https://assets.msn.com/labs/mind/AAJQKJE.html,Minnesota voters to decide a number of local races and referendums,False
specificity-005124,specificity,test,1129,N5717,finance,finance-real-estate,"Your credit score, a reliable income and how much outstanding debt you owe are critical factors in determining the best mortgage interest rate that you'll be offered. Yet none of it has anything to do with the range of interest rates available. It's a bit more complicated than that. Although the Federal Reserve rate, bond markets, inflation and the demand for homes all play a big part, the stock market also plays a less direct role in...",Mortgage rates vs. the stock market,"Generate a faithful, specific, non-clickbait news headline. Use concrete names, numbers, places, or events only when supported by the article summary. Avoid curiosity-gap wording, exaggeration, and unsupported details. Category: finance Article summary: Your credit score, a reliable income and how much outstanding debt you owe are critical factors in determining the best mortgage interest rate that you'll be offered. Yet none of it has anything to do with the range of interest rates available. It's a bit more complicated than that. Although the Federal Reserve rate, bond markets, inflation and the demand for homes all play a big part, the stock market also plays a less direct role in...",Mortgage rates vs. the stock market,77,6,False,0.00013281745,0,https://assets.msn.com/labs/mind/AAHM8Zj.html,What's the best mortgage interest rate for you?,False
specificity-005125,specificity,test,39063,N10222,sports,basketball_ncaa,"COLLEGE STATION In the spring of 2018, guards Admon Gilder and TJ Starks led Texas A&M into the Sweet 16 of the NCAA tournament. The duo is making headlines again, for quite different reasons. Following the firing of then-coach Billy Kennedy last spring, Gilder transferred to Gonzaga (3-0) and will play against the Aggies (2-0) on Friday night in Reed Arena. Starks stuck around for the new coach, but the junior is off to a shaky start under...",Changing of the guards at Texas A&M,"Generate a faithful, specific, non-clickbait news headline. Use concrete names, numbers, places, or events only when supported by the article summary. Avoid curiosity-gap wording, exaggeration, and unsupported details. Category: sports Article summary: COLLEGE STATION In the spring of 2018, guards Admon Gilder and TJ Starks led Texas A&M into the Sweet 16 of the NCAA tournament. The duo is making headlines again, for quite different reasons. Following the firing of then-coach Billy Kennedy last spring, Gilder transferred to Gonzaga (3-0) and will play against the Aggies (2-0) on Friday night in Reed Arena. Starks stuck around for the new coach, but the junior is off to a shaky start under...",Changing of the guards at Texas A&M,78,7,True,8.30405e-05,0,https://assets.msn.com/labs/mind/BBWMgpa.html,"Admon Gilder, TJ Starks lead Texas A&M into Sweet 16",False
specificity-005126,specificity,test,63285,N32719,news,newsus,"Former Detroit Mayor Kwame Kilpatrick has once again lost yet another appeal in his bid to get out of prison. A fresh order from the Sixth Circuit Court of Appeals rejects Kilpatrick's claims that the court gave an incorrect jury instructions, that his attorney had a conflict of interest and a federal judge was biased. The six-page document, which was submitted by the court on Friday, also states that merely sending a wedding...",Ex-Detroit Mayor Kwame Kilpatrick Loses Another Bid For Freedom,"Generate a faithful, specific, non-clickbait news headline. Use concrete names, numbers, places, or events only when supported by the article summary. Avoid curiosity-gap wording, exaggeration, and unsupported details. Category: news Article summary: Former Detroit Mayor Kwame Kilpatrick has once again lost yet another appeal in his bid to get out of prison. A fresh order from the Sixth Circuit Court of Appeals rejects Kilpatrick's claims that the court gave an incorrect jury instructions, that his attorney had a conflict of interest and a federal judge was biased. The six-page document, which was submitted by the court on Friday, also states that merely sending a wedding...",Ex-Detroit Mayor Kwame Kilpatrick Loses Another Bid For Freedom,73,9,True,8.028244e-05,0,https://assets.msn.com/labs/mind/BBWOYDG.html,Former Detroit Mayor Kwame Kilpatrick loses appeal in bid to get out of prison,False
specificity-005127,specificity,test,40978,N42159,news,newscrime,"The University of Oklahoma Police Department is investigating after a body was found Saturday morning on campus. Around 8 a.m., campus police officers responded to a scene near Asp Avenue and Fourth Street, university officials said. Sign up for our Newsletters In a statement, OU police said they quickly determined there was no threat to others and secured the area. The Medical Examiner's office will determine the official cause of death....",University of Oklahoma police investigating body found in campus housing,"Generate a faithful, specific, non-clickbait news headline. Use concrete names, numbers, places, or events only when supported by the article summary. Avoid curiosity-gap wording, exaggeration, and unsupported details. Category: news Article summary: The University of Oklahoma Police Department is investigating after a body was found Saturday morning on campus. Around 8 a.m., campus police officers responded to a scene near Asp Avenue and Fourth Street, university officials said. Sign up for our Newsletters In a statement, OU police said they quickly determined there was no threat to others and secured the area. The Medical Examiner's office will determine the official cause of death....",University of Oklahoma police investigating body found in campus housing,71,10,True,8.3799074e-05,0,https://assets.msn.com/labs/mind/BBWvZR3.html,University of Oklahoma investigates body found on campus,False
specificity-005128,specificity,test,1778,N28616,news,newsworld,"President Donald Trump says his meeting with the parents of a British teenager who was killed in a traffic accident involving an American diplomat's wife was ""beautiful."" A lawyer for the family said the parents were poorly treated. (Oct. 16)",Parents of killed teen reject Trump's attempted introduction,"Generate a faithful, specific, non-clickbait news headline. Use concrete names, numbers, places, or events only when supported by the article summary. Avoid curiosity-gap wording, exaggeration, and unsupported details. Category: news Article summary: President Donald Trump says his meeting with the parents of a British teenager who was killed in a traffic accident involving an American diplomat's wife was ""beautiful."" A lawyer for the family said the parents were poorly treated. (Oct. 16)",Parents of killed teen reject Trump's attempted introduction,40,8,True,0.0003833828,0,https://assets.msn.com/labs/mind/AAISKZ2.html,"Trump says his meeting with parents of British teenager killed in traffic accident was ""beautiful""",False
specificity-005129,specificity,test,22285,N25035,autos,autosbuying,"This week we are discussing shady test drive procedures, delivery miles that were more than promised and treating yourself to a reasonable car.",Why Does The Dealer Want Me To Agree To A Price Before A Test Drive?,"Generate a faithful, specific, non-clickbait news headline. Use concrete names, numbers, places, or events only when supported by the article summary. Avoid curiosity-gap wording, exaggeration, and unsupported details. Category: autos Article summary: This week we are discussing shady test drive procedures, delivery miles that were more than promised and treating yourself to a reasonable car.",Why Does The Dealer Want Me To Agree To A Price Before A Test Drive?,23,15,True,0.0003343828,0,https://assets.msn.com/labs/mind/AAJHCGG.html,"'Shady test drive procedures, delivery miles that were more than promised and treating yourself to a reasonable car'",False
specificity-005130,specificity,test,35962,N16657,news,newsus,"As shots rang out at Saugus High School early Thursday morning, one student athlete was able to get to safety and share his touching moments with his coach and fellow teammates in the midst of chaos. Sean had just left his coach's classroom when he heard shots ringing out at the school. ""I just walked out and then I heard shots,"" he said. ""I called my mom and she told me to go back. I just ...",'We Went Through It Together:' Student Finds Comfort in Teammates and Coach in Midst of Saugus School Shooting,"Generate a faithful, specific, non-clickbait news headline. Use concrete names, numbers, places, or events only when supported by the article summary. Avoid curiosity-gap wording, exaggeration, and unsupported details. Category: news Article summary: As shots rang out at Saugus High School early Thursday morning, one student athlete was able to get to safety and share his touching moments with his coach and fellow teammates in the midst of chaos. Sean had just left his coach's classroom when he heard shots ringing out at the school. ""I just walked out and then I heard shots,"" he said. ""I called my mom and she told me to go back. I just ...",'We Went Through It Together:' Student Finds Comfort in Teammates and Coach in Midst of Saugus School Shooting,77,18,True,0.00026731225,0,https://assets.msn.com/labs/mind/BBWM1jY.html,'I just walked out and then I heard shots': 'I just walked out and then I heard shots': 'I,False
specificity-005131,specificity,test,56626,N28078,news,newsus,The trial for a man charged in the shooting death of a New Kensington police officer is about to begin.,Death Penalty Trial For Man Accused Of Killing Officer Brian Shaw Begins Monday,"Generate a faithful, specific, non-clickbait news headline. Use concrete names, numbers, places, or events only when supported by the article summary. Avoid curiosity-gap wording, exaggeration, and unsupported details. Category: news Article summary: The trial for a man charged in the shooting death of a New Kensington police officer is about to begin.",Death Penalty Trial For Man Accused Of Killing Officer Brian Shaw Begins Monday,20,13,True,0.0001215682,0,https://assets.msn.com/labs/mind/AAJNIZj.html,Man charged in shooting death of police officer in New Kensington,False
specificity-005132,specificity,test,41392,N22854,sports,football_nfl,"Saquon Barkley's father will be cheering on his son at MetLife Stadium on Sunday, but he won't be sporting any New York Giants blue. Instead, Alibay Barkley, a lifelong die-hard Jets fan who has a Gang Green tattoo on his forearm, told his son that he will wear a throwback Joe Namath jersey when the two teams play this weekend. With the Jets 1-7, Alibay Barkley won't choose his son over his team. Instead, he will compromise and root for both...","Saquon Barkley's dad to wear Jets jersey, root for both teams on Sunday","Generate a faithful, specific, non-clickbait news headline. Use concrete names, numbers, places, or events only when supported by the article summary. Avoid curiosity-gap wording, exaggeration, and unsupported details. Category: sports Article summary: Saquon Barkley's father will be cheering on his son at MetLife Stadium on Sunday, but he won't be sporting any New York Giants blue. Instead, Alibay Barkley, a lifelong die-hard Jets fan who has a Gang Green tattoo on his forearm, told his son that he will wear a throwback Joe Namath jersey when the two teams play this weekend. With the Jets 1-7, Alibay Barkley won't choose his son over his team. Instead, he will compromise and root for both...","Saquon Barkley's dad to wear Jets jersey, root for both teams on Sunday",81,13,True,0.0010832838,0,https://assets.msn.com/labs/mind/BBWtjiP.html,Saquon Barkley's father will cheer on his son at MetLife Stadium,False
specificity-005133,specificity,test,57821,N20706,sports,baseball_mlb,"At Strike Zone Barbershop in Katy, Danny Quiles can't contain his excitement. ""Every time we're talking about baseball,"" said Quiles. ""A lot of Astros fans coming to the shop."" When it's time to close Tuesday, he'll be cheering on the Astros in Game 6. ""They have a really good team,"" said Quiles. ""They have a great chance win the World Series tonight."" RELATED: LIVE BLOG: Astros can clinch World Series title with win tonight RELATED: 'That's my...",Meet the Astros barber behind those fresh cuts,"Generate a faithful, specific, non-clickbait news headline. Use concrete names, numbers, places, or events only when supported by the article summary. Avoid curiosity-gap wording, exaggeration, and unsupported details. Category: sports Article summary: At Strike Zone Barbershop in Katy, Danny Quiles can't contain his excitement. ""Every time we're talking about baseball,"" said Quiles. ""A lot of Astros fans coming to the shop."" When it's time to close Tuesday, he'll be cheering on the Astros in Game 6. ""They have a really good team,"" said Quiles. ""They have a great chance win the World Series tonight."" RELATED: LIVE BLOG: Astros can clinch World Series title with win tonight RELATED: 'That's my...",Meet the Astros barber behind those fresh cuts,77,8,True,0.0007379625,0,https://assets.msn.com/labs/mind/AAJysrw.html,"'Every time we're talking about baseball,' Danny Quiles says",False
specificity-005134,specificity,test,56284,N33017,news,newsus,"The Jacksonville Sheriff's Office published a heavily redacted police report this week on a bookkeeper's alleged theft of thousands of dollars that omitted basic facts from the public. The same week, two other agencies released less censored versions of the same report. Now, an expert on open-records law says the JSO went too far. On Monday, a story about a bookkeeper being charged with fraud ...",Expert calls JSO redactions on Duval school theft case 'unnecessarily heavy',"Generate a faithful, specific, non-clickbait news headline. Use concrete names, numbers, places, or events only when supported by the article summary. Avoid curiosity-gap wording, exaggeration, and unsupported details. Category: news Article summary: The Jacksonville Sheriff's Office published a heavily redacted police report this week on a bookkeeper's alleged theft of thousands of dollars that omitted basic facts from the public. The same week, two other agencies released less censored versions of the same report. Now, an expert on open-records law says the JSO went too far. On Monday, a story about a bookkeeper being charged with fraud ...",Expert calls JSO redactions on Duval school theft case 'unnecessarily heavy',66,11,True,7.6077085e-05,0,https://assets.msn.com/labs/mind/AAIPA01.html,Jacksonville Sheriff's Office publishes report on bookkeeper's alleged theft of thousands of dollars,False
specificity-005135,specificity,test,37222,N32308,sports,basketball_nba,"Days after losing Eric Gordon (knee) and Danuel House Jr. (back) to injuries, the Rockets also will be without Clint Capela after the center felt ""woozy"" following a collision in Wednesday's win over the Los Angeles Clippers. ""Clint is definitely out tomorrow and then I think we're seeing about Saturday, but it looks doubtful,"" coach Mike D'Antoni said. ""I don't think he has (a concussion), but they have to check to see if he does."" After a slow...",Rockets notes: Clint Capela out at least one game,"Generate a faithful, specific, non-clickbait news headline. Use concrete names, numbers, places, or events only when supported by the article summary. Avoid curiosity-gap wording, exaggeration, and unsupported details. Category: sports Article summary: Days after losing Eric Gordon (knee) and Danuel House Jr. (back) to injuries, the Rockets also will be without Clint Capela after the center felt ""woozy"" following a collision in Wednesday's win over the Los Angeles Clippers. ""Clint is definitely out tomorrow and then I think we're seeing about Saturday, but it looks doubtful,"" coach Mike D'Antoni said. ""I don't think he has (a concussion), but they have to check to see if he does."" After a slow...",Rockets notes: Clint Capela out at least one game,78,9,True,0.00012533487,0,https://assets.msn.com/labs/mind/BBWM8Ss.html,Rockets will be without Clint Capela after collision in Los Angeles Clippers win over Clippers,False
specificity-005136,specificity,test,48278,N47621,sports,more_sports,A Vietnam veteran who served along Steeler legend Rocky Bleier and was injured in battle was officially promoted from U.S. Marine sergeant to staff sergeant at a surprise ceremony.,Fayette Co. Vietnam Veteran Promoted During Surprise Ceremony,"Generate a faithful, specific, non-clickbait news headline. Use concrete names, numbers, places, or events only when supported by the article summary. Avoid curiosity-gap wording, exaggeration, and unsupported details. Category: sports Article summary: A Vietnam veteran who served along Steeler legend Rocky Bleier and was injured in battle was officially promoted from U.S. Marine sergeant to staff sergeant at a surprise ceremony.",Fayette Co. Vietnam Veteran Promoted During Surprise Ceremony,29,8,True,8.383024e-05,0,https://assets.msn.com/labs/mind/BBWBzTC.html,Vietnam veteran promoted from U.S. Marine sergeant to staff sergeant,False
specificity-005137,specificity,test,24754,N63418,sports,football_nfl,We will officially have to wait until after the bye week to see either Green or Glenn play for the first time this season.,"A.J. Green, Cordy Glenn won't play vs. Rams","Generate a faithful, specific, non-clickbait news headline. Use concrete names, numbers, places, or events only when supported by the article summary. Avoid curiosity-gap wording, exaggeration, and unsupported details. Category: sports Article summary: We will officially have to wait until after the bye week to see either Green or Glenn play for the first time this season.","A.J. Green, Cordy Glenn won't play vs. Rams",24,8,True,0.0013884769,0,https://assets.msn.com/labs/mind/AAJjiYa.html,"Green, Glenn to play for first time this season",False
specificity-005138,specificity,test,58517,N31573,autos,autosnews,"The Arizona Department of Transportation announced Wednesday it was completing a major project to install hundreds of new, more visible wrong-way signs along Phoenix-area freeways.",ADOT nears completion of wrong-way sign project on Phoenix-area freeways,"Generate a faithful, specific, non-clickbait news headline. Use concrete names, numbers, places, or events only when supported by the article summary. Avoid curiosity-gap wording, exaggeration, and unsupported details. Category: autos Article summary: The Arizona Department of Transportation announced Wednesday it was completing a major project to install hundreds of new, more visible wrong-way signs along Phoenix-area freeways.",ADOT nears completion of wrong-way sign project on Phoenix-area freeways,25,10,True,7.7195924e-05,0,https://assets.msn.com/labs/mind/AAJGyEA.html,Arizona Department of Transportation completes new wrong-way signs along Phoenix-area freeways,False
specificity-005139,specificity,test,43906,N14977,health,health-news,"The period of potential exposure was determined to be between April 22 and Sept. 30, 2019, at the hospital in Auburn, Wash.","Hospital says 26 infants, 27 adult patients possibly exposed to tuberculosis","Generate a faithful, specific, non-clickbait news headline. Use concrete names, numbers, places, or events only when supported by the article summary. Avoid curiosity-gap wording, exaggeration, and unsupported details. Category: health Article summary: The period of potential exposure was determined to be between April 22 and Sept. 30, 2019, at the hospital in Auburn, Wash.","Hospital says 26 infants, 27 adult patients possibly exposed to tuberculosis",22,11,True,8.959035e-05,0,https://assets.msn.com/labs/mind/BBWI0xL.html,"The period of potential exposure was determined to be between April 22 and Sept. 30, 2019, at Auburn Hospital",False
specificity-005140,specificity,test,46830,N4218,health,health-news,"Ten people at a care facility in Oklahoma were hospitalized after they were injected with insulin instead of a flu shot, police said.",10 hospitalized after insulin administered instead of flu shots,"Generate a faithful, specific, non-clickbait news headline. Use concrete names, numbers, places, or events only when supported by the article summary. Avoid curiosity-gap wording, exaggeration, and unsupported details. Category: health Article summary: Ten people at a care facility in Oklahoma were hospitalized after they were injected with insulin instead of a flu shot, police said.",10 hospitalized after insulin administered instead of flu shots,23,9,True,0.00039167944,0,https://assets.msn.com/labs/mind/BBWqq6d.html,Ten people hospitalized after being injected with insulin instead of flu shot,False
specificity-005141,specificity,test,63248,N7874,autos,autosnews,"A 60-year-old Daytona Beach woman died Thursday night following a wreck at the intersection of Eagle Rock Road and U.S. 1, authorities said. Sharlyn Johnson was driving a 2005 Dodge Neon west on Eagle Rock Road shortly after 8 p.m. when she entered the intersection at U.S. 1 into the path of a northbound 2013 Ford Fusion driven by Christen Barney, 22, of Bunnell, according to a report from the ...",Daytona woman killed in Flagler crash,"Generate a faithful, specific, non-clickbait news headline. Use concrete names, numbers, places, or events only when supported by the article summary. Avoid curiosity-gap wording, exaggeration, and unsupported details. Category: autos Article summary: A 60-year-old Daytona Beach woman died Thursday night following a wreck at the intersection of Eagle Rock Road and U.S. 1, authorities said. Sharlyn Johnson was driving a 2005 Dodge Neon west on Eagle Rock Road shortly after 8 p.m. when she entered the intersection at U.S. 1 into the path of a northbound 2013 Ford Fusion driven by Christen Barney, 22, of Bunnell, according to a report from the ...",Daytona woman killed in Flagler crash,71,6,True,8.421171e-05,0,https://assets.msn.com/labs/mind/BBWOXaY.html,Woman dies after crash at Daytona Beach intersection,False
specificity-005142,specificity,test,17452,N51352,news,newsscienceandtechnology,"Pain perception is essential for survival, but how much something hurts can sometimes be amplified or suppressed: for example, soldiers who sustain an injury in battle often recall not feeling anything at the time.",Scientists shed light on how brains turn pain up or down,"Generate a faithful, specific, non-clickbait news headline. Use concrete names, numbers, places, or events only when supported by the article summary. Avoid curiosity-gap wording, exaggeration, and unsupported details. Category: news Article summary: Pain perception is essential for survival, but how much something hurts can sometimes be amplified or suppressed: for example, soldiers who sustain an injury in battle often recall not feeling anything at the time.",Scientists shed light on how brains turn pain up or down,34,11,False,0.00039291545,0,https://assets.msn.com/labs/mind/AAIPKEw.html,"Pain perception is essential for survival, but how much hurts can sometimes be amplified or suppressed?",False
specificity-005143,specificity,test,51361,N49154,tv,tvnews,Careflight was called to the scene after a three-vehicle crash in Butler County Wednesday morning. The crash took place around 5:46 a.m. on Hamilton Eaton Road and Trenton Oxford Road. Sign up for our Newsletters Police said they don't know the extent of injuries at this time but Careflight did respond to the crash. WLWT will continue to update this story with more information as it comes in. READ THE FULL STORY:Careflight responds to...,Careflight responds to multi-vehicle crash in Butler County,"Generate a faithful, specific, non-clickbait news headline. Use concrete names, numbers, places, or events only when supported by the article summary. Avoid curiosity-gap wording, exaggeration, and unsupported details. Category: tv Article summary: Careflight was called to the scene after a three-vehicle crash in Butler County Wednesday morning. The crash took place around 5:46 a.m. on Hamilton Eaton Road and Trenton Oxford Road. Sign up for our Newsletters Police said they don't know the extent of injuries at this time but Careflight did respond to the crash. WLWT will continue to update this story with more information as it comes in. READ THE FULL STORY:Careflight responds to...",Careflight responds to multi-vehicle crash in Butler County,74,8,True,7.781862e-05,0,https://assets.msn.com/labs/mind/AAJWE81.html,Careflight responds to three-vehicle crash in Butler County,False
specificity-005144,specificity,test,49261,N15240,sports,icehockey_nhl,"Conor Garland scored the shootout winner minutes after an apparent Capitals overtime goal was waved off by video review, and the Arizona Coyotes responded from blowing a big lead to beat Washington 4-3 Monday night. The NHL-leading Capitals' winning streak was snapped at six. The Coyotes ended their own three-game skid. Arizona blew a 3-0 lead for a second consecutive game but came away victorious this time. The Coyotes thought...","Oshie OT goal wiped out, Caps lose to Coyotes in shootout","Generate a faithful, specific, non-clickbait news headline. Use concrete names, numbers, places, or events only when supported by the article summary. Avoid curiosity-gap wording, exaggeration, and unsupported details. Category: sports Article summary: Conor Garland scored the shootout winner minutes after an apparent Capitals overtime goal was waved off by video review, and the Arizona Coyotes responded from blowing a big lead to beat Washington 4-3 Monday night. The NHL-leading Capitals' winning streak was snapped at six. The Coyotes ended their own three-game skid. Arizona blew a 3-0 lead for a second consecutive game but came away victorious this time. The Coyotes thought...","Oshie OT goal wiped out, Caps lose to Coyotes in shootout",70,11,True,9.088756e-05,0,https://assets.msn.com/labs/mind/BBWCpeE.html,Arizona Coyotes beat Washington 4-3,False
specificity-005145,specificity,test,48927,N52870,weather,weathertopstories,"Classes at all schools in the Round Rock district will begin two hours later in anticipation of Tuesday's cold weather, school officials said. School buses will also run two hours late, they said. The National Weather Service on Monday night issued a wind advisory for the Austin metro area, noting that freezing rain, sleet and gusts as high as 30 mph were possible going into Tuesday morning. ...",Classes delayed at Round Rock schools due to cold weather,"Generate a faithful, specific, non-clickbait news headline. Use concrete names, numbers, places, or events only when supported by the article summary. Avoid curiosity-gap wording, exaggeration, and unsupported details. Category: weather Article summary: Classes at all schools in the Round Rock district will begin two hours later in anticipation of Tuesday's cold weather, school officials said. School buses will also run two hours late, they said. The National Weather Service on Monday night issued a wind advisory for the Austin metro area, noting that freezing rain, sleet and gusts as high as 30 mph were possible going into Tuesday morning. ...",Classes delayed at Round Rock schools due to cold weather,68,10,True,0.00016755189,0,https://assets.msn.com/labs/mind/BBWCLN8.html,Students in Round Rock district to begin two hours later in anticipation of cold weather,False
specificity-005146,specificity,test,52250,N35503,news,newsus,Plant officials told workers during early shifts less than 12 hours after a proposed tentative contract agreement was announced publicly.,"Ford-UAW deal includes closing Romeo Engine Plant, moving 600 jobs","Generate a faithful, specific, non-clickbait news headline. Use concrete names, numbers, places, or events only when supported by the article summary. Avoid curiosity-gap wording, exaggeration, and unsupported details. Category: news Article summary: Plant officials told workers during early shifts less than 12 hours after a proposed tentative contract agreement was announced publicly.","Ford-UAW deal includes closing Romeo Engine Plant, moving 600 jobs",20,10,True,6.76546e-05,0,https://assets.msn.com/labs/mind/AAJEgEb.html,Plant officials tell workers during early shifts less than 12 hours after proposed contract agreement,False
specificity-005147,specificity,test,39478,N36153,travel,travelnews,"Some Mainers are enjoying discounts Saturday morning at 20 local shops during the Early Bird Sale. Shoppers can get an extra discount if they wear their pajamas. Sign up for our Newsletters At 11 a.m., spectators can watch a slumber bed race. Prizes are awarded for speed, creativity and team spirit. The bed race is a free event for spectators; racers must be at least 18 years old. The sale ends at 5 p.m. READ THE FULL STORY:Early start to...",Early start to holiday shopping in Brunswick,"Generate a faithful, specific, non-clickbait news headline. Use concrete names, numbers, places, or events only when supported by the article summary. Avoid curiosity-gap wording, exaggeration, and unsupported details. Category: travel Article summary: Some Mainers are enjoying discounts Saturday morning at 20 local shops during the Early Bird Sale. Shoppers can get an extra discount if they wear their pajamas. Sign up for our Newsletters At 11 a.m., spectators can watch a slumber bed race. Prizes are awarded for speed, creativity and team spirit. The bed race is a free event for spectators; racers must be at least 18 years old. The sale ends at 5 p.m. READ THE FULL STORY:Early start to...",Early start to holiday shopping in Brunswick,80,7,True,7.4616044e-05,0,https://assets.msn.com/labs/mind/BBWvQlV.html,Mainers enjoy discounts at 20 local shops during Early Bird Sale,False
specificity-005148,specificity,test,64959,N40941,news,newscrime,"A teen is in custody after allegedly fleeing the scene of a crash that killed a child Friday night. Just before 6 p.m., the Florida Highway Patrol was called to the 10800 block of Southwest 155th Street for a hit-and-run crash. Sign up for our Newsletters Troopers said a 7-year-old boy and another person were riding bicycles in an unlit area when a 17-year-old's vehicle collided with the 7-year-old. The teen fled the scene but was found not too...","Child killed, teen arrested after hit-and-run crash in Ocala","Generate a faithful, specific, non-clickbait news headline. Use concrete names, numbers, places, or events only when supported by the article summary. Avoid curiosity-gap wording, exaggeration, and unsupported details. Category: news Article summary: A teen is in custody after allegedly fleeing the scene of a crash that killed a child Friday night. Just before 6 p.m., the Florida Highway Patrol was called to the 10800 block of Southwest 155th Street for a hit-and-run crash. Sign up for our Newsletters Troopers said a 7-year-old boy and another person were riding bicycles in an unlit area when a 17-year-old's vehicle collided with the 7-year-old. The teen fled the scene but was found not too...","Child killed, teen arrested after hit-and-run crash in Ocala",79,9,True,9.743209e-05,0,https://assets.msn.com/labs/mind/BBWRpPc.html,Florida Highway Patrol calls to 10800 block of Southwest 155th Street for hit-and-run crash,False
specificity-005149,specificity,test,33355,N47118,news,newsus,"A woman has died after she was found injured in the middle of a north St. Louis street early Monday morning. Emergency crews responded to the 8000 block of Hall Street in the North Riverfront neighborhood at about 6:30 a.m. The initial call was for a 'person down.' Emergency dispatchers later told 5 On Your Side the victim was hit by a car, but St. Louis police corrected that information Monday morning. According to police, the woman was found...",Woman dies after she was found injured on a St. Louis street,"Generate a faithful, specific, non-clickbait news headline. Use concrete names, numbers, places, or events only when supported by the article summary. Avoid curiosity-gap wording, exaggeration, and unsupported details. Category: news Article summary: A woman has died after she was found injured in the middle of a north St. Louis street early Monday morning. Emergency crews responded to the 8000 block of Hall Street in the North Riverfront neighborhood at about 6:30 a.m. The initial call was for a 'person down.' Emergency dispatchers later told 5 On Your Side the victim was hit by a car, but St. Louis police corrected that information Monday morning. According to police, the woman was found...",Woman dies after she was found injured on a St. Louis street,79,12,True,0.00010970319,0,https://assets.msn.com/labs/mind/BBWAM0Y.html,Woman dies after she was found injured in middle of north St. Louis street,False
specificity-005150,specificity,test,27278,N52246,finance,finance-companies,"Chinese conglomerate Fosun has snapped up the Thomas Cook brand for 11 million ($14.2 million), weeks after the renowned British travel group went bust and left hundreds of thousands of holidaymakers stranded abroad.",Fosun buys Thomas Cook brand for 11 million,"Generate a faithful, specific, non-clickbait news headline. Use concrete names, numbers, places, or events only when supported by the article summary. Avoid curiosity-gap wording, exaggeration, and unsupported details. Category: finance Article summary: Chinese conglomerate Fosun has snapped up the Thomas Cook brand for 11 million ($14.2 million), weeks after the renowned British travel group went bust and left hundreds of thousands of holidaymakers stranded abroad.",Fosun buys Thomas Cook brand for 11 million,33,8,True,7.841044e-05,0,https://assets.msn.com/labs/mind/AAJISYk.html,Fosun snaps up Thomas Cook for 11 million ($14.2 million),False
specificity-005151,specificity,test,57496,N30866,sports,football_ncaa,"Florida's season isn't over -- far from it, in fact. But after Saturday's 24-17 loss to Georgia, Gators coach Dan Mullen didn't shy away from the obvious. ""There's an awful lot to still play for. A lot of football still left. We have three more games to go play and a bye week. We've qualified for a bowl game, so we'll get that extra (practice). How good that is, we'll see. The East still ...",Gators ready to regroup after loss,"Generate a faithful, specific, non-clickbait news headline. Use concrete names, numbers, places, or events only when supported by the article summary. Avoid curiosity-gap wording, exaggeration, and unsupported details. Category: sports Article summary: Florida's season isn't over -- far from it, in fact. But after Saturday's 24-17 loss to Georgia, Gators coach Dan Mullen didn't shy away from the obvious. ""There's an awful lot to still play for. A lot of football still left. We have three more games to go play and a bye week. We've qualified for a bowl game, so we'll get that extra (practice). How good that is, we'll see. The East still ...",Gators ready to regroup after loss,75,6,False,9.8339086e-05,0,https://assets.msn.com/labs/mind/AAJNqGW.html,"Florida's season isn't over -- far from it, in fact. But after Saturday's 24-17 loss to Georgia, Gators coach",False
specificity-005152,specificity,test,39470,N64815,travel,travelarticle,"A custom-built home on the water is filled with priceless antiques and luxurious touches inside and out. The home itself is fairly new, but the d cor and finishes make it seem like you're taking a trip back in time. CBS2's Natalie Duddridge has more.",Long Island Or Lake Como?,"Generate a faithful, specific, non-clickbait news headline. Use concrete names, numbers, places, or events only when supported by the article summary. Avoid curiosity-gap wording, exaggeration, and unsupported details. Category: travel Article summary: A custom-built home on the water is filled with priceless antiques and luxurious touches inside and out. The home itself is fairly new, but the d cor and finishes make it seem like you're taking a trip back in time. CBS2's Natalie Duddridge has more.",Long Island Or Lake Como?,45,5,True,9.057806e-05,0,https://assets.msn.com/labs/mind/BBWEaKx.html,Custom-built home on the water is filled with antiques and luxurious touches inside and out,False
specificity-005153,specificity,test,52983,N45059,news,newspolitics,"President Donald Trump's nominee to be U.S. ambassador to Russia, John Sullivan, said on Wednesday he had known earlier this year that the president's personal attorney, Rudy Giuliani, was involved in a campaign about then-Ambassador to Ukraine Marie Yovanovitch that helped lead to her dismissal. Rough Cut (no reporter narration).",U.S. State Department official knew Giuliani involved in campaign against ambassador,"Generate a faithful, specific, non-clickbait news headline. Use concrete names, numbers, places, or events only when supported by the article summary. Avoid curiosity-gap wording, exaggeration, and unsupported details. Category: news Article summary: President Donald Trump's nominee to be U.S. ambassador to Russia, John Sullivan, said on Wednesday he had known earlier this year that the president's personal attorney, Rudy Giuliani, was involved in a campaign about then-Ambassador to Ukraine Marie Yovanovitch that helped lead to her dismissal. Rough Cut (no reporter narration).",U.S. State Department official knew Giuliani involved in campaign against ambassador,50,11,True,0.00012002426,0,https://assets.msn.com/labs/mind/AAJATst.html,Trump's nominee to be U.S. ambassador to Russia says he knew Giuliani was involved in campaign,False
specificity-005154,specificity,test,37058,N47272,news,newscrime,"A 60-count indictment against alleged Clayton County serial rapist Kenneth Bowen links a ninth victim, assaulted earlier this year, to the string of attacks. Clayton County Police have not previously attributed attacks earlier this year to the serial rapist, whom police now say is Bowen - a former military member and Clayton County Police recruit - after arresting him in August. At a preliminary hearing in September, Bowen faced charges related...","Accused serial rapist tied to ninth victim, attacked this year","Generate a faithful, specific, non-clickbait news headline. Use concrete names, numbers, places, or events only when supported by the article summary. Avoid curiosity-gap wording, exaggeration, and unsupported details. Category: news Article summary: A 60-count indictment against alleged Clayton County serial rapist Kenneth Bowen links a ninth victim, assaulted earlier this year, to the string of attacks. Clayton County Police have not previously attributed attacks earlier this year to the serial rapist, whom police now say is Bowen - a former military member and Clayton County Police recruit - after arresting him in August. At a preliminary hearing in September, Bowen faced charges related...","Accused serial rapist tied to ninth victim, attacked this year",71,10,False,0.00042900763,0,https://assets.msn.com/labs/mind/BBWKSmC.html,Indictment against serial rapist Kenneth Bowen links ninth victim to string of attacks,False
specificity-005155,specificity,test,65227,N2661,sports,basketball_ncaa,"Class C Haldane has already booked a trip to the state final four at Cortland next weekend, which Section 1 teams will be joining them?","Girls soccer scoreboard: Class AA, A, B state quarterfinals, regional finals (Nov. 8-9)","Generate a faithful, specific, non-clickbait news headline. Use concrete names, numbers, places, or events only when supported by the article summary. Avoid curiosity-gap wording, exaggeration, and unsupported details. Category: sports Article summary: Class C Haldane has already booked a trip to the state final four at Cortland next weekend, which Section 1 teams will be joining them?","Girls soccer scoreboard: Class AA, A, B state quarterfinals, regional finals (Nov. 8-9)",25,13,True,0.00034170723,0,https://assets.msn.com/labs/mind/BBWsWfg.html,Class C Haldane to travel to Cortland next weekend,False
specificity-005156,specificity,test,48534,N30510,sports,football_nfl,"The Raiders' last defensive stand against the Chargers on Thursday was a costly one. With 30 seconds left, slot cornerback Lamarcus Joyner limped off the field after appearing to injure his right leg in coverage. Two plays later, safety Karl Joseph suffered a season-ending foot injury in making the interception that sealed a 26-24 win. That has left the Raiders (5-4) a half-game out of first place in the AFC West after Kansas City's loss...",Health of Raiders' secondary a primary issue,"Generate a faithful, specific, non-clickbait news headline. Use concrete names, numbers, places, or events only when supported by the article summary. Avoid curiosity-gap wording, exaggeration, and unsupported details. Category: sports Article summary: The Raiders' last defensive stand against the Chargers on Thursday was a costly one. With 30 seconds left, slot cornerback Lamarcus Joyner limped off the field after appearing to injure his right leg in coverage. Two plays later, safety Karl Joseph suffered a season-ending foot injury in making the interception that sealed a 26-24 win. That has left the Raiders (5-4) a half-game out of first place in the AFC West after Kansas City's loss...",Health of Raiders' secondary a primary issue,75,7,True,9.59559e-05,0,https://assets.msn.com/labs/mind/BBWC1Ex.html,Raiders' last defensive stand against Chargers is costly,False
specificity-005157,specificity,test,23527,N38573,travel,travelarticle,"Say goodbye to plastic straws in Maine's largest city. Portland city councilors voted unanimously on Monday to ban all plastic straws at local restaurants and bars. Businesses will now only be able to give out plastic straws, stirrers or splash sticks if a customer specifically asks for one starting in April. The products will be banned entirely by January 2021. The only exceptions would be for customers with disabilities or straws included in...",Banned! No More Plastic Straws in Portland: City Council,"Generate a faithful, specific, non-clickbait news headline. Use concrete names, numbers, places, or events only when supported by the article summary. Avoid curiosity-gap wording, exaggeration, and unsupported details. Category: travel Article summary: Say goodbye to plastic straws in Maine's largest city. Portland city councilors voted unanimously on Monday to ban all plastic straws at local restaurants and bars. Businesses will now only be able to give out plastic straws, stirrers or splash sticks if a customer specifically asks for one starting in April. The products will be banned entirely by January 2021. The only exceptions would be for customers with disabilities or straws included in...",Banned! No More Plastic Straws in Portland: City Council,73,9,True,0.0002807988,0,https://assets.msn.com/labs/mind/AAJa36b.html,Portland city councilors ban plastic straws at restaurants and bars,False
specificity-005158,specificity,test,18570,N22930,news,newscrime,Long Beach resident Jose Segovia Benitez was taken from the airport to jail while local authorities investigate whether he's wanted in El Salvador for any crimes.,"Deported U.S. Marine veteran from Long Beach arrives in El Salvador, goes to jail","Generate a faithful, specific, non-clickbait news headline. Use concrete names, numbers, places, or events only when supported by the article summary. Avoid curiosity-gap wording, exaggeration, and unsupported details. Category: news Article summary: Long Beach resident Jose Segovia Benitez was taken from the airport to jail while local authorities investigate whether he's wanted in El Salvador for any crimes.","Deported U.S. Marine veteran from Long Beach arrives in El Salvador, goes to jail",26,14,True,0.00012896223,0,https://assets.msn.com/labs/mind/AAJinwL.html,Long Beach resident Jose Segovia Benitez taken from airport to jail for crimes in El Salvador,False
specificity-005159,specificity,test,62089,N34781,sports,football_nfl,Mason Crosby got some help from his snapper and performed a Lambeau Leap after his game-winning kick against the Lions on Monday night.,"Mason Crosby won the Packers game, then did a Lambeau Leap","Generate a faithful, specific, non-clickbait news headline. Use concrete names, numbers, places, or events only when supported by the article summary. Avoid curiosity-gap wording, exaggeration, and unsupported details. Category: sports Article summary: Mason Crosby got some help from his snapper and performed a Lambeau Leap after his game-winning kick against the Lions on Monday night.","Mason Crosby won the Packers game, then did a Lambeau Leap",23,11,True,0.0003825243,0,https://assets.msn.com/labs/mind/AAIMxG9.html,Mason Crosby performs Lambeau Leap after game-winning kick against Lions,False
specificity-005160,specificity,test,28067,N51953,news,newsus,"TUCSON, Ariz. (AP/3TV/CBS5) -- Three buildings in downtown Tucson were evacuated Monday morning after a bomb threat. Authorities say a ""suspicious package"" was reported at the Pima County Superior Court building around 8:30 a.m. They say two other administration buildings were evacuated as a precaution. The Pima County's official Twitter account confirmed the evacuations and said police are investigating. Local television outlets live streamed...",Three buildings in downtown Tucson evacuated after a bomb threat,"Generate a faithful, specific, non-clickbait news headline. Use concrete names, numbers, places, or events only when supported by the article summary. Avoid curiosity-gap wording, exaggeration, and unsupported details. Category: news Article summary: TUCSON, Ariz. (AP/3TV/CBS5) -- Three buildings in downtown Tucson were evacuated Monday morning after a bomb threat. Authorities say a ""suspicious package"" was reported at the Pima County Superior Court building around 8:30 a.m. They say two other administration buildings were evacuated as a precaution. The Pima County's official Twitter account confirmed the evacuations and said police are investigating. Local television outlets live streamed...",Three buildings in downtown Tucson evacuated after a bomb threat,64,10,True,0.00012511517,0,https://assets.msn.com/labs/mind/AAJQA8A.html,Three buildings evacuated after bomb threat,False
specificity-005161,specificity,test,26827,N9304,news,newsus,"Attorney General Bill Barr decried attacks on religious values in a speech Friday, tying a movement of ""militant secularism"" to societal maladies including the opioid epidemic and ""an increase in senseless violence.""","Barr slams attacks on religious values, says moral upheaval leading to societal ills","Generate a faithful, specific, non-clickbait news headline. Use concrete names, numbers, places, or events only when supported by the article summary. Avoid curiosity-gap wording, exaggeration, and unsupported details. Category: news Article summary: Attorney General Bill Barr decried attacks on religious values in a speech Friday, tying a movement of ""militant secularism"" to societal maladies including the opioid epidemic and ""an increase in senseless violence.""","Barr slams attacks on religious values, says moral upheaval leading to societal ills",32,13,False,9.134301e-05,0,https://assets.msn.com/labs/mind/AAIGLEu.html,Attorney General Bill Barr condemns religious attacks on religious values,False
specificity-005162,specificity,test,21167,N53758,news,newsus,"Maryland's Governor has ordered flags to be flown at half-staff in honor of the late Congressman Elijah Cummings. The outpouring in the wake of his death from an undisclosed illness has included mourners quietly leaving flowers on the front step of the home Cummings shared with his wife, former Maryland gubernatorial candidate Maya Rockeymore Cummings. Cummings is remembered in Baltimore as a civil rights leader and a fierce defender of the...",Cummings remembered as a 'champion for the people' by West Baltimore neighbors,"Generate a faithful, specific, non-clickbait news headline. Use concrete names, numbers, places, or events only when supported by the article summary. Avoid curiosity-gap wording, exaggeration, and unsupported details. Category: news Article summary: Maryland's Governor has ordered flags to be flown at half-staff in honor of the late Congressman Elijah Cummings. The outpouring in the wake of his death from an undisclosed illness has included mourners quietly leaving flowers on the front step of the home Cummings shared with his wife, former Maryland gubernatorial candidate Maya Rockeymore Cummings. Cummings is remembered in Baltimore as a civil rights leader and a fierce defender of the...",Cummings remembered as a 'champion for the people' by West Baltimore neighbors,71,12,True,0.0003761515,0,https://assets.msn.com/labs/mind/AAIW8A1.html,Maryland Governor orders flags flown at half-staff in honor of Congressman Elijah Cummings,False
specificity-005163,specificity,test,32296,N42264,news,newsworld,"Israeli Prime Minister Benjamin Netanyahu said Wednesday that Islamic Jihad militants in Gaza must stop rocket attacks or ""absorb more and more blows"" as an escalation of violence raged for a second day. ""They have one choice: to stop these attacks or absorb more and more blows.",Netanyahu tells Islamic Jihad 'stop these attacks or absorb more blows',"Generate a faithful, specific, non-clickbait news headline. Use concrete names, numbers, places, or events only when supported by the article summary. Avoid curiosity-gap wording, exaggeration, and unsupported details. Category: news Article summary: Israeli Prime Minister Benjamin Netanyahu said Wednesday that Islamic Jihad militants in Gaza must stop rocket attacks or ""absorb more and more blows"" as an escalation of violence raged for a second day. ""They have one choice: to stop these attacks or absorb more and more blows.",Netanyahu tells Islamic Jihad 'stop these attacks or absorb more blows',47,11,True,7.377403e-05,0,https://assets.msn.com/labs/mind/BBWGZS5.html,Israeli PM says Islamic Jihad militants must stop rocket attacks or absorb more and more blows,False
specificity-005164,specificity,test,35738,N14405,video,news,Little Rock teachers are striking for the first time in more than three decades over the state's control of the local school system and a panel's decision to strip their union's collective bargaining rights. (Nov. 14),Ark. teachers strike over control of district,"Generate a faithful, specific, non-clickbait news headline. Use concrete names, numbers, places, or events only when supported by the article summary. Avoid curiosity-gap wording, exaggeration, and unsupported details. Category: video Article summary: Little Rock teachers are striking for the first time in more than three decades over the state's control of the local school system and a panel's decision to strip their union's collective bargaining rights. (Nov. 14)",Ark. teachers strike over control of district,36,7,False,7.302294e-05,0,https://assets.msn.com/labs/mind/BBWLyar.html,Little Rock teachers strike for first time in more than three decades over union's collective bargaining rights,False
specificity-005165,specificity,test,24315,N63351,news,newscrime,A 67-year-old woman with a history of sneaking onto flights is being held without bond for her latest attempt at Chicago's O'Hare International Airport.,Serial stowaway held without bond for violating probation,"Generate a faithful, specific, non-clickbait news headline. Use concrete names, numbers, places, or events only when supported by the article summary. Avoid curiosity-gap wording, exaggeration, and unsupported details. Category: news Article summary: A 67-year-old woman with a history of sneaking onto flights is being held without bond for her latest attempt at Chicago's O'Hare International Airport.",Serial stowaway held without bond for violating probation,24,8,False,0.0001452574,0,https://assets.msn.com/labs/mind/AAIPuaU.html,67-year-old woman sneaks onto O'Hare International Airport,False
specificity-005166,specificity,test,27922,N1471,sports,basketball_nba,"Draymond Green accepts that this is going to be a teaching year. During Thursday's 141-122 season-opening loss to the Clippers, Green taught the Warriors' young roster about playing through pain. Green endured an elbow contusion in the first three minutes of the game. After trying to shake off the injury and failing to hide his grimace while being checked by the medical staff on the bench, he went to the locker room for further evaluation. Nine...",Draymond Green teaches the young Warriors lesson No. 1: Play hard at all times,"Generate a faithful, specific, non-clickbait news headline. Use concrete names, numbers, places, or events only when supported by the article summary. Avoid curiosity-gap wording, exaggeration, and unsupported details. Category: sports Article summary: Draymond Green accepts that this is going to be a teaching year. During Thursday's 141-122 season-opening loss to the Clippers, Green taught the Warriors' young roster about playing through pain. Green endured an elbow contusion in the first three minutes of the game. After trying to shake off the injury and failing to hide his grimace while being checked by the medical staff on the bench, he went to the locker room for further evaluation. Nine...",Draymond Green teaches the young Warriors lesson No. 1: Play hard at all times,76,14,True,0.18653056,0,https://assets.msn.com/labs/mind/AAJk1ht.html,Draymond Green accepts that this is going to be a teaching year,False
specificity-005167,specificity,test,7192,N44310,news,newsus,"MIAMI - When Florida issued a call for python hunters, applications came in from near and very, very far - Iran, for instance, where one man sees a chance to fulfill his childhood dream. Mohammad Asghari is one of 2,600 applicants worldwide hoping to become a ""python removal agent"" with the South Florida Water Management District, an effort that aims to control the state's booming Burmese ...",Florida needs python hunters. A man in Iran is one of thousands applying for the job,"Generate a faithful, specific, non-clickbait news headline. Use concrete names, numbers, places, or events only when supported by the article summary. Avoid curiosity-gap wording, exaggeration, and unsupported details. Category: news Article summary: MIAMI - When Florida issued a call for python hunters, applications came in from near and very, very far - Iran, for instance, where one man sees a chance to fulfill his childhood dream. Mohammad Asghari is one of 2,600 applicants worldwide hoping to become a ""python removal agent"" with the South Florida Water Management District, an effort that aims to control the state's booming Burmese ...",Florida needs python hunters. A man in Iran is one of thousands applying for the job,67,16,True,0.00029777555,0,https://assets.msn.com/labs/mind/AAJg2Cq.html,Florida seeks python removal agent,False
specificity-005168,specificity,test,60356,N12659,entertainment,entertainment-celebrity,"DETROIT (WWJ) - Prosecutors are deciding if criminal charges are warranted after a Detroit lawmaker's house was apparently demolished without her permission. The Wayne County Prosecutor's office said Friday that it received a not in custody warrant request in the case and is reviewing it, but is not expected to make a charging decision for at least a week. Rep. Sherry Gay-Dagnogo filed a complaint with the city in September saying a home she...",Prosecutors Consider Criminal Charges In Demolition Of State Rep's Detroit House,"Generate a faithful, specific, non-clickbait news headline. Use concrete names, numbers, places, or events only when supported by the article summary. Avoid curiosity-gap wording, exaggeration, and unsupported details. Category: entertainment Article summary: DETROIT (WWJ) - Prosecutors are deciding if criminal charges are warranted after a Detroit lawmaker's house was apparently demolished without her permission. The Wayne County Prosecutor's office said Friday that it received a not in custody warrant request in the case and is reviewing it, but is not expected to make a charging decision for at least a week. Rep. Sherry Gay-Dagnogo filed a complaint with the city in September saying a home she...",Prosecutors Consider Criminal Charges In Demolition Of State Rep's Detroit House,74,11,True,7.035873e-05,0,https://assets.msn.com/labs/mind/AAIGIIK.html,Prosecutors decide if criminal charges are warranted after Detroit lawmaker's house was demolished without permission,False
specificity-005169,specificity,test,47166,N35078,sports,baseball_mlb,"The Yankees ""tried hard"" to pry reliever Mychal Givens from the Orioles just before the trade deadline, according to a report from the New York Post's Joel Sherman. General manager Brian Cashman was believed to be in search of starting pitching at the time, but he repeatedly stressed that he would be open to upgrading the bullpen if starters weren't available. Ultimately, he didn't make any ...",MLB trade rumors: The Yankees target that got away,"Generate a faithful, specific, non-clickbait news headline. Use concrete names, numbers, places, or events only when supported by the article summary. Avoid curiosity-gap wording, exaggeration, and unsupported details. Category: sports Article summary: The Yankees ""tried hard"" to pry reliever Mychal Givens from the Orioles just before the trade deadline, according to a report from the New York Post's Joel Sherman. General manager Brian Cashman was believed to be in search of starting pitching at the time, but he repeatedly stressed that he would be open to upgrading the bullpen if starters weren't available. Ultimately, he didn't make any ...",MLB trade rumors: The Yankees target that got away,67,9,True,7.899953e-05,0,https://assets.msn.com/labs/mind/BBWxZk8.html,"Yankees ""tried hard"" to reliever Mychal Givens from Orioles just before trade deadline",False
specificity-005170,specificity,test,5297,N23912,travel,travelnews,"When the announcement came that weather would again prevent a stop, ""that's when the riots broke out,"" a guest said. Cruise line officials offered a discount on future cruises.","'At a certain point, you just lose it:' Passengers revolt and riot aboard Norwegian Spirit cruise ship","Generate a faithful, specific, non-clickbait news headline. Use concrete names, numbers, places, or events only when supported by the article summary. Avoid curiosity-gap wording, exaggeration, and unsupported details. Category: travel Article summary: When the announcement came that weather would again prevent a stop, ""that's when the riots broke out,"" a guest said. Cruise line officials offered a discount on future cruises.","'At a certain point, you just lose it:' Passengers revolt and riot aboard Norwegian Spirit cruise ship",29,17,True,0.00013331765,0,https://assets.msn.com/labs/mind/AAIwQva.html,Cruise Line Offers Discount on Future Cruises,False
specificity-005171,specificity,test,54133,N44353,news,newscrime,One person was killed and two others were injured Saturday morning in a house fire on Cobb Street in western Greenville County.,"One person dead, two others injured in Greenville County house fire","Generate a faithful, specific, non-clickbait news headline. Use concrete names, numbers, places, or events only when supported by the article summary. Avoid curiosity-gap wording, exaggeration, and unsupported details. Category: news Article summary: One person was killed and two others were injured Saturday morning in a house fire on Cobb Street in western Greenville County.","One person dead, two others injured in Greenville County house fire",22,11,True,0.000109305984,0,https://assets.msn.com/labs/mind/AAJ1ZJU.html,"One killed, two injured in house fire on Cobb Street in Greenville County",False
specificity-005172,specificity,test,18205,N63429,sports,football_ncaa,"Harbaugh has turned Michigan into a highly ranked program again, but has been unable to find the breakthrough into the conference title game and beyond.",Report: Jim Harbaugh exploring potential NFL return,"Generate a faithful, specific, non-clickbait news headline. Use concrete names, numbers, places, or events only when supported by the article summary. Avoid curiosity-gap wording, exaggeration, and unsupported details. Category: sports Article summary: Harbaugh has turned Michigan into a highly ranked program again, but has been unable to find the breakthrough into the conference title game and beyond.",Report: Jim Harbaugh exploring potential NFL return,25,7,True,9.625081e-05,0,https://assets.msn.com/labs/mind/AAJbj7p.html,"Harbaugh turns Michigan into a highly ranked program again, but has been unable to find the breakthrough",False
specificity-005173,specificity,test,49365,N35790,news,newsworld,"At least five people have been killed and 330 others injured after a 5.9-magnitude earthquake struck northwestern Iran on Friday, Iranian state-run Press TV reported.","Iran earthquake: 5 killed, 300 injured in northwestern Iran","Generate a faithful, specific, non-clickbait news headline. Use concrete names, numbers, places, or events only when supported by the article summary. Avoid curiosity-gap wording, exaggeration, and unsupported details. Category: news Article summary: At least five people have been killed and 330 others injured after a 5.9-magnitude earthquake struck northwestern Iran on Friday, Iranian state-run Press TV reported.","Iran earthquake: 5 killed, 300 injured in northwestern Iran",25,9,True,7.026319e-05,0,https://assets.msn.com/labs/mind/BBWr9ni.html,"At least five killed, 330 injured after 5.9-magnitude earthquake strikes northwestern Iran",False
specificity-005174,specificity,test,30376,N59402,news,newscrime,"Shots were fired during a robbery Wednesday morning at the 8th Street Arcade in Fernandina Beach, according to the Nassau County Sheriff's Office. An employee said a masked man came into the 1951 S. Eighth St. business about 5:30 a.m. brandishing a firearm and fired a round into the ceiling. He then fired in her direction as she tried to hide and demanded cash, according to the incident ...",Robber fires shots during 8th Street Arcade heist in Fernandina Beach,"Generate a faithful, specific, non-clickbait news headline. Use concrete names, numbers, places, or events only when supported by the article summary. Avoid curiosity-gap wording, exaggeration, and unsupported details. Category: news Article summary: Shots were fired during a robbery Wednesday morning at the 8th Street Arcade in Fernandina Beach, according to the Nassau County Sheriff's Office. An employee said a masked man came into the 1951 S. Eighth St. business about 5:30 a.m. brandishing a firearm and fired a round into the ceiling. He then fired in her direction as she tried to hide and demanded cash, according to the incident ...",Robber fires shots during 8th Street Arcade heist in Fernandina Beach,69,11,True,8.487601e-05,0,https://assets.msn.com/labs/mind/AAJfPPr.html,Shots fired during robbery at 8th Street Arcade in Fernandina Beach,False
specificity-005175,specificity,test,21260,N47948,finance,finance-real-estate,"Seven years since repairs began, Orlando's largest condominium complex appears to have righted the shoddy workmanship that for years plagued the condos, racking up millions of dollars in damage, hundreds of code violations and millions of dollars in fines from the city. The Hamptons at MetroWest, a well-appointed gated community in southwest Orlando, was converted from apartments to condos in the mid-2000s and billed as ""the best of MetroWest.""...","Once 'unfit for human habitation,' Orlando condo complex finishes repairing building defects","Generate a faithful, specific, non-clickbait news headline. Use concrete names, numbers, places, or events only when supported by the article summary. Avoid curiosity-gap wording, exaggeration, and unsupported details. Category: finance Article summary: Seven years since repairs began, Orlando's largest condominium complex appears to have righted the shoddy workmanship that for years plagued the condos, racking up millions of dollars in damage, hundreds of code violations and millions of dollars in fines from the city. The Hamptons at MetroWest, a well-appointed gated community in southwest Orlando, was converted from apartments to condos in the mid-2000s and billed as ""the best of MetroWest.""...","Once 'unfit for human habitation,' Orlando condo complex finishes repairing building defects",69,12,True,7.3305644e-05,0,https://assets.msn.com/labs/mind/AAIW8Xx.html,"Orlando's largest condominium complex has righted the shoddy workmanship that plagued the condos, racking up millions of dollars in damage,",False
specificity-005176,specificity,test,47143,N14382,finance,financenews,Police officers in one metro city are getting special training to learn how to control suspects without using their guns.,Marietta police officers have new form of training: Brazilian jiujitsu,"Generate a faithful, specific, non-clickbait news headline. Use concrete names, numbers, places, or events only when supported by the article summary. Avoid curiosity-gap wording, exaggeration, and unsupported details. Category: finance Article summary: Police officers in one metro city are getting special training to learn how to control suspects without using their guns.",Marietta police officers have new form of training: Brazilian jiujitsu,20,10,True,0.00013722137,0,https://assets.msn.com/labs/mind/BBWIfF5.html,Police officers get special training to learn how to control suspects without using their guns,False
specificity-005177,specificity,test,7685,N25704,sports,more_sports,Gold medal gymnast Laurie Hernandez and Actresses Rita Moreno and Gina Torre s will be the 2020 Tournament of Roses Grand Marshals.,Three Women Named Grand Marshals Of The 2020 Tournament Of Roses,"Generate a faithful, specific, non-clickbait news headline. Use concrete names, numbers, places, or events only when supported by the article summary. Avoid curiosity-gap wording, exaggeration, and unsupported details. Category: sports Article summary: Gold medal gymnast Laurie Hernandez and Actresses Rita Moreno and Gina Torre s will be the 2020 Tournament of Roses Grand Marshals.",Three Women Named Grand Marshals Of The 2020 Tournament Of Roses,22,11,True,0.0002740865,0,https://assets.msn.com/labs/mind/AAIOTzJ.html,"Gymnast Laurie Hernandez, Rita Moreno and Gina Torre s to be the 2020 Roses Grand Marshals",False
specificity-005178,specificity,test,24999,N22428,lifestyle,lifestylefamily,"Father Stephen Reynolds sings proudly, his voice booming deeper and richer than those of the cherubic choir of elementary school students who warble along behind him. ""All creatures of our God and King,"" they sing together. ""Lift up your voices, let us sing."" Just then, in the pause before a refrain of hallelujahs, a dog yips. Once, then twice. During any other religious assembly at St. Elizabeth Ann Seton Catholic School, this would be a...",Animal blessings? The trend is growing in the Catholic Church.,"Generate a faithful, specific, non-clickbait news headline. Use concrete names, numbers, places, or events only when supported by the article summary. Avoid curiosity-gap wording, exaggeration, and unsupported details. Category: lifestyle Article summary: Father Stephen Reynolds sings proudly, his voice booming deeper and richer than those of the cherubic choir of elementary school students who warble along behind him. ""All creatures of our God and King,"" they sing together. ""Lift up your voices, let us sing."" Just then, in the pause before a refrain of hallelujahs, a dog yips. Once, then twice. During any other religious assembly at St. Elizabeth Ann Seton Catholic School, this would be a...",Animal blessings? The trend is growing in the Catholic Church.,75,10,True,0.0001860293,0,https://assets.msn.com/labs/mind/AAILce2.html,"Father Stephen Reynolds sings proudly, his voice booming deeper and richer than those of the cherubic choir of elementary school students who war",False
specificity-005179,specificity,test,46437,N34585,sports,football_nfl,"ASHBURN, Va. (AP) Since the Washington Redskins fired Jay Gruden at 0-5 and replaced him with Bill Callahan, they have one win and three more losses to show for the coaching change. Five consecutive losses to open the season already quashed Washington's playoff hopes, but there's little tangible evidence the move is paying off in the short or long term. The Redskins at the bye week of a lost season are a team without a definitive answer at...",Redskins at 1-8 lack direction and visible plan for future,"Generate a faithful, specific, non-clickbait news headline. Use concrete names, numbers, places, or events only when supported by the article summary. Avoid curiosity-gap wording, exaggeration, and unsupported details. Category: sports Article summary: ASHBURN, Va. (AP) Since the Washington Redskins fired Jay Gruden at 0-5 and replaced him with Bill Callahan, they have one win and three more losses to show for the coaching change. Five consecutive losses to open the season already quashed Washington's playoff hopes, but there's little tangible evidence the move is paying off in the short or long term. The Redskins at the bye week of a lost season are a team without a definitive answer at...",Redskins at 1-8 lack direction and visible plan for future,78,10,True,7.320408e-05,0,https://assets.msn.com/labs/mind/BBWqnqV.html,Washington Redskins' Jay Gruden re-signs Bill Callahan,False
specificity-005180,specificity,test,6509,N62974,news,newsus,A black security guard who was fired after repeating a racial slur a student had called him filed a grievance seeking his job back.,African American school guard in Madison fired for repeating racial slur student used against him,"Generate a faithful, specific, non-clickbait news headline. Use concrete names, numbers, places, or events only when supported by the article summary. Avoid curiosity-gap wording, exaggeration, and unsupported details. Category: news Article summary: A black security guard who was fired after repeating a racial slur a student had called him filed a grievance seeking his job back.",African American school guard in Madison fired for repeating racial slur student used against him,24,15,True,0.0004230316,0,https://assets.msn.com/labs/mind/AAIYVtp.html,Black security guard fired after repeating racial slur,False
specificity-005181,specificity,test,34683,N29887,news,newscrime,"A security guard was charged in the accidental shooting death of a 62-year-old woman in Southwest Miami-Dade, according to police.",Security Guard Charged In Accidental Shooting Death,"Generate a faithful, specific, non-clickbait news headline. Use concrete names, numbers, places, or events only when supported by the article summary. Avoid curiosity-gap wording, exaggeration, and unsupported details. Category: news Article summary: A security guard was charged in the accidental shooting death of a 62-year-old woman in Southwest Miami-Dade, according to police.",Security Guard Charged In Accidental Shooting Death,20,7,True,0.00010536625,0,https://assets.msn.com/labs/mind/BBWHCfE.html,Security guard charged in shooting death of 62-year-old woman in Southwest Miami-Dade,False
specificity-005182,specificity,test,65219,N42643,sports,basketball_nba,"WASHINGTON -- The Cleveland Cavaliers (2-5) will open a three-game road trip against the Washington Wizards (2-5) on Friday night. When: 7 p.m. Where: Capital One Arena TV: ESPN Radio: WTAM 1100 AM; WMMS 100.7 FM, La Mega 87.7 FM. Online: Watch ESPN Last meeting: The Cavs lost to the Wizards 119-106 on Feb. 8. Cavs minute: The Cavs have lost three consecutive games. In Tuesday's loss against ...","Cleveland Cavaliers at Washington Wizards, Game 8 preview and listings","Generate a faithful, specific, non-clickbait news headline. Use concrete names, numbers, places, or events only when supported by the article summary. Avoid curiosity-gap wording, exaggeration, and unsupported details. Category: sports Article summary: WASHINGTON -- The Cleveland Cavaliers (2-5) will open a three-game road trip against the Washington Wizards (2-5) on Friday night. When: 7 p.m. Where: Capital One Arena TV: ESPN Radio: WTAM 1100 AM; WMMS 100.7 FM, La Mega 87.7 FM. Online: Watch ESPN Last meeting: The Cavs lost to the Wizards 119-106 on Feb. 8. Cavs minute: The Cavs have lost three consecutive games. In Tuesday's loss against ...","Cleveland Cavaliers at Washington Wizards, Game 8 preview and listings",69,10,True,7.576865e-05,0,https://assets.msn.com/labs/mind/BBWsTqa.html,Cleveland Cavaliers to open three-game road trip against Wizards,False
specificity-005183,specificity,test,30664,N16255,sports,mma,"Jake Hager admits he is still green to the sport of MMA, but he expects his athleticism to expedite his journey to the heavyweight title.",Jake Hager expects to fight elite HWs by 'end of' 2020,"Generate a faithful, specific, non-clickbait news headline. Use concrete names, numbers, places, or events only when supported by the article summary. Avoid curiosity-gap wording, exaggeration, and unsupported details. Category: sports Article summary: Jake Hager admits he is still green to the sport of MMA, but he expects his athleticism to expedite his journey to the heavyweight title.",Jake Hager expects to fight elite HWs by 'end of' 2020,25,11,True,0.0009394846,0,https://assets.msn.com/labs/mind/AAJfSWU.html,"Jake Hager admits he is still green to the sport of MMA, but expects his athleticism to expedite his journey to",False
specificity-005184,specificity,test,43867,N24867,news,newspolitics,"Judge Mike Spitzer announced his campaign Tuesday to finish out the remainder of the current term, which ends in 2022.",New judge in 21st Judicial District announces campaign bid,"Generate a faithful, specific, non-clickbait news headline. Use concrete names, numbers, places, or events only when supported by the article summary. Avoid curiosity-gap wording, exaggeration, and unsupported details. Category: news Article summary: Judge Mike Spitzer announced his campaign Tuesday to finish out the remainder of the current term, which ends in 2022.",New judge in 21st Judicial District announces campaign bid,20,9,True,6.3512554e-05,0,https://assets.msn.com/labs/mind/BBWF0Df.html,"Judge Mike Spitzer to finish out the remainder of the current term, which ends in 2022",False
specificity-005185,specificity,test,27402,N30028,sports,baseball_mlb,"We may never know the real reason why Joe Girardi was not hired as the Mets manager. We may also never know why neither Buck Showalter nor Dusty Baker even got an interview with them. Experience in winning in the majors something all three had should have been the primary criteria for the Mets after the disaster that was Mickey Callaway. In the end, was it money since Girardi, Showalter and Baker all would have been expected to command a...","Why Joe Girardi chose the Phillies, and where that leaves the Mets","Generate a faithful, specific, non-clickbait news headline. Use concrete names, numbers, places, or events only when supported by the article summary. Avoid curiosity-gap wording, exaggeration, and unsupported details. Category: sports Article summary: We may never know the real reason why Joe Girardi was not hired as the Mets manager. We may also never know why neither Buck Showalter nor Dusty Baker even got an interview with them. Experience in winning in the majors something all three had should have been the primary criteria for the Mets after the disaster that was Mickey Callaway. In the end, was it money since Girardi, Showalter and Baker all would have been expected to command a...","Why Joe Girardi chose the Phillies, and where that leaves the Mets",80,12,True,0.026510907,0,https://assets.msn.com/labs/mind/AAJpnQl.html,Joe Girardi not hired as Mets manager,False
specificity-005186,specificity,test,21592,N4317,news,newscrime,"The 45-year-old woman charged with killing a Fernandina Beach hair salon co-worker whose body has yet to be found has been declared competent to go to trial, according to an evaluation by Florida State Hospital. Now it's up to a judge to decide when a competency hearing in the first-degree murder case against Kimberly Lee Kessler will be scheduled, according to the State Attorney's Office. ...",Kessler ruled competent for murder trial in case of missing Joleen Cummings,"Generate a faithful, specific, non-clickbait news headline. Use concrete names, numbers, places, or events only when supported by the article summary. Avoid curiosity-gap wording, exaggeration, and unsupported details. Category: news Article summary: The 45-year-old woman charged with killing a Fernandina Beach hair salon co-worker whose body has yet to be found has been declared competent to go to trial, according to an evaluation by Florida State Hospital. Now it's up to a judge to decide when a competency hearing in the first-degree murder case against Kimberly Lee Kessler will be scheduled, according to the State Attorney's Office. ...",Kessler ruled competent for murder trial in case of missing Joleen Cummings,66,12,True,0.00017230403,0,https://assets.msn.com/labs/mind/AAIPj3l.html,45-year-old woman charged with killing hair salon co-worker has been declared competent to go to trial,False
specificity-005187,specificity,test,31919,N41688,finance,finance-real-estate,"Need a budget-friendly new spot? Apartment hunting can be hard, but there are deals. So what does the low-end rental price in St Vincent-Greenbriar look like these days?","Budget apartments for rent in St Vincent-Greenbriar, Indianapolis","Generate a faithful, specific, non-clickbait news headline. Use concrete names, numbers, places, or events only when supported by the article summary. Avoid curiosity-gap wording, exaggeration, and unsupported details. Category: finance Article summary: Need a budget-friendly new spot? Apartment hunting can be hard, but there are deals. So what does the low-end rental price in St Vincent-Greenbriar look like these days?","Budget apartments for rent in St Vincent-Greenbriar, Indianapolis",28,8,True,0.000116036135,0,https://assets.msn.com/labs/mind/BBWIyqC.html,Apartment hunting in St Vincent-Greenbriar: What's the price of a flat in St Vincent-Greenbriar?,False
specificity-005188,specificity,test,13136,N7387,news,newspolitics,"Former Secretary of Veteran Affairs David Shulkin, fired by President Trump in a tweet last year, joins NBC News' Alexa Liautaud to talk about his time working in the Trump administration.",Former secretary of veteran affairs on working for Trump: There was a plan 'to replace me',"Generate a faithful, specific, non-clickbait news headline. Use concrete names, numbers, places, or events only when supported by the article summary. Avoid curiosity-gap wording, exaggeration, and unsupported details. Category: news Article summary: Former Secretary of Veteran Affairs David Shulkin, fired by President Trump in a tweet last year, joins NBC News' Alexa Liautaud to talk about his time working in the Trump administration.",Former secretary of veteran affairs on working for Trump: There was a plan 'to replace me',31,16,True,0.0014481704,0,https://assets.msn.com/labs/mind/AAJFgfZ.html,Former Secretary of Veteran Affairs David Shulkin joins Alexa Liautaud to talk about his time in Trump administration,False
specificity-005189,specificity,test,46774,N54710,sports,football_nfl,"TAMPA If the Bucs are going to turn their season around in the second half, the team's pass defense must get better. Tampa Bay last in the league with 293.5 passing yards allowed a game, and are on pace to allow 4,700 passing yards and 38 touchdowns. We've heard the reasons. The Bucs secondary is young, they're learning on the fly. They will get better with experience. But the one thing that ...",More efficient pass rush the key to Bucs defense's second-half improvement,"Generate a faithful, specific, non-clickbait news headline. Use concrete names, numbers, places, or events only when supported by the article summary. Avoid curiosity-gap wording, exaggeration, and unsupported details. Category: sports Article summary: TAMPA If the Bucs are going to turn their season around in the second half, the team's pass defense must get better. Tampa Bay last in the league with 293.5 passing yards allowed a game, and are on pace to allow 4,700 passing yards and 38 touchdowns. We've heard the reasons. The Bucs secondary is young, they're learning on the fly. They will get better with experience. But the one thing that ...",More efficient pass rush the key to Bucs defense's second-half improvement,73,11,True,0.00014126404,0,https://assets.msn.com/labs/mind/BBWxTO0.html,Tampa Bay's pass defense must get better,False
specificity-005190,specificity,test,61400,N28258,news,newsus,"FORT WORTH -- The Arlington officer who shot and killed a woman lying in the grass as he was firing toward a running dog resigned Friday, police said. Officer Ravi Singh, a rookie in the department, was shooting toward a dog that had begun charging in his direction when he accidentally shot Margarita Victoria Brooks, 30, on Aug. 1, police said. Brooks, known by acquaintances as Maggie, ...","Arlington officer who shot, killed woman while firing at dog has resigned, police say","Generate a faithful, specific, non-clickbait news headline. Use concrete names, numbers, places, or events only when supported by the article summary. Avoid curiosity-gap wording, exaggeration, and unsupported details. Category: news Article summary: FORT WORTH -- The Arlington officer who shot and killed a woman lying in the grass as he was firing toward a running dog resigned Friday, police said. Officer Ravi Singh, a rookie in the department, was shooting toward a dog that had begun charging in his direction when he accidentally shot Margarita Victoria Brooks, 30, on Aug. 1, police said. Brooks, known by acquaintances as Maggie, ...","Arlington officer who shot, killed woman while firing at dog has resigned, police say",68,14,False,0.00010716219,0,https://assets.msn.com/labs/mind/AAJIk9E.html,"Arlington officer who shot and killed woman resigns, police say",False
specificity-005191,specificity,test,24482,N60035,news,newsfactcheck,President Donald Trump is persisting in a claim that goes to the heart of the U.S. military withdrawal from Syria.,"AP FACT CHECK: Trump's takes on impeachment, Syria, climate","Generate a faithful, specific, non-clickbait news headline. Use concrete names, numbers, places, or events only when supported by the article summary. Avoid curiosity-gap wording, exaggeration, and unsupported details. Category: news Article summary: President Donald Trump is persisting in a claim that goes to the heart of the U.S. military withdrawal from Syria.","AP FACT CHECK: Trump's takes on impeachment, Syria, climate",20,9,True,0.00011004518,0,https://assets.msn.com/labs/mind/AAJp1UW.html,Donald Trump persists in Syria claim that goes to the heart of U.S. withdrawal from Syria,False
specificity-005192,specificity,test,31142,N2591,news,newsworld,"Bulgaria on Saturday said it would summon France's ambassador to Sofia on Monday after comments about immigration by French President Emmanuel Macron sparked outrage. Ambassador Florence Robine would be asked for an explanation of the remarks in which Macron spoke of ""clandestine networks of Bulgarians and Ukrainians"", Ivan Dimov, an advisor to Foreign Minister Ekaterina Zaharieva, said.",Macron comments on 'clandestine' workers provokes anger in Bulgaria,"Generate a faithful, specific, non-clickbait news headline. Use concrete names, numbers, places, or events only when supported by the article summary. Avoid curiosity-gap wording, exaggeration, and unsupported details. Category: news Article summary: Bulgaria on Saturday said it would summon France's ambassador to Sofia on Monday after comments about immigration by French President Emmanuel Macron sparked outrage. Ambassador Florence Robine would be asked for an explanation of the remarks in which Macron spoke of ""clandestine networks of Bulgarians and Ukrainians"", Ivan Dimov, an advisor to Foreign Minister Ekaterina Zaharieva, said.",Macron comments on 'clandestine' workers provokes anger in Bulgaria,57,9,True,6.375547e-05,0,https://assets.msn.com/labs/mind/AAJJOd1.html,Bulgaria to summon France's ambassador to Sofia after comments on immigration,False
specificity-005193,specificity,test,26080,N50261,sports,football_ncaa,"EUGENE, Ore. (AP) Freshman kicker Camden Lewis flexed his muscles with a holler as teammates raised him on their shoulders. He had just nailed a 26-yard field goal as time expired, extending No. 11 Oregon's winning streak to seven games with a 37-35 victory over Washington State on Saturday night. He deserved that flex. CJ Verdell ran for a career-high 257 yards and three touchdowns for the Ducks (7-1, 5-0 Pac-12), who haven't lost since the...",Lewis' FG gives No. 11 Oregon 37-35 win over Washington St,"Generate a faithful, specific, non-clickbait news headline. Use concrete names, numbers, places, or events only when supported by the article summary. Avoid curiosity-gap wording, exaggeration, and unsupported details. Category: sports Article summary: EUGENE, Ore. (AP) Freshman kicker Camden Lewis flexed his muscles with a holler as teammates raised him on their shoulders. He had just nailed a 26-yard field goal as time expired, extending No. 11 Oregon's winning streak to seven games with a 37-35 victory over Washington State on Saturday night. He deserved that flex. CJ Verdell ran for a career-high 257 yards and three touchdowns for the Ducks (7-1, 5-0 Pac-12), who haven't lost since the...",Lewis' FG gives No. 11 Oregon 37-35 win over Washington St,76,11,True,9.9180346e-05,0,https://assets.msn.com/labs/mind/AAJpJAf.html,Camden Lewis flexes his muscles with holler as teammates raise him on their shoulders,False
specificity-005194,specificity,test,43578,N13524,news,newsus,"W. George Allen, a hugely influential figure in Broward history and its black community, has died, his family confirmed Thursday. He was 83. In 1962, Allen became the first African-American to graduate from the University of Florida. He once said: ""I was admitted to Harvard and the University of California at Berkeley, but I'm a native Floridian, and I felt that somebody had to integrate the ...",Pioneering black lawyer W. George Allen dies at 83,"Generate a faithful, specific, non-clickbait news headline. Use concrete names, numbers, places, or events only when supported by the article summary. Avoid curiosity-gap wording, exaggeration, and unsupported details. Category: news Article summary: W. George Allen, a hugely influential figure in Broward history and its black community, has died, his family confirmed Thursday. He was 83. In 1962, Allen became the first African-American to graduate from the University of Florida. He once said: ""I was admitted to Harvard and the University of California at Berkeley, but I'm a native Floridian, and I felt that somebody had to integrate the ...",Pioneering black lawyer W. George Allen dies at 83,67,9,True,8.1057944e-05,0,https://assets.msn.com/labs/mind/BBWqWxw.html,"W. George Allen dies, family confirms",False
specificity-005195,specificity,test,2113,N60814,sports,football_nfl,"Matt Schaub, who went 6-for-6 for 65 yards and a touchdown on Sunday, would see action as Atlanta's backup if Ryan were to miss any time.",Matt Ryan's ankle injury reportedly not believed to be serious,"Generate a faithful, specific, non-clickbait news headline. Use concrete names, numbers, places, or events only when supported by the article summary. Avoid curiosity-gap wording, exaggeration, and unsupported details. Category: sports Article summary: Matt Schaub, who went 6-for-6 for 65 yards and a touchdown on Sunday, would see action as Atlanta's backup if Ryan were to miss any time.",Matt Ryan's ankle injury reportedly not believed to be serious,26,10,True,0.0011686455,0,https://assets.msn.com/labs/mind/AAJ4Sib.html,Matt Schaub would see action as Atlanta's backup if Ryan misses any time,False
specificity-005196,specificity,test,15511,N62944,news,newsworld,"It's officially an election day that includes 26 school districts, two cities, and one special district, according to the Maricopa County Recorder's Office. This is a mail-in election so all voters in the election jurisdiction should have received a ballot in the mail. If you still have yours, it's too late to mail it in if you're wanting it to be counted. But you can still drop it off at a Ballot Replacement Center. There are 30 locations...",Still have your mail-in ballot? Here's where you can take it.,"Generate a faithful, specific, non-clickbait news headline. Use concrete names, numbers, places, or events only when supported by the article summary. Avoid curiosity-gap wording, exaggeration, and unsupported details. Category: news Article summary: It's officially an election day that includes 26 school districts, two cities, and one special district, according to the Maricopa County Recorder's Office. This is a mail-in election so all voters in the election jurisdiction should have received a ballot in the mail. If you still have yours, it's too late to mail it in if you're wanting it to be counted. But you can still drop it off at a Ballot Replacement Center. There are 30 locations...",Still have your mail-in ballot? Here's where you can take it.,78,11,True,0.00035488754,0,https://assets.msn.com/labs/mind/AAJT8Zs.html,"Maricopa County Election Day: 26 school districts, two cities, and one special district",False
specificity-005197,specificity,test,44418,N5308,news,newsus,"Los Angeles firefighters were responding to a brush fire near Warner Bros. Studios on Saturday afternoon that sent plumes of gray smoke hundreds of feet above the Hollywood Hills, authorities said. The fire started about 1:50 p.m. in the 3600 block of Barham Boulevard and had burned three acres, the LAFD said on Twitter. With minimal wind in the area, the fire was not spreading quickly, ...",Brush fire near Warner Studios sends smoke billowing over Hollywood Hills,"Generate a faithful, specific, non-clickbait news headline. Use concrete names, numbers, places, or events only when supported by the article summary. Avoid curiosity-gap wording, exaggeration, and unsupported details. Category: news Article summary: Los Angeles firefighters were responding to a brush fire near Warner Bros. Studios on Saturday afternoon that sent plumes of gray smoke hundreds of feet above the Hollywood Hills, authorities said. The fire started about 1:50 p.m. in the 3600 block of Barham Boulevard and had burned three acres, the LAFD said on Twitter. With minimal wind in the area, the fire was not spreading quickly, ...",Brush fire near Warner Studios sends smoke billowing over Hollywood Hills,67,11,True,0.00010240644,0,https://assets.msn.com/labs/mind/BBWwdxj.html,Los Angeles firefighters respond to brush fire near Warner Bros. Studios,False
specificity-005198,specificity,test,34321,N13665,news,newsus,"For the Gay Men's Chorus of Los Angeles, a Wednesday announcement represents a hopeful new chapter after a year of drama: Ernest H. Harrison has been appointed the new music director and conductor of GMCLA, one of L.A. County's longest-running LGBTQ arts organizations. Harrison, who is a doctoral candidate in choral conducting at USC, was selected in a nationwide search, GMCLA Executive ...",Gay Men's Chorus of Los Angeles names its new music director and conductor,"Generate a faithful, specific, non-clickbait news headline. Use concrete names, numbers, places, or events only when supported by the article summary. Avoid curiosity-gap wording, exaggeration, and unsupported details. Category: news Article summary: For the Gay Men's Chorus of Los Angeles, a Wednesday announcement represents a hopeful new chapter after a year of drama: Ernest H. Harrison has been appointed the new music director and conductor of GMCLA, one of L.A. County's longest-running LGBTQ arts organizations. Harrison, who is a doctoral candidate in choral conducting at USC, was selected in a nationwide search, GMCLA Executive ...",Gay Men's Chorus of Los Angeles names its new music director and conductor,63,13,True,0.00051881163,0,https://assets.msn.com/labs/mind/BBWHAkZ.html,Gay Men's Chorus of Los Angeles: Ernest H. Harrison appointed as new music director and conductor of GMCLA,False
specificity-005199,specificity,test,13695,N29966,video,viral,"Before Jonathan Edwards, a running back for the Kuna High School Kavemen in Kuna, Idaho, took to the field with his varsity football team, he tackled a different challenge. Edwards performed a rendition of the national anthem in American Sign Language for the large crowd there to see the Kavemen's homecoming game against the Columbia Wildcats. Christina Edwards, Jonathan's mom, recorded this footage on September 20. Christina told Storyful the high school senior attended a few ASL classes over the summer with the goal of performing. ""During the homecoming football game he performed the national anthem to complete his goal for his senior project,"" she said. ""This is one of the games that has the largest attendance and was a huge task to take on."" She told Storyful Jonathan had to shake off some nerves before performing and ""despite his nerves, and limited ASL knowledge, his performance was exceptional and inspirational to people throughout the world."" Edwards told Storyful she gave her friend Whitney Gustin Pollard permission to post the video publicly to her Facebook page on September 21, where it quickly garnered more than 3 million views. In the caption, Pollard wrote in part, ""Jonathan is interested in going to college to become an interpreter after high school!"" Credit: Christina Edwards via Storyful",High School Football Player Signs National Anthem at Homecoming Game,"Generate a faithful, specific, non-clickbait news headline. Use concrete names, numbers, places, or events only when supported by the article summary. Avoid curiosity-gap wording, exaggeration, and unsupported details. Category: video Article summary: Before Jonathan Edwards, a running back for the Kuna High School Kavemen in Kuna, Idaho, took to the field with his varsity football team, he tackled a different challenge. Edwards performed a rendition of the national anthem in American Sign Language for the large crowd there to see the Kavemen's homecoming game against the Columbia Wildcats. Christina Edwards, Jonathan's mom, recorded this footage on September 20. Christina told Storyful the high school senior attended a few ASL classes over the summer with the goal of performing. ""During the homecoming football game he performed the national anthem to complete his goal for his senior project,"" she said. ""This is one of the games that has the largest attendance and was a huge task to take on."" She told Storyful Jonathan had to shake off some nerves before performing and ""despite his nerves, and limited ASL knowledge, his performance was exceptional and inspirational to people throughout the world."" Edwards told Storyful she gave her friend Whitney Gustin Pollard permission to post the video publicly to her Facebook page on September 21, where it quickly garnered more than 3 million views. In the caption, Pollard wrote in part, ""Jonathan is interested in going to college to become an interpreter after high school!"" Credit: Christina Edwards via Storyful",High School Football Player Signs National Anthem at Homecoming Game,214,10,True,0.00013703569,0,https://assets.msn.com/labs/mind/AAJXS0v.html,Kavemen's homecoming game against the Columbia Wildcats,False
specificity-005200,specificity,test,15296,N6927,sports,football_nfl,"FOXBOROUGH -- It looks like Josh Gordon's time with the Patriots has come to an end. According to multiple reports, the Patriots released Gordon from the injured reserve. The wide receiver lasted just eight days on the IR. Now, he'll go through the waiver-wire process where each team has a chance to claim the 28-year-old. The fact the Patriots released Gordon so quickly shows the team wanted ...",Patriots Notebook: Josh Gordon's time in New England officially over,"Generate a faithful, specific, non-clickbait news headline. Use concrete names, numbers, places, or events only when supported by the article summary. Avoid curiosity-gap wording, exaggeration, and unsupported details. Category: sports Article summary: FOXBOROUGH -- It looks like Josh Gordon's time with the Patriots has come to an end. According to multiple reports, the Patriots released Gordon from the injured reserve. The wide receiver lasted just eight days on the IR. Now, he'll go through the waiver-wire process where each team has a chance to claim the 28-year-old. The fact the Patriots released Gordon so quickly shows the team wanted ...",Patriots Notebook: Josh Gordon's time in New England officially over,68,10,True,0.072680265,0,https://assets.msn.com/labs/mind/AAJFtvE.html,Patriots release Josh Gordon from injured reserve,False
specificity-005201,specificity,test,51619,N52831,sports,baseball_mlb,Bobby Dalbec the Boston Red Sox's No. prospect is representing USA Baseball in the World Baseball Softball Confederation Premier Tournament this month and he's certainly making his presence felt. The,Watch Red Sox Prospect Bobby Dalbec Hit Monster Grand Slam For Team USA,"Generate a faithful, specific, non-clickbait news headline. Use concrete names, numbers, places, or events only when supported by the article summary. Avoid curiosity-gap wording, exaggeration, and unsupported details. Category: sports Article summary: Bobby Dalbec the Boston Red Sox's No. prospect is representing USA Baseball in the World Baseball Softball Confederation Premier Tournament this month and he's certainly making his presence felt. The",Watch Red Sox Prospect Bobby Dalbec Hit Monster Grand Slam For Team USA,30,13,True,0.00032852002,0,https://assets.msn.com/labs/mind/AAJKPwd.html,Boston Red Sox's Bobby Dalbec to represent USA Baseball in World Baseball Softball Confederation Premier Tournament,False
specificity-005202,specificity,test,33785,N7838,news,newspolitics,"In the wake of yet another school shooting, Rep. Sean Patrick Maloney (D-NY) joins Andrea Mitchell and shares his frustration with inaction on gun reform. He tells Andrea that he doesn't 'blame people for being upset,' and that 'when we fail to distinguish who is trying to fix it, and who is stopping it, we make it less likely that there will be solutions.'","Rep. Maloney: 'The status quo is broken, and too many people are getting hurt""","Generate a faithful, specific, non-clickbait news headline. Use concrete names, numbers, places, or events only when supported by the article summary. Avoid curiosity-gap wording, exaggeration, and unsupported details. Category: news Article summary: In the wake of yet another school shooting, Rep. Sean Patrick Maloney (D-NY) joins Andrea Mitchell and shares his frustration with inaction on gun reform. He tells Andrea that he doesn't 'blame people for being upset,' and that 'when we fail to distinguish who is trying to fix it, and who is stopping it, we make it less likely that there will be solutions.'","Rep. Maloney: 'The status quo is broken, and too many people are getting hurt""",64,14,True,0.0011994108,0,https://assets.msn.com/labs/mind/BBWLjWE.html,"Rep. Sean Patrick Maloney joins Andrea Mitchell on gun reform, says 'when we fail to distinguish who is trying to fix it, and",False
specificity-005203,specificity,test,60068,N64915,sports,basketball_nba,"Nearing the start of their latest season, the Knicks exercised team options on three of its top players Monday afternoon. New York picked up Frank Ntilikina's option, worth $6.3 million, for the 2020-21 season, the club announced. Ntilikina was initially set to become an unrestricted free agent following the season if the Knicks didn't exercise the option by the Oct. 31 deadline. Ntilikina, entering his third season with the Knicks, averaged 5.7...",Knicks Exercise Team Option On Frank Ntilikina,"Generate a faithful, specific, non-clickbait news headline. Use concrete names, numbers, places, or events only when supported by the article summary. Avoid curiosity-gap wording, exaggeration, and unsupported details. Category: sports Article summary: Nearing the start of their latest season, the Knicks exercised team options on three of its top players Monday afternoon. New York picked up Frank Ntilikina's option, worth $6.3 million, for the 2020-21 season, the club announced. Ntilikina was initially set to become an unrestricted free agent following the season if the Knicks didn't exercise the option by the Oct. 31 deadline. Ntilikina, entering his third season with the Knicks, averaged 5.7...",Knicks Exercise Team Option On Frank Ntilikina,72,7,True,8.54571e-05,0,https://assets.msn.com/labs/mind/AAJ7zvc.html,New York picks up Frank Ntilikina for 2020-21 season,False
specificity-005204,specificity,test,45618,N26469,news,newsus,A red clown nose was recently spotted on a controversial billboard featuring President Donald Trump flanked by mushroom clouds and dollar signs styled after swastikas in downtown Phoenix.,Clown nose placed on controversial Trump billboard in downtown Phoenix,"Generate a faithful, specific, non-clickbait news headline. Use concrete names, numbers, places, or events only when supported by the article summary. Avoid curiosity-gap wording, exaggeration, and unsupported details. Category: news Article summary: A red clown nose was recently spotted on a controversial billboard featuring President Donald Trump flanked by mushroom clouds and dollar signs styled after swastikas in downtown Phoenix.",Clown nose placed on controversial Trump billboard in downtown Phoenix,28,10,True,0.00017603504,0,https://assets.msn.com/labs/mind/BBWF8pW.html,Red clown nose spotted on controversial billboard featuring Trump,False
specificity-005205,specificity,test,10637,N57324,health,medical,A cozy relationship has grown between the nation's coroners and the industry that trades in tissues from human cadavers. It wasn't always so warm.,How organ and tissue donation companies worked their way into the county morgue,"Generate a faithful, specific, non-clickbait news headline. Use concrete names, numbers, places, or events only when supported by the article summary. Avoid curiosity-gap wording, exaggeration, and unsupported details. Category: health Article summary: A cozy relationship has grown between the nation's coroners and the industry that trades in tissues from human cadavers. It wasn't always so warm.",How organ and tissue donation companies worked their way into the county morgue,24,13,False,0.0078150015,0,https://assets.msn.com/labs/mind/AAIZ7p7.html,"Coroners, industry that trades in tissues from human cadavers",False
specificity-005206,specificity,test,38525,N18145,news,newsopinion,No American president has ever been removed from office by Congress. That is almost certain to remain the case at the conclusion of impeachment proceedings against President Trump that began public hearings Wednesday in the House of Representatives.,John Yoo: Impeachment effort won't remove Trump from office Is it worth the trouble?,"Generate a faithful, specific, non-clickbait news headline. Use concrete names, numbers, places, or events only when supported by the article summary. Avoid curiosity-gap wording, exaggeration, and unsupported details. Category: news Article summary: No American president has ever been removed from office by Congress. That is almost certain to remain the case at the conclusion of impeachment proceedings against President Trump that began public hearings Wednesday in the House of Representatives.",John Yoo: Impeachment effort won't remove Trump from office Is it worth the trouble?,38,14,True,0.00022263042,0,https://assets.msn.com/labs/mind/BBWKa11.html,Trump impeachment case likely to remain at conclusion of impeachment hearings,False
specificity-005207,specificity,test,45448,N62344,news,newsus,"An orangutan granted legal personhood by a judge in Argentina is now hanging in Florida. Sandra, who is 33, was born in Germany and spent 25 years at the at the Buenos Aires Zoo before arriving at the Center for Great Apes in the Sunshine State on Tuesday.",Orangutan granted legal personhood moves to Florida,"Generate a faithful, specific, non-clickbait news headline. Use concrete names, numbers, places, or events only when supported by the article summary. Avoid curiosity-gap wording, exaggeration, and unsupported details. Category: news Article summary: An orangutan granted legal personhood by a judge in Argentina is now hanging in Florida. Sandra, who is 33, was born in Germany and spent 25 years at the at the Buenos Aires Zoo before arriving at the Center for Great Apes in the Sunshine State on Tuesday.",Orangutan granted legal personhood moves to Florida,48,7,True,7.506287e-05,0,https://assets.msn.com/labs/mind/BBWqiJh.html,Orangutan granted legal personhood by judge in Argentina hangs in Florida,False
specificity-005208,specificity,test,37363,N463,news,newsus,A crash along southbound I-41 at Highway 145 at the Milwaukee-Waukesha county line caused big backups on the interstate on Thursday.,Southbound I-41 lanes reopen after semi crash causes big backups during morning commute,"Generate a faithful, specific, non-clickbait news headline. Use concrete names, numbers, places, or events only when supported by the article summary. Avoid curiosity-gap wording, exaggeration, and unsupported details. Category: news Article summary: A crash along southbound I-41 at Highway 145 at the Milwaukee-Waukesha county line caused big backups on the interstate on Thursday.",Southbound I-41 lanes reopen after semi crash causes big backups during morning commute,21,13,True,0.00011826852,0,https://assets.msn.com/labs/mind/BBWKUBW.html,I-41 crash causes big backups on Milwaukee-Waukesha interstate,False
specificity-005209,specificity,test,10972,N15612,news,newscrime,"NEW YORK (1010 WINS) - A man accused of running over his wife and attacking her with a machete afterwards is now in police custody, the NYPD announced Friday. Victor Mateo, 63, was picked up in Hazelton, Pennsylvania on Thursday, by the U.S. Marshals Regional Task Force in tandem with the Pennsylvania State Police, said officials. An extradition hearing is expected to be held on Friday. Mateo is suspected of killing his 58-year-old wife Noelia...","Man accused of running over his wife, attacking her with machete in custody","Generate a faithful, specific, non-clickbait news headline. Use concrete names, numbers, places, or events only when supported by the article summary. Avoid curiosity-gap wording, exaggeration, and unsupported details. Category: news Article summary: NEW YORK (1010 WINS) - A man accused of running over his wife and attacking her with a machete afterwards is now in police custody, the NYPD announced Friday. Victor Mateo, 63, was picked up in Hazelton, Pennsylvania on Thursday, by the U.S. Marshals Regional Task Force in tandem with the Pennsylvania State Police, said officials. An extradition hearing is expected to be held on Friday. Mateo is suspected of killing his 58-year-old wife Noelia...","Man accused of running over his wife, attacking her with machete in custody",75,13,False,0.00036257156,0,https://assets.msn.com/labs/mind/AAIDRXd.html,"Man accused of running over wife and attacking her with machete, NYPD says",False
specificity-005210,specificity,test,64538,N45630,sports,football_nfl,"Jay Ajayi is said to be fully recovered from a torn ACL he suffered last year, and the veteran running back is set to return to his old team.",Jay Ajayi to sign with Eagles in wake of Darren Sproles injury,"Generate a faithful, specific, non-clickbait news headline. Use concrete names, numbers, places, or events only when supported by the article summary. Avoid curiosity-gap wording, exaggeration, and unsupported details. Category: sports Article summary: Jay Ajayi is said to be fully recovered from a torn ACL he suffered last year, and the veteran running back is set to return to his old team.",Jay Ajayi to sign with Eagles in wake of Darren Sproles injury,29,12,True,0.0002058933,0,https://assets.msn.com/labs/mind/BBWP8VI.html,Jay Ajayi recovering from torn ACL,False
specificity-005211,specificity,test,22169,N59952,news,newspolitics,"In the middle of his address at the Marcellus Shale Insight conference, President Trump launched into an attack on local Congressman Conor Lamb.","President Trump Attacks Conor Lamb, Names Local Politician To Run Against Him","Generate a faithful, specific, non-clickbait news headline. Use concrete names, numbers, places, or events only when supported by the article summary. Avoid curiosity-gap wording, exaggeration, and unsupported details. Category: news Article summary: In the middle of his address at the Marcellus Shale Insight conference, President Trump launched into an attack on local Congressman Conor Lamb.","President Trump Attacks Conor Lamb, Names Local Politician To Run Against Him",23,12,True,8.844475e-05,0,https://assets.msn.com/labs/mind/AAJjKnP.html,Trump launches attack on Conor Lamb at Marcellus Shale Insight conference,False
specificity-005212,specificity,test,26532,N62467,video,animals,"Inside Edition is stalking snakes with a man who was hired by the state of Florida to hunt pythons. The state's python epidemic began in 1992 when Hurricane Andrew destroyed a reptile zoo and 900 pythons escaped. The pythons have been destroying the fragile Florida Everglades ever since. Mike Kimmel told Inside Edition that he grabs them and holds them in a case in his truck. What he does, he said, is ""not cruel. ... We go about a specific way. This snake does not suffer. I love wildlife.""",Hunter Bravely Wrestles 16-Foot Burmese Python,"Generate a faithful, specific, non-clickbait news headline. Use concrete names, numbers, places, or events only when supported by the article summary. Avoid curiosity-gap wording, exaggeration, and unsupported details. Category: video Article summary: Inside Edition is stalking snakes with a man who was hired by the state of Florida to hunt pythons. The state's python epidemic began in 1992 when Hurricane Andrew destroyed a reptile zoo and 900 pythons escaped. The pythons have been destroying the fragile Florida Everglades ever since. Mike Kimmel told Inside Edition that he grabs them and holds them in a case in his truck. What he does, he said, is ""not cruel. ... We go about a specific way. This snake does not suffer. I love wildlife.""",Hunter Bravely Wrestles 16-Foot Burmese Python,89,6,True,0.0017506067,0,https://assets.msn.com/labs/mind/AAJjsRM.html,Inside Edition stalks snakes with man hired to hunt pythons,False
specificity-005213,specificity,test,46237,N10990,lifestyle,lifestylebuzz,"A Jacksonville woman can celebrate her birthday in style after claiming a $2-million top prize from playing the $10 Gold Rush Classic scratch-off game, according to a news release from the Florida Lottery. Valerie Domke claimed the prize in Tallahassee just three days before her 49th birthday. Domke chose to receive her winnings as a one-time, lump-sum payment of $1,405,000. Domke purchased her winning ticket from Grand Central Station at 7695...",Jacksonville woman claims $2 million lottery prize just days before her birthday,"Generate a faithful, specific, non-clickbait news headline. Use concrete names, numbers, places, or events only when supported by the article summary. Avoid curiosity-gap wording, exaggeration, and unsupported details. Category: lifestyle Article summary: A Jacksonville woman can celebrate her birthday in style after claiming a $2-million top prize from playing the $10 Gold Rush Classic scratch-off game, according to a news release from the Florida Lottery. Valerie Domke claimed the prize in Tallahassee just three days before her 49th birthday. Domke chose to receive her winnings as a one-time, lump-sum payment of $1,405,000. Domke purchased her winning ticket from Grand Central Station at 7695...",Jacksonville woman claims $2 million lottery prize just days before her birthday,71,12,True,8.40692e-05,0,https://assets.msn.com/labs/mind/BBWIa7w.html,Jacksonville woman claims $2-million top prize from winning $10 Gold Rush Classic scratch-off game,False
specificity-005214,specificity,test,49750,N22049,sports,football_nfl,"The 49ers finally lost a game. You knew it was going to happen. In fact, you should have hoped it happened before the streak got out of hand, and the old Miami Dolphins started showing up with unopened bottles of Champagne, jabbering about undefeated seasons and one true perfect team. After all, adversity is a good thing. But the fact that the 49ers fell to arch-enemy Seattle in agonizing overtime fashion, 27-24, losing on a field goal at the...",49ers' offense struggled in every aspect as perfection comes to an end,"Generate a faithful, specific, non-clickbait news headline. Use concrete names, numbers, places, or events only when supported by the article summary. Avoid curiosity-gap wording, exaggeration, and unsupported details. Category: sports Article summary: The 49ers finally lost a game. You knew it was going to happen. In fact, you should have hoped it happened before the streak got out of hand, and the old Miami Dolphins started showing up with unopened bottles of Champagne, jabbering about undefeated seasons and one true perfect team. After all, adversity is a good thing. But the fact that the 49ers fell to arch-enemy Seattle in agonizing overtime fashion, 27-24, losing on a field goal at the...",49ers' offense struggled in every aspect as perfection comes to an end,79,12,True,0.00011819613,0,https://assets.msn.com/labs/mind/BBWD4hE.html,49ers lose to Seahawks in overtime,False
specificity-005215,specificity,test,53066,N46093,sports,more_sports,"NEWPORT -- Those who completed the Newport Half Marathon trudged up Memorial Boulevard cloaked in silver post-race capes late Sunday morning. They didn't seem to mind the steep incline to their cars, though they had just trekked 13.1 miles. ""It was very scenic,"" Angela Schondek of Boston, Massachusetts, said of the route. She ran the half marathon with her sister, Christine Schondek, of Baton ...",Runners in Newport Marathon and Half Marathon delighted by course's beauty,"Generate a faithful, specific, non-clickbait news headline. Use concrete names, numbers, places, or events only when supported by the article summary. Avoid curiosity-gap wording, exaggeration, and unsupported details. Category: sports Article summary: NEWPORT -- Those who completed the Newport Half Marathon trudged up Memorial Boulevard cloaked in silver post-race capes late Sunday morning. They didn't seem to mind the steep incline to their cars, though they had just trekked 13.1 miles. ""It was very scenic,"" Angela Schondek of Boston, Massachusetts, said of the route. She ran the half marathon with her sister, Christine Schondek, of Baton ...",Runners in Newport Marathon and Half Marathon delighted by course's beauty,65,11,True,9.480029e-05,0,https://assets.msn.com/labs/mind/AAIITKA.html,Newport Half Marathon cloaked in silver post-race capes,False
specificity-005216,specificity,test,60213,N18297,news,newscrime,Eric Labahn had an Illinois driver's license he should have lost when he refused to take a blood alcohol test after killing 23-year-old Austin Lockwood in a crash in Wisconsin.,"Loophole In Wisconsin Law Allowed Drunk Driver To Keep His Illinois License, Despite Killing Man In Crash","Generate a faithful, specific, non-clickbait news headline. Use concrete names, numbers, places, or events only when supported by the article summary. Avoid curiosity-gap wording, exaggeration, and unsupported details. Category: news Article summary: Eric Labahn had an Illinois driver's license he should have lost when he refused to take a blood alcohol test after killing 23-year-old Austin Lockwood in a crash in Wisconsin.","Loophole In Wisconsin Law Allowed Drunk Driver To Keep His Illinois License, Despite Killing Man In Crash",30,17,True,9.282016e-05,0,https://assets.msn.com/labs/mind/AAJDcqo.html,Labahn refuses to take blood alcohol test after killing 23-year-old Austin Lockwood,False
specificity-005217,specificity,test,8114,N56009,health,medical,"Health officials are warning residents to stay indoors and watch out for pets, the sick and the elderly due to poor air quality.",Los Angeles Choked By Unhealthy Air Thanks To Tick Fire,"Generate a faithful, specific, non-clickbait news headline. Use concrete names, numbers, places, or events only when supported by the article summary. Avoid curiosity-gap wording, exaggeration, and unsupported details. Category: health Article summary: Health officials are warning residents to stay indoors and watch out for pets, the sick and the elderly due to poor air quality.",Los Angeles Choked By Unhealthy Air Thanks To Tick Fire,23,10,True,0.00063424784,0,https://assets.msn.com/labs/mind/AAJm3Oy.html,"Health officials warn residents to stay indoors and watch out for pets, sick and elderly due to poor air quality",False
specificity-005218,specificity,test,34456,N17285,news,newsus,"YORK COUNTY, S.C. -- York County, SC The parent Company of Carowinds amusement park has been fined $42,000 by federal safety officials after a maintenance worker was injured in March, documents show. The worker had an injury to an extremity on March 6 while working about 200 feet in the air on the Windseeker ride, emergency officials and Carowinds officials said at the time of the ...",OSHA fines Carowinds parent company after worker injured on Windseeker ride,"Generate a faithful, specific, non-clickbait news headline. Use concrete names, numbers, places, or events only when supported by the article summary. Avoid curiosity-gap wording, exaggeration, and unsupported details. Category: news Article summary: YORK COUNTY, S.C. -- York County, SC The parent Company of Carowinds amusement park has been fined $42,000 by federal safety officials after a maintenance worker was injured in March, documents show. The worker had an injury to an extremity on March 6 while working about 200 feet in the air on the Windseeker ride, emergency officials and Carowinds officials said at the time of the ...",OSHA fines Carowinds parent company after worker injured on Windseeker ride,67,11,True,0.00011278114,0,https://assets.msn.com/labs/mind/BBWEFH3.html,"Carowinds parent company fined $42,000 after maintenance worker injured in March",False
specificity-005219,specificity,test,61715,N57077,sports,more_sports,"Penn State's Antonio Shelton apologized after being ejected from Saturday's game at Michigan State, where ABC cameras caught him spitting on a Spartans player. Shelton, a defensive tackle, received an unsportsmanlike-conduct penalty in the fourth quarter of what Penn State coach James Franklin called an ""emotional"" game. On Twitter, Shelton called his behavior ""extremely selfish."" ""I ...","Penn State player apologizes for ""extremely selfish behavoir"" at Michigan State","Generate a faithful, specific, non-clickbait news headline. Use concrete names, numbers, places, or events only when supported by the article summary. Avoid curiosity-gap wording, exaggeration, and unsupported details. Category: sports Article summary: Penn State's Antonio Shelton apologized after being ejected from Saturday's game at Michigan State, where ABC cameras caught him spitting on a Spartans player. Shelton, a defensive tackle, received an unsportsmanlike-conduct penalty in the fourth quarter of what Penn State coach James Franklin called an ""emotional"" game. On Twitter, Shelton called his behavior ""extremely selfish."" ""I ...","Penn State player apologizes for ""extremely selfish behavoir"" at Michigan State",57,11,True,0.00013052612,0,https://assets.msn.com/labs/mind/AAJqOtX.html,Penn State's Antonio Shelton apologizes after being ejected from Michigan State game,False
specificity-005220,specificity,test,41540,N13373,sports,football_nfl,"Some say that Ohio is too soft when it comes to one kind of domestic violence strangulation. In fact, there's a loophole that sometimes keeps those convicted of strangling a loved one from going to jail.",I-Team: Loophole keeps those convicted of strangulation from jail,"Generate a faithful, specific, non-clickbait news headline. Use concrete names, numbers, places, or events only when supported by the article summary. Avoid curiosity-gap wording, exaggeration, and unsupported details. Category: sports Article summary: Some say that Ohio is too soft when it comes to one kind of domestic violence strangulation. In fact, there's a loophole that sometimes keeps those convicted of strangling a loved one from going to jail.",I-Team: Loophole keeps those convicted of strangulation from jail,36,9,True,0.00044713213,0,https://assets.msn.com/labs/mind/BBWEnMR.html,Some say Ohio is too soft when it comes to domestic violence strangulation,False
specificity-005221,specificity,test,63404,N27545,sports,football_nfl,"CLEVELAND, Ohio -- The Browns beat the Steelers, 21-7, on Thursday night but could lose defensive end Myles Garrett to a lengthy suspension for striking Steelers quarterback Mason Rudolph in the head with a helmet in the final seconds. Garrett was ejected for the play and will likely miss some significant time as a result. Baker Mayfield told Fox that he is expecting Garrett to get suspended ...",Myles Garrett suspension coming from NFL: What are the longest in league history?,"Generate a faithful, specific, non-clickbait news headline. Use concrete names, numbers, places, or events only when supported by the article summary. Avoid curiosity-gap wording, exaggeration, and unsupported details. Category: sports Article summary: CLEVELAND, Ohio -- The Browns beat the Steelers, 21-7, on Thursday night but could lose defensive end Myles Garrett to a lengthy suspension for striking Steelers quarterback Mason Rudolph in the head with a helmet in the final seconds. Garrett was ejected for the play and will likely miss some significant time as a result. Baker Mayfield told Fox that he is expecting Garrett to get suspended ...",Myles Garrett suspension coming from NFL: What are the longest in league history?,68,13,True,0.00017531528,0,https://assets.msn.com/labs/mind/BBWObU3.html,Browns could lose defensive end Myles Garrett to lengthy suspension,False
specificity-005222,specificity,test,45658,N659,news,newsus,"KIRKLAND, Wash. -- The YMCA is calling for action against the Kirkland Police Department after the controversial arrest of a teen in September. Surveillance video shows the Sept. 5 arrest of a 14-year-old at the Kirkland Teen Union Building. Police say they arrested him after several calls about petty thefts in the area. The video shows the officer forcibly taking the teen down. The YMCA of ...",YMCA says 'unacceptable' force used by Kirkland Police during teen's arrest,"Generate a faithful, specific, non-clickbait news headline. Use concrete names, numbers, places, or events only when supported by the article summary. Avoid curiosity-gap wording, exaggeration, and unsupported details. Category: news Article summary: KIRKLAND, Wash. -- The YMCA is calling for action against the Kirkland Police Department after the controversial arrest of a teen in September. Surveillance video shows the Sept. 5 arrest of a 14-year-old at the Kirkland Teen Union Building. Police say they arrested him after several calls about petty thefts in the area. The video shows the officer forcibly taking the teen down. The YMCA of ...",YMCA says 'unacceptable' force used by Kirkland Police during teen's arrest,67,11,True,0.00013240635,0,https://assets.msn.com/labs/mind/BBWIAAV.html,YMCA calls for action against Kirkland Police Department after controversial arrest of 14-year-old,False
specificity-005223,specificity,test,20603,N50578,lifestyle,lifestyledidyouknow,"Hidden deep in a valley in New York's Catskill Mountains, this abandoned circus-themed house is the stuff of nightmares. We can just imagine Pennywise, the terrifying clown from It, roaming its haunting halls. Intrepid urban explorer and photographer Bryan Sansivero has captured the mansion, its outbuildings and grounds in all their eerie glory. Are you brave enough to take a tour?",Discover the abandoned circus-themed house cloaked in secrets,"Generate a faithful, specific, non-clickbait news headline. Use concrete names, numbers, places, or events only when supported by the article summary. Avoid curiosity-gap wording, exaggeration, and unsupported details. Category: lifestyle Article summary: Hidden deep in a valley in New York's Catskill Mountains, this abandoned circus-themed house is the stuff of nightmares. We can just imagine Pennywise, the terrifying clown from It, roaming its haunting halls. Intrepid urban explorer and photographer Bryan Sansivero has captured the mansion, its outbuildings and grounds in all their eerie glory. Are you brave enough to take a tour?",Discover the abandoned circus-themed house cloaked in secrets,61,8,False,0.017587632,0,https://assets.msn.com/labs/mind/AAIPefV.html,"Pennywise, the clown from It, roams its haunting halls in New York's Catskill Mountains",False
specificity-005224,specificity,test,29309,N4745,news,newspolitics,"The senior White House lawyer who placed a record of President Donald Trump's July 25 call with Ukraine's president in a top-secret system also instructed at least one official who heard the call not to tell anyone about it, according to testimony heard by House impeachment investigators this week.",Testimony: White House lawyer told Vindman not to discuss Ukraine call,"Generate a faithful, specific, non-clickbait news headline. Use concrete names, numbers, places, or events only when supported by the article summary. Avoid curiosity-gap wording, exaggeration, and unsupported details. Category: news Article summary: The senior White House lawyer who placed a record of President Donald Trump's July 25 call with Ukraine's president in a top-secret system also instructed at least one official who heard the call not to tell anyone about it, according to testimony heard by House impeachment investigators this week.",Testimony: White House lawyer told Vindman not to discuss Ukraine call,49,11,True,8.7019536e-05,0,https://assets.msn.com/labs/mind/AAJIkrF.html,White House lawyer instructs Ukraine official not to tell anyone about Trump's call,False
specificity-005225,specificity,test,6705,N29246,news,newsus,"TALLAHASSEE -- In the latest chapter in a decades-long environmental fight, a judge has rejected a lawsuit alleging that the state has operated North Florida's Rodman Dam without a required federal permit. The ruling by U.S. District Judge Harvey Schlesinger is rooted in the construction of the dam and the Rodman Reservoir as part of the Cross Florida Barge Canal project, which was halted by ...",Judge tosses out Rodman Dam challenge,"Generate a faithful, specific, non-clickbait news headline. Use concrete names, numbers, places, or events only when supported by the article summary. Avoid curiosity-gap wording, exaggeration, and unsupported details. Category: news Article summary: TALLAHASSEE -- In the latest chapter in a decades-long environmental fight, a judge has rejected a lawsuit alleging that the state has operated North Florida's Rodman Dam without a required federal permit. The ruling by U.S. District Judge Harvey Schlesinger is rooted in the construction of the dam and the Rodman Reservoir as part of the Cross Florida Barge Canal project, which was halted by ...",Judge tosses out Rodman Dam challenge,66,6,True,6.590152e-05,0,https://assets.msn.com/labs/mind/AAIDAJ6.html,Judge rejects lawsuit alleging state has operated Rodman Dam without federal permit,False
specificity-005226,specificity,test,46865,N14011,news,newsus,"KANSAS CITY, Mo. Kansas City Mayor Quinton Lucas announced on Tuesday a 90-day public comment period for suggestions on how to honor Dr. Martin Luther King Jr. after voters reversed a decision by city council to rename The Paseo in his honor. ""While many people of good heart believed renaming The Paseo Boulevard was a fitting honor, many others of good heart felt that other approaches were ...",Mayor Lucas announces public comment period after MLK Blvd. changed back to The Paseo,"Generate a faithful, specific, non-clickbait news headline. Use concrete names, numbers, places, or events only when supported by the article summary. Avoid curiosity-gap wording, exaggeration, and unsupported details. Category: news Article summary: KANSAS CITY, Mo. Kansas City Mayor Quinton Lucas announced on Tuesday a 90-day public comment period for suggestions on how to honor Dr. Martin Luther King Jr. after voters reversed a decision by city council to rename The Paseo in his honor. ""While many people of good heart believed renaming The Paseo Boulevard was a fitting honor, many others of good heart felt that other approaches were ...",Mayor Lucas announces public comment period after MLK Blvd. changed back to The Paseo,68,14,True,0.00013485973,0,https://assets.msn.com/labs/mind/BBWFdE6.html,Kansas City Mayor Quinton Lucas announces 90-day public comment period for suggestions on honoring Martin Luther King Jr.,False
specificity-005227,specificity,test,22787,N42183,sports,baseball_mlb,"Aroldis Chapman wants to remain a Yankee, but he also wants a new contract. The Yankees closer has player options for the final two years and $30 million on his current deal. WFAN baseball insider Jon Heyman reported Friday that Chapman prefers to remain with the team and will pursue a contract extension. If a deal cannot be worked out quickly, Chapman would opt out of his contract and become a free agent, Heyman reported. Aroldis Chapman...",Aroldis Chapman To Opt Out Of Yankees Contract Unless He Receives Extension,"Generate a faithful, specific, non-clickbait news headline. Use concrete names, numbers, places, or events only when supported by the article summary. Avoid curiosity-gap wording, exaggeration, and unsupported details. Category: sports Article summary: Aroldis Chapman wants to remain a Yankee, but he also wants a new contract. The Yankees closer has player options for the final two years and $30 million on his current deal. WFAN baseball insider Jon Heyman reported Friday that Chapman prefers to remain with the team and will pursue a contract extension. If a deal cannot be worked out quickly, Chapman would opt out of his contract and become a free agent, Heyman reported. Aroldis Chapman...",Aroldis Chapman To Opt Out Of Yankees Contract Unless He Receives Extension,77,12,True,0.00013908326,0,https://assets.msn.com/labs/mind/AAJHHJy.html,"Aroldis Chapman wants to remain a Yankee, but he also wants a new contract",False
specificity-005228,specificity,test,22820,N63156,news,newsus,"A homeless woman and her dog, sleeping in a car parked on a Santa Rosa street, were killed early Monday morning when an alleged impaired driver slammed into their vehicle, authorities said.","Homeless Santa Rosa Woman, Dog Sleeping In Car Killed In Horrific Crash","Generate a faithful, specific, non-clickbait news headline. Use concrete names, numbers, places, or events only when supported by the article summary. Avoid curiosity-gap wording, exaggeration, and unsupported details. Category: news Article summary: A homeless woman and her dog, sleeping in a car parked on a Santa Rosa street, were killed early Monday morning when an alleged impaired driver slammed into their vehicle, authorities said.","Homeless Santa Rosa Woman, Dog Sleeping In Car Killed In Horrific Crash",32,12,True,0.00024064333,0,https://assets.msn.com/labs/mind/AAILRu2.html,homeless woman and dog killed in car crash in Santa Rosa,False
specificity-005229,specificity,test,51460,N15006,sports,basketball_nba,Kenny Atkinson went viral for a poster he threw up during his Brooklyn Nets' 123-116 win over the Houston Rockets on Friday night.,Nets coach Kenny Atkinson explains use of Dennis Scott sign,"Generate a faithful, specific, non-clickbait news headline. Use concrete names, numbers, places, or events only when supported by the article summary. Avoid curiosity-gap wording, exaggeration, and unsupported details. Category: sports Article summary: Kenny Atkinson went viral for a poster he threw up during his Brooklyn Nets' 123-116 win over the Houston Rockets on Friday night.",Nets coach Kenny Atkinson explains use of Dennis Scott sign,23,10,True,9.425638e-05,0,https://assets.msn.com/labs/mind/AAJJcSV.html,Kenny Atkinson threw up during Nets' 123-116 win over Rockets,False
specificity-005230,specificity,test,21500,N45452,news,newscrime,"A woman was taken into custody after a 6-month-old was killed and two other young children were critically injured in an apartment fire south of downtown St. Louis Sunday afternoon. Police responded to the 1100 block of S. 14th Street around 1:30 p.m. for a fire where a baby and two young children were trapped. According to the police report, the officers tried to get in, but due to the intensity of the fire they couldn't rescue them. The St....","Woman taken into custody after 6-month-old killed, 2 other children critically injured in apartment fire","Generate a faithful, specific, non-clickbait news headline. Use concrete names, numbers, places, or events only when supported by the article summary. Avoid curiosity-gap wording, exaggeration, and unsupported details. Category: news Article summary: A woman was taken into custody after a 6-month-old was killed and two other young children were critically injured in an apartment fire south of downtown St. Louis Sunday afternoon. Police responded to the 1100 block of S. 14th Street around 1:30 p.m. for a fire where a baby and two young children were trapped. According to the police report, the officers tried to get in, but due to the intensity of the fire they couldn't rescue them. The St....","Woman taken into custody after 6-month-old killed, 2 other children critically injured in apartment fire",80,15,True,0.00023649543,0,https://assets.msn.com/labs/mind/AAJ7fft.html,Woman taken into custody after 6-month-old killed and two children critically injured in St. Louis apartment fire,False
specificity-005231,specificity,test,60409,N52401,news,newsus,Joe Charny saw his friends shot dead while praying at a Pittsburgh synagogue last year. He's gone to temple daily since to honor them.,Survivor honors the dead of the Pittsburgh synagogue massacre,"Generate a faithful, specific, non-clickbait news headline. Use concrete names, numbers, places, or events only when supported by the article summary. Avoid curiosity-gap wording, exaggeration, and unsupported details. Category: news Article summary: Joe Charny saw his friends shot dead while praying at a Pittsburgh synagogue last year. He's gone to temple daily since to honor them.",Survivor honors the dead of the Pittsburgh synagogue massacre,24,9,True,0.00014213502,0,https://assets.msn.com/labs/mind/AAJpRm4.html,Joe Charny's friends shot dead in Pittsburgh synagogue,False
specificity-005232,specificity,test,7450,N62051,autos,autosnews,"A 30-year-old man was taken to the hospital with critical injuries after being struck by an SUV, Phoenix police said.",Pedestrian in critical condition after collision near 51st Avenue and Camelback Road,"Generate a faithful, specific, non-clickbait news headline. Use concrete names, numbers, places, or events only when supported by the article summary. Avoid curiosity-gap wording, exaggeration, and unsupported details. Category: autos Article summary: A 30-year-old man was taken to the hospital with critical injuries after being struck by an SUV, Phoenix police said.",Pedestrian in critical condition after collision near 51st Avenue and Camelback Road,20,12,True,0.00011942786,0,https://assets.msn.com/labs/mind/AAJL484.html,Man taken to hospital with critical injuries after being struck by SUV,False
specificity-005233,specificity,test,32984,N50595,news,newscrime,"In testimony, it was revealed that Sarah Butler asked accused murderer Khalil Wheeler-Weaver if he was a serial killer hours before she died.","'You're not a serial killer, right?' victim text messaged man before she died","Generate a faithful, specific, non-clickbait news headline. Use concrete names, numbers, places, or events only when supported by the article summary. Avoid curiosity-gap wording, exaggeration, and unsupported details. Category: news Article summary: In testimony, it was revealed that Sarah Butler asked accused murderer Khalil Wheeler-Weaver if he was a serial killer hours before she died.","'You're not a serial killer, right?' victim text messaged man before she died",23,13,False,0.0054879184,0,https://assets.msn.com/labs/mind/BBWt6WK.html,Sarah Butler asked accused murderer Khalil Wheeler-Weaver if he was a serial killer,False
specificity-005234,specificity,test,8285,N6707,sports,boxing-mma,"Canelo Alvarez absolutely hammered Sergey Kovalev with a brutal combination in the 11th round that knocked out the light heavyweight champ. It was yet another huge accomplishment in Alvarez's storied career. In what was a really close fight throughout, Kovalev was even leading on some observers' cards heading into the 11th. But Alvarez pressed forward and nearly knocked the Russian star through the ropes with a left-right combination. Check this...",VIDEO: Canelo Alvarez Knocks Out Sergey Kovalev With Brutal Combination,"Generate a faithful, specific, non-clickbait news headline. Use concrete names, numbers, places, or events only when supported by the article summary. Avoid curiosity-gap wording, exaggeration, and unsupported details. Category: sports Article summary: Canelo Alvarez absolutely hammered Sergey Kovalev with a brutal combination in the 11th round that knocked out the light heavyweight champ. It was yet another huge accomplishment in Alvarez's storied career. In what was a really close fight throughout, Kovalev was even leading on some observers' cards heading into the 11th. But Alvarez pressed forward and nearly knocked the Russian star through the ropes with a left-right combination. Check this...",VIDEO: Canelo Alvarez Knocks Out Sergey Kovalev With Brutal Combination,70,10,True,0.0053985314,0,https://assets.msn.com/labs/mind/AAJL8Fq.html,Canelo Alvarez hammered Sergey Kovalev with brutal combination in 11th round,False
specificity-005235,specificity,test,842,N9106,sports,basketball_ncaa,Mater Dei High School point guard Devin Askew is one of the top recruits for Louisville and Kentucky basketball. And he's not ruling out reclassifying,"Kentucky, Louisville basketball recruiting: Devin Askew may reclassify","Generate a faithful, specific, non-clickbait news headline. Use concrete names, numbers, places, or events only when supported by the article summary. Avoid curiosity-gap wording, exaggeration, and unsupported details. Category: sports Article summary: Mater Dei High School point guard Devin Askew is one of the top recruits for Louisville and Kentucky basketball. And he's not ruling out reclassifying","Kentucky, Louisville basketball recruiting: Devin Askew may reclassify",25,8,True,7.943442e-05,0,https://assets.msn.com/labs/mind/AAIIJKX.html,Mater Dei High School point guard Devin Askew is one of the top recruits for Louisville and Kentucky,False
specificity-005236,specificity,test,49660,N16166,news,newsus,San Francisco's newly elected district attorney has promised to not prosecute public urination and other quality-of-life crimes that have plagued the highly-priced Bay Area amid a crippling homelessness crisis affecting urban communities across California.,"San Francisco's new DA pledges not to prosecute public urination, other quality-of-life-crimes","Generate a faithful, specific, non-clickbait news headline. Use concrete names, numbers, places, or events only when supported by the article summary. Avoid curiosity-gap wording, exaggeration, and unsupported details. Category: news Article summary: San Francisco's newly elected district attorney has promised to not prosecute public urination and other quality-of-life crimes that have plagued the highly-priced Bay Area amid a crippling homelessness crisis affecting urban communities across California.","San Francisco's new DA pledges not to prosecute public urination, other quality-of-life-crimes",34,12,True,9.681407e-05,0,https://assets.msn.com/labs/mind/BBWD23E.html,San Francisco's new district attorney promises to not prosecute public urination and other quality-of-life crimes,False
specificity-005237,specificity,test,23796,N20916,news,newsworld,"BAGHDAD (AP) U.S. troops leaving Syria and heading to neighboring Iraq do not have permission to stay in the country, Iraq's military said Tuesday as American forces continued to pull out of northern Syria after Turkey's invasion of the border region.",Iraq: American troops leaving Syria cannot stay in Iraq,"Generate a faithful, specific, non-clickbait news headline. Use concrete names, numbers, places, or events only when supported by the article summary. Avoid curiosity-gap wording, exaggeration, and unsupported details. Category: news Article summary: BAGHDAD (AP) U.S. troops leaving Syria and heading to neighboring Iraq do not have permission to stay in the country, Iraq's military said Tuesday as American forces continued to pull out of northern Syria after Turkey's invasion of the border region.",Iraq: American troops leaving Syria cannot stay in Iraq,41,9,True,7.1431954e-05,0,https://assets.msn.com/labs/mind/AAJa6rK.html,U.S. troops leaving Syria and heading to neighboring Iraq do not have permission to stay,False
specificity-005238,specificity,test,25064,N32856,weather,weathertopstories,"San Antonio City Council voted Thursday to enact a set of goals aimed at reducing carbon emissions and the worst effects of climate change on local residents. Council members approved the plan, known as the Climate Action and Adaptation Plan, by a 10-1 vote. District 10 Councilman Clayton Perry was the lone vote against, citing the lack of cost estimates for implementing strategies laid out in the plan. The climate plan has several goals to...","San Antonio City Council passes plan to tackle climate change, but questions remain","Generate a faithful, specific, non-clickbait news headline. Use concrete names, numbers, places, or events only when supported by the article summary. Avoid curiosity-gap wording, exaggeration, and unsupported details. Category: weather Article summary: San Antonio City Council voted Thursday to enact a set of goals aimed at reducing carbon emissions and the worst effects of climate change on local residents. Council members approved the plan, known as the Climate Action and Adaptation Plan, by a 10-1 vote. District 10 Councilman Clayton Perry was the lone vote against, citing the lack of cost estimates for implementing strategies laid out in the plan. The climate plan has several goals to...","San Antonio City Council passes plan to tackle climate change, but questions remain",75,13,True,7.480769e-05,0,https://assets.msn.com/labs/mind/AAIWhsK.html,San Antonio City Council votes to enact climate action plan,False
specificity-005239,specificity,test,60285,N48360,news,newspolitics,"Proposition CC was failing by a margin 12.5% as of 8:30 p.m. Tuesday, according to the Colorado Secretary of State Office.",Colorado voters reject Proposition CC effort to end state TABOR refunds,"Generate a faithful, specific, non-clickbait news headline. Use concrete names, numbers, places, or events only when supported by the article summary. Avoid curiosity-gap wording, exaggeration, and unsupported details. Category: news Article summary: Proposition CC was failing by a margin 12.5% as of 8:30 p.m. Tuesday, according to the Colorado Secretary of State Office.",Colorado voters reject Proposition CC effort to end state TABOR refunds,21,11,True,6.593799e-05,0,https://assets.msn.com/labs/mind/AAJUFWV.html,Proposition CC failed by a margin 12.5%,False
specificity-005240,specificity,test,30507,N28032,news,newsworld,"MANA POOLS, Zimbabwe (AP) Weak from hunger and thirst, the elephant struggled to reach a pool of water in this African wildlife reserve. But the majestic mammal got stuck in the mud surrounding the sun-baked watering hole, which had dramatically shrunk due to a severe drought. Eventually park staff freed the trapped elephant, but it collapsed and died.","Zimbabwe's severe drought killing elephants, other wildlife","Generate a faithful, specific, non-clickbait news headline. Use concrete names, numbers, places, or events only when supported by the article summary. Avoid curiosity-gap wording, exaggeration, and unsupported details. Category: news Article summary: MANA POOLS, Zimbabwe (AP) Weak from hunger and thirst, the elephant struggled to reach a pool of water in this African wildlife reserve. But the majestic mammal got stuck in the mud surrounding the sun-baked watering hole, which had dramatically shrunk due to a severe drought. Eventually park staff freed the trapped elephant, but it collapsed and died.","Zimbabwe's severe drought killing elephants, other wildlife",58,7,False,8.4997424e-05,0,https://assets.msn.com/labs/mind/AAJVNHO.html,Mammal trapped in watering hole in Africa reserve,False
specificity-005241,specificity,test,54414,N57160,sports,football_nfl,"Following an extended break due to their game last Thursday, the Patriots will return to action Monday night against the Jets on the road. The Patriots are a perfect 6-0, while the Jets enter at 1-4, but it's a deceiving 1-4. They are coming off a win over the Cowboys and they have quarterback Sam Darnold back. The second-year QB did not play in Week 3 when the Patriots beat the Jets, 30-14. With the exception of last year, the Patriots' games...","Patriots vs. Jets: 3 keys to the game, fun facts, prediction","Generate a faithful, specific, non-clickbait news headline. Use concrete names, numbers, places, or events only when supported by the article summary. Avoid curiosity-gap wording, exaggeration, and unsupported details. Category: sports Article summary: Following an extended break due to their game last Thursday, the Patriots will return to action Monday night against the Jets on the road. The Patriots are a perfect 6-0, while the Jets enter at 1-4, but it's a deceiving 1-4. They are coming off a win over the Cowboys and they have quarterback Sam Darnold back. The second-year QB did not play in Week 3 when the Patriots beat the Jets, 30-14. With the exception of last year, the Patriots' games...","Patriots vs. Jets: 3 keys to the game, fun facts, prediction",82,11,True,0.0070387586,0,https://assets.msn.com/labs/mind/AAJ6JsJ.html,Patriots return to action Monday night against Jets,False
specificity-005242,specificity,test,20569,N36479,news,newsus,"The soon-to-be Wolves will don royal blue as the school's main color. The color palette will also include black, silver and white.","Waukee announces Northwest High School mascot, colors","Generate a faithful, specific, non-clickbait news headline. Use concrete names, numbers, places, or events only when supported by the article summary. Avoid curiosity-gap wording, exaggeration, and unsupported details. Category: news Article summary: The soon-to-be Wolves will don royal blue as the school's main color. The color palette will also include black, silver and white.","Waukee announces Northwest High School mascot, colors",22,7,True,7.8161174e-05,0,https://assets.msn.com/labs/mind/AAJuVIF.html,Wolves to wear royal blue as school's main color,False
specificity-005243,specificity,test,42640,N5706,lifestyle,lifestylebuzz,A Minnesota-based company is selling t-shirts in honor of a 13-year-old from Eagan who unexpectedly passed away earlier this month.,"T-Shirts Being Sold To Honor Patric Vitek, Raise Money For His Family","Generate a faithful, specific, non-clickbait news headline. Use concrete names, numbers, places, or events only when supported by the article summary. Avoid curiosity-gap wording, exaggeration, and unsupported details. Category: lifestyle Article summary: A Minnesota-based company is selling t-shirts in honor of a 13-year-old from Eagan who unexpectedly passed away earlier this month.","T-Shirts Being Sold To Honor Patric Vitek, Raise Money For His Family",20,12,True,0.00044430557,0,https://assets.msn.com/labs/mind/BBWEtdI.html,Minnesota-based company selling t-shirts in honor of 13-year-old from Eagan,False
specificity-005244,specificity,test,41168,N13919,news,newscrime,"Scott Warren, 37, faces two counts of harboring when his trial starts Tuesday, five months after a jury deadlocked on charges against him in a June.",Second trial to begin for Arizona activist Scott Warren who helped migrants,"Generate a faithful, specific, non-clickbait news headline. Use concrete names, numbers, places, or events only when supported by the article summary. Avoid curiosity-gap wording, exaggeration, and unsupported details. Category: news Article summary: Scott Warren, 37, faces two counts of harboring when his trial starts Tuesday, five months after a jury deadlocked on charges against him in a June.",Second trial to begin for Arizona activist Scott Warren who helped migrants,26,12,True,7.3598436e-05,0,https://assets.msn.com/labs/mind/BBWElPX.html,Scott Warren faces two counts of harboring when trial starts Tuesday,False
specificity-005245,specificity,test,35927,N64012,news,newsbusiness,"Most students don't usually take field trips to the grocery stores, but this field trip for some kids in Chesapeake taught an important lesson. Kindergartners from Primrose at Cahoon Commons didn't go to a museum or historical park. They went to Kroger and it was all a part of a lesson about community outreach. They swung by the store to buy non-perishable items for the Foodbank of Southeastern & Eastern Shore. It's part of the school's annual...",Chesapeake kindergartners take field trip to grocery store to buy food for those in need,"Generate a faithful, specific, non-clickbait news headline. Use concrete names, numbers, places, or events only when supported by the article summary. Avoid curiosity-gap wording, exaggeration, and unsupported details. Category: news Article summary: Most students don't usually take field trips to the grocery stores, but this field trip for some kids in Chesapeake taught an important lesson. Kindergartners from Primrose at Cahoon Commons didn't go to a museum or historical park. They went to Kroger and it was all a part of a lesson about community outreach. They swung by the store to buy non-perishable items for the Foodbank of Southeastern & Eastern Shore. It's part of the school's annual...",Chesapeake kindergartners take field trip to grocery store to buy food for those in need,77,15,False,0.002500331,0,https://assets.msn.com/labs/mind/BBWKMCp.html,Chesapeake school's annual field trip taught a lesson in community outreach,False
specificity-005246,specificity,test,48895,N14547,news,newspolitics,"Analysis: The first two witnesses Wednesday called testified to Trump's scheme, but lacked the pizzaz necessary to capture public attention.","Plenty of substance, little drama at first open impeachment hearing","Generate a faithful, specific, non-clickbait news headline. Use concrete names, numbers, places, or events only when supported by the article summary. Avoid curiosity-gap wording, exaggeration, and unsupported details. Category: news Article summary: Analysis: The first two witnesses Wednesday called testified to Trump's scheme, but lacked the pizzaz necessary to capture public attention.","Plenty of substance, little drama at first open impeachment hearing",20,10,False,8.380355e-05,0,https://assets.msn.com/labs/mind/BBWIsU6.html,"First two witnesses call testified to Trump's scheme, but lacked the pizzazz necessary to capture public attention",False
specificity-005247,specificity,test,32736,N59077,sports,football_ncaa,Dan Orlovsky made the mistake of mentioning Ohio State in an assessment of Cincinnati sports teams with no mention of UC or Xavier.,"UC Bearcats football Twitter to Stephen A. Smith, 'First Take': 'Hi guys. Still here.'","Generate a faithful, specific, non-clickbait news headline. Use concrete names, numbers, places, or events only when supported by the article summary. Avoid curiosity-gap wording, exaggeration, and unsupported details. Category: sports Article summary: Dan Orlovsky made the mistake of mentioning Ohio State in an assessment of Cincinnati sports teams with no mention of UC or Xavier.","UC Bearcats football Twitter to Stephen A. Smith, 'First Take': 'Hi guys. Still here.'",23,14,True,0.00017478566,0,https://assets.msn.com/labs/mind/BBWE5L7.html,Ohio State's Dan Orlovsky makes mistake of mentioning Ohio State in an assessment of Cincinnati sports teams with no mention of UC or X,False
specificity-005248,specificity,test,41695,N57535,news,newspolitics,"Asked if the president was authorized to order that type of hold, Laura Cooper said there were concerns that he wasn't.",Pentagon official testifies Trump directed freeze on aid to Ukraine,"Generate a faithful, specific, non-clickbait news headline. Use concrete names, numbers, places, or events only when supported by the article summary. Avoid curiosity-gap wording, exaggeration, and unsupported details. Category: news Article summary: Asked if the president was authorized to order that type of hold, Laura Cooper said there were concerns that he wasn't.",Pentagon official testifies Trump directed freeze on aid to Ukraine,21,10,True,7.419693e-05,0,https://assets.msn.com/labs/mind/BBWBL08.html,Laura Cooper says he's not sure if he's allowed to hold a hold,False
specificity-005249,specificity,test,24817,N54445,sports,football_nfl,"After a big win over the Patriots this past Sunday, GM Eric DeCosta is already back to the drawing board. On Tuesday afternoon, the Ravens announced that they have released CB Maurice Canady and correspondingly signed WR De'Anthony Thomas to the active roster. In addition, they added DE Michael Onuoha to the practice squad. We have signed WR De'Anthony Thomas to the 53-man roster and waived CB Maurice Canady. We have also signed DE Michael...","Ravens waive CB Maurice Canady, sign WR De'Anthony Thomas to the 53-man roster","Generate a faithful, specific, non-clickbait news headline. Use concrete names, numbers, places, or events only when supported by the article summary. Avoid curiosity-gap wording, exaggeration, and unsupported details. Category: sports Article summary: After a big win over the Patriots this past Sunday, GM Eric DeCosta is already back to the drawing board. On Tuesday afternoon, the Ravens announced that they have released CB Maurice Canady and correspondingly signed WR De'Anthony Thomas to the active roster. In addition, they added DE Michael Onuoha to the practice squad. We have signed WR De'Anthony Thomas to the 53-man roster and waived CB Maurice Canady. We have also signed DE Michael...","Ravens waive CB Maurice Canady, sign WR De'Anthony Thomas to the 53-man roster",75,13,True,0.00010733278,0,https://assets.msn.com/labs/mind/AAJU0Xk.html,"Ravens sign WR Maurice Canady, WR De'Anthony Thomas to active roster",False
specificity-005250,specificity,test,25603,N43651,lifestyle,lifestylefamily,"HANOVER -- The Hanover Public Schools community is mourning the sudden death of one of its elementary school teachers, the district announced in a statement Thursday. Courtney Neville, a speech and language pathologist, died ""after a sudden and brief illness,"" Superintendent Matthew Ferron wrote. She was in her fourth year working at both of the town's elementary schools. ""Courtney dedicated ...","Hanover teacher died unexpectedly, superintendent says","Generate a faithful, specific, non-clickbait news headline. Use concrete names, numbers, places, or events only when supported by the article summary. Avoid curiosity-gap wording, exaggeration, and unsupported details. Category: lifestyle Article summary: HANOVER -- The Hanover Public Schools community is mourning the sudden death of one of its elementary school teachers, the district announced in a statement Thursday. Courtney Neville, a speech and language pathologist, died ""after a sudden and brief illness,"" Superintendent Matthew Ferron wrote. She was in her fourth year working at both of the town's elementary schools. ""Courtney dedicated ...","Hanover teacher died unexpectedly, superintendent says",61,6,False,8.292266e-05,0,https://assets.msn.com/labs/mind/AAJjmwO.html,Hanover Public Schools mourns sudden death of elementary school teacher,False
specificity-005251,specificity,test,39607,N16045,sports,mma,"Zabit vs. Kattar full fight video preview for UFC Fight Night 163 main event today (Sat., Nov. 9, 2019) on ESPN+ inside CSKA Arena in Moscow, Russia.",Preview! 'He Signed The Wrong Contract',"Generate a faithful, specific, non-clickbait news headline. Use concrete names, numbers, places, or events only when supported by the article summary. Avoid curiosity-gap wording, exaggeration, and unsupported details. Category: sports Article summary: Zabit vs. Kattar full fight video preview for UFC Fight Night 163 main event today (Sat., Nov. 9, 2019) on ESPN+ inside CSKA Arena in Moscow, Russia.",Preview! 'He Signed The Wrong Contract',27,6,True,0.01716953,0,https://assets.msn.com/labs/mind/BBWvRfM.html,Zabit vs. Kattar full fight video preview for UFC Fight Night 163,False
specificity-005252,specificity,test,57680,N13453,lifestyle,lifestylebuzz,"The Catty Shack Ranch in North Jacksonville will host its annual children's Halloween party and costume contest Sunday, according to a spokesperson. The Halloween party starts at 1 p.m. and ends at 4 p.m. During the party, volunteers will be available to answer questions as visitors take a tour and see the Catty Shack's 38 lions, tigers and big cats. The costume contest will start at 2 p.m., giving children a chance to go home with some ""Cool...","Catty Shack Ranch to host kids Halloween party, costume contest Sunday","Generate a faithful, specific, non-clickbait news headline. Use concrete names, numbers, places, or events only when supported by the article summary. Avoid curiosity-gap wording, exaggeration, and unsupported details. Category: lifestyle Article summary: The Catty Shack Ranch in North Jacksonville will host its annual children's Halloween party and costume contest Sunday, according to a spokesperson. The Halloween party starts at 1 p.m. and ends at 4 p.m. During the party, volunteers will be available to answer questions as visitors take a tour and see the Catty Shack's 38 lions, tigers and big cats. The costume contest will start at 2 p.m., giving children a chance to go home with some ""Cool...","Catty Shack Ranch to host kids Halloween party, costume contest Sunday",78,11,True,0.0002901083,0,https://assets.msn.com/labs/mind/AAJ3vVG.html,Catty Shack Ranch to host Halloween party and costume contest,False
specificity-005253,specificity,test,54200,N10909,sports,football_nfl,"The Lions defense enters Sunday's game against the Vikings with an NFL-leading eight forced fumbles -- by eight different defenders. That has caught the attention of Vikings coach Mike Zimmer. ""Yeah, especially since we put the ball on the ground the last two weeks,"" Zimmer said. ""We have to make sure we take care of the football and hold on to it. They're going to try and strip the football."" ...",Vikings coach Mike Zimmer stressing ball security against Lions,"Generate a faithful, specific, non-clickbait news headline. Use concrete names, numbers, places, or events only when supported by the article summary. Avoid curiosity-gap wording, exaggeration, and unsupported details. Category: sports Article summary: The Lions defense enters Sunday's game against the Vikings with an NFL-leading eight forced fumbles -- by eight different defenders. That has caught the attention of Vikings coach Mike Zimmer. ""Yeah, especially since we put the ball on the ground the last two weeks,"" Zimmer said. ""We have to make sure we take care of the football and hold on to it. They're going to try and strip the football."" ...",Vikings coach Mike Zimmer stressing ball security against Lions,71,9,True,9.558211e-05,0,https://assets.msn.com/labs/mind/AAIU9xT.html,Lions defense enters game against Vikings with eight forced fumbles,False
specificity-005254,specificity,test,1788,N45999,news,newspolitics,President Donald Trump's visit to Chicago is stirring up a tempest even before he arrives in the city that he's repeatedly derided as the poster child of urban violence and dysfunctional Democratic politics.,Trump's visit to Chicago creates stir before he even arrives,"Generate a faithful, specific, non-clickbait news headline. Use concrete names, numbers, places, or events only when supported by the article summary. Avoid curiosity-gap wording, exaggeration, and unsupported details. Category: news Article summary: President Donald Trump's visit to Chicago is stirring up a tempest even before he arrives in the city that he's repeatedly derided as the poster child of urban violence and dysfunctional Democratic politics.",Trump's visit to Chicago creates stir before he even arrives,33,10,True,0.00076411176,0,https://assets.msn.com/labs/mind/AAJs78f.html,Trump's visit to Chicago stirs up a tempest even before he arrives in Chicago,False
specificity-005255,specificity,test,51229,N31089,news,newsus,Emma and Chris Cox's picture-perfect wedding day was tarnished when a thief swiped a gift bag filled with thousands in cash. The brazen heist was caught on surveillance cameras.,Thief steals thousands from couple during wedding reception,"Generate a faithful, specific, non-clickbait news headline. Use concrete names, numbers, places, or events only when supported by the article summary. Avoid curiosity-gap wording, exaggeration, and unsupported details. Category: news Article summary: Emma and Chris Cox's picture-perfect wedding day was tarnished when a thief swiped a gift bag filled with thousands in cash. The brazen heist was caught on surveillance cameras.",Thief steals thousands from couple during wedding reception,29,8,False,0.00020870015,0,https://assets.msn.com/labs/mind/BBWyzjn.html,Emma and Chris Cox's picture-perfect wedding was tarnished when thief swiped gift bag filled with thousands of cash,False
specificity-005256,specificity,test,40217,N36876,sports,football_nfl,"CANTON On Friday night, TG Dillworth's first initials stood for Too Good. On a team stocked with big-name -- and big-bodied -- receivers, it was the 5-foot-10, 185-pound Dillworth who led the Bulldogs with three catches for a game-high 96 yards and a touchdown in a 29-25 win over Solon in the first round of the Division I playoffs. He did most of his damage on two deep slants. The first came ...","TG Dillworth, Xavier Black emerge as receiving threats at McKinley","Generate a faithful, specific, non-clickbait news headline. Use concrete names, numbers, places, or events only when supported by the article summary. Avoid curiosity-gap wording, exaggeration, and unsupported details. Category: sports Article summary: CANTON On Friday night, TG Dillworth's first initials stood for Too Good. On a team stocked with big-name -- and big-bodied -- receivers, it was the 5-foot-10, 185-pound Dillworth who led the Bulldogs with three catches for a game-high 96 yards and a touchdown in a 29-25 win over Solon in the first round of the Division I playoffs. He did most of his damage on two deep slants. The first came ...","TG Dillworth, Xavier Black emerge as receiving threats at McKinley",73,10,True,0.00018789915,0,https://assets.msn.com/labs/mind/BBWKxrM.html,TG Dillworth's first initials stand for Too Good,False
specificity-005257,specificity,test,13355,N2706,health,medical,"Westminster, SC (FOX Carolina) A Westminster family said they're trying to come to terms with their loved ones death after she died of an apparent fentanyl overdose. Destiny Compton's family said she was found unresponsive on Monday. The Oconee County Coroner's Office said her death is consistent with an overdose, and a drug screen suggests fentanyl may have contributed, though toxicology tests are still pending. ""She had such a great heart...",Upstate family says woman died after taking pill unknowingly laced with fentanyl,"Generate a faithful, specific, non-clickbait news headline. Use concrete names, numbers, places, or events only when supported by the article summary. Avoid curiosity-gap wording, exaggeration, and unsupported details. Category: health Article summary: Westminster, SC (FOX Carolina) A Westminster family said they're trying to come to terms with their loved ones death after she died of an apparent fentanyl overdose. Destiny Compton's family said she was found unresponsive on Monday. The Oconee County Coroner's Office said her death is consistent with an overdose, and a drug screen suggests fentanyl may have contributed, though toxicology tests are still pending. ""She had such a great heart...",Upstate family says woman died after taking pill unknowingly laced with fentanyl,71,12,False,0.0005717408,0,https://assets.msn.com/labs/mind/AAJmUir.html,Destiny Compton's family says she died of fentanyl overdose,False
specificity-005258,specificity,test,14443,N25354,news,newsus,The superintendents of Bexar County's two largest school districts joined nationwide criticism of a U.S. Department of Agriculture proposal to tighten eligibility for food stamps because it also would shrink the number of students who can get free school meals. Both sent letters to Agriculture Secretary Sonny Perdue even before the department released a report last week that the rule change would require almost a million school children to...,Northside and North East ISD leaders say tighter food stamp requirements would hurt school lunch programs,"Generate a faithful, specific, non-clickbait news headline. Use concrete names, numbers, places, or events only when supported by the article summary. Avoid curiosity-gap wording, exaggeration, and unsupported details. Category: news Article summary: The superintendents of Bexar County's two largest school districts joined nationwide criticism of a U.S. Department of Agriculture proposal to tighten eligibility for food stamps because it also would shrink the number of students who can get free school meals. Both sent letters to Agriculture Secretary Sonny Perdue even before the department released a report last week that the rule change would require almost a million school children to...",Northside and North East ISD leaders say tighter food stamp requirements would hurt school lunch programs,69,16,True,0.00018888948,0,https://assets.msn.com/labs/mind/AAJ7AZr.html,Bexar County superintendents condemn USDA proposal to tighten eligibility for food stamps,False
specificity-005259,specificity,test,28048,N37995,lifestyle,lifestylebuzz,"When a set of guidelines for incorporating ethnic studies in K-12 math classes went public last week, several online blogs criticized Seattle Public Schools for bringing race into subjects like addition and subtraction. ""Math, in case you didn't already know, is racist,"" said an article from conservative website The Daily Wire. The framework lays out a structure of learning themes like ""Origins, Identity, and Agency"" and ""Power and Oppression,""...",Identity and algebra: Seattle schools incorporate ethnic studies into math class,"Generate a faithful, specific, non-clickbait news headline. Use concrete names, numbers, places, or events only when supported by the article summary. Avoid curiosity-gap wording, exaggeration, and unsupported details. Category: lifestyle Article summary: When a set of guidelines for incorporating ethnic studies in K-12 math classes went public last week, several online blogs criticized Seattle Public Schools for bringing race into subjects like addition and subtraction. ""Math, in case you didn't already know, is racist,"" said an article from conservative website The Daily Wire. The framework lays out a structure of learning themes like ""Origins, Identity, and Agency"" and ""Power and Oppression,""...",Identity and algebra: Seattle schools incorporate ethnic studies into math class,69,11,True,0.00018467907,0,https://assets.msn.com/labs/mind/AAIGYKD.html,Online blogs criticize Seattle Public Schools for bringing race into math classes,False
specificity-005260,specificity,test,32244,N26688,news,newsus,"Curious just how far your dollar goes in Washington real estate? From budget apartments to luxury apartments, here's what you can get locally by price point, with photos and amenities.","Apartments for rent in Washington: What will $1,400 get you?","Generate a faithful, specific, non-clickbait news headline. Use concrete names, numbers, places, or events only when supported by the article summary. Avoid curiosity-gap wording, exaggeration, and unsupported details. Category: news Article summary: Curious just how far your dollar goes in Washington real estate? From budget apartments to luxury apartments, here's what you can get locally by price point, with photos and amenities.","Apartments for rent in Washington: What will $1,400 get you?",30,10,True,0.00010585529,0,https://assets.msn.com/labs/mind/BBWLcIW.html,"Washington real estate: What you can get locally by price point, with photos and amenities",False
specificity-005261,specificity,test,34017,N59530,sports,baseball_mlb,The Reds are wasting no time making a big splash in the free agent market. Their first move? Luring Didi Gregorius back.,Reds showing interest in Didi Gregorius,"Generate a faithful, specific, non-clickbait news headline. Use concrete names, numbers, places, or events only when supported by the article summary. Avoid curiosity-gap wording, exaggeration, and unsupported details. Category: sports Article summary: The Reds are wasting no time making a big splash in the free agent market. Their first move? Luring Didi Gregorius back.",Reds showing interest in Didi Gregorius,22,6,True,0.00012802564,0,https://assets.msn.com/labs/mind/BBWu6Fs.html,Reds wasting no time making a big splash in free agent market,False
specificity-005262,specificity,test,4089,N10737,sports,basketball_nba,"The Lakers weren't able to escape their preseason finale against the Warriors unscathed, with Alex Caruso suffering an injury early on in the game.",Alex Caruso suffers bone contusion in pelvis as Lakers drop preseason finale to Warriors,"Generate a faithful, specific, non-clickbait news headline. Use concrete names, numbers, places, or events only when supported by the article summary. Avoid curiosity-gap wording, exaggeration, and unsupported details. Category: sports Article summary: The Lakers weren't able to escape their preseason finale against the Warriors unscathed, with Alex Caruso suffering an injury early on in the game.",Alex Caruso suffers bone contusion in pelvis as Lakers drop preseason finale to Warriors,24,14,True,0.00014431641,0,https://assets.msn.com/labs/mind/AAJ0ium.html,Lakers' Alex Caruso suffers injury early on in preseason game,False
specificity-005263,specificity,test,20765,N12508,lifestyle,lifestylefamily,"My Bag My Story, a Brentwood nonprofit, founded by a former foster parent, launched with a mission of restoring self-worth for children in foster care.",Small token of comfort by new Brentwood nonprofit makes big impact on children in foster care,"Generate a faithful, specific, non-clickbait news headline. Use concrete names, numbers, places, or events only when supported by the article summary. Avoid curiosity-gap wording, exaggeration, and unsupported details. Category: lifestyle Article summary: My Bag My Story, a Brentwood nonprofit, founded by a former foster parent, launched with a mission of restoring self-worth for children in foster care.",Small token of comfort by new Brentwood nonprofit makes big impact on children in foster care,25,16,True,9.5125564e-05,0,https://assets.msn.com/labs/mind/AAJCJXM.html,"My Bag My Story, founded by former foster parent, seeks to restore self-worth for children in foster care",False
specificity-005264,specificity,test,58038,N55634,news,newsus,"BIRMINGHAM. Ga. (CBS46) -- Two people have been charged in the heartbreaking death of a three-year-old that was kidnapped from a birthday party in Birmingham, Alabama. Little Kamille ""Cupcake"" McKinney was at a birthday party at the Tom Brown Housing complex on October 12 when she was taken. Witnesses told police that an unknown man and woman picked up Kamille in a dark-colored SUV. Days later, Birmingham Police released surveillance footage...","Police charge couple with murder of two-year-old Kamille ""Cupcake""","Generate a faithful, specific, non-clickbait news headline. Use concrete names, numbers, places, or events only when supported by the article summary. Avoid curiosity-gap wording, exaggeration, and unsupported details. Category: news Article summary: BIRMINGHAM. Ga. (CBS46) -- Two people have been charged in the heartbreaking death of a three-year-old that was kidnapped from a birthday party in Birmingham, Alabama. Little Kamille ""Cupcake"" McKinney was at a birthday party at the Tom Brown Housing complex on October 12 when she was taken. Witnesses told police that an unknown man and woman picked up Kamille in a dark-colored SUV. Days later, Birmingham Police released surveillance footage...","Police charge couple with murder of two-year-old Kamille ""Cupcake""",71,9,True,0.00031582662,0,https://assets.msn.com/labs/mind/AAJjAz7.html,Two charged in heartbreaking death of 3-year-old kidnapped from birthday party in Alabama,False
specificity-005265,specificity,test,47004,N38766,video,news,"Cambodia freed opposition leader Kem Sokha from house arrest on Sunday, amid EU deliberations over whether to punish a crackdown against the country's opposition by removing preferential trade terms. David Doyle reports.",'I still need justice': Cambodia frees opposition leader,"Generate a faithful, specific, non-clickbait news headline. Use concrete names, numbers, places, or events only when supported by the article summary. Avoid curiosity-gap wording, exaggeration, and unsupported details. Category: video Article summary: Cambodia freed opposition leader Kem Sokha from house arrest on Sunday, amid EU deliberations over whether to punish a crackdown against the country's opposition by removing preferential trade terms. David Doyle reports.",'I still need justice': Cambodia frees opposition leader,32,8,False,6.675115e-05,0,https://assets.msn.com/labs/mind/BBWxXgW.html,Cambodia frees opposition leader Kem Sokha from house arrest,False
specificity-005266,specificity,test,21851,N9556,health,wellness,"New Orleans Saints linebacker Demario Davis made a surprise visit to one Jefferson Parish school Monday. He stopped by St. Louis King of France School in Metairie on Monday and gave them ""Child of God"" headbands. The NFL fined Davis $7,000 for wearing his ""Man of God"" headband during the Saints' game against the Seattle Seahawks. The league said it violated uniform policy. Davis won his appeal and didn't have to pay the fine. Saints fans jumped...",Saints' Demario Davis surprises students with 'Child of God' headbands,"Generate a faithful, specific, non-clickbait news headline. Use concrete names, numbers, places, or events only when supported by the article summary. Avoid curiosity-gap wording, exaggeration, and unsupported details. Category: health Article summary: New Orleans Saints linebacker Demario Davis made a surprise visit to one Jefferson Parish school Monday. He stopped by St. Louis King of France School in Metairie on Monday and gave them ""Child of God"" headbands. The NFL fined Davis $7,000 for wearing his ""Man of God"" headband during the Saints' game against the Seattle Seahawks. The league said it violated uniform policy. Davis won his appeal and didn't have to pay the fine. Saints fans jumped...",Saints' Demario Davis surprises students with 'Child of God' headbands,77,10,True,0.00028106102,0,https://assets.msn.com/labs/mind/AAJuZwV.html,New Orleans Saints linebacker Demario Davis visits Jefferson Parish school,False
specificity-005267,specificity,test,30272,N59734,weather,weathertopstories,"The streak of quiet fall weather continues in the Kansas City area Wednesday, although it will be a bit cooler, according to the FOX4 meteorologist Karli Ritter. ""Later on today it's going to be brighter, but it's also going to be colder than it has been the last couple of days,"" said Ritter, who provides weather updates to The Star. ""Our afternoon highs are going end up topping out ...",Weekend showers looming as quiet fall weather continues in Kansas City through Friday,"Generate a faithful, specific, non-clickbait news headline. Use concrete names, numbers, places, or events only when supported by the article summary. Avoid curiosity-gap wording, exaggeration, and unsupported details. Category: weather Article summary: The streak of quiet fall weather continues in the Kansas City area Wednesday, although it will be a bit cooler, according to the FOX4 meteorologist Karli Ritter. ""Later on today it's going to be brighter, but it's also going to be colder than it has been the last couple of days,"" said Ritter, who provides weather updates to The Star. ""Our afternoon highs are going end up topping out ...",Weekend showers looming as quiet fall weather continues in Kansas City through Friday,70,13,True,0.00030704707,0,https://assets.msn.com/labs/mind/AAISEUK.html,"'Later on today it's going to be brighter, but it's also going to be colder than it has been the last",False
specificity-005268,specificity,test,49765,N28495,news,newsus,"We are here to tell the justices that this is more than just a work permit, said a mother, 29, with DACA status. ""This is about keeping families together.""","'DACA is everything': Dreamers, families rally as Supreme Court takes up its future","Generate a faithful, specific, non-clickbait news headline. Use concrete names, numbers, places, or events only when supported by the article summary. Avoid curiosity-gap wording, exaggeration, and unsupported details. Category: news Article summary: We are here to tell the justices that this is more than just a work permit, said a mother, 29, with DACA status. ""This is about keeping families together.""","'DACA is everything': Dreamers, families rally as Supreme Court takes up its future",29,13,True,0.00016207546,0,https://assets.msn.com/labs/mind/BBWDC0y.html,Mother of 29 with DACA status tells justices that this is more than just a work permit,False
specificity-005269,specificity,test,52114,N29540,news,newsus,"New Jersey state Attorney General Gurbir Grewal defended the Division of Alcohol Beverage Control's recent attempt to revoke the liquor license of President Donald Trump's Colts Neck golf club. ""I trust their judgement,"" Grewal said Friday while speaking at an unrelated press conference in Newark. Trump's facility allegedly served an intoxicated customer in 2015. That man later drove drunk and ...",N.J. attorney general defends attempt to revoke Trump golf club liquor license,"Generate a faithful, specific, non-clickbait news headline. Use concrete names, numbers, places, or events only when supported by the article summary. Avoid curiosity-gap wording, exaggeration, and unsupported details. Category: news Article summary: New Jersey state Attorney General Gurbir Grewal defended the Division of Alcohol Beverage Control's recent attempt to revoke the liquor license of President Donald Trump's Colts Neck golf club. ""I trust their judgement,"" Grewal said Friday while speaking at an unrelated press conference in Newark. Trump's facility allegedly served an intoxicated customer in 2015. That man later drove drunk and ...",N.J. attorney general defends attempt to revoke Trump golf club liquor license,61,12,True,7.819406e-05,0,https://assets.msn.com/labs/mind/AAJlNll.html,New Jersey Attorney General defends Division of Alcohol Beverage Control's attempt to revoke license of Trump's Colts Neck golf club,False
specificity-005270,specificity,test,42511,N29598,health,medical,"As dispensaries seem to pop up on every corner, the medical marijuana boom in Oklahoma shows no sign of slowing down. ""Anyone with $2,500 and a building could open a dispensary,"" Corbin Wyatt said. Sign up for our Newsletters One year ago, Wyatt sold marijuana from an Airstream trailer. He has plans to open nine dispensaries. ""There is a dispensary on every corner, there's a grower in every warehouse, there's a processor down every street,""...","Medical marijuana industry grows crowded, drives competition","Generate a faithful, specific, non-clickbait news headline. Use concrete names, numbers, places, or events only when supported by the article summary. Avoid curiosity-gap wording, exaggeration, and unsupported details. Category: health Article summary: As dispensaries seem to pop up on every corner, the medical marijuana boom in Oklahoma shows no sign of slowing down. ""Anyone with $2,500 and a building could open a dispensary,"" Corbin Wyatt said. Sign up for our Newsletters One year ago, Wyatt sold marijuana from an Airstream trailer. He has plans to open nine dispensaries. ""There is a dispensary on every corner, there's a grower in every warehouse, there's a processor down every street,""...","Medical marijuana industry grows crowded, drives competition",75,7,False,7.8125864e-05,0,https://assets.msn.com/labs/mind/BBWqR32.html,Medical marijuana boom in Oklahoma shows no sign of slowing down,False
specificity-005271,specificity,test,13706,N42820,news,newsus,"Five months ago, Air Force Veteran Arthur Hess signed an agreement with the National Cremation Society for his burial at the St. Augustine National Cemetery. The disabled veteran paid $2,245 for peace of mind. ""He wanted to make sure that I was going to be OK,"" his widow, Roxanne Hess, said. Roxane Hess is his wife of 37 years and said they were confident in the terms of the pre-need agreement. ""We paid full price knowing everything was taken...",Widow unable to bury husband in St. Augustine National Cemetery looking for closure,"Generate a faithful, specific, non-clickbait news headline. Use concrete names, numbers, places, or events only when supported by the article summary. Avoid curiosity-gap wording, exaggeration, and unsupported details. Category: news Article summary: Five months ago, Air Force Veteran Arthur Hess signed an agreement with the National Cremation Society for his burial at the St. Augustine National Cemetery. The disabled veteran paid $2,245 for peace of mind. ""He wanted to make sure that I was going to be OK,"" his widow, Roxanne Hess, said. Roxane Hess is his wife of 37 years and said they were confident in the terms of the pre-need agreement. ""We paid full price knowing everything was taken...",Widow unable to bury husband in St. Augustine National Cemetery looking for closure,79,13,True,9.626806e-05,0,https://assets.msn.com/labs/mind/AAJXS7C.html,Air Force Veteran Arthur Hess agrees to burial at St. Augustine National Cemetery,False
specificity-005272,specificity,test,24221,N8843,news,newspolitics,"WASHINGTON Juli n Castro said Monday that he expects to meet the fundraising goal he set last week to continue his campaign for the Democrats' 2020 presidential nomination and that he believes he can beat expectations if he's still in the race when primary voting season begins. Castro said last week that he would end his candidacy unless he raises $800,000 by the end of the month, cash he needs for the expanded advertising and organizing that...",Juli n Castro predicts his campaign will be saved from shutdown,"Generate a faithful, specific, non-clickbait news headline. Use concrete names, numbers, places, or events only when supported by the article summary. Avoid curiosity-gap wording, exaggeration, and unsupported details. Category: news Article summary: WASHINGTON Juli n Castro said Monday that he expects to meet the fundraising goal he set last week to continue his campaign for the Democrats' 2020 presidential nomination and that he believes he can beat expectations if he's still in the race when primary voting season begins. Castro said last week that he would end his candidacy unless he raises $800,000 by the end of the month, cash he needs for the expanded advertising and organizing that...",Juli n Castro predicts his campaign will be saved from shutdown,77,11,True,0.00017927516,0,https://assets.msn.com/labs/mind/AAJv4sx.html,Juli n Castro expects to meet fundraising goal if he's still in the race,False
specificity-005273,specificity,test,45522,N7831,sports,basketball_nba,https://www.dailymotion.com/embed/video/x nppid Robert Williams shined Saturday night putting together what arguably was his best performance in a Celtics uniform. The second-year big man was tremendous in the paint during his,Celtics Notes: Robert Williams Has Career Night In Win Over Spurs,"Generate a faithful, specific, non-clickbait news headline. Use concrete names, numbers, places, or events only when supported by the article summary. Avoid curiosity-gap wording, exaggeration, and unsupported details. Category: sports Article summary: https://www.dailymotion.com/embed/video/x nppid Robert Williams shined Saturday night putting together what arguably was his best performance in a Celtics uniform. The second-year big man was tremendous in the paint during his",Celtics Notes: Robert Williams Has Career Night In Win Over Spurs,30,11,True,0.00014099812,0,https://assets.msn.com/labs/mind/BBWwn5Q.html,Robert Williams shines in Celtics uniform,False
specificity-005274,specificity,test,8150,N31075,news,newsworld,"Spain exhumed the body of Francisco Franco from a grandiose state mausoleum on Thursday, reburying it in more discreet grave in a country still conflicted over the dictator's decades-long regime. It was then transferred to a military helicopter for the brief flight to El Pardo where Franco was reburied alongside his wife in Mingorrubio state cemetery.","After exhumation, Spain reburies Franco in discreet tomb","Generate a faithful, specific, non-clickbait news headline. Use concrete names, numbers, places, or events only when supported by the article summary. Avoid curiosity-gap wording, exaggeration, and unsupported details. Category: news Article summary: Spain exhumed the body of Francisco Franco from a grandiose state mausoleum on Thursday, reburying it in more discreet grave in a country still conflicted over the dictator's decades-long regime. It was then transferred to a military helicopter for the brief flight to El Pardo where Franco was reburied alongside his wife in Mingorrubio state cemetery.","After exhumation, Spain reburies Franco in discreet tomb",56,8,True,7.620204e-05,0,https://assets.msn.com/labs/mind/AAJgtNC.html,Spain exhumes body of Francisco Franco from grandiose state mausoleum,False
specificity-005275,specificity,test,59954,N38537,travel,travelarticle,"PALM BEACH GARDENS -- As Hurricane Dorian was bearing down on the Bahamas last month, a group of Palm Beach County seniors and their caregivers gathered at the Hilton Garden Inn in Palm Beach Gardens for a five-day stay. Evacuated from their homes by SeniorBridge, an agency that provides hourly and live-in home care and care management services for seniors, they waited out the storm by playing ...",Hurricane Dorian reunion draws 'Garden Girls' to Palm Beach Gardens hotel,"Generate a faithful, specific, non-clickbait news headline. Use concrete names, numbers, places, or events only when supported by the article summary. Avoid curiosity-gap wording, exaggeration, and unsupported details. Category: travel Article summary: PALM BEACH GARDENS -- As Hurricane Dorian was bearing down on the Bahamas last month, a group of Palm Beach County seniors and their caregivers gathered at the Hilton Garden Inn in Palm Beach Gardens for a five-day stay. Evacuated from their homes by SeniorBridge, an agency that provides hourly and live-in home care and care management services for seniors, they waited out the storm by playing ...",Hurricane Dorian reunion draws 'Garden Girls' to Palm Beach Gardens hotel,68,11,True,8.006723e-05,0,https://assets.msn.com/labs/mind/AAIWjBj.html,Palm Beach County seniors and caregivers gather at Hilton Garden Inn for five-day stay,False
specificity-005276,specificity,test,52755,N29375,sports,football_nfl,"Surely you have seen complaints about media voting for awards and honors. Valid points can be made against them, but most often media do an outstanding job evaluating and honoring those we cover. While it was time-consuming, I used to enjoy voting for the Heisman and the AP football and basketball polls, which the Chronicle doesn't allow us to do any more. It was an honor and not something to be taken lightly. While media aren't infallible when...",Solomon: Mayfield ranked ahead of Watson a real head-scratcher,"Generate a faithful, specific, non-clickbait news headline. Use concrete names, numbers, places, or events only when supported by the article summary. Avoid curiosity-gap wording, exaggeration, and unsupported details. Category: sports Article summary: Surely you have seen complaints about media voting for awards and honors. Valid points can be made against them, but most often media do an outstanding job evaluating and honoring those we cover. While it was time-consuming, I used to enjoy voting for the Heisman and the AP football and basketball polls, which the Chronicle doesn't allow us to do any more. It was an honor and not something to be taken lightly. While media aren't infallible when...",Solomon: Mayfield ranked ahead of Watson a real head-scratcher,78,9,True,0.00014144141,0,https://assets.msn.com/labs/mind/AAJQLwC.html,"Media vote for awards and honors, but most often media do an outstanding job evaluating and honoring those we cover",False
specificity-005277,specificity,test,48089,N57832,sports,basketball_nba,"Amid multiple reports of Miami Heat guard Dion Waiters ingesting a THC product and the resulting scare on the team's overnight flight Thursday from Phoenix to Los Angeles, a look at the NBA's official policy regarding marijuana. From the ""Summary of the NBA/NBPA Anti-Drug Program (2019-20)"": Overview ""Since 1983, the NBA and NBPA have jointly maintained and administered a comprehensive ...","NBA marijuana policy: Treatment, penalties, disclosure","Generate a faithful, specific, non-clickbait news headline. Use concrete names, numbers, places, or events only when supported by the article summary. Avoid curiosity-gap wording, exaggeration, and unsupported details. Category: sports Article summary: Amid multiple reports of Miami Heat guard Dion Waiters ingesting a THC product and the resulting scare on the team's overnight flight Thursday from Phoenix to Los Angeles, a look at the NBA's official policy regarding marijuana. From the ""Summary of the NBA/NBPA Anti-Drug Program (2019-20)"": Overview ""Since 1983, the NBA and NBPA have jointly maintained and administered a comprehensive ...","NBA marijuana policy: Treatment, penalties, disclosure",61,6,True,9.37551e-05,0,https://assets.msn.com/labs/mind/BBWy6SU.html,Miami Heat guard Dion Waiters ingesting THC product and resulting scare on team's overnight flight,False
specificity-005278,specificity,test,55037,N41271,health,health-news,"An increase in sexually transmitted diseases in Hawaii to the highest numbers reported in decades can be linked to the prevalence of online dating, officials said.",Increased number of STDs in Hawaii linked to online dating,"Generate a faithful, specific, non-clickbait news headline. Use concrete names, numbers, places, or events only when supported by the article summary. Avoid curiosity-gap wording, exaggeration, and unsupported details. Category: health Article summary: An increase in sexually transmitted diseases in Hawaii to the highest numbers reported in decades can be linked to the prevalence of online dating, officials said.",Increased number of STDs in Hawaii linked to online dating,26,10,True,0.00014640839,0,https://assets.msn.com/labs/mind/AAIJ11e.html,Hawaii's sexually transmitted diseases rise to highest in decades,False
specificity-005279,specificity,test,52971,N11992,foodanddrink,newstrends,"A food handler at a Somerset County ShopRite worked while infected with hepatitis A and may exposed shoppers to the highly contagious virus, health officials announced Monday The employee, who worked that the Somerville store's deli, was contagious between Oct. 13 and Oct. 30 so anyone who bought food from the deli should throw it away, according to a joint statement the New Jersey and ...",ShopRite deli employee infected with Hepatitis A may have exposed shoppers,"Generate a faithful, specific, non-clickbait news headline. Use concrete names, numbers, places, or events only when supported by the article summary. Avoid curiosity-gap wording, exaggeration, and unsupported details. Category: foodanddrink Article summary: A food handler at a Somerset County ShopRite worked while infected with hepatitis A and may exposed shoppers to the highly contagious virus, health officials announced Monday The employee, who worked that the Somerville store's deli, was contagious between Oct. 13 and Oct. 30 so anyone who bought food from the deli should throw it away, according to a joint statement the New Jersey and ...",ShopRite deli employee infected with Hepatitis A may have exposed shoppers,66,11,True,0.016503477,0,https://assets.msn.com/labs/mind/AAJQNSR.html,Somerset County ShopRite worker may expose shoppers to hepatitis A virus,False
specificity-005280,specificity,test,30000,N10243,finance,financenews,"In a bizarre scene straight out of a horror movie, hundreds of birds flew into the NASCAR Hall of Fame Tuesday night in Charlotte and crashed to the sidewalk, Carolina Waterfowl Rescue said. The nonprofit said it received a call about 11 p.m. from someone reporting birds by the dozens were dying as they dived straight at the building's windows. It counted 310 chimney swifts, a third ...",Terrifying scene plays out as 300 birds ram NASCAR Hall of Fame windows in Charlotte,"Generate a faithful, specific, non-clickbait news headline. Use concrete names, numbers, places, or events only when supported by the article summary. Avoid curiosity-gap wording, exaggeration, and unsupported details. Category: finance Article summary: In a bizarre scene straight out of a horror movie, hundreds of birds flew into the NASCAR Hall of Fame Tuesday night in Charlotte and crashed to the sidewalk, Carolina Waterfowl Rescue said. The nonprofit said it received a call about 11 p.m. from someone reporting birds by the dozens were dying as they dived straight at the building's windows. It counted 310 chimney swifts, a third ...",Terrifying scene plays out as 300 birds ram NASCAR Hall of Fame windows in Charlotte,68,15,True,0.004340867,0,https://assets.msn.com/labs/mind/AAISBnr.html,"Birds flew into NASCAR Hall of Fame in Charlotte, crash to sidewalk",False
specificity-005281,specificity,test,34571,N55305,sports,football_ncaa,"Reba McEntire will hit the road next year and she is making a stop in Indiana. The country singer will be performing on March 20 at the Ford Center in Evansville, Indiana. Sign up for our Newsletters Tickets go on sale Nov. 22. For more information and tickets, click here. READ THE FULL STORY:Reba McEntire coming to Indiana next year CHECK OUT WLKY:Live. Local. Late-Breaking. Get the top Louisville news, weather and sports from the team at WLKY...",Reba McEntire coming to Indiana next year,"Generate a faithful, specific, non-clickbait news headline. Use concrete names, numbers, places, or events only when supported by the article summary. Avoid curiosity-gap wording, exaggeration, and unsupported details. Category: sports Article summary: Reba McEntire will hit the road next year and she is making a stop in Indiana. The country singer will be performing on March 20 at the Ford Center in Evansville, Indiana. Sign up for our Newsletters Tickets go on sale Nov. 22. For more information and tickets, click here. READ THE FULL STORY:Reba McEntire coming to Indiana next year CHECK OUT WLKY:Live. Local. Late-Breaking. Get the top Louisville news, weather and sports from the team at WLKY...",Reba McEntire coming to Indiana next year,78,7,True,0.0002375483,0,https://assets.msn.com/labs/mind/BBWHC8T.html,Reba McEntire coming to Indiana next year,True
specificity-005282,specificity,test,63854,N60244,news,newspolitics,"Representative Jim Jordan, a scrappy former wrestler and firebrand founder of the conservative House Freedom Caucus, has always relished a fight. So it was no surprise this week when, as President Trump's chief defender in the impeachment inquiry, he interrupted the staid tone of the first public hearing and let it rip. ""And you're their star witness?"" he thundered at William B. Taylor Jr., the top diplomat in Ukraine, after...",Jordan Brings Pugnacious Style to Impeachment Defense of Trump,"Generate a faithful, specific, non-clickbait news headline. Use concrete names, numbers, places, or events only when supported by the article summary. Avoid curiosity-gap wording, exaggeration, and unsupported details. Category: news Article summary: Representative Jim Jordan, a scrappy former wrestler and firebrand founder of the conservative House Freedom Caucus, has always relished a fight. So it was no surprise this week when, as President Trump's chief defender in the impeachment inquiry, he interrupted the staid tone of the first public hearing and let it rip. ""And you're their star witness?"" he thundered at William B. Taylor Jr., the top diplomat in Ukraine, after...",Jordan Brings Pugnacious Style to Impeachment Defense of Trump,70,9,True,0.000106151856,0,https://assets.msn.com/labs/mind/BBWPnSX.html,Trump's defender interrupts first public hearing of impeachment inquiry,False
specificity-005283,specificity,test,44033,N51379,news,newsus,"SAN FRANCISCO (AP) The National Rifle Association has withdrawn its lawsuit against San Francisco over the city's resolution labeling the gun-rights group a ""terrorist organization."" The notice filed Thursday in the U.S. District Court of Northern California was heralded by City Attorney Dennis Herrera, who has called it a ""frivolous lawsuit"" based on a deliberate misinterpretation by the NRA. ""This was a baseless attempt to silence San...",NRA drops lawsuit over San Francisco's 'terrorist' label,"Generate a faithful, specific, non-clickbait news headline. Use concrete names, numbers, places, or events only when supported by the article summary. Avoid curiosity-gap wording, exaggeration, and unsupported details. Category: news Article summary: SAN FRANCISCO (AP) The National Rifle Association has withdrawn its lawsuit against San Francisco over the city's resolution labeling the gun-rights group a ""terrorist organization."" The notice filed Thursday in the U.S. District Court of Northern California was heralded by City Attorney Dennis Herrera, who has called it a ""frivolous lawsuit"" based on a deliberate misinterpretation by the NRA. ""This was a baseless attempt to silence San...",NRA drops lawsuit over San Francisco's 'terrorist' label,67,8,True,6.594414e-05,0,https://assets.msn.com/labs/mind/BBWqZwX.html,National Rifle Association withdraws lawsuit against San Francisco over gun-rights resolution,False
specificity-005284,specificity,test,40884,N11289,news,newspolitics,CNN's Alex Marquardt looks at the events that led to President Donald Trump's ousting of the US ambassador to Ukraine Marie Yovanovitch for apparently thwarting his rogue foreign policy scheme.,Marie Yovanovitch called 'bad news' by Donald Trump,"Generate a faithful, specific, non-clickbait news headline. Use concrete names, numbers, places, or events only when supported by the article summary. Avoid curiosity-gap wording, exaggeration, and unsupported details. Category: news Article summary: CNN's Alex Marquardt looks at the events that led to President Donald Trump's ousting of the US ambassador to Ukraine Marie Yovanovitch for apparently thwarting his rogue foreign policy scheme.",Marie Yovanovitch called 'bad news' by Donald Trump,30,8,True,0.17779434,0,https://assets.msn.com/labs/mind/BBWNPoP.html,CNN's Alex Marquardt looks at events that led to Trump's ousting of US ambassador to Ukraine,False
specificity-005285,specificity,test,32576,N14083,news,newsus,The Aliquippa School Board has implemented new safety measures after a 5-year-old boy fell out of a school bus at a busy intersection.,Aliquippa School Board Implements Safety Measures After 5-Year-Old Boy Falls Out Of School Bus,"Generate a faithful, specific, non-clickbait news headline. Use concrete names, numbers, places, or events only when supported by the article summary. Avoid curiosity-gap wording, exaggeration, and unsupported details. Category: news Article summary: The Aliquippa School Board has implemented new safety measures after a 5-year-old boy fell out of a school bus at a busy intersection.",Aliquippa School Board Implements Safety Measures After 5-Year-Old Boy Falls Out Of School Bus,23,14,True,0.0001178414,0,https://assets.msn.com/labs/mind/BBWJ6fT.html,Aliquippa School Board implements safety measures after 5-year-old falls out of bus,False
specificity-005286,specificity,test,46841,N62776,sports,more_sports,"NEW HAVEN, Conn. (AP) A college gymnast from Connecticut has died following a training accident. Officials at Southern Connecticut State University say 20-year-old Melanie Coleman died Sunday at Yale New Haven Hospital, two days after suffering a spinal cord injury during practice. University President Joe Bertolino called Coleman's death a ""tragic loss."" She was a junior nursing student at the New Haven school. Coleman was a former All State...",Former All-State gymnast dies following practice accident,"Generate a faithful, specific, non-clickbait news headline. Use concrete names, numbers, places, or events only when supported by the article summary. Avoid curiosity-gap wording, exaggeration, and unsupported details. Category: sports Article summary: NEW HAVEN, Conn. (AP) A college gymnast from Connecticut has died following a training accident. Officials at Southern Connecticut State University say 20-year-old Melanie Coleman died Sunday at Yale New Haven Hospital, two days after suffering a spinal cord injury during practice. University President Joe Bertolino called Coleman's death a ""tragic loss."" She was a junior nursing student at the New Haven school. Coleman was a former All State...",Former All-State gymnast dies following practice accident,69,7,True,8.131482e-05,0,https://assets.msn.com/labs/mind/BBWBm3P.html,College gymnast from Connecticut dies after training accident,False
specificity-005287,specificity,test,2551,N1207,news,newsscienceandtechnology,"From helping kids with homework to finding where a picture was shot, an expert offers 11 tips for speeding up and improving Google search.","11 expert tips to search Google better, faster, more strategically","Generate a faithful, specific, non-clickbait news headline. Use concrete names, numbers, places, or events only when supported by the article summary. Avoid curiosity-gap wording, exaggeration, and unsupported details. Category: news Article summary: From helping kids with homework to finding where a picture was shot, an expert offers 11 tips for speeding up and improving Google search.","11 expert tips to search Google better, faster, more strategically",24,10,True,0.05570358,0,https://assets.msn.com/labs/mind/AAJJkQP.html,Google search expert offers 11 tips for speeding up Google search,False
specificity-005288,specificity,test,18619,N35929,news,newsus,"At least two large tanks of ethanol burned Tuesday at a NuStar Energy facility in Crockett, Calif., prompting road closures and a shelter-in-place order for residents that lasted late into the evening. Residents in Rodeo, Crockett and Hercules were finally advised that they could reopen windows and doors about 9:30 p.m. Interstate 80 reopened in both directions after being closed in the area near the NuStar facility for about six hours. It...","Tanks of ethanol burn at energy facility in the Bay Area, prompting road closures","Generate a faithful, specific, non-clickbait news headline. Use concrete names, numbers, places, or events only when supported by the article summary. Avoid curiosity-gap wording, exaggeration, and unsupported details. Category: news Article summary: At least two large tanks of ethanol burned Tuesday at a NuStar Energy facility in Crockett, Calif., prompting road closures and a shelter-in-place order for residents that lasted late into the evening. Residents in Rodeo, Crockett and Hercules were finally advised that they could reopen windows and doors about 9:30 p.m. Interstate 80 reopened in both directions after being closed in the area near the NuStar facility for about six hours. It...","Tanks of ethanol burn at energy facility in the Bay Area, prompting road closures",72,14,True,8.237075e-05,0,https://assets.msn.com/labs/mind/AAIPRWy.html,"At least two large tanks of ethanol burned at NuStar Energy facility in Crockett, Calif.",False
specificity-005289,specificity,test,4104,N24025,news,newsus,"A man who Seattle Police say is the Washington cell leader of a neo-Nazi group isn't allowed to own any guns for one year, according to a court order.",Weapons seized from alleged neo-Nazi leader in Washington state,"Generate a faithful, specific, non-clickbait news headline. Use concrete names, numbers, places, or events only when supported by the article summary. Avoid curiosity-gap wording, exaggeration, and unsupported details. Category: news Article summary: A man who Seattle Police say is the Washington cell leader of a neo-Nazi group isn't allowed to own any guns for one year, according to a court order.",Weapons seized from alleged neo-Nazi leader in Washington state,29,9,True,7.933381e-05,0,https://assets.msn.com/labs/mind/AAJ0j83.html,Seattle police say neo-Nazi man isn't allowed to own guns for one year,False
specificity-005290,specificity,test,44008,N52960,news,newsus,"Miami-Dade Schools Superintendent Alberto Carvalho, along with other county officials, announced Tuesday the launch of a first-of-its-kind children's savings account program.",First-Of-Its-Kind Children's Savings Account Launches In Miami-Dade,"Generate a faithful, specific, non-clickbait news headline. Use concrete names, numbers, places, or events only when supported by the article summary. Avoid curiosity-gap wording, exaggeration, and unsupported details. Category: news Article summary: Miami-Dade Schools Superintendent Alberto Carvalho, along with other county officials, announced Tuesday the launch of a first-of-its-kind children's savings account program.",First-Of-Its-Kind Children's Savings Account Launches In Miami-Dade,21,7,True,8.138433e-05,0,https://assets.msn.com/labs/mind/BBWF0tf.html,Miami-Dade Schools Superintendent Alberto Carvalho Launches First-of-its-kind Children's Savings Account Program,False
specificity-005291,specificity,test,27968,N18910,autos,autosnews,The City of Denver is trying to get more drivers to ease off the gas pedal and drive slower. Crews were replacing speed limit signs with reduced speeds on some city streets on Tuesday.,Denver Reduces Speed Limits On More City Streets,"Generate a faithful, specific, non-clickbait news headline. Use concrete names, numbers, places, or events only when supported by the article summary. Avoid curiosity-gap wording, exaggeration, and unsupported details. Category: autos Article summary: The City of Denver is trying to get more drivers to ease off the gas pedal and drive slower. Crews were replacing speed limit signs with reduced speeds on some city streets on Tuesday.",Denver Reduces Speed Limits On More City Streets,34,8,True,6.5706496e-05,0,https://assets.msn.com/labs/mind/AAJUihO.html,City of Denver tries to get more drivers to ease off gas pedal and drive slower,False
specificity-005292,specificity,test,64422,N50924,weather,weathertopstories,"Excited skiers and snowboarders in Olympic Valley, California, began lining up two hours before first chair on Nov. 15. This is the second earliest that Squaw Valley Alpine Meadows has opened in the last 10 years.",Ski season begins at Squaw Valley Alpine Meadows,"Generate a faithful, specific, non-clickbait news headline. Use concrete names, numbers, places, or events only when supported by the article summary. Avoid curiosity-gap wording, exaggeration, and unsupported details. Category: weather Article summary: Excited skiers and snowboarders in Olympic Valley, California, began lining up two hours before first chair on Nov. 15. This is the second earliest that Squaw Valley Alpine Meadows has opened in the last 10 years.",Ski season begins at Squaw Valley Alpine Meadows,36,8,True,0.00011942649,0,https://assets.msn.com/labs/mind/BBWPw4X.html,Skiers and snowboarders in Olympic Valley begin lining up two hours before first chair,False
specificity-005293,specificity,test,10582,N25495,travel,travelnews,"An American Airlines plane made an emergency landing at Greenville-Spartanburg International Airport Monday night, according to Tiffany Cherry, communications specialist with GSP. Flight 5139 took off from Omaha, Nebraska just after 6 p.m. and was bound for Charlotte, North Carolina, Cherry said. Sign up for our Newsletters According to Cherry, the pilots contacted the control tower at GSP after experiencing issues and asked to make an emergency...","Plane makes emergency landing at GSP, airport officials say","Generate a faithful, specific, non-clickbait news headline. Use concrete names, numbers, places, or events only when supported by the article summary. Avoid curiosity-gap wording, exaggeration, and unsupported details. Category: travel Article summary: An American Airlines plane made an emergency landing at Greenville-Spartanburg International Airport Monday night, according to Tiffany Cherry, communications specialist with GSP. Flight 5139 took off from Omaha, Nebraska just after 6 p.m. and was bound for Charlotte, North Carolina, Cherry said. Sign up for our Newsletters According to Cherry, the pilots contacted the control tower at GSP after experiencing issues and asked to make an emergency...","Plane makes emergency landing at GSP, airport officials say",67,9,True,8.296214e-05,0,https://assets.msn.com/labs/mind/AAJRJwU.html,American Airlines plane makes emergency landing at Greenville-Spartanburg International Airport,False
specificity-005294,specificity,test,51232,N15236,finance,finance-real-estate,"The amount New Yorkers pay per square foot of real estate is much higher than almost anywhere else in the world, a recent report shows.",Only 1 World City Charges More Than NYC Per Foot Of Apt Space,"Generate a faithful, specific, non-clickbait news headline. Use concrete names, numbers, places, or events only when supported by the article summary. Avoid curiosity-gap wording, exaggeration, and unsupported details. Category: finance Article summary: The amount New Yorkers pay per square foot of real estate is much higher than almost anywhere else in the world, a recent report shows.",Only 1 World City Charges More Than NYC Per Foot Of Apt Space,25,13,True,0.00012334458,0,https://assets.msn.com/labs/mind/BBWyzsa.html,New Yorkers pay more than anywhere else in the world,False
specificity-005295,specificity,test,40649,N41946,sports,football_nfl,"The Browns won on Thursday, but only in the most literal sense. Pro Bowl defensive end Myles Garrett changed everything with the swing of a helmet.",Opinion: NFL should suspend Browns' Myles Garrett for rest of season at minimum for helmet swing,"Generate a faithful, specific, non-clickbait news headline. Use concrete names, numbers, places, or events only when supported by the article summary. Avoid curiosity-gap wording, exaggeration, and unsupported details. Category: sports Article summary: The Browns won on Thursday, but only in the most literal sense. Pro Bowl defensive end Myles Garrett changed everything with the swing of a helmet.",Opinion: NFL should suspend Browns' Myles Garrett for rest of season at minimum for helmet swing,26,16,True,0.00020063884,0,https://assets.msn.com/labs/mind/BBWN0CM.html,"Browns win on Thursday, but only in the most literal sense",False
specificity-005296,specificity,test,11905,N35229,lifestyle,lifestylepets,"It looks like a dognapping case in the East Bay was an inside job, if surveillance cameras were to be believed.",Dognapping At Berkeley Humane Society Was Inside Job,"Generate a faithful, specific, non-clickbait news headline. Use concrete names, numbers, places, or events only when supported by the article summary. Avoid curiosity-gap wording, exaggeration, and unsupported details. Category: lifestyle Article summary: It looks like a dognapping case in the East Bay was an inside job, if surveillance cameras were to be believed.",Dognapping At Berkeley Humane Society Was Inside Job,21,8,True,0.00019101796,0,https://assets.msn.com/labs/mind/AAJS4kQ.html,"A dognapping case in the East Bay looks like a dognapping case in the East Bay was an inside job, if surveillance cameras were",False
specificity-005297,specificity,test,20992,N47517,video,news,"House Speaker Nancy Pelosi says impeachment process is about honoring the oath of office and the Constitution, and she declined to give a timeline for the process. Pelosi made the comments during her weekly news conference.","Pelosi says impeachment is about truth, not a timeline","Generate a faithful, specific, non-clickbait news headline. Use concrete names, numbers, places, or events only when supported by the article summary. Avoid curiosity-gap wording, exaggeration, and unsupported details. Category: video Article summary: House Speaker Nancy Pelosi says impeachment process is about honoring the oath of office and the Constitution, and she declined to give a timeline for the process. Pelosi made the comments during her weekly news conference.","Pelosi says impeachment is about truth, not a timeline",36,9,False,9.353703e-05,0,https://assets.msn.com/labs/mind/AAIW7Fu.html,Nancy Pelosi says impeachment process is about honoring the oath of office,False
specificity-005298,specificity,test,38458,N21086,news,newspolitics,"Republican lawmakers have sought to hijack several impeachment depositions in a crusade for information on the whistleblower who sparked the inquiry, according to a review of the transcripts by The Daily Beast. Efforts from Republican lawmakers and their counsel to elicit information on the whistleblower both by asking leading questions and asking point-blank for the person's identity were repeatedly batted down by Democrats, and in one case the...",Transcripts Show GOP 'Terror Campaign' to Out Whistleblower,"Generate a faithful, specific, non-clickbait news headline. Use concrete names, numbers, places, or events only when supported by the article summary. Avoid curiosity-gap wording, exaggeration, and unsupported details. Category: news Article summary: Republican lawmakers have sought to hijack several impeachment depositions in a crusade for information on the whistleblower who sparked the inquiry, according to a review of the transcripts by The Daily Beast. Efforts from Republican lawmakers and their counsel to elicit information on the whistleblower both by asking leading questions and asking point-blank for the person's identity were repeatedly batted down by Democrats, and in one case the...",Transcripts Show GOP 'Terror Campaign' to Out Whistleblower,68,8,True,8.61006e-05,0,https://assets.msn.com/labs/mind/BBWtUyM.html,GOP lawmakers seek to hijack impeachment depositions in crusade for information on whistleblower,False
specificity-005299,specificity,test,50162,N269,news,newsscienceandtechnology,"UPDATE: As of 8 a.m. Tuesday, power has been restored to most of the Consumers Energy customers affected by the outage. According to the Outage Map, less than 20 customers are still without power. The restoration time is listed for around 2:45 p.m. PREVIOUS STORY: GRAND RAPIDS, Mich. - Authorities in Grand Rapids are working to clear the scene of a crash that brought down a power pole and caused several outages on the Northeast side of the city....",Update: Power restored to Grand Rapids' NE side after driver brought down power pole,"Generate a faithful, specific, non-clickbait news headline. Use concrete names, numbers, places, or events only when supported by the article summary. Avoid curiosity-gap wording, exaggeration, and unsupported details. Category: news Article summary: UPDATE: As of 8 a.m. Tuesday, power has been restored to most of the Consumers Energy customers affected by the outage. According to the Outage Map, less than 20 customers are still without power. The restoration time is listed for around 2:45 p.m. PREVIOUS STORY: GRAND RAPIDS, Mich. - Authorities in Grand Rapids are working to clear the scene of a crash that brought down a power pole and caused several outages on the Northeast side of the city....",Update: Power restored to Grand Rapids' NE side after driver brought down power pole,79,14,True,0.00020940695,0,https://assets.msn.com/labs/mind/BBWDTt7.html,Power restored to Consumers Energy customers in Grand Rapids,False
specificity-005300,specificity,test,58447,N8994,sports,football_nfl,"ABINGTON -- The Abington High football team has taken care of business in the league so far. Following last week's 24-6 win over Mashpee, the Green Wave (3-2, 2-0 in South Shore League Tobin Division) rolled to a 36-7 win over Carver/Sacred Heart on Friday night. Five different Green Wave players scored rushing touchdowns in the first half. That list didn't include junior Owen Reardon, who had ...",H.S. FOOTBALL: Abington spreads out the scoring in win over Carver/Sacred Heart,"Generate a faithful, specific, non-clickbait news headline. Use concrete names, numbers, places, or events only when supported by the article summary. Avoid curiosity-gap wording, exaggeration, and unsupported details. Category: sports Article summary: ABINGTON -- The Abington High football team has taken care of business in the league so far. Following last week's 24-6 win over Mashpee, the Green Wave (3-2, 2-0 in South Shore League Tobin Division) rolled to a 36-7 win over Carver/Sacred Heart on Friday night. Five different Green Wave players scored rushing touchdowns in the first half. That list didn't include junior Owen Reardon, who had ...",H.S. FOOTBALL: Abington spreads out the scoring in win over Carver/Sacred Heart,68,12,True,0.00010412174,0,https://assets.msn.com/labs/mind/AAIEmJ2.html,Abington's Green Wave wins 36-7 win over Carver/Sacred Heart,False
specificity-005301,specificity,test,63520,N26538,news,newsus,"If you're apartment hunting, you know how hard it can be to find a bargain. So what does the low-end rent on a rental in Orlando look like these days?",Renting in Orlando: What's the cheapest apartment available right now?,"Generate a faithful, specific, non-clickbait news headline. Use concrete names, numbers, places, or events only when supported by the article summary. Avoid curiosity-gap wording, exaggeration, and unsupported details. Category: news Article summary: If you're apartment hunting, you know how hard it can be to find a bargain. So what does the low-end rent on a rental in Orlando look like these days?",Renting in Orlando: What's the cheapest apartment available right now?,30,10,True,0.00017642557,0,https://assets.msn.com/labs/mind/BBWPjIy.html,Renting low-end apartments in Orlando: How hard it can be to find a bargain?,False
specificity-005302,specificity,test,55840,N35789,news,newsus,"Sacramento police have identified the man who held eight people hostage in a south Oak Park home during a standoff that lasted nearly a day. Eric Leyva, 27, is in custody on kidnapping charges, according to the Sacramento Police Department. His bail was set at $1 million. More charges are pending as detectives continue to investigate the case. Sign up for our Newsletters He was taken into custody Wednesday afternoon after surrendering to police....",Sacramento police name suspect in marathon hostage standoff,"Generate a faithful, specific, non-clickbait news headline. Use concrete names, numbers, places, or events only when supported by the article summary. Avoid curiosity-gap wording, exaggeration, and unsupported details. Category: news Article summary: Sacramento police have identified the man who held eight people hostage in a south Oak Park home during a standoff that lasted nearly a day. Eric Leyva, 27, is in custody on kidnapping charges, according to the Sacramento Police Department. His bail was set at $1 million. More charges are pending as detectives continue to investigate the case. Sign up for our Newsletters He was taken into custody Wednesday afternoon after surrendering to police....",Sacramento police name suspect in marathon hostage standoff,74,8,False,6.885985e-05,0,https://assets.msn.com/labs/mind/AAJFkBA.html,Sacramento police identify man who held hostage in south Oak Park home,False
specificity-005303,specificity,test,43426,N60523,news,newsus,"Top news includes a would-be predator arrested, Jimmy Carter recovering and Principal Of The Year Award. How to share news, events on Patch.","Principal Of Year, Carter Recovers, Child Predator: News Nearby","Generate a faithful, specific, non-clickbait news headline. Use concrete names, numbers, places, or events only when supported by the article summary. Avoid curiosity-gap wording, exaggeration, and unsupported details. Category: news Article summary: Top news includes a would-be predator arrested, Jimmy Carter recovering and Principal Of The Year Award. How to share news, events on Patch.","Principal Of Year, Carter Recovers, Child Predator: News Nearby",23,9,True,7.628536e-05,0,https://assets.msn.com/labs/mind/BBWLICe.html,Top news: Jimmy Carter recovering and Principal Of The Year Award,False
specificity-005304,specificity,test,51036,N61378,news,newsworld,"The murder of Albert Chernoff took another disturbing turn this week, as a 14-year-old girl was arrested in the murder of the local animal rescuer. The Inquirer reports Ajahnae Smaugh was arrested and charged with murder on Thursday for the death of the 59-year-old Chernoff. She was also charged tampering with evidence, obstruction of justice and possession of an instrument of crime. Smaugh turned herself into the police on Thursday. The...","Girl, 14, charged in death of local animal rescuer","Generate a faithful, specific, non-clickbait news headline. Use concrete names, numbers, places, or events only when supported by the article summary. Avoid curiosity-gap wording, exaggeration, and unsupported details. Category: news Article summary: The murder of Albert Chernoff took another disturbing turn this week, as a 14-year-old girl was arrested in the murder of the local animal rescuer. The Inquirer reports Ajahnae Smaugh was arrested and charged with murder on Thursday for the death of the 59-year-old Chernoff. She was also charged tampering with evidence, obstruction of justice and possession of an instrument of crime. Smaugh turned herself into the police on Thursday. The...","Girl, 14, charged in death of local animal rescuer",71,9,True,0.0001450588,0,https://assets.msn.com/labs/mind/BBWyu1K.html,14-year-old girl arrested in murder of animal rescuer,False
specificity-005305,specificity,test,54183,N62695,news,newspolitics,"OKLAHOMA CITY (KFOR) As cities across the state prepare for the implementation of the new permitless less carry law, an Oklahoma representative has filed paperwork to get an emergency injunction in place. In February, Gov. Kevin Stitt signed House Bill 2597 into law. ""We want to make sure that we let Oklahomans know that we are going to protect their rights to bear arms,"" Stitt said. The law ...",Lawmaker asking Oklahoma Supreme Court to stop permitless carry from going into effect,"Generate a faithful, specific, non-clickbait news headline. Use concrete names, numbers, places, or events only when supported by the article summary. Avoid curiosity-gap wording, exaggeration, and unsupported details. Category: news Article summary: OKLAHOMA CITY (KFOR) As cities across the state prepare for the implementation of the new permitless less carry law, an Oklahoma representative has filed paperwork to get an emergency injunction in place. In February, Gov. Kevin Stitt signed House Bill 2597 into law. ""We want to make sure that we let Oklahomans know that we are going to protect their rights to bear arms,"" Stitt said. The law ...",Lawmaker asking Oklahoma Supreme Court to stop permitless carry from going into effect,69,13,True,7.741273e-05,0,https://assets.msn.com/labs/mind/AAJF6cd.html,Oklahoma Gov. Kevin Stitt files paperwork to get emergency injunction in place,False
specificity-005306,specificity,test,52181,N15452,music,musicnews,"Bon Iver, Rufus du Sol, Stick Figure, Local Natives, San Holo, the Growlers, and more will play McDowell Mountain Music Festival (M3F Fest) in 2020.","M3F music festival lineup brings Bon Iver, Local Natives to Phoenix","Generate a faithful, specific, non-clickbait news headline. Use concrete names, numbers, places, or events only when supported by the article summary. Avoid curiosity-gap wording, exaggeration, and unsupported details. Category: music Article summary: Bon Iver, Rufus du Sol, Stick Figure, Local Natives, San Holo, the Growlers, and more will play McDowell Mountain Music Festival (M3F Fest) in 2020.","M3F music festival lineup brings Bon Iver, Local Natives to Phoenix",25,11,True,9.8828015e-05,0,https://assets.msn.com/labs/mind/AAI7BBk.html,"Bon Iver, Rufus du Sol, Stick Figure, Local Natives, San Holo, Growlers to play McDowell Mountain Music Festival",False
specificity-005307,specificity,test,44364,N60123,foodanddrink,newstrends,"LODI -- Spain's king of red grapes, Tempranillo, has found a home in Lodi, where talented growers and winemakers respect and know how to handle the variety. To celebrate International Tempranillo Day, Bokisch Vineyards is putting on the fourth annual Lodi Tour of Tempranillo Friday through Sunday. This year, 13 boutique wineries in the Lodi American Viticultural Area will showcase their ...",Tour of Tempranillo offers taste of Lodi's take on the Spanish varietal,"Generate a faithful, specific, non-clickbait news headline. Use concrete names, numbers, places, or events only when supported by the article summary. Avoid curiosity-gap wording, exaggeration, and unsupported details. Category: foodanddrink Article summary: LODI -- Spain's king of red grapes, Tempranillo, has found a home in Lodi, where talented growers and winemakers respect and know how to handle the variety. To celebrate International Tempranillo Day, Bokisch Vineyards is putting on the fourth annual Lodi Tour of Tempranillo Friday through Sunday. This year, 13 boutique wineries in the Lodi American Viticultural Area will showcase their ...",Tour of Tempranillo offers taste of Lodi's take on the Spanish varietal,62,12,True,0.0020869977,0,https://assets.msn.com/labs/mind/BBWF2Cm.html,"Tempranillo: Spain's king of red grapes, Tempranillo finds home in Lodi",False
specificity-005308,specificity,test,47077,N54547,sports,football_nfl,"Bloomington leaders are nearing final approval of an elaborate plan to help build one of the nation's largest water parks beside the Mall of America. The deal hinges on the city's option to hike sales taxes at the Mall of America to pay debt on the $260 million facility, if visitors who pay to raft down 10-foot-wide slides and lounge in cabanas don't generate enough revenue. The City Council ...",Bloomington sets water park tax plan in motion,"Generate a faithful, specific, non-clickbait news headline. Use concrete names, numbers, places, or events only when supported by the article summary. Avoid curiosity-gap wording, exaggeration, and unsupported details. Category: sports Article summary: Bloomington leaders are nearing final approval of an elaborate plan to help build one of the nation's largest water parks beside the Mall of America. The deal hinges on the city's option to hike sales taxes at the Mall of America to pay debt on the $260 million facility, if visitors who pay to raft down 10-foot-wide slides and lounge in cabanas don't generate enough revenue. The City Council ...",Bloomington sets water park tax plan in motion,70,8,False,6.78419e-05,0,https://assets.msn.com/labs/mind/BBWIepJ.html,Bloomington City Council approves plan to build water parks near Mall of America,False
specificity-005309,specificity,test,42513,N27182,finance,finance-companies,"(WWJ) - A major liquor distributor is apologizing for weeks of delayed and missing deliveries that have left bar and party store owners short of booze. Officials at Republic National Distributing Company, one of only two approved liquor distributors in the state, have been calling their 13,000 customers to apologize for stock shortages and late deliveries over the past few weeks. The company blamed the issues on a move to a new warehouse in...",Distributor Blames Booze Shortage On Move To New Warehouse,"Generate a faithful, specific, non-clickbait news headline. Use concrete names, numbers, places, or events only when supported by the article summary. Avoid curiosity-gap wording, exaggeration, and unsupported details. Category: finance Article summary: (WWJ) - A major liquor distributor is apologizing for weeks of delayed and missing deliveries that have left bar and party store owners short of booze. Officials at Republic National Distributing Company, one of only two approved liquor distributors in the state, have been calling their 13,000 customers to apologize for stock shortages and late deliveries over the past few weeks. The company blamed the issues on a move to a new warehouse in...",Distributor Blames Booze Shortage On Move To New Warehouse,74,9,True,8.825553e-05,0,https://assets.msn.com/labs/mind/BBWw4ca.html,Republic National Distributing Company apologizing for weeks of delayed and missing deliveries,False
specificity-005310,specificity,test,54740,N55801,sports,football_nfl,"All eyes were on American Heritage-Delray's Dylan Rizk on Friday night. The freshman quarterback was forced into a starting role because of a shoulder injury to senior Zachary Bohannon. However, Rizk's night would last all of three plays of a 20-15 non-district loss to Hialeah Champagnat. Rizk was taken down hard during the first series of the game and sustained an injury to the left shoulder ...","American Heritage-Delray loses another QB, game to Champagnat","Generate a faithful, specific, non-clickbait news headline. Use concrete names, numbers, places, or events only when supported by the article summary. Avoid curiosity-gap wording, exaggeration, and unsupported details. Category: sports Article summary: All eyes were on American Heritage-Delray's Dylan Rizk on Friday night. The freshman quarterback was forced into a starting role because of a shoulder injury to senior Zachary Bohannon. However, Rizk's night would last all of three plays of a 20-15 non-district loss to Hialeah Champagnat. Rizk was taken down hard during the first series of the game and sustained an injury to the left shoulder ...","American Heritage-Delray loses another QB, game to Champagnat",67,8,True,7.223795e-05,0,https://assets.msn.com/labs/mind/AAJ1vPu.html,American Heritage-Delray's Dylan Rizk forced into starting role due to shoulder injury,False
specificity-005311,specificity,test,54537,N3008,music,musicnews,"NASHVILLE, Tenn. (AP) Country superstar Dolly Parton is still working ""9 to 5,"" and doing what she loves as she celebrated her 50th anniversary as a Grand Ole Opry member. The 73-year-old actress, singer and songwriter, who first played the Opry when she was just a teenager, played the longstanding radio show Saturday night in Nashville, Tennessee, in front of sold-out crowds. Hank Williams Jr., Lady Antebellum and Toby Keith performed in her...","Still working '9 to 5,' Dolly Parton marks 50 years at Opry","Generate a faithful, specific, non-clickbait news headline. Use concrete names, numbers, places, or events only when supported by the article summary. Avoid curiosity-gap wording, exaggeration, and unsupported details. Category: music Article summary: NASHVILLE, Tenn. (AP) Country superstar Dolly Parton is still working ""9 to 5,"" and doing what she loves as she celebrated her 50th anniversary as a Grand Ole Opry member. The 73-year-old actress, singer and songwriter, who first played the Opry when she was just a teenager, played the longstanding radio show Saturday night in Nashville, Tennessee, in front of sold-out crowds. Hank Williams Jr., Lady Antebellum and Toby Keith performed in her...","Still working '9 to 5,' Dolly Parton marks 50 years at Opry",73,12,True,0.00014624682,0,https://assets.msn.com/labs/mind/AAIIqnv.html,Country superstar Dolly Parton still working 9 to 5 as a Grand Ole Opry member,False
specificity-005312,specificity,test,58582,N13804,news,newsus,"Hoodline crunched the numbers to find the top seafood spots in Mesa. Here's a rundown of top businesses in the city, with ratings, photos and more.",Jonesing for seafood? Check out Mesa's top 5 spots,"Generate a faithful, specific, non-clickbait news headline. Use concrete names, numbers, places, or events only when supported by the article summary. Avoid curiosity-gap wording, exaggeration, and unsupported details. Category: news Article summary: Hoodline crunched the numbers to find the top seafood spots in Mesa. Here's a rundown of top businesses in the city, with ratings, photos and more.",Jonesing for seafood? Check out Mesa's top 5 spots,26,9,True,0.00016182143,0,https://assets.msn.com/labs/mind/AAJuZ6k.html,Top seafood spots in Mesa: Hoodline,False
specificity-005313,specificity,test,32067,N8213,news,newspolitics,"MT. LEBANON, Pa. Army combat veteran Sean Parnell kicked off his race as a Republican running for the U.S. House here at Pamela's Diner. It's within a stone's throw of the district office of Rep. Conor Lamb, the Democrat he's challenging for the 17th Congressional District seat in 2020. ""My plan for today is [ ]",Pennsylvania race a bellwether for 2020 White House run,"Generate a faithful, specific, non-clickbait news headline. Use concrete names, numbers, places, or events only when supported by the article summary. Avoid curiosity-gap wording, exaggeration, and unsupported details. Category: news Article summary: MT. LEBANON, Pa. Army combat veteran Sean Parnell kicked off his race as a Republican running for the U.S. House here at Pamela's Diner. It's within a stone's throw of the district office of Rep. Conor Lamb, the Democrat he's challenging for the 17th Congressional District seat in 2020. ""My plan for today is [ ]",Pennsylvania race a bellwether for 2020 White House run,56,9,True,7.044204e-05,0,https://assets.msn.com/labs/mind/BBWzlu7.html,Army combat veteran Sean Parnell kicks off race as Democrat running for U.S. House,False
specificity-005314,specificity,test,29735,N28462,news,newsus,"One thing most Coloradans can agree on is that traffic in the state is less than ideal, and it appears commuters in the Denver region won't see much relief anytime soon. That's according to a new report this month by the Denver Regional Council of Governments (DRCOG). The agency used traffic trends from 2018 to predict what roads will look like in the future. Cars are traveling more and more as time goes on, the study found. On an average day in...","Denver's traffic headaches only going to get worse, new report suggests","Generate a faithful, specific, non-clickbait news headline. Use concrete names, numbers, places, or events only when supported by the article summary. Avoid curiosity-gap wording, exaggeration, and unsupported details. Category: news Article summary: One thing most Coloradans can agree on is that traffic in the state is less than ideal, and it appears commuters in the Denver region won't see much relief anytime soon. That's according to a new report this month by the Denver Regional Council of Governments (DRCOG). The agency used traffic trends from 2018 to predict what roads will look like in the future. Cars are traveling more and more as time goes on, the study found. On an average day in...","Denver's traffic headaches only going to get worse, new report suggests",82,11,False,0.00011179339,0,https://assets.msn.com/labs/mind/AAIS58Q.html,"Denver's commuters will not see much relief anytime soon, says DRCOG",False
specificity-005315,specificity,test,23231,N1728,news,newsus,Newly released data reveals a dramatic shift in a section of the Rio Grande over the past year -- and offers a window into the human toll of turmoil at the border.,US border: Why drownings tripled and water rescues skyrocketed in one section of the Rio Grande,"Generate a faithful, specific, non-clickbait news headline. Use concrete names, numbers, places, or events only when supported by the article summary. Avoid curiosity-gap wording, exaggeration, and unsupported details. Category: news Article summary: Newly released data reveals a dramatic shift in a section of the Rio Grande over the past year -- and offers a window into the human toll of turmoil at the border.",US border: Why drownings tripled and water rescues skyrocketed in one section of the Rio Grande,32,16,True,0.00025377868,0,https://assets.msn.com/labs/mind/AAIFNnR.html,Report: Rio Grande's border has a dramatic shift over the past year,False
specificity-005316,specificity,test,35152,N25430,news,newsworld,"TOKYO (AP) Japanese Emperor Naruhito thanked tens of thousands of well-wishers who gathered outside the palace Saturday to congratulate his enthronement at a ceremony organized by conservative political and business groups. Naruhito and Empress Masako greeted well-wishers from the Nijubashi bridge overlooking the crowd who shouted cheers of Banzai, or long live, for the emperor in unison, while waving Japanese ""rising sun"" flags. The royal...",Japan emperor greets at celebration hosted by conservatives,"Generate a faithful, specific, non-clickbait news headline. Use concrete names, numbers, places, or events only when supported by the article summary. Avoid curiosity-gap wording, exaggeration, and unsupported details. Category: news Article summary: TOKYO (AP) Japanese Emperor Naruhito thanked tens of thousands of well-wishers who gathered outside the palace Saturday to congratulate his enthronement at a ceremony organized by conservative political and business groups. Naruhito and Empress Masako greeted well-wishers from the Nijubashi bridge overlooking the crowd who shouted cheers of Banzai, or long live, for the emperor in unison, while waving Japanese ""rising sun"" flags. The royal...",Japan emperor greets at celebration hosted by conservatives,65,8,False,8.338011e-05,0,https://assets.msn.com/labs/mind/BBWuSeg.html,Japanese Emperor Naruhito congratulates tens of thousands of well-wishers,False
specificity-005317,specificity,test,24225,N42525,travel,travelarticle,"CHICAGO Normal operations have resumed at Midway International Airport after a bag exploded on a belt while being loaded onto an outgoing Volaris flight. Volaris is a low-cost Mexican airlines. The incident happened at Gate A2 at about 12:20 p.m. Monday. A Level 1 hazmat situation was called, but has since been cleared. An airport source told WGN there's nothing to suggest a sinister motive. ...",Bag explodes while being loaded onto flight at Midway Airport,"Generate a faithful, specific, non-clickbait news headline. Use concrete names, numbers, places, or events only when supported by the article summary. Avoid curiosity-gap wording, exaggeration, and unsupported details. Category: travel Article summary: CHICAGO Normal operations have resumed at Midway International Airport after a bag exploded on a belt while being loaded onto an outgoing Volaris flight. Volaris is a low-cost Mexican airlines. The incident happened at Gate A2 at about 12:20 p.m. Monday. A Level 1 hazmat situation was called, but has since been cleared. An airport source told WGN there's nothing to suggest a sinister motive. ...",Bag explodes while being loaded onto flight at Midway Airport,66,10,True,0.00013475354,0,https://assets.msn.com/labs/mind/AAJ7u4f.html,Normal operations resume at Midway International Airport after bag explodes on belt,False
specificity-005318,specificity,test,36168,N12139,news,newsus,"A tragedy took place on the waters of Lake Winnipesaukee after two boats collided Saturday night in Meredith. First responders were called to an area of the lake on the north side of Bear Island just after 6 p.m. They arrived to find a man dead in a 20-foot Sea Ray along with a woman suffering from head injuries. Sign up for our Newsletters At first, it appeared this was a single-boat crash, but as the investigation continued, officials believed...",2 dead after crash involving two boats on Lake Winnipesaukee,"Generate a faithful, specific, non-clickbait news headline. Use concrete names, numbers, places, or events only when supported by the article summary. Avoid curiosity-gap wording, exaggeration, and unsupported details. Category: news Article summary: A tragedy took place on the waters of Lake Winnipesaukee after two boats collided Saturday night in Meredith. First responders were called to an area of the lake on the north side of Bear Island just after 6 p.m. They arrived to find a man dead in a 20-foot Sea Ray along with a woman suffering from head injuries. Sign up for our Newsletters At first, it appeared this was a single-boat crash, but as the investigation continued, officials believed...",2 dead after crash involving two boats on Lake Winnipesaukee,80,10,True,0.00019304099,0,https://assets.msn.com/labs/mind/BBWArPR.html,Two boats collide on Lake Winnipesaukee in Meredith,False
specificity-005319,specificity,test,46067,N42799,weather,weathertopstories,"Thick smoke rose from a fire at Greta in the Hunter region of New South Wales amid dangerous fire conditions across the state on November 13. Firefighters were battling at least 65 bush and grass fires up and down the state's east coast on Wednesday after Tuesday brought ""catastrophic"" conditions. Although risks had eased, state fire commissioner Shane Fitzsimmons said it would be months before fires were contained unless there was rain and many schools remained closed after shutting down on Tuesday. Increased fire activity had been impacting NSW communities since November 8. As of Wednesday, at least three people had died and a number were missing, while hundreds of properties were damaged. Credit: George Alves via Storyful",Thick Smoke Rises From Greta Fire in New South Wales,"Generate a faithful, specific, non-clickbait news headline. Use concrete names, numbers, places, or events only when supported by the article summary. Avoid curiosity-gap wording, exaggeration, and unsupported details. Category: weather Article summary: Thick smoke rose from a fire at Greta in the Hunter region of New South Wales amid dangerous fire conditions across the state on November 13. Firefighters were battling at least 65 bush and grass fires up and down the state's east coast on Wednesday after Tuesday brought ""catastrophic"" conditions. Although risks had eased, state fire commissioner Shane Fitzsimmons said it would be months before fires were contained unless there was rain and many schools remained closed after shutting down on Tuesday. Increased fire activity had been impacting NSW communities since November 8. As of Wednesday, at least three people had died and a number were missing, while hundreds of properties were damaged. Credit: George Alves via Storyful",Thick Smoke Rises From Greta Fire in New South Wales,118,10,True,8.915409e-05,0,https://assets.msn.com/labs/mind/BBWFJSI.html,Firefighters battle at least 65 bush and grass fires in Hunter region,False
specificity-005320,specificity,test,26215,N51760,sports,baseball_mlb_videos,The New York Yankees are 1-2 against the Houston Astros going into Game 4 of the Americal League Championship Series Thursday night at Yankee Stadium. Executive Producer for Sports Chris Scaglione breaks down what the team has to do next to even up.,What Yankees need to do to tie up ALCS,"Generate a faithful, specific, non-clickbait news headline. Use concrete names, numbers, places, or events only when supported by the article summary. Avoid curiosity-gap wording, exaggeration, and unsupported details. Category: sports Article summary: The New York Yankees are 1-2 against the Houston Astros going into Game 4 of the Americal League Championship Series Thursday night at Yankee Stadium. Executive Producer for Sports Chris Scaglione breaks down what the team has to do next to even up.",What Yankees need to do to tie up ALCS,43,9,True,0.008259008,0,https://assets.msn.com/labs/mind/AAIWnNk.html,New York Yankees 1-2 against Houston Astros in Americal League Championship Series,False
specificity-005321,specificity,test,60775,N23271,sports,football_nfl,The New England Patriots decided to pull a on tight end Ben Watson over the last week. The Patriots re-signed the -year-old tight end Tuesday. The move came just eight,What Can Patriots Expect From Their New-Look Tight End Depth Chart?,"Generate a faithful, specific, non-clickbait news headline. Use concrete names, numbers, places, or events only when supported by the article summary. Avoid curiosity-gap wording, exaggeration, and unsupported details. Category: sports Article summary: The New England Patriots decided to pull a on tight end Ben Watson over the last week. The Patriots re-signed the -year-old tight end Tuesday. The move came just eight",What Can Patriots Expect From Their New-Look Tight End Depth Chart?,30,11,True,0.00011567003,0,https://assets.msn.com/labs/mind/AAIRQs1.html,Patriots re-sign Ben Watson,False
specificity-005322,specificity,test,59673,N13352,news,newspolitics,A panel of fisheries regulators took a first step Monday that could lead to a freeze on catching menhaden in the Chesapeake Bay. The menhaden panel of the Atlantic States Marine Fisheries Commission unanimously found Virginia was out of compliance with the sharply lower cap on the Bay catch the commission set two years ago. The finding next goes to the the full commission's policy ...,Regulators say Virginia firm caught more menhaden in Bay than allowed. Feds will decide what happens.,"Generate a faithful, specific, non-clickbait news headline. Use concrete names, numbers, places, or events only when supported by the article summary. Avoid curiosity-gap wording, exaggeration, and unsupported details. Category: news Article summary: A panel of fisheries regulators took a first step Monday that could lead to a freeze on catching menhaden in the Chesapeake Bay. The menhaden panel of the Atlantic States Marine Fisheries Commission unanimously found Virginia was out of compliance with the sharply lower cap on the Bay catch the commission set two years ago. The finding next goes to the the full commission's policy ...",Regulators say Virginia firm caught more menhaden in Bay than allowed. Feds will decide what happens.,66,16,True,8.9832625e-05,0,https://assets.msn.com/labs/mind/AAJv6Nz.html,Fisheries regulators take first step in catching menhaden in Chesapeake Bay,False
specificity-005323,specificity,test,56687,N29293,news,newscrime,"Police in Cocoa say a person was shot during a home invasion early Monday. It happened in the Arlington Apartments along Jackson Street, near West King Street. Police said three people forced their way into the home and an adult resident was shot. Police said the victim was airlifted to a hospital, but is expected to survive. Further details were not immediately available. READ MORE:Person shot during home invasion in Cocoa, police say CHECK OUT...","Person shot during home invasion in Cocoa, police say","Generate a faithful, specific, non-clickbait news headline. Use concrete names, numbers, places, or events only when supported by the article summary. Avoid curiosity-gap wording, exaggeration, and unsupported details. Category: news Article summary: Police in Cocoa say a person was shot during a home invasion early Monday. It happened in the Arlington Apartments along Jackson Street, near West King Street. Police said three people forced their way into the home and an adult resident was shot. Police said the victim was airlifted to a hospital, but is expected to survive. Further details were not immediately available. READ MORE:Person shot during home invasion in Cocoa, police say CHECK OUT...","Person shot during home invasion in Cocoa, police say",75,9,True,7.685797e-05,0,https://assets.msn.com/labs/mind/AAIKTEC.html,A person shot during home invasion in Cocoa,False
specificity-005324,specificity,test,18573,N53358,news,newspolitics,OKLAHOMA CITY (AP) The Latest on a plan to create a bipartisan redistrict commission in Oklahoma (all times local): 3:20 p.m. The founder of a group that wants a bipartisan commission to redraw Oklahoma's legislative and congressional districts says the plan would help stop gerrymandering and prevent politicians from picking their own voters. A coalition of groups filed an initiative petition with the Oklahoma Secretary of State's Office on...,The Latest: Petition would create redistricting commission,"Generate a faithful, specific, non-clickbait news headline. Use concrete names, numbers, places, or events only when supported by the article summary. Avoid curiosity-gap wording, exaggeration, and unsupported details. Category: news Article summary: OKLAHOMA CITY (AP) The Latest on a plan to create a bipartisan redistrict commission in Oklahoma (all times local): 3:20 p.m. The founder of a group that wants a bipartisan commission to redraw Oklahoma's legislative and congressional districts says the plan would help stop gerrymandering and prevent politicians from picking their own voters. A coalition of groups filed an initiative petition with the Oklahoma Secretary of State's Office on...",The Latest: Petition would create redistricting commission,69,7,True,0.00018625044,0,https://assets.msn.com/labs/mind/AAJuNjl.html,The Latest on a bipartisan redistrict commission in Oklahoma: 3:20 p.m.,False
specificity-005325,specificity,test,10473,N62102,sports,baseball_mlb,"KANSAS CITY, Mo. (AP) The Royals have declined their half of Alex Gordon's $23 million mutual option for 2020, allowing the outfielder to become a free agent.",OF Gordon goes free after $23M option declined by Royals,"Generate a faithful, specific, non-clickbait news headline. Use concrete names, numbers, places, or events only when supported by the article summary. Avoid curiosity-gap wording, exaggeration, and unsupported details. Category: sports Article summary: KANSAS CITY, Mo. (AP) The Royals have declined their half of Alex Gordon's $23 million mutual option for 2020, allowing the outfielder to become a free agent.",OF Gordon goes free after $23M option declined by Royals,27,10,True,0.0001151921,0,https://assets.msn.com/labs/mind/AAJLTy6.html,Royals drop half of Alex Gordon's $23 million mutual option for 2020,False
specificity-005326,specificity,test,50976,N57,travel,travelnews,"Tidewater Search and Rescue, a nonprofit based in York County, is holding a fundraiser on Wednesday evening that will use laughter to benefit a serious cause. The event will be at Cozzy's Comedy Club in Newport News (9700 Warwick Blvd.) and will feature a stand-up performance by Hampton native Allison Moore. Tickets are $10 and are available at Cozzy's or on the Tidewater Search and ...",Comedy event to benefit Tidewater Search and Rescue,"Generate a faithful, specific, non-clickbait news headline. Use concrete names, numbers, places, or events only when supported by the article summary. Avoid curiosity-gap wording, exaggeration, and unsupported details. Category: travel Article summary: Tidewater Search and Rescue, a nonprofit based in York County, is holding a fundraiser on Wednesday evening that will use laughter to benefit a serious cause. The event will be at Cozzy's Comedy Club in Newport News (9700 Warwick Blvd.) and will feature a stand-up performance by Hampton native Allison Moore. Tickets are $10 and are available at Cozzy's or on the Tidewater Search and ...",Comedy event to benefit Tidewater Search and Rescue,66,8,True,0.00014606676,0,https://assets.msn.com/labs/mind/BBWys3x.html,Tidewater Search and Rescue fundraiser to benefit a serious cause,False
specificity-005327,specificity,test,17649,N28062,news,newsscienceandtechnology,"The U.S. government has launched a national security review of TikTok owner Beijing ByteDance Technology Co's $1 billion acquisition of U.S. social media app Musical.ly, according to two people familiar with the matter.",EXCLUSIVE: U.S. opens national security investigation into TikTok -sources,"Generate a faithful, specific, non-clickbait news headline. Use concrete names, numbers, places, or events only when supported by the article summary. Avoid curiosity-gap wording, exaggeration, and unsupported details. Category: news Article summary: The U.S. government has launched a national security review of TikTok owner Beijing ByteDance Technology Co's $1 billion acquisition of U.S. social media app Musical.ly, according to two people familiar with the matter.",EXCLUSIVE: U.S. opens national security investigation into TikTok -sources,33,9,True,8.544845e-05,0,https://assets.msn.com/labs/mind/AAJGJYr.html,U.S. launches security review of TikTok's social media app Musical.ly,False
specificity-005328,specificity,test,7059,N16608,sports,football_nfl,"Danielle Hunter's fourth-quarter sack on Eagles quarterback Carson Wentz helped put away the Vikings' 38-20 win on Sunday, but it also brought the 24-year-old Hunter into the NFL record books. It was the defensive end's 46th sack, giving him the most sacks in league history before turning 25 years old. Hunter has two more games, including Sunday at Detroit and Oct. 24 against Washington, to ...",Danielle Hunter's sack keeps him on fast track in NFL history,"Generate a faithful, specific, non-clickbait news headline. Use concrete names, numbers, places, or events only when supported by the article summary. Avoid curiosity-gap wording, exaggeration, and unsupported details. Category: sports Article summary: Danielle Hunter's fourth-quarter sack on Eagles quarterback Carson Wentz helped put away the Vikings' 38-20 win on Sunday, but it also brought the 24-year-old Hunter into the NFL record books. It was the defensive end's 46th sack, giving him the most sacks in league history before turning 25 years old. Hunter has two more games, including Sunday at Detroit and Oct. 24 against Washington, to ...",Danielle Hunter's sack keeps him on fast track in NFL history,66,11,True,0.0019553197,0,https://assets.msn.com/labs/mind/AAIIVx7.html,Danielle Hunter's fourth-quarter sack on Eagles quarterback Carson Wentz brings Vikings record books,False
specificity-005329,specificity,test,54968,N62259,sports,football_nfl,The Ravens kick off a five game-stretch that is by far the toughest on the schedule for the defending Super Bowl champions.,"For the Patriots, the season starts in Baltimore","Generate a faithful, specific, non-clickbait news headline. Use concrete names, numbers, places, or events only when supported by the article summary. Avoid curiosity-gap wording, exaggeration, and unsupported details. Category: sports Article summary: The Ravens kick off a five game-stretch that is by far the toughest on the schedule for the defending Super Bowl champions.","For the Patriots, the season starts in Baltimore",22,8,True,8.7534216e-05,0,https://assets.msn.com/labs/mind/AAJLkya.html,Ravens kick off five game-stretch for defending Super Bowl champions,False
specificity-005330,specificity,test,60015,N58865,sports,basketball_ncaa,Tom Izzo's 25th team at Michigan State might be one of his best. All-America guard Cassius Winston is one of four returning starters from last season's team that won the Big Ten title and advanced to the Final Four. Izzo has another quartet of players with some experience along with a freshman class that includes highly touted guard Mark Watts. It all adds up to giving the Hall of Fame coach one of the nation's top...,Izzo welcomes expectations for 1 of top Michigan State teams,"Generate a faithful, specific, non-clickbait news headline. Use concrete names, numbers, places, or events only when supported by the article summary. Avoid curiosity-gap wording, exaggeration, and unsupported details. Category: sports Article summary: Tom Izzo's 25th team at Michigan State might be one of his best. All-America guard Cassius Winston is one of four returning starters from last season's team that won the Big Ten title and advanced to the Final Four. Izzo has another quartet of players with some experience along with a freshman class that includes highly touted guard Mark Watts. It all adds up to giving the Hall of Fame coach one of the nation's top...",Izzo welcomes expectations for 1 of top Michigan State teams,76,10,True,0.00010877029,0,https://assets.msn.com/labs/mind/AAIPznw.html,Tom Izzo's 25th team at Michigan State might be one of his best,False
specificity-005331,specificity,test,37045,N15135,news,newsus,DOT officials were unable to confirm whether the tractor-trailer belonged to the military or why Fort Bragg officers would be needed.,I-26: NC DOT waits for Fort Bragg 'supervision' before clearing crash,"Generate a faithful, specific, non-clickbait news headline. Use concrete names, numbers, places, or events only when supported by the article summary. Avoid curiosity-gap wording, exaggeration, and unsupported details. Category: news Article summary: DOT officials were unable to confirm whether the tractor-trailer belonged to the military or why Fort Bragg officers would be needed.",I-26: NC DOT waits for Fort Bragg 'supervision' before clearing crash,21,11,True,7.669756e-05,0,https://assets.msn.com/labs/mind/BBWEQ5z.html,DOT unable to confirm whether Fort Bragg tractor-trailer belongs to military or why Fort Bragg officers would be needed,False
specificity-005332,specificity,test,57447,N23926,sports,football_nfl,"BALTIMORE - Ravens safety Earl Thomas III told ESPN on Friday he was fined $21,000 for his hit on Steelers quarterback Mason Rudolph that left him unconscious. According to ESPN, Thomas plans to appeal the fine. The hit came in the third quarter of the Ravens' overtime win over the Pittsburgh Steelers. As Rudolph escaped pressure and threw a pass, Thomas leaped into Rudolph. Thomas' helmet ...",Ravens safety Earl Thomas says he was fined for hit on Steelers QB Mason Rudolph,"Generate a faithful, specific, non-clickbait news headline. Use concrete names, numbers, places, or events only when supported by the article summary. Avoid curiosity-gap wording, exaggeration, and unsupported details. Category: sports Article summary: BALTIMORE - Ravens safety Earl Thomas III told ESPN on Friday he was fined $21,000 for his hit on Steelers quarterback Mason Rudolph that left him unconscious. According to ESPN, Thomas plans to appeal the fine. The hit came in the third quarter of the Ravens' overtime win over the Pittsburgh Steelers. As Rudolph escaped pressure and threw a pass, Thomas leaped into Rudolph. Thomas' helmet ...",Ravens safety Earl Thomas says he was fined for hit on Steelers QB Mason Rudolph,67,15,True,0.00018721083,0,https://assets.msn.com/labs/mind/AAIEaSZ.html,"Ravens safety Earl Thomas III fined $21,000 for hit on Steelers quarterback Mason Rudolph",False
specificity-005333,specificity,test,60322,N43037,foodanddrink,newstrends,"The chef-owner of CreoLa, a Louisiana-style restaurant that he founded in 1996 in San Carlos, is branching out with a second location in San Francisco's Cole Valley neighborhood in early 2020. In addition to being a somewhat delayed expansion, the new location is a reversal of the usual trend of San Francisco restaurateurs who open second restaurants in the suburbs due to what they say is the high cost of doing business in the city. Edwin Caba...",San Carlos' Louisiana-style CreoLa to open San Francisco location,"Generate a faithful, specific, non-clickbait news headline. Use concrete names, numbers, places, or events only when supported by the article summary. Avoid curiosity-gap wording, exaggeration, and unsupported details. Category: foodanddrink Article summary: The chef-owner of CreoLa, a Louisiana-style restaurant that he founded in 1996 in San Carlos, is branching out with a second location in San Francisco's Cole Valley neighborhood in early 2020. In addition to being a somewhat delayed expansion, the new location is a reversal of the usual trend of San Francisco restaurateurs who open second restaurants in the suburbs due to what they say is the high cost of doing business in the city. Edwin Caba...",San Carlos' Louisiana-style CreoLa to open San Francisco location,77,9,True,7.472869e-05,0,https://assets.msn.com/labs/mind/AAIRCiu.html,Chef-owner of CreoLa branching out with second location in San Francisco's Cole Valley neighborhood,False
specificity-005334,specificity,test,36931,N46088,news,newsus,"Weekend closures begin Friday night on the Red Line as the Massachusetts Bay Transportation Authority continues a plan to accelerate track and station upgrades. Starting at 8:45 p.m., buses will replace trains during service hours between Kendall/MIT and Broadway until work concludes Sunday night. Sign up for our Newsletters The uninterrupted work windows of about 50 hours were used for the past six weekends on the Orange Line. MBTA General...","Red Line, you're next: MBTA to start series of weekend shutdowns for work","Generate a faithful, specific, non-clickbait news headline. Use concrete names, numbers, places, or events only when supported by the article summary. Avoid curiosity-gap wording, exaggeration, and unsupported details. Category: news Article summary: Weekend closures begin Friday night on the Red Line as the Massachusetts Bay Transportation Authority continues a plan to accelerate track and station upgrades. Starting at 8:45 p.m., buses will replace trains during service hours between Kendall/MIT and Broadway until work concludes Sunday night. Sign up for our Newsletters The uninterrupted work windows of about 50 hours were used for the past six weekends on the Orange Line. MBTA General...","Red Line, you're next: MBTA to start series of weekend shutdowns for work",70,13,True,0.0005143976,0,https://assets.msn.com/labs/mind/BBWKSCN.html,Weekend closures begin Friday night on the Red Line as the Massachusetts Bay Transportation Authority continues a plan to accelerate track and station upgrades,False
specificity-005335,specificity,test,32486,N62096,finance,finance-companies,"EAST HARTFORD 1st Alliance Lending LLC is announcing Thursday that they are closing their doors, effective Friday. The company says they will consider reopening lending operations in another state in 2020. The company is based out of East Hartford. The company's chief executive says 1st Alliance has dealt with a number of investigations and audits during its time in business.",East Hartford based company 1st Alliance Lending LLC to close business in state,"Generate a faithful, specific, non-clickbait news headline. Use concrete names, numbers, places, or events only when supported by the article summary. Avoid curiosity-gap wording, exaggeration, and unsupported details. Category: finance Article summary: EAST HARTFORD 1st Alliance Lending LLC is announcing Thursday that they are closing their doors, effective Friday. The company says they will consider reopening lending operations in another state in 2020. The company is based out of East Hartford. The company's chief executive says 1st Alliance has dealt with a number of investigations and audits during its time in business.",East Hartford based company 1st Alliance Lending LLC to close business in state,60,13,True,6.9502814e-05,0,https://assets.msn.com/labs/mind/BBWLdNx.html,EAST HARTFORD 1st Alliance Lending to close doors in 2020,False
specificity-005336,specificity,test,44161,N63877,news,newspolitics,"With Tuesday's general election behind them, City Council members are now jockeying for leadership positions, contests that carry added intrigue this year thanks to the indictment of Majority Leader Bobby Henon, two vacancies in other top posts, and several members' ambitions of becoming mayor. Henon, who has pleaded not guilty to federal charges in the case centered around alleged corruption ...","Under indictment, Philly Councilman Bobby Henon faces two challengers for majority leader","Generate a faithful, specific, non-clickbait news headline. Use concrete names, numbers, places, or events only when supported by the article summary. Avoid curiosity-gap wording, exaggeration, and unsupported details. Category: news Article summary: With Tuesday's general election behind them, City Council members are now jockeying for leadership positions, contests that carry added intrigue this year thanks to the indictment of Majority Leader Bobby Henon, two vacancies in other top posts, and several members' ambitions of becoming mayor. Henon, who has pleaded not guilty to federal charges in the case centered around alleged corruption ...","Under indictment, Philly Councilman Bobby Henon faces two challengers for majority leader",61,12,True,7.265854e-05,0,https://assets.msn.com/labs/mind/BBWwcPz.html,City Council members jockey for leadership positions,False
specificity-005337,specificity,test,6879,N49649,news,newspolitics,"Democratic lawmakers hope to complete their impeachment inquiry into President Donald Trump by year's end and are coalescing around two articles of impeachment - abuse of power and obstruction, lawmakers and aides told Reuters.","Democrats set December impeachment target, but obstacles abound","Generate a faithful, specific, non-clickbait news headline. Use concrete names, numbers, places, or events only when supported by the article summary. Avoid curiosity-gap wording, exaggeration, and unsupported details. Category: news Article summary: Democratic lawmakers hope to complete their impeachment inquiry into President Donald Trump by year's end and are coalescing around two articles of impeachment - abuse of power and obstruction, lawmakers and aides told Reuters.","Democrats set December impeachment target, but obstacles abound",34,8,True,6.8416084e-05,0,https://assets.msn.com/labs/mind/AAJg1cp.html,Democratic lawmakers hope to complete impeachment inquiry by year's end,False
specificity-005338,specificity,test,23471,N35247,sports,baseball_mlb,"After conducting interviews with Joe Girardi, Buck Showalter and Dusty Baker last week, Phillies leadership is expected to welcome all three men back for follow-up interviews in the coming days.",Phillies' managerial search reportedly in final stages,"Generate a faithful, specific, non-clickbait news headline. Use concrete names, numbers, places, or events only when supported by the article summary. Avoid curiosity-gap wording, exaggeration, and unsupported details. Category: sports Article summary: After conducting interviews with Joe Girardi, Buck Showalter and Dusty Baker last week, Phillies leadership is expected to welcome all three men back for follow-up interviews in the coming days.",Phillies' managerial search reportedly in final stages,30,7,False,7.858673e-05,0,https://assets.msn.com/labs/mind/AAIWauQ.html,"Phillies' Joe Girardi, Buck Showalter and Dusty Baker return for follow-up interviews",False
specificity-005339,specificity,test,25177,N35925,finance,markets,The S&P 500 touched a new high Tuesday before closing just below the flatline as investors looked ahead to key a Federal Reserve meeting.,Stocks close lower ahead of Fed's next interest rate decision,"Generate a faithful, specific, non-clickbait news headline. Use concrete names, numbers, places, or events only when supported by the article summary. Avoid curiosity-gap wording, exaggeration, and unsupported details. Category: finance Article summary: The S&P 500 touched a new high Tuesday before closing just below the flatline as investors looked ahead to key a Federal Reserve meeting.",Stocks close lower ahead of Fed's next interest rate decision,24,10,True,6.6251734e-05,0,https://assets.msn.com/labs/mind/AAJvCWy.html,S&P 500 closes below flatline as investors look ahead to Federal Reserve meeting,False
specificity-005340,specificity,test,48915,N14968,sports,football_nfl,"Maybe the Tennessee Titans are like kryptonite for the Chiefs. Andy Reid, the Chiefs coach, has beaten all 32 NFL franchises twice with the exception of the Titans. And funky things seem to happen when the Chiefs play the Titans. In 2016, the Chiefs blew a two-touchdown lead and lost 19-17 on a last-second field goal on one of the coldest games in Arrowhead Stadium history. A playoff ...",Dustin Colquitt flagged for intentional grounding on this botched field-goal try,"Generate a faithful, specific, non-clickbait news headline. Use concrete names, numbers, places, or events only when supported by the article summary. Avoid curiosity-gap wording, exaggeration, and unsupported details. Category: sports Article summary: Maybe the Tennessee Titans are like kryptonite for the Chiefs. Andy Reid, the Chiefs coach, has beaten all 32 NFL franchises twice with the exception of the Titans. And funky things seem to happen when the Chiefs play the Titans. In 2016, the Chiefs blew a two-touchdown lead and lost 19-17 on a last-second field goal on one of the coldest games in Arrowhead Stadium history. A playoff ...",Dustin Colquitt flagged for intentional grounding on this botched field-goal try,69,11,True,0.0015187481,0,https://assets.msn.com/labs/mind/BBWyEj8.html,Tennessee Titans' Andy Reid's 'kryptonite' for Chiefs,False
specificity-005341,specificity,test,43465,N3883,sports,basketball_ncaa,"COLLEGE PARK, Md. (AP) Maryland switched its defense and steadied its offense in the second half Saturday to overcome a scare against Rhode Island. Jalen Smith had 19 points and 11 rebounds, Anthony Cowan Jr. scored all 14 of his points in the second half and turnover-prone No. 7 Maryland overcame a sloppy start and a double-digit deficit, beating Rhode Island 73-55. Eric Ayala added 13 points and Aaron Wiggins (13 points, 13 rebounds) posted...","Smith, Cowan spark No. 7 Maryland's rally past Rhode Island","Generate a faithful, specific, non-clickbait news headline. Use concrete names, numbers, places, or events only when supported by the article summary. Avoid curiosity-gap wording, exaggeration, and unsupported details. Category: sports Article summary: COLLEGE PARK, Md. (AP) Maryland switched its defense and steadied its offense in the second half Saturday to overcome a scare against Rhode Island. Jalen Smith had 19 points and 11 rebounds, Anthony Cowan Jr. scored all 14 of his points in the second half and turnover-prone No. 7 Maryland overcame a sloppy start and a double-digit deficit, beating Rhode Island 73-55. Eric Ayala added 13 points and Aaron Wiggins (13 points, 13 rebounds) posted...","Smith, Cowan spark No. 7 Maryland's rally past Rhode Island",75,10,True,7.6920885e-05,0,https://assets.msn.com/labs/mind/BBWwC9x.html,Maryland switches defense and steadies its offense in the second half to overcome a scare against Rhode Island,False
specificity-005342,specificity,test,63877,N60041,news,newsworld,"The widow of a Russian dissident murdered in London plans to challenge a decision by Prime Minister Boris Johnson's government not to publish a report on alleged Russian meddling in Britain, a lawyer representing the widow said.",Widow of ex-KGB agent plans legal action on UK's Russia report,"Generate a faithful, specific, non-clickbait news headline. Use concrete names, numbers, places, or events only when supported by the article summary. Avoid curiosity-gap wording, exaggeration, and unsupported details. Category: news Article summary: The widow of a Russian dissident murdered in London plans to challenge a decision by Prime Minister Boris Johnson's government not to publish a report on alleged Russian meddling in Britain, a lawyer representing the widow said.",Widow of ex-KGB agent plans legal action on UK's Russia report,37,11,True,7.4031756e-05,0,https://assets.msn.com/labs/mind/BBWPntV.html,widow to challenge Boris Johnson's decision not to publish report on Russian meddling in Britain,False
specificity-005343,specificity,test,33760,N3996,travel,travelnews,Shopkeepers on the Grand Canal raged against those who have failed to protect the UNESCO city from the high tide.,Venetian anger after historic flood devastates city,"Generate a faithful, specific, non-clickbait news headline. Use concrete names, numbers, places, or events only when supported by the article summary. Avoid curiosity-gap wording, exaggeration, and unsupported details. Category: travel Article summary: Shopkeepers on the Grand Canal raged against those who have failed to protect the UNESCO city from the high tide.",Venetian anger after historic flood devastates city,20,7,False,7.0636306e-05,0,https://assets.msn.com/labs/mind/BBWH5nK.html,Shopkeepers on Grand Canal rage against UNESCO city's high tide,False
specificity-005344,specificity,test,25684,N34380,news,newspolitics,"Democrats in the House turned aside a GOP-led privileged resolution to censure House Intelligence Committee Chairman Adam Schiff (D-Calif.) on Monday in a 218-185 vote.Republicans and President Trump have increasingly targeted Schiff, a public face of the impeachment effort.They have taken issue with Schiff's exaggerated account of the details of President Trump's July 25 phone call with Ukrainian President Volodymyr Zelensky during a...",House rejects GOP measure censuring Schiff,"Generate a faithful, specific, non-clickbait news headline. Use concrete names, numbers, places, or events only when supported by the article summary. Avoid curiosity-gap wording, exaggeration, and unsupported details. Category: news Article summary: Democrats in the House turned aside a GOP-led privileged resolution to censure House Intelligence Committee Chairman Adam Schiff (D-Calif.) on Monday in a 218-185 vote.Republicans and President Trump have increasingly targeted Schiff, a public face of the impeachment effort.They have taken issue with Schiff's exaggerated account of the details of President Trump's July 25 phone call with Ukrainian President Volodymyr Zelensky during a...",House rejects GOP measure censuring Schiff,63,6,True,7.69831e-05,0,https://assets.msn.com/labs/mind/AAJ82Ih.html,Democrats turn aside privileged resolution to censure House Intelligence Committee Chairman Adam Schiff (D-Calif.),False
specificity-005345,specificity,test,32517,N13229,sports,mma,"Jan Blachowicz vs. Jacare Souza staredown video from UFC Fight Night 164 media day ahead of their light heavyweight main event this Sat. night (Nov. 16, 2019) in Sao Paulo, Brazil, live on ESPN+.",Face Off! Blachowicz Stares Down Souza In Sao Paulo,"Generate a faithful, specific, non-clickbait news headline. Use concrete names, numbers, places, or events only when supported by the article summary. Avoid curiosity-gap wording, exaggeration, and unsupported details. Category: sports Article summary: Jan Blachowicz vs. Jacare Souza staredown video from UFC Fight Night 164 media day ahead of their light heavyweight main event this Sat. night (Nov. 16, 2019) in Sao Paulo, Brazil, live on ESPN+.",Face Off! Blachowicz Stares Down Souza In Sao Paulo,34,9,True,0.00028266237,0,https://assets.msn.com/labs/mind/BBWLdYg.html,Blachowicz vs. Jacare Souza staredown video from UFC Fight Night 164,False
specificity-005346,specificity,test,9138,N48119,sports,mma,"UFC 244 results: ""Diaz vs. Masvidal"" brought the world's premier MMA organization to Madison Square Garden in New York City, New York, last night (Sat., Nov. 2, 2019). Let's break down the most important results and best techniques!",What Happened At UFC 244 Last Night?!?,"Generate a faithful, specific, non-clickbait news headline. Use concrete names, numbers, places, or events only when supported by the article summary. Avoid curiosity-gap wording, exaggeration, and unsupported details. Category: sports Article summary: UFC 244 results: ""Diaz vs. Masvidal"" brought the world's premier MMA organization to Madison Square Garden in New York City, New York, last night (Sat., Nov. 2, 2019). Let's break down the most important results and best techniques!",What Happened At UFC 244 Last Night?!?,38,7,True,0.00085527,0,https://assets.msn.com/labs/mind/AAJLFYY.html,"UFC 244 results: ""Diaz vs. Masvidal"" brings world's premier MMA organization to Madison Square Garden",False
specificity-005347,specificity,test,19070,N46602,finance,finance-real-estate,"CLEVELAND, Ohio The city's planning commission voted Friday to grant early stage ""schematic"" approval to what members called a much-improved design for the first new apartment project proposed on a former Scranton Road Peninsula industrial site along the Cuyahoga River. But the commission imposed requirements it expected the developer to meet before granting final approval of the project, ...","Once-controversial Scranton Peninsula development in Flats wins early design approval, but with conditions","Generate a faithful, specific, non-clickbait news headline. Use concrete names, numbers, places, or events only when supported by the article summary. Avoid curiosity-gap wording, exaggeration, and unsupported details. Category: finance Article summary: CLEVELAND, Ohio The city's planning commission voted Friday to grant early stage ""schematic"" approval to what members called a much-improved design for the first new apartment project proposed on a former Scranton Road Peninsula industrial site along the Cuyahoga River. But the commission imposed requirements it expected the developer to meet before granting final approval of the project, ...","Once-controversial Scranton Peninsula development in Flats wins early design approval, but with conditions",59,13,True,6.4605636e-05,0,https://assets.msn.com/labs/mind/AAIZq2w.html,"CLEVELAND's planning commission grants early stage ""schematic"" approval to new apartment project",False
specificity-005348,specificity,test,7177,N30114,news,newsus,"At least 12 white supremacists have been arrested on allegations of plotting, threatening or carrying out anti-Semitic attacks in the U.S. since the massacre at a Pittsburgh synagogue nearly one year ago, a Jewish civil rights group reported Sunday. The Anti-Defamation League also counted at least 50 incidents in which white supremacists are accused of targeting Jewish institutions' property since a gunman killed 11...",Report: Synagogue massacre led to string of attack plots,"Generate a faithful, specific, non-clickbait news headline. Use concrete names, numbers, places, or events only when supported by the article summary. Avoid curiosity-gap wording, exaggeration, and unsupported details. Category: news Article summary: At least 12 white supremacists have been arrested on allegations of plotting, threatening or carrying out anti-Semitic attacks in the U.S. since the massacre at a Pittsburgh synagogue nearly one year ago, a Jewish civil rights group reported Sunday. The Anti-Defamation League also counted at least 50 incidents in which white supremacists are accused of targeting Jewish institutions' property since a gunman killed 11...",Report: Synagogue massacre led to string of attack plots,64,9,True,7.960937e-05,0,https://assets.msn.com/labs/mind/AAJ5dTi.html,"At least 12 white supremacists arrested for plotting, threatening or carrying out anti-Semitic attacks in U.S.",False
specificity-005349,specificity,test,46413,N55623,finance,finance-career-education,"With several of its schools struggling to fill substitute teacher spots, the Pasco County school district is looking to pay $5 to $15 more per day. ""Guest teachers"" with only a high school diploma would make $75 a day, up from $65, while others with degrees would earn $80. Long-term substitutes would make $100 daily. See the full proposal here. The need is clear, assistant superintendent Kevin ...",Pasco substitute teachers could see pay increase,"Generate a faithful, specific, non-clickbait news headline. Use concrete names, numbers, places, or events only when supported by the article summary. Avoid curiosity-gap wording, exaggeration, and unsupported details. Category: finance Article summary: With several of its schools struggling to fill substitute teacher spots, the Pasco County school district is looking to pay $5 to $15 more per day. ""Guest teachers"" with only a high school diploma would make $75 a day, up from $65, while others with degrees would earn $80. Long-term substitutes would make $100 daily. See the full proposal here. The need is clear, assistant superintendent Kevin ...",Pasco substitute teachers could see pay increase,68,7,False,0.00019018888,0,https://assets.msn.com/labs/mind/BBWIayc.html,Pasco County school district wants to pay $5 to $15 more per day,False
specificity-005350,specificity,test,42208,N53420,sports,more_sports,"ROUND ROCK -- Perfect conditions led to fast times at the Class 6A state cross country meet Saturday at OId Settlers Park, and Westlake's girls cross country team fought for an 11th-place score of 265 points at the 16-team race. Senior Elise Smoot paced Westlake's team with a 20th-place time of 18 minutes, 28.1 seconds on the 5-kilometer course. Classmate Maddie Dawson finished 38th in ...",Westlake girls place 11th at state XC meet,"Generate a faithful, specific, non-clickbait news headline. Use concrete names, numbers, places, or events only when supported by the article summary. Avoid curiosity-gap wording, exaggeration, and unsupported details. Category: sports Article summary: ROUND ROCK -- Perfect conditions led to fast times at the Class 6A state cross country meet Saturday at OId Settlers Park, and Westlake's girls cross country team fought for an 11th-place score of 265 points at the 16-team race. Senior Elise Smoot paced Westlake's team with a 20th-place time of 18 minutes, 28.1 seconds on the 5-kilometer course. Classmate Maddie Dawson finished 38th in ...",Westlake girls place 11th at state XC meet,66,8,True,9.2380425e-05,0,https://assets.msn.com/labs/mind/BBWBMoz.html,Westlake's girls cross country team fought for 11th-place score at 16-team race,False
specificity-005351,specificity,test,3747,N31923,travel,travelarticle,"Krystal has closed its fast-food burger restaurant at 9840 San Jose Boulevard in the Mandarin neighborhood of Jacksonville. Company officials didn't immediately respond to a Times-Union request for comment. No one answered the phone at the San Jose Boulevard location, which was recently boarded up. And the company's website lists that location as closed. Twelve other Jacksonville-area ...",Krystal closes San Jose Boulevard restaurant,"Generate a faithful, specific, non-clickbait news headline. Use concrete names, numbers, places, or events only when supported by the article summary. Avoid curiosity-gap wording, exaggeration, and unsupported details. Category: travel Article summary: Krystal has closed its fast-food burger restaurant at 9840 San Jose Boulevard in the Mandarin neighborhood of Jacksonville. Company officials didn't immediately respond to a Times-Union request for comment. No one answered the phone at the San Jose Boulevard location, which was recently boarded up. And the company's website lists that location as closed. Twelve other Jacksonville-area ...",Krystal closes San Jose Boulevard restaurant,58,6,True,9.728707e-05,0,https://assets.msn.com/labs/mind/AAIT4ak.html,Krystal closes fast-food burger restaurant at 9840 San Jose Boulevard,False
specificity-005352,specificity,test,54417,N3822,finance,financenews,"As I left the office at lunchtime Friday to get my Real ID driver's license, I joked that I wasn't sure when I'd return. My experience shows it may be time to discard that old impression of the Department of Motor Vehicles. I got my Real ID at the driver's license center on MacArthur Road in Whitehall Township in 45 minutes. The process went smoothly. That happened because the staff ...","Paul Muschick: How hard was it getting Real ID? In my case, real easy.","Generate a faithful, specific, non-clickbait news headline. Use concrete names, numbers, places, or events only when supported by the article summary. Avoid curiosity-gap wording, exaggeration, and unsupported details. Category: finance Article summary: As I left the office at lunchtime Friday to get my Real ID driver's license, I joked that I wasn't sure when I'd return. My experience shows it may be time to discard that old impression of the Department of Motor Vehicles. I got my Real ID at the driver's license center on MacArthur Road in Whitehall Township in 45 minutes. The process went smoothly. That happened because the staff ...","Paul Muschick: How hard was it getting Real ID? In my case, real easy.",71,14,True,0.0045656,0,https://assets.msn.com/labs/mind/AAJ6JtL.html,Real ID driver's license: I'm not sure when I'd return,False
specificity-005353,specificity,test,41997,N42434,video,news,Qanon is a fringe conspiracy theory that some political analysts compare to an online religion and now it's making its way to the ballot box. NBC's Morgan Radford breaks down how this conspiracy is popping up on the campaign trail.,Qanon moving closer to mainstream,"Generate a faithful, specific, non-clickbait news headline. Use concrete names, numbers, places, or events only when supported by the article summary. Avoid curiosity-gap wording, exaggeration, and unsupported details. Category: video Article summary: Qanon is a fringe conspiracy theory that some political analysts compare to an online religion and now it's making its way to the ballot box. NBC's Morgan Radford breaks down how this conspiracy is popping up on the campaign trail.",Qanon moving closer to mainstream,40,5,False,9.589407e-05,0,https://assets.msn.com/labs/mind/BBWBMGx.html,Qanon is a fringe conspiracy theory that some political analysts compare to online religion,False
specificity-005354,specificity,test,45931,N20921,sports,football_ncaa,"Boys soccer Orlando University 7, Wekiva 1 Buzz: Luis Orea led the Cougars (2-0) with 2 goals and 1 assist while Dariel Alvarez added 1 goal and 2 assists in the win. Lake Howell 4, Lake Brantley 2 Buzz: Johann Sebastion Arbolda Giraldo, Manny Santigo, Jack Henyecz, and Robert McGee all scored goals for the Silverhawks (1-1). Leonardo Campero and Jacob Perez scored a goal for the Patriots (1-0). Hagerty 3, Lyman 1 Buzz: Freshman Brayden Seymour...",Orlando area high school scores and top performers for Nov. 13,"Generate a faithful, specific, non-clickbait news headline. Use concrete names, numbers, places, or events only when supported by the article summary. Avoid curiosity-gap wording, exaggeration, and unsupported details. Category: sports Article summary: Boys soccer Orlando University 7, Wekiva 1 Buzz: Luis Orea led the Cougars (2-0) with 2 goals and 1 assist while Dariel Alvarez added 1 goal and 2 assists in the win. Lake Howell 4, Lake Brantley 2 Buzz: Johann Sebastion Arbolda Giraldo, Manny Santigo, Jack Henyecz, and Robert McGee all scored goals for the Silverhawks (1-1). Leonardo Campero and Jacob Perez scored a goal for the Patriots (1-0). Hagerty 3, Lyman 1 Buzz: Freshman Brayden Seymour...",Orlando area high school scores and top performers for Nov. 13,77,11,True,0.0001257654,0,https://assets.msn.com/labs/mind/BBWICcJ.html,"Orlando, Wekiva: Luis Orea leads Cougars with 2 goals and 1 assist",False
specificity-005355,specificity,test,19222,N19144,news,newsscienceandtechnology,"It's only the second observed ""interloper"" to cross into our solar system, but interstellar comet 21/Borisov looks incredibly similar to our own comets based on new observations by astronomers. They're also learning new details about the comet, like the fact that it has a reddish hue, according to a new study.",Interstellar comet fits right in with our solar system,"Generate a faithful, specific, non-clickbait news headline. Use concrete names, numbers, places, or events only when supported by the article summary. Avoid curiosity-gap wording, exaggeration, and unsupported details. Category: news Article summary: It's only the second observed ""interloper"" to cross into our solar system, but interstellar comet 21/Borisov looks incredibly similar to our own comets based on new observations by astronomers. They're also learning new details about the comet, like the fact that it has a reddish hue, according to a new study.",Interstellar comet fits right in with our solar system,51,9,False,0.00025374963,0,https://assets.msn.com/labs/mind/AAILBXT.html,Interstellar comet 21/Borisov looks incredibly similar to our own comets,False
specificity-005356,specificity,test,60239,N24640,video,news,"Sources tell NBC News' Heidi Przybyla that Democrats are closely watching retiring Republicans like Reps. Will Hurd, Francis Rooney, and Chris Collins, thinking they may be willing to vote for impeachment.",The Republicans who might vote for impeachment,"Generate a faithful, specific, non-clickbait news headline. Use concrete names, numbers, places, or events only when supported by the article summary. Avoid curiosity-gap wording, exaggeration, and unsupported details. Category: video Article summary: Sources tell NBC News' Heidi Przybyla that Democrats are closely watching retiring Republicans like Reps. Will Hurd, Francis Rooney, and Chris Collins, thinking they may be willing to vote for impeachment.",The Republicans who might vote for impeachment,31,7,False,0.0036696715,0,https://assets.msn.com/labs/mind/AAJDdID.html,"Reps. Will Hurd, Francis Rooney, Chris Collins are considering impeachment",False
specificity-005357,specificity,test,54595,N31859,sports,racing,Martinsville Speedway has a way of denting sheet metal and flaring tempers. Scroll through to see some of the more unfortunate cars over the years.,Martinsville mayhem: Years of crumpled cars,"Generate a faithful, specific, non-clickbait news headline. Use concrete names, numbers, places, or events only when supported by the article summary. Avoid curiosity-gap wording, exaggeration, and unsupported details. Category: sports Article summary: Martinsville Speedway has a way of denting sheet metal and flaring tempers. Scroll through to see some of the more unfortunate cars over the years.",Martinsville mayhem: Years of crumpled cars,25,6,True,0.00011935409,0,https://assets.msn.com/labs/mind/AAJhBLB.html,Martinsville Speedway is a way to dent sheet metal and flaring tempers,False
specificity-005358,specificity,test,25631,N27848,news,newsus,"Looking for fun, entertaining music events to check out in San Francisco this week? Here are top picks with dates, times, locations and ticket links.",San Francisco to host a variety of music events,"Generate a faithful, specific, non-clickbait news headline. Use concrete names, numbers, places, or events only when supported by the article summary. Avoid curiosity-gap wording, exaggeration, and unsupported details. Category: news Article summary: Looking for fun, entertaining music events to check out in San Francisco this week? Here are top picks with dates, times, locations and ticket links.",San Francisco to host a variety of music events,25,9,True,0.00010820442,0,https://assets.msn.com/labs/mind/AAJUBdm.html,"Music festivals in San Francisco: Top picks for fun, entertaining music events",False
specificity-005359,specificity,test,17920,N26725,news,newsus,"One of the hundreds of new laws that went into effect his week in Oklahoma allows permitless carry in the Sooner State. The new law allows people 21 and older or at least 18 and in the military to carry a gun without a permit or a license, which is worrisome for a local victim-advocacy group that is now focused on a new law of its own. Sign up for our Newsletters Stacey Wright, who has been fighting for Lauren's Law for years, said all the new...","Group works to advocate for legislation to mandate consent, healthy relationship education","Generate a faithful, specific, non-clickbait news headline. Use concrete names, numbers, places, or events only when supported by the article summary. Avoid curiosity-gap wording, exaggeration, and unsupported details. Category: news Article summary: One of the hundreds of new laws that went into effect his week in Oklahoma allows permitless carry in the Sooner State. The new law allows people 21 and older or at least 18 and in the military to carry a gun without a permit or a license, which is worrisome for a local victim-advocacy group that is now focused on a new law of its own. Sign up for our Newsletters Stacey Wright, who has been fighting for Lauren's Law for years, said all the new...","Group works to advocate for legislation to mandate consent, healthy relationship education",87,12,False,0.00014655308,0,https://assets.msn.com/labs/mind/AAJNeoK.html,A new law allows people 21 and older to carry a gun without a permit or license,False
specificity-005360,specificity,test,47292,N54414,news,newsweather,"LOS ANGELES - Los Angeles firefighters made significant progress Saturday night in their battle to contain a brush fire near Warner Bros. Studios, authorities said. The fire started just before 2 p.m. and burned about 34 acres before firefighters were able to halt its forward progress, the Los Angeles Fire Department said on Twitter.","Brush fire near Warner Bros. Studios shows signs of slowing down, injures firefighter","Generate a faithful, specific, non-clickbait news headline. Use concrete names, numbers, places, or events only when supported by the article summary. Avoid curiosity-gap wording, exaggeration, and unsupported details. Category: news Article summary: LOS ANGELES - Los Angeles firefighters made significant progress Saturday night in their battle to contain a brush fire near Warner Bros. Studios, authorities said. The fire started just before 2 p.m. and burned about 34 acres before firefighters were able to halt its forward progress, the Los Angeles Fire Department said on Twitter.","Brush fire near Warner Bros. Studios shows signs of slowing down, injures firefighter",54,13,True,0.00010039815,0,https://assets.msn.com/labs/mind/BBWxfXo.html,Los Angeles firefighters make significant progress in battle to contain brush fire near Warner Bros. Studios,False
specificity-005361,specificity,test,8901,N5262,news,newscrime,"GRAND RAPIDS, Mich The victims in Saturday night's deadly hit-and-run have been identified by loved ones as Todd Fuhr and Tracy Curtiss Fuhr. Both were 56-years-old. Investigators say they were killed around 11:15 p.m. Saturday, after being hit while crossing the street at Grandville Avenue and Oakes Street. On Sunday morning, police announced they had received a tip that led them to the ...",Husband and wife killed in deadly hit-and-run identfied,"Generate a faithful, specific, non-clickbait news headline. Use concrete names, numbers, places, or events only when supported by the article summary. Avoid curiosity-gap wording, exaggeration, and unsupported details. Category: news Article summary: GRAND RAPIDS, Mich The victims in Saturday night's deadly hit-and-run have been identified by loved ones as Todd Fuhr and Tracy Curtiss Fuhr. Both were 56-years-old. Investigators say they were killed around 11:15 p.m. Saturday, after being hit while crossing the street at Grandville Avenue and Oakes Street. On Sunday morning, police announced they had received a tip that led them to the ...",Husband and wife killed in deadly hit-and-run identfied,64,8,False,0.00016321395,0,https://assets.msn.com/labs/mind/AAJ67ns.html,"Todd Fuhr, Tracy Curtiss Fuhr killed in hit-and-run",False
specificity-005362,specificity,test,21068,N8068,news,newspolitics,"White House officials are discussing the possibility of bringing in a specialist to handle communications involving the Democrats' impeachment inquiry as Republican officials clamor to defend President Donald Trump, sources familiar with the effort said on Thursday.","Under impeachment pressure, White House considers communications specialist","Generate a faithful, specific, non-clickbait news headline. Use concrete names, numbers, places, or events only when supported by the article summary. Avoid curiosity-gap wording, exaggeration, and unsupported details. Category: news Article summary: White House officials are discussing the possibility of bringing in a specialist to handle communications involving the Democrats' impeachment inquiry as Republican officials clamor to defend President Donald Trump, sources familiar with the effort said on Thursday.","Under impeachment pressure, White House considers communications specialist",37,8,True,6.519992e-05,0,https://assets.msn.com/labs/mind/AAJjF0T.html,White House officials discuss possibility of bringing in a specialist to handle Trump's impeachment inquiry,False
specificity-005363,specificity,test,6412,N8839,weather,weathertopstories,Our weather will be driven by a tropical storm or perhaps a hybrid system called a subtropical storm that will bring gusty winds and periods of heavy rains to the Suncoast starting Friday evening and lingering into Saturday.,Gusty winds and periods of heavy rain heading for the Suncoast,"Generate a faithful, specific, non-clickbait news headline. Use concrete names, numbers, places, or events only when supported by the article summary. Avoid curiosity-gap wording, exaggeration, and unsupported details. Category: weather Article summary: Our weather will be driven by a tropical storm or perhaps a hybrid system called a subtropical storm that will bring gusty winds and periods of heavy rains to the Suncoast starting Friday evening and lingering into Saturday.",Gusty winds and periods of heavy rain heading for the Suncoast,38,11,True,0.00044821706,0,https://assets.msn.com/labs/mind/AAIYVa0.html,Tropical storm will bring gusty winds and periods of heavy rains to the Suncoast,False
specificity-005364,specificity,test,15662,N28278,tv,tvnews,"As the first major Los Angeles area wildfire this fall broke out Thursday night, claiming homes, shutting down major freeways and prompting evacuations, it also impacted production on several TV series in the affected areas of the San Fernando and Santa Clarita valleys. Production on ABC/20th TV sophomore comedy series Bless This Mess, which shoots","'NCIS', 'S.W.A.T.', 'Bless This Mess' & 'Party Of Five' Among TV Series Shut Down By California Wildfires","Generate a faithful, specific, non-clickbait news headline. Use concrete names, numbers, places, or events only when supported by the article summary. Avoid curiosity-gap wording, exaggeration, and unsupported details. Category: tv Article summary: As the first major Los Angeles area wildfire this fall broke out Thursday night, claiming homes, shutting down major freeways and prompting evacuations, it also impacted production on several TV series in the affected areas of the San Fernando and Santa Clarita valleys. Production on ABC/20th TV sophomore comedy series Bless This Mess, which shoots","'NCIS', 'S.W.A.T.', 'Bless This Mess' & 'Party Of Five' Among TV Series Shut Down By California Wildfires",55,17,True,0.00010314608,0,https://assets.msn.com/labs/mind/AAIE1f2.html,'Bless This Mess' impacted production on TV series in San Fernando and Santa Clarita valleys,False
specificity-005365,specificity,test,41698,N8093,sports,basketball_nba,"DENVER -- Here is my look at some of the best and worst performances from the 76ers' 100-97 setback to the Denver Nuggets on Friday night at the Pepsi Center. Best performance: I had to give this Nikola Jokic. The Nuggets center outscored the Sixers, 16-13, in the fourth quarter en route to finishing with a game-high 26 points. He also had 10 rebounds, six assists, two steals and two blocks. ...","Sixers-Nuggets best and worst: Nikola Jokic's fourth-quarter explosion, Sixers' total collapse","Generate a faithful, specific, non-clickbait news headline. Use concrete names, numbers, places, or events only when supported by the article summary. Avoid curiosity-gap wording, exaggeration, and unsupported details. Category: sports Article summary: DENVER -- Here is my look at some of the best and worst performances from the 76ers' 100-97 setback to the Denver Nuggets on Friday night at the Pepsi Center. Best performance: I had to give this Nikola Jokic. The Nuggets center outscored the Sixers, 16-13, in the fourth quarter en route to finishing with a game-high 26 points. He also had 10 rebounds, six assists, two steals and two blocks. ...","Sixers-Nuggets best and worst: Nikola Jokic's fourth-quarter explosion, Sixers' total collapse",72,11,True,0.00013744702,0,https://assets.msn.com/labs/mind/BBWvyAx.html,76ers' 100-97 win over Nuggets: Best performance: Nikola Jokic,False
specificity-005366,specificity,test,27160,N5630,news,newsus,A legal battle over whether the state can block people with outstanding fines and fees from voting has yet to be fully resolved.,"A year after Floridians gave ex-felons the right to vote, obstacles remain","Generate a faithful, specific, non-clickbait news headline. Use concrete names, numbers, places, or events only when supported by the article summary. Avoid curiosity-gap wording, exaggeration, and unsupported details. Category: news Article summary: A legal battle over whether the state can block people with outstanding fines and fees from voting has yet to be fully resolved.","A year after Floridians gave ex-felons the right to vote, obstacles remain",23,12,False,0.00016739493,0,https://assets.msn.com/labs/mind/AAJIPut.html,A legal battle over whether to block people with outstanding fines and fees from voting has yet to be fully resolved,False
specificity-005367,specificity,test,13331,N22577,news,newscrime,A shooter is at large Thursday after wounding a man in a leg in the parking lot of the Santa Monica Pier.,Santa Monica Pier Shooting Wounds Man In Leg,"Generate a faithful, specific, non-clickbait news headline. Use concrete names, numbers, places, or events only when supported by the article summary. Avoid curiosity-gap wording, exaggeration, and unsupported details. Category: news Article summary: A shooter is at large Thursday after wounding a man in a leg in the parking lot of the Santa Monica Pier.",Santa Monica Pier Shooting Wounds Man In Leg,22,8,True,7.889037e-05,0,https://assets.msn.com/labs/mind/AAIVCL5.html,Shooter wounds man in leg in Santa Monica Pier parking lot,False
specificity-005368,specificity,test,1840,N20212,autos,autosreview,Ford Performance creates a Mustang with supercar capability. The post 2020 Ford Mustang Shelby GT500: First Drive Review appeared first on autoNXT.net.,2020 Ford Mustang Shelby GT500: First Drive Review,"Generate a faithful, specific, non-clickbait news headline. Use concrete names, numbers, places, or events only when supported by the article summary. Avoid curiosity-gap wording, exaggeration, and unsupported details. Category: autos Article summary: Ford Performance creates a Mustang with supercar capability. The post 2020 Ford Mustang Shelby GT500: First Drive Review appeared first on autoNXT.net.",2020 Ford Mustang Shelby GT500: First Drive Review,22,8,True,0.00015438825,0,https://assets.msn.com/labs/mind/AAJwlis.html,Ford Mustang Shelby GT500: First Drive Review appeared first on autoNXT.net,False
specificity-005369,specificity,test,40358,N25466,sports,football_ncaa,"PITTSBURGH (AP) Each week, the Pittsburgh coaching staff jots down a number representing the amount of sacks they'd like the Panthers to have during a given game. Sophomore defensive lineman Jaylen Twyman would prefer to keep the number a secret. Not because it's so ambitious it's almost impossible to reach. Quite the opposite. ""It's too low,"" Twyman said. ""We aim for the stars. Me, myself, I don't set goals because I'm trying to break the...",Under pressure: Defenses thriving in sack-happy ACC,"Generate a faithful, specific, non-clickbait news headline. Use concrete names, numbers, places, or events only when supported by the article summary. Avoid curiosity-gap wording, exaggeration, and unsupported details. Category: sports Article summary: PITTSBURGH (AP) Each week, the Pittsburgh coaching staff jots down a number representing the amount of sacks they'd like the Panthers to have during a given game. Sophomore defensive lineman Jaylen Twyman would prefer to keep the number a secret. Not because it's so ambitious it's almost impossible to reach. Quite the opposite. ""It's too low,"" Twyman said. ""We aim for the stars. Me, myself, I don't set goals because I'm trying to break the...",Under pressure: Defenses thriving in sack-happy ACC,75,7,True,8.925975e-05,0,https://assets.msn.com/labs/mind/BBWHZDw.html,Panthers' Jaylen Twyman says sacks are too low,False
specificity-005370,specificity,test,3036,N59560,finance,markets,"Housing data out Wednesday reinforced a recent upswing in the industry, but when combined with a surprising decline in retail sales, the reports underscored how difficult it is to predict where the economy is headed.","U.S. Economy Flashes Vivid Contradictions With Housing, Retail","Generate a faithful, specific, non-clickbait news headline. Use concrete names, numbers, places, or events only when supported by the article summary. Avoid curiosity-gap wording, exaggeration, and unsupported details. Category: finance Article summary: Housing data out Wednesday reinforced a recent upswing in the industry, but when combined with a surprising decline in retail sales, the reports underscored how difficult it is to predict where the economy is headed.","U.S. Economy Flashes Vivid Contradictions With Housing, Retail",35,8,True,8.071979e-05,0,https://assets.msn.com/labs/mind/AAISMuV.html,"Housing data bolsters upswing in industry, but decline in retail sales",False
specificity-005371,specificity,test,62480,N50776,sports,football_nfl,"After ending the regular season with a 2-7 record, the Wilde Lake football team was seeded No. 8 in the expanded MPSSAA playoffs. The Wildecats have since accomplished what only head coach Brian Henderson, his players and coaches and a few Columbia residents believed was possible -- a state quarterfinal appearance. Wilde Lake, led by disciplined play and a tenacious defense, defeated host ...",Wilde Lake football advances to state quarterfinals with 22-0 win over Manchester Valley,"Generate a faithful, specific, non-clickbait news headline. Use concrete names, numbers, places, or events only when supported by the article summary. Avoid curiosity-gap wording, exaggeration, and unsupported details. Category: sports Article summary: After ending the regular season with a 2-7 record, the Wilde Lake football team was seeded No. 8 in the expanded MPSSAA playoffs. The Wildecats have since accomplished what only head coach Brian Henderson, his players and coaches and a few Columbia residents believed was possible -- a state quarterfinal appearance. Wilde Lake, led by disciplined play and a tenacious defense, defeated host ...",Wilde Lake football advances to state quarterfinals with 22-0 win over Manchester Valley,64,13,True,0.00010025598,0,https://assets.msn.com/labs/mind/BBWPGHX.html,Wilde Lake wins MPSSAA playoffs with 2-7 record,False
specificity-005372,specificity,test,19593,N29040,news,newspolitics,"A California financier and donor to Trump's inauguration agreed to plead guilty to federal charges of falsifying records to hide his work as foreign agent when lobbying ""high-level U.S. government officials,"" the Justice Department said in a release Tuesday.Imaad Shah Zuberi, 49, used millions of dollars from clients intending to influence the American government for his personal use. Zuberi also agreed he would plead guilty to charges of tax...",Trump inauguration donor will plead guilty to falsifying records to hide his work as foreign agent,"Generate a faithful, specific, non-clickbait news headline. Use concrete names, numbers, places, or events only when supported by the article summary. Avoid curiosity-gap wording, exaggeration, and unsupported details. Category: news Article summary: A California financier and donor to Trump's inauguration agreed to plead guilty to federal charges of falsifying records to hide his work as foreign agent when lobbying ""high-level U.S. government officials,"" the Justice Department said in a release Tuesday.Imaad Shah Zuberi, 49, used millions of dollars from clients intending to influence the American government for his personal use. Zuberi also agreed he would plead guilty to charges of tax...",Trump inauguration donor will plead guilty to falsifying records to hide his work as foreign agent,69,16,False,8.9666086e-05,0,https://assets.msn.com/labs/mind/AAJbovr.html,California financier pleads guilty to falsifying records to hide Trump's work as foreign agent,False
specificity-005373,specificity,test,35225,N37157,video,animals,"A playful and cute panda cub really enjoyed its wicker basket at the Chengdu Research Base of Giant Panda Breeding in Sichuan, China. Cheng Feng, the cub, can be seen poking its head in and out as it plays. The video was posted to YouTube by iPanda, an outlet that produces popular videos of the pandas at the Chengdu base. The Chengdu base is a nonprofit organization dedicated to giant panda conservation through research and education. Credit: iPanda via Storyful",Panda Cub Finds Cosy Spot in Wicker Basket,"Generate a faithful, specific, non-clickbait news headline. Use concrete names, numbers, places, or events only when supported by the article summary. Avoid curiosity-gap wording, exaggeration, and unsupported details. Category: video Article summary: A playful and cute panda cub really enjoyed its wicker basket at the Chengdu Research Base of Giant Panda Breeding in Sichuan, China. Cheng Feng, the cub, can be seen poking its head in and out as it plays. The video was posted to YouTube by iPanda, an outlet that produces popular videos of the pandas at the Chengdu base. The Chengdu base is a nonprofit organization dedicated to giant panda conservation through research and education. Credit: iPanda via Storyful",Panda Cub Finds Cosy Spot in Wicker Basket,80,8,True,0.00017770447,0,https://assets.msn.com/labs/mind/BBWHEq5.html,"Chengdu Research Base of Giant Panda Breeding in Sichuan, China",False
specificity-005374,specificity,test,62764,N29435,sports,football_nfl,Former Pittsburgh Steeler and Philadelphia Eagle George Tarasovic made his home in York for 48 years. He died recently at 89.,The toughest Pittsburgh Steeler with a giving heart: Remembering George Tarasovic,"Generate a faithful, specific, non-clickbait news headline. Use concrete names, numbers, places, or events only when supported by the article summary. Avoid curiosity-gap wording, exaggeration, and unsupported details. Category: sports Article summary: Former Pittsburgh Steeler and Philadelphia Eagle George Tarasovic made his home in York for 48 years. He died recently at 89.",The toughest Pittsburgh Steeler with a giving heart: Remembering George Tarasovic,21,11,True,0.0138695305,0,https://assets.msn.com/labs/mind/BBWpP0z.html,Former Pittsburgh Steeler and Philadelphia Eagle George Tarasovic dies at 89,False
specificity-005375,specificity,test,36258,N59096,sports,basketball_ncaa,"WACO, Texas (AP) Defending national champion Baylor is getting everyone involved in big blowouts to start its new season. All 11 players for the No. 2 Lady Bears scored, with a school-record eight in double figures, and NaLyssa Smith and Lauren Cox both had double-doubles again in a 120-46 win over Grambling State on Friday night. ""We really just go out there and play. Focus on us, work on us,"" Smith said. ""Just like in practice, we work on...",No. 2 Baylor women 8 in double figures in rout of Grambling,"Generate a faithful, specific, non-clickbait news headline. Use concrete names, numbers, places, or events only when supported by the article summary. Avoid curiosity-gap wording, exaggeration, and unsupported details. Category: sports Article summary: WACO, Texas (AP) Defending national champion Baylor is getting everyone involved in big blowouts to start its new season. All 11 players for the No. 2 Lady Bears scored, with a school-record eight in double figures, and NaLyssa Smith and Lauren Cox both had double-doubles again in a 120-46 win over Grambling State on Friday night. ""We really just go out there and play. Focus on us, work on us,"" Smith said. ""Just like in practice, we work on...",No. 2 Baylor women 8 in double figures in rout of Grambling,79,12,True,0.00011419074,0,https://assets.msn.com/labs/mind/BBWugGw.html,Baylor gets everyone involved in big blowouts to start new season,False
specificity-005376,specificity,test,25328,N58303,travel,travelarticle,A 14-year-old girl was taken to the hospital after becoming stuck between two buildings in Butler on Tuesday evening. Firefighters said the girl was trying to jump from the roof of Miller's Shoes to a neighboring building but didn't make it. The girl fell about 12 feet and a friend hoisted her back up to the roof but at that point she was injured and couldn't get back down. Firefighters ultimately got the girl out by accessing the roof and...,14-year-old girl becomes stuck between two buildings in Butler,"Generate a faithful, specific, non-clickbait news headline. Use concrete names, numbers, places, or events only when supported by the article summary. Avoid curiosity-gap wording, exaggeration, and unsupported details. Category: travel Article summary: A 14-year-old girl was taken to the hospital after becoming stuck between two buildings in Butler on Tuesday evening. Firefighters said the girl was trying to jump from the roof of Miller's Shoes to a neighboring building but didn't make it. The girl fell about 12 feet and a friend hoisted her back up to the roof but at that point she was injured and couldn't get back down. Firefighters ultimately got the girl out by accessing the roof and...",14-year-old girl becomes stuck between two buildings in Butler,80,9,True,0.0006814334,0,https://assets.msn.com/labs/mind/AAJzgi2.html,14-year-old girl taken to hospital after becoming stuck between two buildings in Butler,False
specificity-005377,specificity,test,41742,N64851,news,newsus,"Former U.S. President Jimmy Carter was recovering at an Atlanta hospital on Tuesday after safely undergoing a procedure to relieve pressure on his brain from bleeding caused by recent falls, the Carter Center said in a statement.",Former U.S. President Carter recovering in hospital after successful brain procedure,"Generate a faithful, specific, non-clickbait news headline. Use concrete names, numbers, places, or events only when supported by the article summary. Avoid curiosity-gap wording, exaggeration, and unsupported details. Category: news Article summary: Former U.S. President Jimmy Carter was recovering at an Atlanta hospital on Tuesday after safely undergoing a procedure to relieve pressure on his brain from bleeding caused by recent falls, the Carter Center said in a statement.",Former U.S. President Carter recovering in hospital after successful brain procedure,37,11,True,9.528971e-05,0,https://assets.msn.com/labs/mind/BBWEoZ6.html,Former U.S. President Jimmy Carter recovering after surgery to relieve pressure on brain,False
specificity-005378,specificity,test,13959,N37084,news,newspolitics,"The president told a crowd at a shale conference in Pennsylvania that they were ""building a wall in Colorado,"" raising eyebrows.",Trump says he was kidding about building a wall in Colorado,"Generate a faithful, specific, non-clickbait news headline. Use concrete names, numbers, places, or events only when supported by the article summary. Avoid curiosity-gap wording, exaggeration, and unsupported details. Category: news Article summary: The president told a crowd at a shale conference in Pennsylvania that they were ""building a wall in Colorado,"" raising eyebrows.",Trump says he was kidding about building a wall in Colorado,21,11,True,0.026142903,0,https://assets.msn.com/labs/mind/AAJhk94.html,President says he's building a wall in Colorado,False
specificity-005379,specificity,test,7901,N7695,news,newsus,"Founders Brewing has settled a racial discrimination lawsuit that took a high-profile turn last week after a brewery manager said he couldn't be sure what constituted a black person without meeting them. ""We are pleased to settle this case and focus on the future,"" the brewery said in a statement Thursday. ""Through recent discussions with Tracy, we listened, engaged in self discovery, and ...",Founders Brewing settles racial discrimination lawsuit,"Generate a faithful, specific, non-clickbait news headline. Use concrete names, numbers, places, or events only when supported by the article summary. Avoid curiosity-gap wording, exaggeration, and unsupported details. Category: news Article summary: Founders Brewing has settled a racial discrimination lawsuit that took a high-profile turn last week after a brewery manager said he couldn't be sure what constituted a black person without meeting them. ""We are pleased to settle this case and focus on the future,"" the brewery said in a statement Thursday. ""Through recent discussions with Tracy, we listened, engaged in self discovery, and ...",Founders Brewing settles racial discrimination lawsuit,64,6,True,6.9543e-05,0,https://assets.msn.com/labs/mind/AAJF2qK.html,Founders Brewing settles racial discrimination lawsuit,True
specificity-005380,specificity,test,17600,N10811,news,newsscienceandtechnology,A new exhibition at London's Design Museum features over 200 objects and full-size Mars habitat modules that explore how me might live and thrive on the red planet.,New exhibition imagines life on Mars,"Generate a faithful, specific, non-clickbait news headline. Use concrete names, numbers, places, or events only when supported by the article summary. Avoid curiosity-gap wording, exaggeration, and unsupported details. Category: news Article summary: A new exhibition at London's Design Museum features over 200 objects and full-size Mars habitat modules that explore how me might live and thrive on the red planet.",New exhibition imagines life on Mars,28,6,False,0.00011733617,0,https://assets.msn.com/labs/mind/AAIZk1x.html,New exhibition at London's Design Museum features over 200 objects and full-size Mars habitat modules,False
specificity-005381,specificity,test,24264,N18582,travel,travelarticle,"Do you ever have trouble finding a parking spot at the trailhead? Well, Washington State Parks is testing out an idea that would make it easier for visitors to know the parking conditions before they leave the house. A camera has been installed at the Wallace Falls State Park parking lot near Gold Bar as part of a pilot project, according to the State Parks department. The camera takes a live photo every minute, which automatically uploads to...",Washington State Parks tests live camera to check parking conditions,"Generate a faithful, specific, non-clickbait news headline. Use concrete names, numbers, places, or events only when supported by the article summary. Avoid curiosity-gap wording, exaggeration, and unsupported details. Category: travel Article summary: Do you ever have trouble finding a parking spot at the trailhead? Well, Washington State Parks is testing out an idea that would make it easier for visitors to know the parking conditions before they leave the house. A camera has been installed at the Wallace Falls State Park parking lot near Gold Bar as part of a pilot project, according to the State Parks department. The camera takes a live photo every minute, which automatically uploads to...",Washington State Parks tests live camera to check parking conditions,78,10,True,7.3462965e-05,0,https://assets.msn.com/labs/mind/AAJv58z.html,Washington State Parks is testing out an idea that would make it easier for visitors to know parking conditions before they leave the house,False
specificity-005382,specificity,test,28534,N8548,news,newsus,A Fort Worth police officer checking out a residence with an open door opened fire on a 28-year-old woman inside her home.,Texas police officer shoots woman to death inside her home,"Generate a faithful, specific, non-clickbait news headline. Use concrete names, numbers, places, or events only when supported by the article summary. Avoid curiosity-gap wording, exaggeration, and unsupported details. Category: news Article summary: A Fort Worth police officer checking out a residence with an open door opened fire on a 28-year-old woman inside her home.",Texas police officer shoots woman to death inside her home,22,10,False,8.967771e-05,0,https://assets.msn.com/labs/mind/AAIGdj4.html,Fort Worth police officer opens fire on 28-year-old woman inside home,False
specificity-005383,specificity,test,8797,N61606,video,news,"Strong winds that have fanned wildfires across California are also causing traffic problems. The winds have toppled several large trucks on Interstate 15 in Fontana, east of Los Angeles (Oct. 30)",Winds topple big trucks on California freeways,"Generate a faithful, specific, non-clickbait news headline. Use concrete names, numbers, places, or events only when supported by the article summary. Avoid curiosity-gap wording, exaggeration, and unsupported details. Category: video Article summary: Strong winds that have fanned wildfires across California are also causing traffic problems. The winds have toppled several large trucks on Interstate 15 in Fontana, east of Los Angeles (Oct. 30)",Winds topple big trucks on California freeways,31,7,True,8.8280605e-05,0,https://assets.msn.com/labs/mind/AAJBA2h.html,"Strong winds cause traffic problems in Fontana, California",False
specificity-005384,specificity,test,32029,N58306,video,news,The case for President Donald Trump's impeachment arrived in public view Wednesday as the country for the first time heard directly from career diplomats at the forefront of U.S.-Ukraine policy on day one of the House's historic hearings. (Nov. 13),AP Debrief: Taylor says Trump asked about probes,"Generate a faithful, specific, non-clickbait news headline. Use concrete names, numbers, places, or events only when supported by the article summary. Avoid curiosity-gap wording, exaggeration, and unsupported details. Category: video Article summary: The case for President Donald Trump's impeachment arrived in public view Wednesday as the country for the first time heard directly from career diplomats at the forefront of U.S.-Ukraine policy on day one of the House's historic hearings. (Nov. 13)",AP Debrief: Taylor says Trump asked about probes,40,8,True,0.00016537108,0,https://assets.msn.com/labs/mind/BBWIzP0.html,Trump impeachment case in public view as first time heard from U.S.-Ukraine diplomats,False
specificity-005385,specificity,test,10828,N25093,sports,icehockey_nhl,LAS VEGAS (AP) The Montreal Canadiens turned in an eerily similar performance to last season's win in their game against the Golden Knights in Vegas.,"Domi scores in overtime, Canadiens beat Golden Knights 5-4","Generate a faithful, specific, non-clickbait news headline. Use concrete names, numbers, places, or events only when supported by the article summary. Avoid curiosity-gap wording, exaggeration, and unsupported details. Category: sports Article summary: LAS VEGAS (AP) The Montreal Canadiens turned in an eerily similar performance to last season's win in their game against the Golden Knights in Vegas.","Domi scores in overtime, Canadiens beat Golden Knights 5-4",25,9,True,0.00010320482,0,https://assets.msn.com/labs/mind/AAJFFV8.html,Canadiens slams Golden Knights in Vegas,False
specificity-005386,specificity,test,58906,N46274,sports,football_nfl,FOXBORO Mass. -- Sony Michel did not take a significant step forward during the first half of his sophomore NFL season but Bill Belichick has seen noticeable improvement from the,Bill Belichick Has Seen 'Very Positive' Results From Sony Michel In This Area,"Generate a faithful, specific, non-clickbait news headline. Use concrete names, numbers, places, or events only when supported by the article summary. Avoid curiosity-gap wording, exaggeration, and unsupported details. Category: sports Article summary: FOXBORO Mass. -- Sony Michel did not take a significant step forward during the first half of his sophomore NFL season but Bill Belichick has seen noticeable improvement from the",Bill Belichick Has Seen 'Very Positive' Results From Sony Michel In This Area,30,13,True,0.006311541,0,https://assets.msn.com/labs/mind/AAJHDHx.html,NFL's Belichick: Belichick's performance in the first half,False
specificity-005387,specificity,test,20986,N31144,weather,weathertopstories,"A cold front moving from Wyoming to Colorado on Friday will bring a reinforcing blast of cold air. At this time, it appears Denver and the Front Range will stay below normal for nearly 2 weeks straight.",Denver Weather: ANOTHER Cold Front Has Arrived. When Do We Ever Warm Up?,"Generate a faithful, specific, non-clickbait news headline. Use concrete names, numbers, places, or events only when supported by the article summary. Avoid curiosity-gap wording, exaggeration, and unsupported details. Category: weather Article summary: A cold front moving from Wyoming to Colorado on Friday will bring a reinforcing blast of cold air. At this time, it appears Denver and the Front Range will stay below normal for nearly 2 weeks straight.",Denver Weather: ANOTHER Cold Front Has Arrived. When Do We Ever Warm Up?,37,13,True,0.000632882,0,https://assets.msn.com/labs/mind/AAJGvHt.html,Cold front moving from Wyoming to Colorado will bring a reinforcing blast of cold air,False
specificity-005388,specificity,test,65044,N37928,news,newsus,"A construction worker died after a 10-story fall from a condo in Ormond Beach, according to the Volusia County Sheriff's Department. ""Sad to report that deputies are on scene at Aquarius Condos, 1575 Ocean Shore Blvd., Ormond Beach, where a 911 caller reported a construction worker fell about 10 stories,"" the sheriff's office stated on Twitter. A second post stated that the fall was fatal, and it would release more information. This is a...",Construction worker dies in 10-story fall from beachside condo,"Generate a faithful, specific, non-clickbait news headline. Use concrete names, numbers, places, or events only when supported by the article summary. Avoid curiosity-gap wording, exaggeration, and unsupported details. Category: news Article summary: A construction worker died after a 10-story fall from a condo in Ormond Beach, according to the Volusia County Sheriff's Department. ""Sad to report that deputies are on scene at Aquarius Condos, 1575 Ocean Shore Blvd., Ormond Beach, where a 911 caller reported a construction worker fell about 10 stories,"" the sheriff's office stated on Twitter. A second post stated that the fall was fatal, and it would release more information. This is a...",Construction worker dies in 10-story fall from beachside condo,74,9,True,8.580185e-05,0,https://assets.msn.com/labs/mind/BBWqdRf.html,Construction worker dies after 10-story fall from Ormond Beach condo,False
specificity-005389,specificity,test,44602,N61675,sports,soccer,"Wolves winger Adama Traore was called up to the Spain squad on Saturday, despite reports suggesting the 23-year-old had decided to declare for Mali. Traore's surprise selection for the Spanish national team was confirmed by the Spanish Football Federation (RFEF) in a statement, which read: ""Adama Traore, the Wolves player, will be the replacement for Rodrigo Moreno of Valencia in the national team's squad for the matches against Malta and...",Wolves' Traore handed surprise Spain call-up,"Generate a faithful, specific, non-clickbait news headline. Use concrete names, numbers, places, or events only when supported by the article summary. Avoid curiosity-gap wording, exaggeration, and unsupported details. Category: sports Article summary: Wolves winger Adama Traore was called up to the Spain squad on Saturday, despite reports suggesting the 23-year-old had decided to declare for Mali. Traore's surprise selection for the Spanish national team was confirmed by the Spanish Football Federation (RFEF) in a statement, which read: ""Adama Traore, the Wolves player, will be the replacement for Rodrigo Moreno of Valencia in the national team's squad for the matches against Malta and...",Wolves' Traore handed surprise Spain call-up,70,6,True,8.972476e-05,0,https://assets.msn.com/labs/mind/BBWwfBd.html,Wolves winger Adama Traore called up to Spain squad,False
specificity-005390,specificity,test,50702,N2736,foodanddrink,newstrends,"Destination Maternity, parent company of Motherhood Maternity and A Pea in the Pod, plans to close locations in our state.",Maternity Clothing Store Closing 6 Ohio Locations: Report,"Generate a faithful, specific, non-clickbait news headline. Use concrete names, numbers, places, or events only when supported by the article summary. Avoid curiosity-gap wording, exaggeration, and unsupported details. Category: foodanddrink Article summary: Destination Maternity, parent company of Motherhood Maternity and A Pea in the Pod, plans to close locations in our state.",Maternity Clothing Store Closing 6 Ohio Locations: Report,20,8,True,9.2459646e-05,0,https://assets.msn.com/labs/mind/BBWyjfc.html,"Destination Maternity, parent company of Motherhood Maternity and A Pea in the Pod plans to close locations in our state",False
specificity-005391,specificity,test,64273,N64937,autos,autosnews,"HOMERVILLE, Ohio (WJW)-- A van carrying nine inmates was involved in a crash in Medina County Friday morning. It happened at Camp and Greenwich roads in Homerville. The Ohio State Highway Patrol said the transport van was attempting to pass another vehicle, which was turning left. The van hit the other car and went off the road. The inmates from several area jurisdictions were taken to a ...",Inmate transport van involved in Medina County crash,"Generate a faithful, specific, non-clickbait news headline. Use concrete names, numbers, places, or events only when supported by the article summary. Avoid curiosity-gap wording, exaggeration, and unsupported details. Category: autos Article summary: HOMERVILLE, Ohio (WJW)-- A van carrying nine inmates was involved in a crash in Medina County Friday morning. It happened at Camp and Greenwich roads in Homerville. The Ohio State Highway Patrol said the transport van was attempting to pass another vehicle, which was turning left. The van hit the other car and went off the road. The inmates from several area jurisdictions were taken to a ...",Inmate transport van involved in Medina County crash,68,8,True,8.6171975e-05,0,https://assets.msn.com/labs/mind/BBWtQlG.html,A van carrying nine inmates involved in a crash in Medina County,False
specificity-005392,specificity,test,51126,N51634,news,newsworld,The prosecution of the former chief of security for Pemex is seen as a test of L pez Obrador's anti-corruption drive. It isn't going well.,A general was the leading suspect in the biggest anti-corruption case in Mexico. Then he disappeared.,"Generate a faithful, specific, non-clickbait news headline. Use concrete names, numbers, places, or events only when supported by the article summary. Avoid curiosity-gap wording, exaggeration, and unsupported details. Category: news Article summary: The prosecution of the former chief of security for Pemex is seen as a test of L pez Obrador's anti-corruption drive. It isn't going well.",A general was the leading suspect in the biggest anti-corruption case in Mexico. Then he disappeared.,25,16,True,0.0017090214,0,https://assets.msn.com/labs/mind/BBWywd6.html,Pemex's former chief of security is seen as test of anti-corruption drive,False
specificity-005393,specificity,test,60748,N11634,sports,golf,"The second round of the Houston Open wasn't finished until Saturday morning to determine the cut line because 59 players had to complete their 36 holes. Amateur Cole Hammer of Houston made the cut on the number at even par, allowing him to play two more rounds in only his second PGA Tour event, and first since qualifying for the 2015 U.S. Open as a 15-year-old. ""I was excited,"" said Hammer, a sophomore golfer at the University of Texas, who...",Houston Open notebook: Cole Hammer grinds through three rounds,"Generate a faithful, specific, non-clickbait news headline. Use concrete names, numbers, places, or events only when supported by the article summary. Avoid curiosity-gap wording, exaggeration, and unsupported details. Category: sports Article summary: The second round of the Houston Open wasn't finished until Saturday morning to determine the cut line because 59 players had to complete their 36 holes. Amateur Cole Hammer of Houston made the cut on the number at even par, allowing him to play two more rounds in only his second PGA Tour event, and first since qualifying for the 2015 U.S. Open as a 15-year-old. ""I was excited,"" said Hammer, a sophomore golfer at the University of Texas, who...",Houston Open notebook: Cole Hammer grinds through three rounds,80,9,True,8.950386e-05,0,https://assets.msn.com/labs/mind/AAIGPii.html,"Houston Open's Cole Hammer makes cut on number at even par, allowing him to play two more rounds in only his second PGA Tour event",False
specificity-005394,specificity,test,14304,N4770,news,newspolitics,"Rudolph W. Giuliani, President Trump's personal lawyer, signaled this month that he planned to open a new front in his attacks against former Vice President Joseph R. Biden Jr. work done by Mr. Biden's son Hunter Biden for a wealthy Romanian business executive facing corruption charges. But there's a problem with that strategy: Mr. Giuliani participated in an effort that would have helped the same executive, and was in fact...",Giuliani Is Drawing Attention to Hunter Biden's Work in Romania. But There's a Problem.,"Generate a faithful, specific, non-clickbait news headline. Use concrete names, numbers, places, or events only when supported by the article summary. Avoid curiosity-gap wording, exaggeration, and unsupported details. Category: news Article summary: Rudolph W. Giuliani, President Trump's personal lawyer, signaled this month that he planned to open a new front in his attacks against former Vice President Joseph R. Biden Jr. work done by Mr. Biden's son Hunter Biden for a wealthy Romanian business executive facing corruption charges. But there's a problem with that strategy: Mr. Giuliani participated in an effort that would have helped the same executive, and was in fact...",Giuliani Is Drawing Attention to Hunter Biden's Work in Romania. But There's a Problem.,70,14,True,0.030037588,0,https://assets.msn.com/labs/mind/AAJmY9s.html,"Rudolph W. Giuliani, Trump's personal lawyer says he plans to open a new front in attacks against former Vice President Joseph",False
specificity-005395,specificity,test,33259,N19951,travel,travelnews,"The Adam Gase era has been chaotic and messy for the New York Jets, and some of their fans are fed up with it.",Jets fans fly 'Fire Adam Gase' plane over New York City,"Generate a faithful, specific, non-clickbait news headline. Use concrete names, numbers, places, or events only when supported by the article summary. Avoid curiosity-gap wording, exaggeration, and unsupported details. Category: travel Article summary: The Adam Gase era has been chaotic and messy for the New York Jets, and some of their fans are fed up with it.",Jets fans fly 'Fire Adam Gase' plane over New York City,24,11,True,0.00011467414,0,https://assets.msn.com/labs/mind/BBWu3jF.html,Jets' Adam Gase era has been chaotic and messy for Jets,False
specificity-005396,specificity,test,11335,N63226,news,newspolitics,"Rep. Ayanna Pressley (D-Mass.) broke from the other progressive members of the Squad, including Reps. Ilhan Omar (D-Minn.), Alexandria Ocasio-Cortez (D-N.Y.) and Rashida Tlaib (D-Mich.) by endorsing Sen. Elizabeth Warren (D-Mass.) for president on Nov. 6.","The Squad usually sticks together. But on 2020 endorsements, one has broken off","Generate a faithful, specific, non-clickbait news headline. Use concrete names, numbers, places, or events only when supported by the article summary. Avoid curiosity-gap wording, exaggeration, and unsupported details. Category: news Article summary: Rep. Ayanna Pressley (D-Mass.) broke from the other progressive members of the Squad, including Reps. Ilhan Omar (D-Minn.), Alexandria Ocasio-Cortez (D-N.Y.) and Rashida Tlaib (D-Mich.) by endorsing Sen. Elizabeth Warren (D-Mass.) for president on Nov. 6.","The Squad usually sticks together. But on 2020 endorsements, one has broken off",36,13,True,0.000455251,0,https://assets.msn.com/labs/mind/AAJXHTY.html,"Rep. Ayanna Pressley breaks from other progressive members of the Squad, including Rep. Ilhan Omar, Alexandria Ocasio-Cor",False
specificity-005397,specificity,test,23332,N17776,sports,more_sports,"When it comes to postseason losses, Houston sports fans have seen a thing or two. The Astros frittering away a lead when they were eight outs away from another World Series title Wednesday night ranks way up there, though. JEROME SOLOMON AT HOUSTONCHRONICLE.COM: A surprising but familiar end for the 2019 Astros It wasn't a choke job like so many Houston teams experienced in the 1980s and 1990s. So, it can't top the heartbreak all of Houston felt...",Where the Astros' Game 7 loss ranks in city's most heartbreaking defeats,"Generate a faithful, specific, non-clickbait news headline. Use concrete names, numbers, places, or events only when supported by the article summary. Avoid curiosity-gap wording, exaggeration, and unsupported details. Category: sports Article summary: When it comes to postseason losses, Houston sports fans have seen a thing or two. The Astros frittering away a lead when they were eight outs away from another World Series title Wednesday night ranks way up there, though. JEROME SOLOMON AT HOUSTONCHRONICLE.COM: A surprising but familiar end for the 2019 Astros It wasn't a choke job like so many Houston teams experienced in the 1980s and 1990s. So, it can't top the heartbreak all of Houston felt...",Where the Astros' Game 7 loss ranks in city's most heartbreaking defeats,78,12,True,0.006274587,0,https://assets.msn.com/labs/mind/AAJCsFF.html,Astros slams Astros after World Series loss,False
specificity-005398,specificity,test,32784,N43262,foodanddrink,newstrends,"It's always worth checking the violations on a restaurant's health inspection no matter what grade they receive, because even ""A"" grades can have major issues in the kitchen. For example, Civetta Stonecrest in Ballantyne got an A, but their last inspection was covered with red, critical food safety violations. Remember, if a violation is in red, those are things that can make you sick. One of the rest violations involved five-gallon buckets of...",Fast food restaurant scores 85.5 on inspection,"Generate a faithful, specific, non-clickbait news headline. Use concrete names, numbers, places, or events only when supported by the article summary. Avoid curiosity-gap wording, exaggeration, and unsupported details. Category: foodanddrink Article summary: It's always worth checking the violations on a restaurant's health inspection no matter what grade they receive, because even ""A"" grades can have major issues in the kitchen. For example, Civetta Stonecrest in Ballantyne got an A, but their last inspection was covered with red, critical food safety violations. Remember, if a violation is in red, those are things that can make you sick. One of the rest violations involved five-gallon buckets of...",Fast food restaurant scores 85.5 on inspection,73,7,True,9.476883e-05,0,https://assets.msn.com/labs/mind/BBWt5JV.html,Food safety violations in Ballantyne restaurant's health inspection,False
specificity-005399,specificity,test,18662,N46312,foodanddrink,newstrends,Virginia billionaires | 2 new coffee shops | Trick or treat hours | Best small cities | Best chicken sandwich | New Whole Foods: Patch PM,Virginia Best Small City Ranks 12th In The Country | Patch PM,"Generate a faithful, specific, non-clickbait news headline. Use concrete names, numbers, places, or events only when supported by the article summary. Avoid curiosity-gap wording, exaggeration, and unsupported details. Category: foodanddrink Article summary: Virginia billionaires | 2 new coffee shops | Trick or treat hours | Best small cities | Best chicken sandwich | New Whole Foods: Patch PM",Virginia Best Small City Ranks 12th In The Country | Patch PM,26,12,True,0.0002786429,0,https://assets.msn.com/labs/mind/AAJyors.html,"Virginia billionaire's new coffee shops: Trick or treat hours, best small cities, best chicken sandwich",False
specificity-005400,specificity,test,22521,N55992,sports,baseball_mlb,The Boston Red Sox will have four representatives at the Premier Tournament next month all of whom will be donning Team USA uniforms. Bobby Dalbec C.J. Chatham Tanner Houck and,Four Red Sox Prospects Named To Team USA Roster For Premier 12 Tournament,"Generate a faithful, specific, non-clickbait news headline. Use concrete names, numbers, places, or events only when supported by the article summary. Avoid curiosity-gap wording, exaggeration, and unsupported details. Category: sports Article summary: The Boston Red Sox will have four representatives at the Premier Tournament next month all of whom will be donning Team USA uniforms. Bobby Dalbec C.J. Chatham Tanner Houck and",Four Red Sox Prospects Named To Team USA Roster For Premier 12 Tournament,30,13,True,8.900051e-05,0,https://assets.msn.com/labs/mind/AAIExHq.html,Red Sox will have four representatives at the Premier Tournament next month,False
specificity-005401,specificity,test,25478,N50840,news,newsus,"By design, the Loop Trolley is on a fixed path, but its future could really go in any direction at this point. ""It's a hard 'no,'"" St. Louis County Councilman Tim Fitch said of giving county funds to the trolley. Fitch said, at this point, nothing will change his mind. It's the same for Council President Ernie Trakas, who told 5 On Your Side earlier this week he won't even introduce the legislation. RELATED: St. Louis County Council President...",Loop Trolley Board president can't promise this will be the last request for taxpayer money,"Generate a faithful, specific, non-clickbait news headline. Use concrete names, numbers, places, or events only when supported by the article summary. Avoid curiosity-gap wording, exaggeration, and unsupported details. Category: news Article summary: By design, the Loop Trolley is on a fixed path, but its future could really go in any direction at this point. ""It's a hard 'no,'"" St. Louis County Councilman Tim Fitch said of giving county funds to the trolley. Fitch said, at this point, nothing will change his mind. It's the same for Council President Ernie Trakas, who told 5 On Your Side earlier this week he won't even introduce the legislation. RELATED: St. Louis County Council President...",Loop Trolley Board president can't promise this will be the last request for taxpayer money,79,15,True,0.00033719346,0,https://assets.msn.com/labs/mind/AAIQ0k1.html,"Loop Trolley on a fixed path, but its future could really go in any direction at this point",False
specificity-005402,specificity,test,41674,N40426,weather,weathertopstories,"Wednesday forecast for Austin: Bundle up, Central Texas! Another day of temperatures in the 30s and 40s will be just right for a turtleneck sweater, a scarf, gloves, fuzzy socks, a coat and a hat! We're a little chilly, if you can't tell. A freezing temperature of 32 degrees was recorded at the site of Camp Mabry at 6:45 a.m. Temperatures ...","IT'S STILL CHILLY: Forecast calls for cloudy skies with 20% chance of rain, high of 48","Generate a faithful, specific, non-clickbait news headline. Use concrete names, numbers, places, or events only when supported by the article summary. Avoid curiosity-gap wording, exaggeration, and unsupported details. Category: weather Article summary: Wednesday forecast for Austin: Bundle up, Central Texas! Another day of temperatures in the 30s and 40s will be just right for a turtleneck sweater, a scarf, gloves, fuzzy socks, a coat and a hat! We're a little chilly, if you can't tell. A freezing temperature of 32 degrees was recorded at the site of Camp Mabry at 6:45 a.m. Temperatures ...","IT'S STILL CHILLY: Forecast calls for cloudy skies with 20% chance of rain, high of 48",62,16,True,0.0002531955,0,https://assets.msn.com/labs/mind/BBWHkpL.html,"Austin's hottest day in the 30s and 40s: Turtleneck sweater, scarf, gloves, fuzzy socks, coat and hat",False
specificity-005403,specificity,test,7951,N35024,news,newsus,"ACLU attorneys asked a federal court in Massachusetts to order the Justice Department, FBI, and DEA to release documents about how the government uses the software.","Citing 'unprecedented' surveillance, ACLU sues federal agencies over facial-recognition scans","Generate a faithful, specific, non-clickbait news headline. Use concrete names, numbers, places, or events only when supported by the article summary. Avoid curiosity-gap wording, exaggeration, and unsupported details. Category: news Article summary: ACLU attorneys asked a federal court in Massachusetts to order the Justice Department, FBI, and DEA to release documents about how the government uses the software.","Citing 'unprecedented' surveillance, ACLU sues federal agencies over facial-recognition scans",26,10,True,6.9112735e-05,0,https://assets.msn.com/labs/mind/AAJF2ux.html,ACLU attorneys ask court to release documents about government software,False
specificity-005404,specificity,test,49170,N63631,weather,weathertopstories,"West suburban Aurora has canceled its Veterans Day Parade that had been planned for Monday, with snow expected to pound the area.",Aurora Calls Off Veterans Day Parade With Snow Coming; Indoor Ceremony To Go On,"Generate a faithful, specific, non-clickbait news headline. Use concrete names, numbers, places, or events only when supported by the article summary. Avoid curiosity-gap wording, exaggeration, and unsupported details. Category: weather Article summary: West suburban Aurora has canceled its Veterans Day Parade that had been planned for Monday, with snow expected to pound the area.",Aurora Calls Off Veterans Day Parade With Snow Coming; Indoor Ceremony To Go On,22,14,True,8.83329e-05,0,https://assets.msn.com/labs/mind/BBWyHiN.html,"West suburban Aurora cancels Veterans Day Parade, with snow expected to pound the area",False
specificity-005405,specificity,test,61034,N13663,finance,financenews,"Sportiqe sells comfort clothing to big-name clients, like Dave Matthews Band Matt's and the NBA, Matt Altman, the brand's owner, said.","Sportiqe, a Tempe-based company, sees significant growth","Generate a faithful, specific, non-clickbait news headline. Use concrete names, numbers, places, or events only when supported by the article summary. Avoid curiosity-gap wording, exaggeration, and unsupported details. Category: finance Article summary: Sportiqe sells comfort clothing to big-name clients, like Dave Matthews Band Matt's and the NBA, Matt Altman, the brand's owner, said.","Sportiqe, a Tempe-based company, sees significant growth",21,7,True,8.495334e-05,0,https://assets.msn.com/labs/mind/AAIGadC.html,Sportiqe sells comfort clothing to big-name clients,False
specificity-005406,specificity,test,18750,N45695,news,newspolitics,"Democratic presidential candidate Elizabeth Warren's long-awaited ""Medicare-for-all"" funding plan projects the government-run health care system would cost a staggering sum of ""just under $52 trillion"" over the next decade, with the campaign proposing a host of new tax increases to pay for it while still claiming the middle class would not face any additional burden.",Warren's $52T 'Medicare-for-all' plan revealed: Campaign still claims no middle-class tax hikes needed,"Generate a faithful, specific, non-clickbait news headline. Use concrete names, numbers, places, or events only when supported by the article summary. Avoid curiosity-gap wording, exaggeration, and unsupported details. Category: news Article summary: Democratic presidential candidate Elizabeth Warren's long-awaited ""Medicare-for-all"" funding plan projects the government-run health care system would cost a staggering sum of ""just under $52 trillion"" over the next decade, with the campaign proposing a host of new tax increases to pay for it while still claiming the middle class would not face any additional burden.",Warren's $52T 'Medicare-for-all' plan revealed: Campaign still claims no middle-class tax hikes needed,55,13,True,9.18949e-05,0,https://assets.msn.com/labs/mind/AAJGePV.html,"Elizabeth Warren's long-awaited ""Medicare-for-all"" funding plan will cost $52 trillion over the next decade",False
specificity-005407,specificity,test,3447,N46062,news,newsfactcheck,"What's the real story? Here are five things to know about Dorian, Trump, Alabama and the rest of the Southeastern U.S.",Was Trump really wrong about Hurricane Dorian's threat to Alabama?,"Generate a faithful, specific, non-clickbait news headline. Use concrete names, numbers, places, or events only when supported by the article summary. Avoid curiosity-gap wording, exaggeration, and unsupported details. Category: news Article summary: What's the real story? Here are five things to know about Dorian, Trump, Alabama and the rest of the Southeastern U.S.",Was Trump really wrong about Hurricane Dorian's threat to Alabama?,21,10,True,0.00046235783,0,https://assets.msn.com/labs/mind/AAGRkoP.html,"Dorian, Trump, Alabama and the rest of the Southeastern U.S.",False
specificity-005408,specificity,test,9937,N50812,weather,weathertopstories,"The storm system that brought tornadoes through metro Dallas will shift towards the deep South where cities including Houston, Memphis, and New Orleans are at risk for severe weather. Pedram Javaheri has the details.",The tornado threat shifts towards the deep South,"Generate a faithful, specific, non-clickbait news headline. Use concrete names, numbers, places, or events only when supported by the article summary. Avoid curiosity-gap wording, exaggeration, and unsupported details. Category: weather Article summary: The storm system that brought tornadoes through metro Dallas will shift towards the deep South where cities including Houston, Memphis, and New Orleans are at risk for severe weather. Pedram Javaheri has the details.",The tornado threat shifts towards the deep South,34,8,False,0.00027081772,0,https://assets.msn.com/labs/mind/AAJ6JZl.html,"Dallas tornadoes will shift towards deep South where Houston, Memphis, New Orleans are at risk for severe weather",False
specificity-005409,specificity,test,64784,N30944,news,newscrime,"A San Francisco man who taught film production to children in San Rafael has been sentenced to three years in prison for possessing child pornography, according to the Northern District Court of California in San Francisco. In June 2019, John Morrison, 73, pleaded guilty as part of a plea agreement, where he admitted that he possessed more than 600 photos and videos of child pornography on multiple electronic devices in March 2017. He used...",Man who taught film production to San Rafael children is sentenced for child porn,"Generate a faithful, specific, non-clickbait news headline. Use concrete names, numbers, places, or events only when supported by the article summary. Avoid curiosity-gap wording, exaggeration, and unsupported details. Category: news Article summary: A San Francisco man who taught film production to children in San Rafael has been sentenced to three years in prison for possessing child pornography, according to the Northern District Court of California in San Francisco. In June 2019, John Morrison, 73, pleaded guilty as part of a plea agreement, where he admitted that he possessed more than 600 photos and videos of child pornography on multiple electronic devices in March 2017. He used...",Man who taught film production to San Rafael children is sentenced for child porn,74,14,True,0.0004008793,0,https://assets.msn.com/labs/mind/BBWMzR2.html,San Francisco man sentenced to three years in prison for possessing child pornography,False
specificity-005410,specificity,test,59497,N38856,news,newsscienceandtechnology,"PLYMOUTH, Calif. (KTXL) -- Karen Martin has been taking orders and serving up delicious food at Marlene and Glen's Diner, in Plymouth, for 21 years. She said business at her restaurant has been good over the years -- until recently. They've struggled to get back on track after PG&E public safety outages hit Amador County earlier this month. ""It's been a debacle, just a real mess,"" she said. ...",Restaurant owner who lost thousands in PG&E shutoff says it may happen again,"Generate a faithful, specific, non-clickbait news headline. Use concrete names, numbers, places, or events only when supported by the article summary. Avoid curiosity-gap wording, exaggeration, and unsupported details. Category: news Article summary: PLYMOUTH, Calif. (KTXL) -- Karen Martin has been taking orders and serving up delicious food at Marlene and Glen's Diner, in Plymouth, for 21 years. She said business at her restaurant has been good over the years -- until recently. They've struggled to get back on track after PG&E public safety outages hit Amador County earlier this month. ""It's been a debacle, just a real mess,"" she said. ...",Restaurant owner who lost thousands in PG&E shutoff says it may happen again,69,13,True,0.00029466255,0,https://assets.msn.com/labs/mind/AAJjZMi.html,"Karen Martin takes orders at Marlene and Glen's Diner, Plymouth, for 21 years",False
specificity-005411,specificity,test,57603,N27472,news,newsus,"Meet Homer! He's the 5,000th dog to arrive at the Dumb Friends League's Buddy Center in Castle Rock since 2016.","Dumb Friends League Ready To Find Home For 5,000th Dog From Oklahoma Shelter","Generate a faithful, specific, non-clickbait news headline. Use concrete names, numbers, places, or events only when supported by the article summary. Avoid curiosity-gap wording, exaggeration, and unsupported details. Category: news Article summary: Meet Homer! He's the 5,000th dog to arrive at the Dumb Friends League's Buddy Center in Castle Rock since 2016.","Dumb Friends League Ready To Find Home For 5,000th Dog From Oklahoma Shelter",20,13,True,0.0003789076,0,https://assets.msn.com/labs/mind/AAJXrY6.html,"Homer is the 5,000th dog to arrive at Dumb Friends League's Buddy Center in Castle Rock since 2016.",False
specificity-005412,specificity,test,25802,N45278,news,newsus,"A man was killed and two women were injured during a shooting in a south Sacramento neighborhood, the Sacramento County Sheriff's Office said. All three victims were taken to the hospital, where one victim died. The sheriff's office said at least one of the victims went to the hospital on their own. Sign up for our Newsletters The shooting happened around 6 p.m. in the 3900 block of 42nd Avenue. The sheriff's office got several calls about shots...","1 dead, 2 injured in south Sacramento shooting","Generate a faithful, specific, non-clickbait news headline. Use concrete names, numbers, places, or events only when supported by the article summary. Avoid curiosity-gap wording, exaggeration, and unsupported details. Category: news Article summary: A man was killed and two women were injured during a shooting in a south Sacramento neighborhood, the Sacramento County Sheriff's Office said. All three victims were taken to the hospital, where one victim died. The sheriff's office said at least one of the victims went to the hospital on their own. Sign up for our Newsletters The shooting happened around 6 p.m. in the 3900 block of 42nd Avenue. The sheriff's office got several calls about shots...","1 dead, 2 injured in south Sacramento shooting",78,8,True,7.972233e-05,0,https://assets.msn.com/labs/mind/AAJUCpR.html,"Man killed, two women injured in Sacramento shooting, sheriff's office says",False
specificity-005413,specificity,test,3729,N38807,sports,mma,Greg Hardy had a little extra and likely illegal help as he went the distance for the first time in his UFC career.,"UFC on ESPN 6 results: Greg Hardy uses inhaler, then gets nod over Ben Sosoli","Generate a faithful, specific, non-clickbait news headline. Use concrete names, numbers, places, or events only when supported by the article summary. Avoid curiosity-gap wording, exaggeration, and unsupported details. Category: sports Article summary: Greg Hardy had a little extra and likely illegal help as he went the distance for the first time in his UFC career.","UFC on ESPN 6 results: Greg Hardy uses inhaler, then gets nod over Ben Sosoli",23,15,True,0.0002384362,0,https://assets.msn.com/labs/mind/AAJ0hJQ.html,Greg Hardy gets extra help as he goes the distance for the first time in his UFC career,False
specificity-005414,specificity,test,52639,N1909,sports,mma,"UFC president Dana White is no longer playing into the hand of former champion Conor McGregor, as current lightweight king Khabib Nurmagomedov takes over as 'the man.'","White: McGregor 'Isn't The Man Anymore,' Khabib Has Final Say","Generate a faithful, specific, non-clickbait news headline. Use concrete names, numbers, places, or events only when supported by the article summary. Avoid curiosity-gap wording, exaggeration, and unsupported details. Category: sports Article summary: UFC president Dana White is no longer playing into the hand of former champion Conor McGregor, as current lightweight king Khabib Nurmagomedov takes over as 'the man.'","White: McGregor 'Isn't The Man Anymore,' Khabib Has Final Say",27,10,True,0.00042849,0,https://assets.msn.com/labs/mind/AAJ108T.html,UFC president Dana White no longer playing in hand of Conor McGregor,False
specificity-005415,specificity,test,41812,N39015,news,newspolitics,"A White House lawyer won Senate confirmation as a federal appeals court judge Thursday despite complaints by lawmakers from both parties about his record on immigration, race, women's equality and LGBTQ rights.",Senate confirms White House lawyer as appeals court judge,"Generate a faithful, specific, non-clickbait news headline. Use concrete names, numbers, places, or events only when supported by the article summary. Avoid curiosity-gap wording, exaggeration, and unsupported details. Category: news Article summary: A White House lawyer won Senate confirmation as a federal appeals court judge Thursday despite complaints by lawmakers from both parties about his record on immigration, race, women's equality and LGBTQ rights.",Senate confirms White House lawyer as appeals court judge,32,9,True,6.6606925e-05,0,https://assets.msn.com/labs/mind/BBWL7MM.html,White House lawyer wins Senate confirmation as federal appeals court judge,False
specificity-005416,specificity,test,55536,N6295,finance,financenews,"WASHINGTON - Asian natural gas consumption is set to more than double over the next 30 years, increasing the need for imports from abroad, the U.S. Energy Information Administration said Monday. The federal agency predicted demand there will reach 120 billion billion cubic feet a day by 2050, 50 billion cubic feet above projections of Asia's gas supply. ""This supply imbalance widens through the projection period, resulting in non-OECD Asia's...","Asian gas demand looks strong, EIA assures","Generate a faithful, specific, non-clickbait news headline. Use concrete names, numbers, places, or events only when supported by the article summary. Avoid curiosity-gap wording, exaggeration, and unsupported details. Category: finance Article summary: WASHINGTON - Asian natural gas consumption is set to more than double over the next 30 years, increasing the need for imports from abroad, the U.S. Energy Information Administration said Monday. The federal agency predicted demand there will reach 120 billion billion cubic feet a day by 2050, 50 billion cubic feet above projections of Asia's gas supply. ""This supply imbalance widens through the projection period, resulting in non-OECD Asia's...","Asian gas demand looks strong, EIA assures",70,7,True,6.605668e-05,0,https://assets.msn.com/labs/mind/AAJtcJk.html,"Asian natural gas consumption to double over 30 years, increasing imports from abroad",False
specificity-005417,specificity,test,50878,N1995,sports,basketball_ncaa,"If the oddsmakers in Las Vegas are correct, this year's Michigan-Michigan State game may not be a close one. The 14th-ranked Wolverines opened as 12-point favorites over the Spartans for Saturday's game in Ann Arbor (noon, FOX) at Circa Sports, the sports book at Las Vegas properties The D and Golden Gate. VegasInsider.com published the line Sunday afternoon. No other sports books in Nevada ...",Michigan football opens as double-digit favorite vs. MSU,"Generate a faithful, specific, non-clickbait news headline. Use concrete names, numbers, places, or events only when supported by the article summary. Avoid curiosity-gap wording, exaggeration, and unsupported details. Category: sports Article summary: If the oddsmakers in Las Vegas are correct, this year's Michigan-Michigan State game may not be a close one. The 14th-ranked Wolverines opened as 12-point favorites over the Spartans for Saturday's game in Ann Arbor (noon, FOX) at Circa Sports, the sports book at Las Vegas properties The D and Golden Gate. VegasInsider.com published the line Sunday afternoon. No other sports books in Nevada ...",Michigan football opens as double-digit favorite vs. MSU,65,8,True,9.377316e-05,0,https://assets.msn.com/labs/mind/BBWypKi.html,Michigan-Michigan State game may not be a close one,False
specificity-005418,specificity,test,32440,N17926,lifestyle,lifestylebuzz,"Berkeley elected officials met Tuesday to determine the fate of a number of mature trees growing in traffic circles that were going to be cut down, but it seems the city may have had a change of heart.",Berkeley Officials Decide Not To Cut Down Existing Traffic Circle Trees,"Generate a faithful, specific, non-clickbait news headline. Use concrete names, numbers, places, or events only when supported by the article summary. Avoid curiosity-gap wording, exaggeration, and unsupported details. Category: lifestyle Article summary: Berkeley elected officials met Tuesday to determine the fate of a number of mature trees growing in traffic circles that were going to be cut down, but it seems the city may have had a change of heart.",Berkeley Officials Decide Not To Cut Down Existing Traffic Circle Trees,38,11,True,7.4731404e-05,0,https://assets.msn.com/labs/mind/BBWGeH3.html,"Berkeley's trees will be cut down, but the city may have had a change of heart",False
specificity-005419,specificity,test,17757,N49775,news,newsus,"NEW ORLEANS (AP) After two days of delays, New Orleans officials are hoping to use a series of controlled explosions Sunday to take down two cranes that have been leaning precariously over the remains of a partially collapsed hotel. Officials had originally planned to topple the cranes Friday, then pushed back the demolition to Saturday and then to Sunday when officials said the cranes were more damaged than previously thought.","After delays, New Orleans preps for demolition of cranes","Generate a faithful, specific, non-clickbait news headline. Use concrete names, numbers, places, or events only when supported by the article summary. Avoid curiosity-gap wording, exaggeration, and unsupported details. Category: news Article summary: NEW ORLEANS (AP) After two days of delays, New Orleans officials are hoping to use a series of controlled explosions Sunday to take down two cranes that have been leaning precariously over the remains of a partially collapsed hotel. Officials had originally planned to topple the cranes Friday, then pushed back the demolition to Saturday and then to Sunday when officials said the cranes were more damaged than previously thought.","After delays, New Orleans preps for demolition of cranes",70,9,True,6.381137e-05,0,https://assets.msn.com/labs/mind/AAJ3PD8.html,New Orleans officials hope to use controlled explosions to take down two cranes,False
specificity-005420,specificity,test,16330,N61323,weather,weathertopstories,"The National Weather Service has confirmed that five more tornados hit North Texas Sunday night, bringing the total up to nine.","National Weather Service Confirms 5 More Tornados Hit North Texas Sunday Night, 9 Total","Generate a faithful, specific, non-clickbait news headline. Use concrete names, numbers, places, or events only when supported by the article summary. Avoid curiosity-gap wording, exaggeration, and unsupported details. Category: weather Article summary: The National Weather Service has confirmed that five more tornados hit North Texas Sunday night, bringing the total up to nine.","National Weather Service Confirms 5 More Tornados Hit North Texas Sunday Night, 9 Total",21,14,True,0.00012592609,0,https://assets.msn.com/labs/mind/AAJbaSH.html,Five more tornados hit North Texas,False
specificity-005421,specificity,test,54746,N14557,finance,finance-companies,"TACOMA, Wash. This week's 'Driver on the Street' takes us to El Shaddai Christian Ministries in Tacoma. The church prides itself on being a resource to the community, and provides them with the opportunity to pick up free food to feed themselves or their families. If you are interested in learning more about the church or donating, click here. Do you have a unique or inspiring story to tell? ...",Driver On the Street: Tacoma church a nourishing refuge for those in need,"Generate a faithful, specific, non-clickbait news headline. Use concrete names, numbers, places, or events only when supported by the article summary. Avoid curiosity-gap wording, exaggeration, and unsupported details. Category: finance Article summary: TACOMA, Wash. This week's 'Driver on the Street' takes us to El Shaddai Christian Ministries in Tacoma. The church prides itself on being a resource to the community, and provides them with the opportunity to pick up free food to feed themselves or their families. If you are interested in learning more about the church or donating, click here. Do you have a unique or inspiring story to tell? ...",Driver On the Street: Tacoma church a nourishing refuge for those in need,70,13,True,0.00010624807,0,https://assets.msn.com/labs/mind/AAJLbkA.html,'Driver on the Street' takes us to El Shaddai Christian Ministries in Tacoma,False
