sft_id,dataset_variant,split,nid,news_id,category,subvert,source_text,target_title,input_text,target_text,source_word_count,target_word_count,has_specific_signal,clickbait_penalty,predicted_clickbait,url,generated_title,exact_match
generic-006107,generic,test,15283,N39316,foodanddrink,recipes,"For a cozy, hearty meal, look no further than this juicy Instant Pot turkey breast. Pass the gravy, please! The post How to Cook the Juiciest Instant Pot Turkey Breast Ever appeared first on Taste of Home.",How to Cook the Juiciest Instant Pot Turkey Breast EVER,"Generate a news headline. Category: foodanddrink Article summary: For a cozy, hearty meal, look no further than this juicy Instant Pot turkey breast. Pass the gravy, please! The post How to Cook the Juiciest Instant Pot Turkey Breast Ever appeared first on Taste of Home.",How to Cook the Juiciest Instant Pot Turkey Breast EVER,37,10,True,0.9999758,1,https://assets.msn.com/labs/mind/AAJFtdS.html,How to Cook the Juiciest Instant Pot Turkey Breast Ever,True
generic-006108,generic,test,8995,N17634,finance,finance-companies,"U.S. prosecutors are seeking records from a company associated with Russian billionaire Oleg Deripaska as part of a previously unreported investigation, according to documents filed in a London court.",Oleg Deripaska-Linked Firm Was Raided for Undisclosed U.S. Inquiry,"Generate a news headline. Category: finance Article summary: U.S. prosecutors are seeking records from a company associated with Russian billionaire Oleg Deripaska as part of a previously unreported investigation, according to documents filed in a London court.",Oleg Deripaska-Linked Firm Was Raided for Undisclosed U.S. Inquiry,29,9,True,7.756421e-05,0,https://assets.msn.com/labs/mind/AAIYxpa.html,U.S. prosecutors seek records from Russian billionaire Oleg Deripaska,False
generic-006109,generic,test,11581,N51345,travel,traveltripideas,"A fading piece of Americana, bobwhite quail are iconic in Texas. The tradition of hunting them with friends and family is a social experience that can be second to none. ""Once people do it and experience it, it's something they'll never forget. The first flush of wild quail, how your heart jumps in your throat you feel like you're about to have a heart attack,"" said Robert Perez, upland game bird program leader for the Texas Parks and Wildlife...",Texas quail rebounding after a dismal 2018,"Generate a news headline. Category: travel Article summary: A fading piece of Americana, bobwhite quail are iconic in Texas. The tradition of hunting them with friends and family is a social experience that can be second to none. ""Once people do it and experience it, it's something they'll never forget. The first flush of wild quail, how your heart jumps in your throat you feel like you're about to have a heart attack,"" said Robert Perez, upland game bird program leader for the Texas Parks and Wildlife...",Texas quail rebounding after a dismal 2018,79,7,True,0.00018981566,0,https://assets.msn.com/labs/mind/AAIUeEN.html,"'Once people do it and experience it, it's something they'll never forget'",False
generic-006110,generic,test,21397,N59812,news,newscrime,"A suspect was in critical condition Thursday morning after police said he opened fire on officers and one officer returned fire, shooting him. Watch the report from the shooting scene in the video player above. Sign up for our Newsletters The incident happened around 10:40 p.m. Wednesday while officers were responding to a call about a domestic disturbance on the 1600 block of Crucible Street in Pittsburgh's Crafton Heights neighborhood....",Man shot by Pittsburgh police after allegedly opening fire on officers in Crafton Heights,"Generate a news headline. Category: news Article summary: A suspect was in critical condition Thursday morning after police said he opened fire on officers and one officer returned fire, shooting him. Watch the report from the shooting scene in the video player above. Sign up for our Newsletters The incident happened around 10:40 p.m. Wednesday while officers were responding to a call about a domestic disturbance on the 1600 block of Crucible Street in Pittsburgh's Crafton Heights neighborhood....",Man shot by Pittsburgh police after allegedly opening fire on officers in Crafton Heights,70,14,True,0.00020062277,0,https://assets.msn.com/labs/mind/AAJY3h4.html,"A suspect in critical condition after police say he opened fire on officers and one officer returned fire, shooting him",False
generic-006111,generic,test,18172,N22401,health,medical,"You may want to take your blood pressure medicine at bedtime rather than when you get up in the morning, according to a study published Tuesday in the European Heart Journal.",You might want to change the time of day you take your blood pressure medicine,"Generate a news headline. Category: health Article summary: You may want to take your blood pressure medicine at bedtime rather than when you get up in the morning, according to a study published Tuesday in the European Heart Journal.",You might want to change the time of day you take your blood pressure medicine,31,15,False,0.9999658,1,https://assets.msn.com/labs/mind/AAJbi9z.html,Study: You may want to take your blood pressure medicine at bedtime rather than when you get up in the morning,False
generic-006112,generic,test,15298,N48485,sports,more_sports,The Suns wasted no time cleaning house and will now look to the scrap heap or the G League for their second two-way player.,"Suns waive Kramer, Owens and Odiase to get roster down to 16",Generate a news headline. Category: sports Article summary: The Suns wasted no time cleaning house and will now look to the scrap heap or the G League for their second two-way player.,"Suns waive Kramer, Owens and Odiase to get roster down to 16",24,12,True,8.4437255e-05,0,https://assets.msn.com/labs/mind/AAIPAV5.html,Suns look to the scrap heap or the G League for their second two-way player,False
generic-006113,generic,test,13160,N53277,news,newsus,"A jury recommended Friday that Michael Gargiulo, a serial killer who terrorized women who lived near him in the Los Angeles area, should be put to death, a decision bookending a wrenching trial that began with the harrowing account of a survivor and ended with a son's plea to spare his father's life. The jury deliberated for several hours over three days in the penalty phase of the marathon trial that featured testimony from actor Ashton Kutcher...","'Boy Next Door Killer' Michael Gargiulo should get the death penalty, jury decides","Generate a news headline. Category: news Article summary: A jury recommended Friday that Michael Gargiulo, a serial killer who terrorized women who lived near him in the Los Angeles area, should be put to death, a decision bookending a wrenching trial that began with the harrowing account of a survivor and ended with a son's plea to spare his father's life. The jury deliberated for several hours over three days in the penalty phase of the marathon trial that featured testimony from actor Ashton Kutcher...","'Boy Next Door Killer' Michael Gargiulo should get the death penalty, jury decides",77,13,True,0.00012682515,0,https://assets.msn.com/labs/mind/AAIZHoU.html,Judge recommends Michael Gargiulo to be put to death,False
generic-006114,generic,test,43953,N63872,sports,basketball_ncaa,"Greg Paulus' career playing point guard at Duke and quarterback at Syracuse was anything but conventional, and his path as a coach has been even more so.",Greg Paulus' unconventional road after Duke leads him to head coaching job at Niagara,"Generate a news headline. Category: sports Article summary: Greg Paulus' career playing point guard at Duke and quarterback at Syracuse was anything but conventional, and his path as a coach has been even more so.",Greg Paulus' unconventional road after Duke leads him to head coaching job at Niagara,27,14,True,0.0001523937,0,https://assets.msn.com/labs/mind/BBWtw8U.html,"Greg Paulus' career playing point guard at Duke and Syracuse was anything but conventional, and his path as a coach has been even more so",False
generic-006115,generic,test,21656,N25590,news,newsscienceandtechnology,"Dell's newest monitor has been designed with creators in mind. The UP2720Q is the world's first 27-inch 4K monitor with a built-in colorimeter -- a light-sensitive device that measures the intensity and concentration of color. It offers 100 percent Adobe RBG, 98 percent DCI-P3 and 80 percent BT2020, allowing designers to maximize a larger color gamut and more accurately work with images on devices such as smartphones, computers and TVs, where...",Dell built a color calibrator into its new monitor,"Generate a news headline. Category: news Article summary: Dell's newest monitor has been designed with creators in mind. The UP2720Q is the world's first 27-inch 4K monitor with a built-in colorimeter -- a light-sensitive device that measures the intensity and concentration of color. It offers 100 percent Adobe RBG, 98 percent DCI-P3 and 80 percent BT2020, allowing designers to maximize a larger color gamut and more accurately work with images on devices such as smartphones, computers and TVs, where...",Dell built a color calibrator into its new monitor,71,9,False,0.00057022495,0,https://assets.msn.com/labs/mind/AAJOHdC.html,Dell's UP2720Q is the world's first 4K monitor with a built-in colorimeter,False
generic-006116,generic,test,23048,N2876,autos,autosnews,"NORTH KINGSTOWN -- A crash involving three vehicles, one of them an Ocean State Job Lot truck, seriously injured three people and closed the westbound lanes of Route 403 out of Quonset for about three hours during Tuesday's evening commute. One driver was taken to Kent Hospital with critical injuries and two were taken to Rhode Island Hospital with serious injuries, North Kingstown Fire Chief ...",North Kingstown crash blocks rush hour traffic out of Quonset,"Generate a news headline. Category: autos Article summary: NORTH KINGSTOWN -- A crash involving three vehicles, one of them an Ocean State Job Lot truck, seriously injured three people and closed the westbound lanes of Route 403 out of Quonset for about three hours during Tuesday's evening commute. One driver was taken to Kent Hospital with critical injuries and two were taken to Rhode Island Hospital with serious injuries, North Kingstown Fire Chief ...",North Kingstown crash blocks rush hour traffic out of Quonset,66,10,True,6.925511e-05,0,https://assets.msn.com/labs/mind/AAJczup.html,Ocean State Job Lot truck crash seriously injured three,False
generic-006117,generic,test,58362,N14020,news,newsus,"Carroll County health officials have identified a fifth animal in the past few weeks to test positive for rabies. Health officials are quick to point out this is far from an epidemic; however, the number of cases in such a short period of time has caused some mild concern. They said the best thing pet owners can do is to make sure their pets are vaccinated for rabies. Sign up for our Newsletters A kitten found last week in northeastern Carroll...",Kitten found in Carroll County tests positive for rabies,"Generate a news headline. Category: news Article summary: Carroll County health officials have identified a fifth animal in the past few weeks to test positive for rabies. Health officials are quick to point out this is far from an epidemic; however, the number of cases in such a short period of time has caused some mild concern. They said the best thing pet owners can do is to make sure their pets are vaccinated for rabies. Sign up for our Newsletters A kitten found last week in northeastern Carroll...",Kitten found in Carroll County tests positive for rabies,81,9,True,0.0001522965,0,https://assets.msn.com/labs/mind/AAJTZOe.html,5 cats tested positive for rabies in Carroll County,False
generic-006118,generic,test,43890,N7197,news,newsus,"Some Baltimore City Department of Public Works employees are demanding change at its facilities after a death over the summer. Trina Cunningham was a DPW supervisor who fell through a grate into a vat of water while working at the Patapsco Wastewater Treatment Facility in June. Sign up for our Newsletters The City Union of Baltimore and Cunningham's family blame the city for her death. ""The city has failed my wife, me, our son, family,...","DPW employees, family demand change after worker's death","Generate a news headline. Category: news Article summary: Some Baltimore City Department of Public Works employees are demanding change at its facilities after a death over the summer. Trina Cunningham was a DPW supervisor who fell through a grate into a vat of water while working at the Patapsco Wastewater Treatment Facility in June. Sign up for our Newsletters The City Union of Baltimore and Cunningham's family blame the city for her death. ""The city has failed my wife, me, our son, family,...","DPW employees, family demand change after worker's death",75,8,False,9.721899e-05,0,https://assets.msn.com/labs/mind/BBWLLBO.html,Baltimore City Department of Public Works employees demanding change after death over summer,False
generic-006119,generic,test,42363,N61542,sports,icehockey_nhl,"DETROIT Opponents probably see Filip Hronek as a skilled European defenseman with a good shot and offensive instincts. Dylan McIlrath saw another side of Hronek when they were teammates in Grand Rapids, elements the young defenseman has shown at times with the Detroit Red Wings: being abrasive, hard to play against and not backing down. It led to Hronek's first NHL fighting major in Friday's ...",Red Wings' Filip Hronek developing knack for agitating opponents,"Generate a news headline. Category: sports Article summary: DETROIT Opponents probably see Filip Hronek as a skilled European defenseman with a good shot and offensive instincts. Dylan McIlrath saw another side of Hronek when they were teammates in Grand Rapids, elements the young defenseman has shown at times with the Detroit Red Wings: being abrasive, hard to play against and not backing down. It led to Hronek's first NHL fighting major in Friday's ...",Red Wings' Filip Hronek developing knack for agitating opponents,66,9,True,0.00015673945,0,https://assets.msn.com/labs/mind/BBWw3oR.html,Filip Hronek is a skilled European defenseman with a good shot and offensive instincts,False
generic-006120,generic,test,9213,N80,news,newscrime,It's a controversial request that highlights the complicated dynamics of holding a trafficking victim responsible for helping to victimize others.,She was sex trafficked and then criminally charged. Now she's asking for a pardon.,Generate a news headline. Category: news Article summary: It's a controversial request that highlights the complicated dynamics of holding a trafficking victim responsible for helping to victimize others.,She was sex trafficked and then criminally charged. Now she's asking for a pardon.,20,14,True,0.99980575,1,https://assets.msn.com/labs/mind/AAIU9Sa.html,'It's a difficult situation' for trafficking victims,False
generic-006121,generic,test,42484,N61622,sports,basketball_nba,"The nightmare season continues for the Warriors, as Curry's replacement Damion Lee is set to miss at least the next two weeks with a broken hand.",Warriors' Damion Lee out at least two weeks,"Generate a news headline. Category: sports Article summary: The nightmare season continues for the Warriors, as Curry's replacement Damion Lee is set to miss at least the next two weeks with a broken hand.",Warriors' Damion Lee out at least two weeks,26,8,True,0.00010213084,0,https://assets.msn.com/labs/mind/BBWEsfg.html,Curry's Damion Lee set to miss at least the next two weeks with broken hand,False
generic-006122,generic,test,32083,N35227,sports,football_nfl,https://www.dailymotion.com/embed/video/x nvmy autoPlay= FOXBORO Mass. -- Monday's holiday carried a special meaning for New England Patriots long snapper Joe Cardona. In addition to being a key cog in the Patriots',Patriots Long Snapper Joe Cardona Offers Unique Perspective On Veterans Day,Generate a news headline. Category: sports Article summary: https://www.dailymotion.com/embed/video/x nvmy autoPlay= FOXBORO Mass. -- Monday's holiday carried a special meaning for New England Patriots long snapper Joe Cardona. In addition to being a key cog in the Patriots',Patriots Long Snapper Joe Cardona Offers Unique Perspective On Veterans Day,30,11,True,0.00022419055,0,https://assets.msn.com/labs/mind/BBWE0LH.html,New England Patriots long snapper Joe Cardona is a key cog in the Patriots',False
generic-006123,generic,test,62875,N10876,sports,baseball_mlb,Will Austin Romine come back?; Teams make it clear they want Miguel Andujar; Yankees will do their best to get Cole; Cashman is engaging with all free agents.,NYY news: Miggy on the move?,Generate a news headline. Category: sports Article summary: Will Austin Romine come back?; Teams make it clear they want Miguel Andujar; Yankees will do their best to get Cole; Cashman is engaging with all free agents.,NYY news: Miggy on the move?,28,6,True,0.00019457421,0,https://assets.msn.com/labs/mind/BBWPTyi.html,"Yankees' Austin Romine, Miguel Andujar, Cashman to get Cole",False
generic-006124,generic,test,35538,N13419,lifestyle,lifestylefamily,"Six-year-old Sean is nothing short of adorable! He is so filled with joy and his jokes are second to none. This sweet kid loves to explore, learn and make you laugh. Sean will bring complete happiness to any family and he's ready to become part of one. This little cutie is a HUGE Blues fan! His little wish is to see his favorite players take the ice! If you would like to learn more about becoming part of Sean's life or granting his little wish,...",A Place to Call Home: Six-year-old Sean will melt your heart,"Generate a news headline. Category: lifestyle Article summary: Six-year-old Sean is nothing short of adorable! He is so filled with joy and his jokes are second to none. This sweet kid loves to explore, learn and make you laugh. Sean will bring complete happiness to any family and he's ready to become part of one. This little cutie is a HUGE Blues fan! His little wish is to see his favorite players take the ice! If you would like to learn more about becoming part of Sean's life or granting his little wish,...",A Place to Call Home: Six-year-old Sean will melt your heart,85,11,True,0.99958724,1,https://assets.msn.com/labs/mind/BBWEJli.html,Six-year-old Sean is a HUGE Blues fan,False
generic-006125,generic,test,23703,N31522,sports,football_nfl,"Fall is officially here and we've already had snow. Yay... If you haven't finished your fall maintenance list, get on it. This is a comprehensive list of fall maintenance items for Minnesota homeowners. We post this same fall maintenance list every year, and we modify it just a bit every year with new and updated information. For this year's list, we have a podcast episode to go along with all ...",Fall maintenance checklist for Minnesota homeowners,"Generate a news headline. Category: sports Article summary: Fall is officially here and we've already had snow. Yay... If you haven't finished your fall maintenance list, get on it. This is a comprehensive list of fall maintenance items for Minnesota homeowners. We post this same fall maintenance list every year, and we modify it just a bit every year with new and updated information. For this year's list, we have a podcast episode to go along with all ...",Fall maintenance checklist for Minnesota homeowners,71,6,True,9.3113245e-05,0,https://assets.msn.com/labs/mind/AAJa5sr.html,Fall maintenance list for Minnesota homeowners,False
generic-006126,generic,test,22823,N7629,finance,markets,"It was practically the anthem for this year's World Series, with tens of thousands of Washington Nationals fans clapping in unison and belting out ""Baby Shark, doo-doo doo-doo doo-doo.""",'Baby Shark' Makes Millions for Family Behind Infectious Tune,"Generate a news headline. Category: finance Article summary: It was practically the anthem for this year's World Series, with tens of thousands of Washington Nationals fans clapping in unison and belting out ""Baby Shark, doo-doo doo-doo doo-doo.""",'Baby Shark' Makes Millions for Family Behind Infectious Tune,29,9,True,0.00010782271,0,https://assets.msn.com/labs/mind/AAJHHXo.html,"'Baby Shark, doo-doo doo-doo doo-doo', 'Ba",False
generic-006127,generic,test,9845,N58202,finance,markets,"In winning the JEDI contract, Microsoft has turned into the ""top dog"" in the cloud computing world, and that's big news for MSFT stock.More From InvestorPlace 2 Toxic Pot Stocks You Should Avoid 10 Stocks to Buy Regardless of Q3 Earnings 8 Consumer Stocks to Buy before Thanksgiving 7 Autonomous Vehicle Stocks to Drive You to the Future",Buy Microsoft Stock Because JEDI Contract Changes the Game,"Generate a news headline. Category: finance Article summary: In winning the JEDI contract, Microsoft has turned into the ""top dog"" in the cloud computing world, and that's big news for MSFT stock.More From InvestorPlace 2 Toxic Pot Stocks You Should Avoid 10 Stocks to Buy Regardless of Q3 Earnings 8 Consumer Stocks to Buy before Thanksgiving 7 Autonomous Vehicle Stocks to Drive You to the Future",Buy Microsoft Stock Because JEDI Contract Changes the Game,58,9,True,8.065238e-05,0,https://assets.msn.com/labs/mind/AAJy1KJ.html,"Microsoft turns into the ""top dog"" in the cloud computing world, and that's big news for MSFT",False
generic-006128,generic,test,32055,N30926,sports,tennis,"Talk about mind blown! At two years old, Serena Williams' daughter Alexis Olympia Ohanian Jr. is still learning about the wonders of the world, including soft vs. hard-boiled eggs. Alexis Ohanian shared his daughter's latest discovery and her priceless reaction to it with his social media followers on Thursday, November 7. Serena Williams' daughter Olympia had a priceless reaction to seeing a soft-boiled egg Loading the player... ""The moment you...",Serena Willams' daughter Olympia has priceless reaction to seeing her first soft-boiled egg,"Generate a news headline. Category: sports Article summary: Talk about mind blown! At two years old, Serena Williams' daughter Alexis Olympia Ohanian Jr. is still learning about the wonders of the world, including soft vs. hard-boiled eggs. Alexis Ohanian shared his daughter's latest discovery and her priceless reaction to it with his social media followers on Thursday, November 7. Serena Williams' daughter Olympia had a priceless reaction to seeing a soft-boiled egg Loading the player... ""The moment you...",Serena Willams' daughter Olympia has priceless reaction to seeing her first soft-boiled egg,70,13,True,0.99996006,1,https://assets.msn.com/labs/mind/BBWty7O.html,"Serena Williams' daughter Alexis Olympia Ohanian Jr. is still learning about the wonders of the world, including soft vs.",False
generic-006129,generic,test,3982,N29583,video,news,CNN's Jake Tapper asked Democratic presidential hopeful Mayor Pete Buttigieg to weigh in on former Democratic presidential nominee Hillary Clinton suggesting that Russians are 'grooming' fellow 2020 candidate Tulsi Gabbard for a third-party run.,Buttigieg reacts to Hillary Clinton's swipe at Gabbard,Generate a news headline. Category: video Article summary: CNN's Jake Tapper asked Democratic presidential hopeful Mayor Pete Buttigieg to weigh in on former Democratic presidential nominee Hillary Clinton suggesting that Russians are 'grooming' fellow 2020 candidate Tulsi Gabbard for a third-party run.,Buttigieg reacts to Hillary Clinton's swipe at Gabbard,34,8,True,0.0010266826,0,https://assets.msn.com/labs/mind/AAJ4f1r.html,CNN's Jake Tapper asks Democratic presidential hopeful to weigh in on Hillary Clinton 'grooming' Tulsi Gabbard,False
generic-006130,generic,test,10364,N1153,sports,basketball_ncaa,Kentucky basketball's exhibition opener was marred by an injury to junior Nick Richards. How long he is out could affect John Calipari's plans.,What Nick Richards' ankle injury could mean for Kentucky basketball,Generate a news headline. Category: sports Article summary: Kentucky basketball's exhibition opener was marred by an injury to junior Nick Richards. How long he is out could affect John Calipari's plans.,What Nick Richards' ankle injury could mean for Kentucky basketball,23,10,True,0.99990344,1,https://assets.msn.com/labs/mind/AAJt1iX.html,Kentucky basketball's Nick Richards injury could affect John Calipari's plans,False
generic-006131,generic,test,45254,N54476,news,newsworld,"An inmate at the Oak Park Heights prison was gravely injured on Friday during an inmate-on-inmate assault, Minnesota Department of Corrections officials said. The inmate, 59, is being treated at Regions Hospital in St. Paul with ""potentially life-threatening injuries,"" said Sarah Fitzgerald, a spokeswoman for the DOC. The inmate was found by prison staff to [ ]",Oak Park Heights prison inmate critically injured during assault,"Generate a news headline. Category: news Article summary: An inmate at the Oak Park Heights prison was gravely injured on Friday during an inmate-on-inmate assault, Minnesota Department of Corrections officials said. The inmate, 59, is being treated at Regions Hospital in St. Paul with ""potentially life-threatening injuries,"" said Sarah Fitzgerald, a spokeswoman for the DOC. The inmate was found by prison staff to [ ]",Oak Park Heights prison inmate critically injured during assault,57,9,True,0.000118119744,0,https://assets.msn.com/labs/mind/BBWF6o1.html,Inmate at Oak Park Heights prison gravely injured during inmate-on-inmate assault,False
generic-006132,generic,test,9606,N28299,tv,tv-celebrity,The Step Up star celebrated her main man's major milestone by posting a sweet slideshow and loving message. Read what she wrote here.,Jenna Dewan Gushes Over Boyfriend Steve Kazee in Touching Birthday Tribute,Generate a news headline. Category: tv Article summary: The Step Up star celebrated her main man's major milestone by posting a sweet slideshow and loving message. Read what she wrote here.,Jenna Dewan Gushes Over Boyfriend Steve Kazee in Touching Birthday Tribute,23,11,True,0.9999722,1,https://assets.msn.com/labs/mind/AAJBCQh.html,The Step Up star celebrated her main man's major milestone by posting a sweet slideshow and loving message,False
generic-006133,generic,test,35257,N7277,weather,weathertopstories,"With a deepening marine layer, the San Francisco Bay Area is seeing the thickest and most widespread fog of the week Thursday morning. A handful of vehicle crashes are being reported that may be linked to low visibility. Visibility across much of the North Bay interior valleys including in Santa Rosa, Napa and Petaluma is .25-mile or less. The National Weather Service has issued a Dense Fog Advisory for this region through 9 a.m. Patchy, dense...",Dangerously thick fog spreads across Bay Area: .25-mile visibility in some spots,"Generate a news headline. Category: weather Article summary: With a deepening marine layer, the San Francisco Bay Area is seeing the thickest and most widespread fog of the week Thursday morning. A handful of vehicle crashes are being reported that may be linked to low visibility. Visibility across much of the North Bay interior valleys including in Santa Rosa, Napa and Petaluma is .25-mile or less. The National Weather Service has issued a Dense Fog Advisory for this region through 9 a.m. Patchy, dense...",Dangerously thick fog spreads across Bay Area: .25-mile visibility in some spots,76,12,True,0.00011060252,0,https://assets.msn.com/labs/mind/BBWpYyj.html,San Francisco Bay Area sees thickest and most widespread fog of the week,False
generic-006134,generic,test,2808,N27794,sports,football_nfl,"After seeing Jameis Winston commit six turnovers against the Panthers, Bruce Arians said the quarterback must know when to quit on a play.",Bruce Arians on Jameis Winston's six turnovers: 'He has a habit of trying to be Superman',"Generate a news headline. Category: sports Article summary: After seeing Jameis Winston commit six turnovers against the Panthers, Bruce Arians said the quarterback must know when to quit on a play.",Bruce Arians on Jameis Winston's six turnovers: 'He has a habit of trying to be Superman',23,16,True,0.99979466,1,https://assets.msn.com/labs/mind/AAIINPE.html,Bruce Arians says Jameis Winston must know when to quit on a play,False
generic-006135,generic,test,63754,N12380,sports,basketball_ncaa,"Lance Phelps just wants his son to get one more team bus ride. Sure, he'd love if his oldest child could play football again. Line up with his buddies on the offensive line. Wear the gold and black of Tecumseh High School. But with his son, Jackson, in the hospital for almost two weeks, Phelps would be giddy over a bus ride. He and so many others in Tecumseh have learned over the past ...",How family of hospitalized football player found perspective in its darkest hours,"Generate a news headline. Category: sports Article summary: Lance Phelps just wants his son to get one more team bus ride. Sure, he'd love if his oldest child could play football again. Line up with his buddies on the offensive line. Wear the gold and black of Tecumseh High School. But with his son, Jackson, in the hospital for almost two weeks, Phelps would be giddy over a bus ride. He and so many others in Tecumseh have learned over the past ...",How family of hospitalized football player found perspective in its darkest hours,75,12,False,0.004604285,0,https://assets.msn.com/labs/mind/BBWM2jI.html,Lance Phelps wants his son to get one more team bus ride,False
generic-006136,generic,test,57631,N31095,sports,mma,"Before UFC Fight Night 162 goes down this Saturday (Oct. 26, 2019) in Singapore, take a look at some of the best finishes from many of the combatants competing at the event.",Video: Best Finishes From UFC 'Singapore' Fighters,"Generate a news headline. Category: sports Article summary: Before UFC Fight Night 162 goes down this Saturday (Oct. 26, 2019) in Singapore, take a look at some of the best finishes from many of the combatants competing at the event.",Video: Best Finishes From UFC 'Singapore' Fighters,32,7,True,0.00018008654,0,https://assets.msn.com/labs/mind/AAJbmIb.html,UFC Fight Night 162's best finish at Singapore's UFC Fight Night 162,False
generic-006137,generic,test,16782,N31327,sports,football_nfl,Interceptions rarely come as easy as the pick Earl Thomas corraled Sunday night in Baltimore. Thomas was the recipient of an effective arm punt by Tom Brady early in the,Tom Brady Begrudgingly Tips Cap To Earl Thomas For Interception In Patriots-Ravens,Generate a news headline. Category: sports Article summary: Interceptions rarely come as easy as the pick Earl Thomas corraled Sunday night in Baltimore. Thomas was the recipient of an effective arm punt by Tom Brady early in the,Tom Brady Begrudgingly Tips Cap To Earl Thomas For Interception In Patriots-Ravens,30,12,True,0.00012795826,0,https://assets.msn.com/labs/mind/AAJXhBZ.html,Earl Thomas corraled in Baltimore,False
generic-006138,generic,test,22043,N14193,autos,autosnews,"MEDINA, Ohio-- Three troopers with the Ohio State Highway Patrol were punished after an internal investigation sparked by a crash in the middle of the night last April on Interstate 71 near Medina, the FOX 8 I-Team found. Last spring, the I-Team revealed patrol car video showing troopers flying down the highway even though they had not been called to an emergency. They reached speeds of 90 mph ...",Three troopers disciplined for speeding on I-71 for 'No good reason',"Generate a news headline. Category: autos Article summary: MEDINA, Ohio-- Three troopers with the Ohio State Highway Patrol were punished after an internal investigation sparked by a crash in the middle of the night last April on Interstate 71 near Medina, the FOX 8 I-Team found. Last spring, the I-Team revealed patrol car video showing troopers flying down the highway even though they had not been called to an emergency. They reached speeds of 90 mph ...",Three troopers disciplined for speeding on I-71 for 'No good reason',69,11,True,0.0001508371,0,https://assets.msn.com/labs/mind/AAJjKBk.html,Three Ohio State Highway Patrol troopers punished after internal investigation,False
generic-006139,generic,test,35420,N37007,sports,golf,Tournament host Tiger Woods has added Jordan Spieth and Henrik Stenson to the 18-man field at next month's Hero World Challenge.,"Spieth, Stenson added to Hero World Challenge field",Generate a news headline. Category: sports Article summary: Tournament host Tiger Woods has added Jordan Spieth and Henrik Stenson to the 18-man field at next month's Hero World Challenge.,"Spieth, Stenson added to Hero World Challenge field",21,8,True,9.740533e-05,0,https://assets.msn.com/labs/mind/BBWHFZv.html,Tiger Woods add Jordan Spieth and Henrik Stenson to Hero World Challenge,False
generic-006140,generic,test,47628,N34384,lifestyle,lifestylefamily,"U.S. Air Force veteran Harold Bergbower died a week before Veterans Day. His daughter, Debra Grunwald, recounts his experience in WWII.",Peoria woman recounts life of her WWII veteran father who died a week before Veterans Day,"Generate a news headline. Category: lifestyle Article summary: U.S. Air Force veteran Harold Bergbower died a week before Veterans Day. His daughter, Debra Grunwald, recounts his experience in WWII.",Peoria woman recounts life of her WWII veteran father who died a week before Veterans Day,21,16,True,0.99644816,1,https://assets.msn.com/labs/mind/BBWy1cA.html,Air Force veteran Harold Bergbower dies a week before Veterans Day,False
generic-006141,generic,test,7144,N27402,lifestyle,lifestylebuzz,"Shauna Darcy When Shauna Darcy first brought Ruby home, the plan was to have Ruby act as a service dog to help her with anxiety, depression and agoraphobia.",Dog Refuses To Leave Mom's Hospital Room After Saving Her Life,"Generate a news headline. Category: lifestyle Article summary: Shauna Darcy When Shauna Darcy first brought Ruby home, the plan was to have Ruby act as a service dog to help her with anxiety, depression and agoraphobia.",Dog Refuses To Leave Mom's Hospital Room After Saving Her Life,28,11,True,0.999655,1,https://assets.msn.com/labs/mind/AAIAQUc.html,"Shauna Darcy's plan to have Ruby act as a service dog to help her with anxiety, depression and agoraphobia",False
generic-006142,generic,test,51054,N6198,sports,golf,Victory at the Mayakoba Golf Classic last November for Matt Kuchar should have been one of golf's feel-good stories of the year.,Matt Kuchar returns to Mayakoba Golf Classic and site of 'Caddie-Gate',Generate a news headline. Category: sports Article summary: Victory at the Mayakoba Golf Classic last November for Matt Kuchar should have been one of golf's feel-good stories of the year.,Matt Kuchar returns to Mayakoba Golf Classic and site of 'Caddie-Gate',22,11,True,9.862467e-05,0,https://assets.msn.com/labs/mind/BBWyuhx.html,Matt Kuchar's victory at Mayakoba Golf Classic should have been one of golf's feel-good stories of the year,False
generic-006143,generic,test,50785,N2830,sports,football_nfl,"The Cincinnati Bengals lost running back Giovani Bernard to a knee injury during the team's Week 10 game against the Baltimore Ravens. Bernard went to the blue tent in the second quarter and the team quickly ruled him out. They then revised it to a doubtful tag before he unexpectedly made his return in the second half. At the time of the injury, the Ravens had a 28-3 lead and Bernard had turned two carries into 10 yards while serving as the...","Giovani Bernard suffers knee injury vs. Ravens, eventually returns","Generate a news headline. Category: sports Article summary: The Cincinnati Bengals lost running back Giovani Bernard to a knee injury during the team's Week 10 game against the Baltimore Ravens. Bernard went to the blue tent in the second quarter and the team quickly ruled him out. They then revised it to a doubtful tag before he unexpectedly made his return in the second half. At the time of the injury, the Ravens had a 28-3 lead and Bernard had turned two carries into 10 yards while serving as the...","Giovani Bernard suffers knee injury vs. Ravens, eventually returns",82,9,True,9.860407e-05,0,https://assets.msn.com/labs/mind/BBWym6p.html,Cincinnati Bengals lose running back Giovani Bernard to knee injury,False
generic-006144,generic,test,29674,N62189,sports,football_nfl,"The biggest takeaway from Monday's 33-0 win over the Jets, was Sam Darnold saying on the sideline he was seeing ghosts when reading the Patriots defense. The second-year quarterback was mic'd up for ESPN, and the network aired the comment during the game. This upset many within the Jets organization, and even around the league, as they felt ESPN shouldn't have aired the line as not everything players say when they are mic'd up makes it on the...",Julian Edelman doesn't feel bad for Sam Darnold after seeing ghosts comment was aired on ESPN,"Generate a news headline. Category: sports Article summary: The biggest takeaway from Monday's 33-0 win over the Jets, was Sam Darnold saying on the sideline he was seeing ghosts when reading the Patriots defense. The second-year quarterback was mic'd up for ESPN, and the network aired the comment during the game. This upset many within the Jets organization, and even around the league, as they felt ESPN shouldn't have aired the line as not everything players say when they are mic'd up makes it on the...",Julian Edelman doesn't feel bad for Sam Darnold after seeing ghosts comment was aired on ESPN,78,16,True,0.99997044,1,https://assets.msn.com/labs/mind/AAJkQqg.html,Jets' Sam Darnold says he was seeing ghosts when reading Patriots defense,False
generic-006145,generic,test,28296,N2033,lifestyle,lifestyledidyouknow,"Sesame Street has been a part of countless childhoods since it premiered back in 1969. Here are 23 facts about ""Sesame Street"" you probably didn't know.",23 Fun Facts About 'Sesame Street' You Never Knew,"Generate a news headline. Category: lifestyle Article summary: Sesame Street has been a part of countless childhoods since it premiered back in 1969. Here are 23 facts about ""Sesame Street"" you probably didn't know.",23 Fun Facts About 'Sesame Street' You Never Knew,26,9,True,0.99997914,1,https://assets.msn.com/labs/mind/AAJE4TG.html,'Sesame Street' is a part of countless childhoods since 1969,False
generic-006146,generic,test,37529,N61204,news,newsus,"The sentencing phase of the trial for Rahmael Holt, the man convicted in the murder of New Kensington Police Officer Brian Shaw, enters a second day on Thursday morning.","Defense To Call Rahmael Holt's Girlfriend, Pastor On Day 2 Of Sentencing Phase Of Trial","Generate a news headline. Category: news Article summary: The sentencing phase of the trial for Rahmael Holt, the man convicted in the murder of New Kensington Police Officer Brian Shaw, enters a second day on Thursday morning.","Defense To Call Rahmael Holt's Girlfriend, Pastor On Day 2 Of Sentencing Phase Of Trial",29,15,True,0.00012138263,0,https://assets.msn.com/labs/mind/BBWKUsw.html,Rahmael Holt sentencing for murder of New Kensington Police Officer Brian Shaw,False
generic-006147,generic,test,44348,N59482,news,newsus,"A person was injured with a knife Tuesday night during an Akins Early College High School basketball scrimmage, Austin school district officials said. Akins Principal Tina Salazar sent a letter to families that said an altercation between students and possible non-students happened in the stands during the game at the South Austin school. ""As the dispute was moving from the stands toward the ...",Officials: One injured by knife at Akins Early College High basketball game,"Generate a news headline. Category: news Article summary: A person was injured with a knife Tuesday night during an Akins Early College High School basketball scrimmage, Austin school district officials said. Akins Principal Tina Salazar sent a letter to families that said an altercation between students and possible non-students happened in the stands during the game at the South Austin school. ""As the dispute was moving from the stands toward the ...",Officials: One injured by knife at Akins Early College High basketball game,64,12,True,0.00017169541,0,https://assets.msn.com/labs/mind/BBWI3NA.html,Akins Early College High School basketball scrimmage injured,False
generic-006148,generic,test,49244,N12331,sports,basketball_nba,The Spurs came into the 2019 season with high expectations for Murray. He showed why against the Oklahoma City Thunder on Thursday night.,Spurs' Murray hits circus shot while falling to floor,Generate a news headline. Category: sports Article summary: The Spurs came into the 2019 season with high expectations for Murray. He showed why against the Oklahoma City Thunder on Thursday night.,Spurs' Murray hits circus shot while falling to floor,23,9,True,8.451201e-05,0,https://assets.msn.com/labs/mind/BBWr8CB.html,Spurs vs. Oklahoma City Thunder vs. Oklahoma City Thunder,False
generic-006149,generic,test,37782,N25664,finance,finance-video,"Project ""Mose,"" like the biblical hero Moses, was supposed to prevent the sort of massive flooding that has hit Venice. But decades after its inception and billions in cost overruns later, the rusting mega project is still years from entering service -- and may prove irrelevant soon after. Matthew Larotonda reports.",The mega project that failed to save Venice,"Generate a news headline. Category: finance Article summary: Project ""Mose,"" like the biblical hero Moses, was supposed to prevent the sort of massive flooding that has hit Venice. But decades after its inception and billions in cost overruns later, the rusting mega project is still years from entering service -- and may prove irrelevant soon after. Matthew Larotonda reports.",The mega project that failed to save Venice,51,8,False,0.00049365393,0,https://assets.msn.com/labs/mind/BBWKWOQ.html,"'Mose', like the biblical hero Moses, was supposed to prevent massive flooding",False
generic-006150,generic,test,61714,N25506,sports,baseball_mlb,"NEW YORK -- The way that Yankees general manager Brian Cashman saw it, it wouldn't be fair summing up catcher Gary Sanchez's year focusing on his offensive struggles from June on or his horrific postseason at the plate or all of those passed balls and wild pitches in playoff games. The way Cashman saw it ""I thought Sanchez had a great season, obviously outside of the injuries."" Great?! Wow, ...",Why Yankees say Gary Sanchez had 'great season' despite long slump and postseason failures,"Generate a news headline. Category: sports Article summary: NEW YORK -- The way that Yankees general manager Brian Cashman saw it, it wouldn't be fair summing up catcher Gary Sanchez's year focusing on his offensive struggles from June on or his horrific postseason at the plate or all of those passed balls and wild pitches in playoff games. The way Cashman saw it ""I thought Sanchez had a great season, obviously outside of the injuries."" Great?! Wow, ...",Why Yankees say Gary Sanchez had 'great season' despite long slump and postseason failures,70,14,True,0.0015080048,0,https://assets.msn.com/labs/mind/AAJkWB0.html,"Yankees' Brian Cashman: 'I thought Sanchez had a great season, obviously outside of the injuries'",False
generic-006151,generic,test,47220,N1781,sports,football_nfl,"Saquon Barkley did not look like himself on Sunday against the Jets. The Giants lost to their in-house rivals 34-27, and Barkley didn't do as much to help their cause as he usually does. The star running back caught five passes for 30 yards, but could only manage one yard on 13 rushing attempts. Barkley is only a few weeks removed from a high ankle sprain, and his performance sparked some concerns that he might not be 100 percent physically....","Pat Shurmur: Giants' Saquon Barkley Is 'Fine,' Won't Be Shut Down","Generate a news headline. Category: sports Article summary: Saquon Barkley did not look like himself on Sunday against the Jets. The Giants lost to their in-house rivals 34-27, and Barkley didn't do as much to help their cause as he usually does. The star running back caught five passes for 30 yards, but could only manage one yard on 13 rushing attempts. Barkley is only a few weeks removed from a high ankle sprain, and his performance sparked some concerns that he might not be 100 percent physically....","Pat Shurmur: Giants' Saquon Barkley Is 'Fine,' Won't Be Shut Down",80,11,True,0.00027222832,0,https://assets.msn.com/labs/mind/BBWBrTx.html,Saquon Barkley's performance sparked concerns that he might not be 100 percent physically,False
generic-006152,generic,test,34533,N9141,news,newscrime,"A Greenville County student at Southside High School is facing charges after an incident happened Friday at Berea High School, according to a district official. District Communications Director Beth Brotherton said a Berea High administrator smelled a strong odor of marijuana coming from a student vehicle in the parking lot. Sign up for our Newsletters Greenville County deputies were immediately notified, Brotherton said. During their search,...","Smell of pot in Greenville County student's car leads to weapons charge, district says","Generate a news headline. Category: news Article summary: A Greenville County student at Southside High School is facing charges after an incident happened Friday at Berea High School, according to a district official. District Communications Director Beth Brotherton said a Berea High administrator smelled a strong odor of marijuana coming from a student vehicle in the parking lot. Sign up for our Newsletters Greenville County deputies were immediately notified, Brotherton said. During their search,...","Smell of pot in Greenville County student's car leads to weapons charge, district says",66,14,True,0.000113554874,0,https://assets.msn.com/labs/mind/BBWtFN2.html,Greenville County student faces charges after incident at Southside High School,False
generic-006153,generic,test,23451,N50836,news,newsus,"Curious just how far your dollar goes in Cleveland real estate? From budget apartments to luxury apartments, here's what you can get locally by price point, with photos and amenities.","Apartments for rent in Cleveland: What will $1,000 get you?","Generate a news headline. Category: news Article summary: Curious just how far your dollar goes in Cleveland real estate? From budget apartments to luxury apartments, here's what you can get locally by price point, with photos and amenities.","Apartments for rent in Cleveland: What will $1,000 get you?",30,10,True,0.00012067496,0,https://assets.msn.com/labs/mind/AAJOXUY.html,"How far you can get in Cleveland real estate? Here's what you can get locally by price point, with photos and amenities",False
generic-006154,generic,test,22710,N36508,news,newsus,"Federal officials are investigating after a small plane grazed an Amazon truck during an emergency crash landing on a main Doral artery, about four miles west of Miami International Airport. The plane came to a stop at an intersection along Northwest 25th Street just west of 87th Avenue late Sunday night, near an industrial complex and the headquarters of Miami-Dade police. It clipped an ...","Small plane ditches along busy Doral street, grazes Amazon delivery truck on way down","Generate a news headline. Category: news Article summary: Federal officials are investigating after a small plane grazed an Amazon truck during an emergency crash landing on a main Doral artery, about four miles west of Miami International Airport. The plane came to a stop at an intersection along Northwest 25th Street just west of 87th Avenue late Sunday night, near an industrial complex and the headquarters of Miami-Dade police. It clipped an ...","Small plane ditches along busy Doral street, grazes Amazon delivery truck on way down",65,14,True,0.00016611669,0,https://assets.msn.com/labs/mind/AAJOOuH.html,Small plane grazes Amazon truck during crash landing on Doral artery,False
generic-006155,generic,test,59514,N47738,sports,football_nfl,"CLEVELAND, Ohio Trent Williams isn't coming to save the Browns' offensive line this season. The Browns couldn't swing a deal with the Redskins to send the seven-time Pro Bowler to Cleveland, that means they will move ahead with what's already in-house. Freddie Kitchens now has to choose from Justin McCray, who started against the Patriots, Greg Robinson, who was benched after starting the ...",How Justin McCray's left tackle debut compares to Greg Robinson this season,"Generate a news headline. Category: sports Article summary: CLEVELAND, Ohio Trent Williams isn't coming to save the Browns' offensive line this season. The Browns couldn't swing a deal with the Redskins to send the seven-time Pro Bowler to Cleveland, that means they will move ahead with what's already in-house. Freddie Kitchens now has to choose from Justin McCray, who started against the Patriots, Greg Robinson, who was benched after starting the ...",How Justin McCray's left tackle debut compares to Greg Robinson this season,64,12,True,0.999647,1,https://assets.msn.com/labs/mind/AAJD4xu.html,Trent Williams isn't coming to save Browns' offensive line this season,False
generic-006156,generic,test,17094,N56129,video,news,"A fire erupted before dawn Monday in Los Angeles and roared up slopes into well-to-do neighborhoods, threatening thousands of homes and moving near the world-famous Getty art museum (Oct. 28)",Wildfire near Los Angeles forces evacuations,"Generate a news headline. Category: video Article summary: A fire erupted before dawn Monday in Los Angeles and roared up slopes into well-to-do neighborhoods, threatening thousands of homes and moving near the world-famous Getty art museum (Oct. 28)",Wildfire near Los Angeles forces evacuations,30,6,True,6.60194e-05,0,https://assets.msn.com/labs/mind/AAJuIKl.html,"Fire erupters in Los Angeles, threatening thousands of homes and moving near Getty art museum",False
generic-006157,generic,test,25312,N35073,autos,autosnews,"A man was taken to the hospital with serious injuries after a crash in Union Township early Wednesday morning. The Ohio State Highway Patrol said the crash took place around 2:56 a.m. on Old SR 74 near Heitman Lane. Police said Seth D. Wilver, 20, was driving north when he failed to negotiate a curve in the roadway and drove off the right side of the road, hitting a fence before coming to a stop. Wilver was transported to Anderson Mercy Hospital...",OSP: Driver hospitalized with serious injuries after crash in Union Township,"Generate a news headline. Category: autos Article summary: A man was taken to the hospital with serious injuries after a crash in Union Township early Wednesday morning. The Ohio State Highway Patrol said the crash took place around 2:56 a.m. on Old SR 74 near Heitman Lane. Police said Seth D. Wilver, 20, was driving north when he failed to negotiate a curve in the roadway and drove off the right side of the road, hitting a fence before coming to a stop. Wilver was transported to Anderson Mercy Hospital...",OSP: Driver hospitalized with serious injuries after crash in Union Township,82,11,True,0.00012235914,0,https://assets.msn.com/labs/mind/AAJzg7b.html,Man taken to hospital with serious injuries after crash in Union Township,False
generic-006158,generic,test,49848,N13354,finance,finance-career-education,"Earning a college degree isn't all about finding a high-paying job. But it's certainly a big part of the deal. More and more in today's competitive world of higher education, students are choosing their school based on how it will impact their bottom line once they graduate. That means colleges and universities with graduates earning higher salaries right out of the gate could have an edge when it comes to recruiting top applicants. A recent...",Four Triad schools rank in state's top 10 in terms of starting salaries,"Generate a news headline. Category: finance Article summary: Earning a college degree isn't all about finding a high-paying job. But it's certainly a big part of the deal. More and more in today's competitive world of higher education, students are choosing their school based on how it will impact their bottom line once they graduate. That means colleges and universities with graduates earning higher salaries right out of the gate could have an edge when it comes to recruiting top applicants. A recent...",Four Triad schools rank in state's top 10 in terms of starting salaries,75,13,True,0.00013241015,0,https://assets.msn.com/labs/mind/BBWDGM3.html,"Earning a college degree isn't all about finding a high-paying job, but it's certainly a big part of",False
generic-006159,generic,test,30581,N31577,sports,icehockey_nhl,Only time will tell how it will all play out and whether the Senators will circle back to finding a president down the road.,Senators suspend search for president of hockey operations,Generate a news headline. Category: sports Article summary: Only time will tell how it will all play out and whether the Senators will circle back to finding a president down the road.,Senators suspend search for president of hockey operations,24,8,False,7.4733965e-05,0,https://assets.msn.com/labs/mind/AAIMip4.html,Senators will be able to find a president down the road,False
generic-006160,generic,test,2223,N61808,news,newsoffbeat,"DENVER -- A rock was recently thrown off a pedestrian bridge and onto a vehicle in north Denver. Christie Cline says she was driving down West 38th Avenue near Kalamath Street when a rock fell from the sky and onto the door of her SUV. ""My son freaked out and was like, 'What's happening?' My first reaction was, 'Are you kidding me?' I can't afford to get this paid,"" Cline said. Cline ...","Rock tossed off pedestrian bridge, onto vehicle in north Denver","Generate a news headline. Category: news Article summary: DENVER -- A rock was recently thrown off a pedestrian bridge and onto a vehicle in north Denver. Christie Cline says she was driving down West 38th Avenue near Kalamath Street when a rock fell from the sky and onto the door of her SUV. ""My son freaked out and was like, 'What's happening?' My first reaction was, 'Are you kidding me?' I can't afford to get this paid,"" Cline said. Cline ...","Rock tossed off pedestrian bridge, onto vehicle in north Denver",73,10,True,0.000113670896,0,https://assets.msn.com/labs/mind/AAJWNS7.html,Rock thrown off pedestrian bridge and onto vehicle in north Denver,False
generic-006161,generic,test,52534,N61417,foodanddrink,newstrends,"Time and again, I come back to one spice: amchur, which can create magic with so many foods. The sun-dried green mango powder works best as a finishing spice so add it to foods that cook quickly or at the end of cooking. Amchur is a sour light-brownish powder with haunting notes of mango yet has no sweetness. Oven-roasting fish is arguably the cleanest and simplest way to cook fish in a home kitchen. To get the flakiest, perfect cook on a...",Flaky roast fish gets delicious kick from amchur,"Generate a news headline. Category: foodanddrink Article summary: Time and again, I come back to one spice: amchur, which can create magic with so many foods. The sun-dried green mango powder works best as a finishing spice so add it to foods that cook quickly or at the end of cooking. Amchur is a sour light-brownish powder with haunting notes of mango yet has no sweetness. Oven-roasting fish is arguably the cleanest and simplest way to cook fish in a home kitchen. To get the flakiest, perfect cook on a...",Flaky roast fish gets delicious kick from amchur,82,8,False,0.9999175,1,https://assets.msn.com/labs/mind/AAJx1Rt.html,Amchur is a sour light-brownish powder with haunting notes of mango,False
generic-006162,generic,test,38092,N41725,news,newscrime,"NEW ORLEANS A New Orleans man has been arrested for pretending to be handicapped in order to have home health care workers change his adult diaper. Twenty-nine-year-old Rutledge Deas, who also goes by ""Rory,"" created multiple social media posts for home health care workers. Deas would specify in the ads that the services would be for his 18-year-old mentally and physically handicapped brother, ...",NOPD: Man pretended to be handicapped to trick home care workers into changing his diaper,"Generate a news headline. Category: news Article summary: NEW ORLEANS A New Orleans man has been arrested for pretending to be handicapped in order to have home health care workers change his adult diaper. Twenty-nine-year-old Rutledge Deas, who also goes by ""Rory,"" created multiple social media posts for home health care workers. Deas would specify in the ads that the services would be for his 18-year-old mentally and physically handicapped brother, ...",NOPD: Man pretended to be handicapped to trick home care workers into changing his diaper,64,15,True,0.9582924,1,https://assets.msn.com/labs/mind/BBWMbF2.html,New Orleans man arrested for pretending to be handicapped in order to change his adult diaper,False
generic-006163,generic,test,19383,N47962,sports,football_nfl,The competitive juices will be flowing for the Patriots when they take the field Sunday night in Baltimore. It won't be tough for New England to get up for this,Ex-Patriot Explains How Bill Belichick Will Fire Up Team For Tilt With Ravens,Generate a news headline. Category: sports Article summary: The competitive juices will be flowing for the Patriots when they take the field Sunday night in Baltimore. It won't be tough for New England to get up for this,Ex-Patriot Explains How Bill Belichick Will Fire Up Team For Tilt With Ravens,30,13,True,0.0004598257,0,https://assets.msn.com/labs/mind/AAJNuxe.html,Patriots vs. New England vs. Patriots,False
generic-006164,generic,test,40269,N31957,travel,travelarticle,"The hotel will be built on the property of Cardinal Stadium's ""T Lot,"" which was sold to an affiliate of Peachtree Hotel Group for $2.75 in July.",Louisville's Cardinal Stadium may soon have a new neighbor a 134-room Hilton hotel,"Generate a news headline. Category: travel Article summary: The hotel will be built on the property of Cardinal Stadium's ""T Lot,"" which was sold to an affiliate of Peachtree Hotel Group for $2.75 in July.",Louisville's Cardinal Stadium may soon have a new neighbor a 134-room Hilton hotel,27,13,True,0.00031857518,0,https://assets.msn.com/labs/mind/BBWEetx.html,"Cardinal Stadium's ""T Lot"" will be built on the property of Peachtree Hotel Group",False
generic-006165,generic,test,11725,N13642,sports,football_nfl,"Being haunted does seem fitting with Halloween just around the corner, especially since ""The Boogeymen"" on defense for the Patriots are genuinely beginning to scare just about everyone.",Patriots' Kyle Van Noy amused over Sam Darnold 'seeing ghosts',"Generate a news headline. Category: sports Article summary: Being haunted does seem fitting with Halloween just around the corner, especially since ""The Boogeymen"" on defense for the Patriots are genuinely beginning to scare just about everyone.",Patriots' Kyle Van Noy amused over Sam Darnold 'seeing ghosts',28,10,True,0.0033275886,0,https://assets.msn.com/labs/mind/AAJasp8.html,'The Boogeymen' on defense for Patriots,False
generic-006166,generic,test,19141,N13081,news,newsus,"Ola Salem was, by all accounts, fearless. As a teenager, she stood up to the managers of an amusement park after she was not allowed on rides because she was wearing a head scarf.",She Fought for Muslim Women. Then She Was Found Dead.,"Generate a news headline. Category: news Article summary: Ola Salem was, by all accounts, fearless. As a teenager, she stood up to the managers of an amusement park after she was not allowed on rides because she was wearing a head scarf.",She Fought for Muslim Women. Then She Was Found Dead.,34,10,True,0.009288254,0,https://assets.msn.com/labs/mind/AAJNtOE.html,"Ola Salem, a teenager, stood up to the managers of amusement park after she was not allowed on rides",False
generic-006167,generic,test,1002,N55678,lifestyle,lifestylepets,"Meet one and a half-year-old Little Thang, the featured pet on Fetch ME a Home. Little Thang's foster mom says she was picked up as a stray in Arkansas. Little Thang can be paired with submissive dogs and loves going on adventures. She also does well with cats. Little Thang is available for adopting through Fetching Hope Rescue. RELATED: Fetch ME a Home: Barkley and Chewbacca RELATED: Fetch ME a Home: Zola up for adoption Fetch ME a Home airs...",Fetch ME a Home: Little Thang is looking for a home,"Generate a news headline. Category: lifestyle Article summary: Meet one and a half-year-old Little Thang, the featured pet on Fetch ME a Home. Little Thang's foster mom says she was picked up as a stray in Arkansas. Little Thang can be paired with submissive dogs and loves going on adventures. She also does well with cats. Little Thang is available for adopting through Fetching Hope Rescue. RELATED: Fetch ME a Home: Barkley and Chewbacca RELATED: Fetch ME a Home: Zola up for adoption Fetch ME a Home airs...",Fetch ME a Home: Little Thang is looking for a home,80,11,True,0.002956626,0,https://assets.msn.com/labs/mind/AAJJeID.html,Little Thang's foster mom says she was picked up as a stray in Arkansas,False
generic-006168,generic,test,56782,N41143,sports,more_sports,Former Michigan linebacker Devin Bush is making a strong case for NFL Defensive Rookie of the Year. The No. 10 overall pick by the Pittsburgh Steelers had another standout performance in Sunday's 24-17 win over the Los Angeles Chargers with an interception and fumble recovery. Bush returned the Phillip Rivers fumble for a touchdown -- the first of his career. He now his six takeaways in six ...,"Ex-Michigan LB Devin Bush, takeaway machine, scores first career TD",Generate a news headline. Category: sports Article summary: Former Michigan linebacker Devin Bush is making a strong case for NFL Defensive Rookie of the Year. The No. 10 overall pick by the Pittsburgh Steelers had another standout performance in Sunday's 24-17 win over the Los Angeles Chargers with an interception and fumble recovery. Bush returned the Phillip Rivers fumble for a touchdown -- the first of his career. He now his six takeaways in six ...,"Ex-Michigan LB Devin Bush, takeaway machine, scores first career TD",68,10,True,8.159305e-05,0,https://assets.msn.com/labs/mind/AAIKUxd.html,Devin Bush makes strong case for NFL Defensive Rookie of the Year,False
generic-006169,generic,test,27706,N41703,news,newsus,"In Stockton, California, city and law enforcement leaders are attempting to build trust between police and communities of color. Why is this so hard to do?",A Police Department's Difficult Assignment: Atonement,"Generate a news headline. Category: news Article summary: In Stockton, California, city and law enforcement leaders are attempting to build trust between police and communities of color. Why is this so hard to do?",A Police Department's Difficult Assignment: Atonement,26,6,True,0.00013008936,0,https://assets.msn.com/labs/mind/AAJePej.html,"Stockton, California, law enforcement leaders attempting to build trust between police and communities of color",False
generic-006170,generic,test,1623,N40215,news,newsus,"Friday, Boynton Beach police responded to a shooting at the Cherry Hill Mini Market on Northwest Fourth Street around 12 p.m. One male was shot and transported to a hospital, where he later died. According to a Cherry Hill Market employee, the victim was in front of the store on a bicycle when someone in a car pulled up and shot him. She says the victim then ran inside the store for help. This is an active investigation. Anyone with information...",One dead in Boynton Beach shooting,"Generate a news headline. Category: news Article summary: Friday, Boynton Beach police responded to a shooting at the Cherry Hill Mini Market on Northwest Fourth Street around 12 p.m. One male was shot and transported to a hospital, where he later died. According to a Cherry Hill Market employee, the victim was in front of the store on a bicycle when someone in a car pulled up and shot him. She says the victim then ran inside the store for help. This is an active investigation. Anyone with information...",One dead in Boynton Beach shooting,81,6,True,8.498526e-05,0,https://assets.msn.com/labs/mind/AAJ0CbM.html,Boynton Beach police respond to shooting at Cherry Hill Mini Market,False
generic-006171,generic,test,11110,N18902,music,music-gallery,"It was the decade of grunge, hip-hop and techno, and while Hollywood milked all of these musical genres for every last drop of marketability, many of the best soundtracks of the '90s were backward-looking compilations of familiar and forgotten classics.",The 25 best soundtracks of the '90s,"Generate a news headline. Category: music Article summary: It was the decade of grunge, hip-hop and techno, and while Hollywood milked all of these musical genres for every last drop of marketability, many of the best soundtracks of the '90s were backward-looking compilations of familiar and forgotten classics.",The 25 best soundtracks of the '90s,40,7,True,0.9999695,1,https://assets.msn.com/labs/mind/AAIDS11.html,Best soundtracks of the '90s were backward-looking compilations of familiar and forgotten classics,False
generic-006172,generic,test,17477,N5360,foodanddrink,newstrends,"If you feel the indulgence of an all-you-can-eat restaurant calling out to you, there's one within your home state to enjoy. Whether it's comfort food, seafood, an international favorite such as sushi or Indian, or an over-the-top Brazilian steakhouse, here are 50 buffets well worth stopping in for a visit.",Lancaster Has One of America's Best All-You-Can-Eat Restaurants,"Generate a news headline. Category: foodanddrink Article summary: If you feel the indulgence of an all-you-can-eat restaurant calling out to you, there's one within your home state to enjoy. Whether it's comfort food, seafood, an international favorite such as sushi or Indian, or an over-the-top Brazilian steakhouse, here are 50 buffets well worth stopping in for a visit.",Lancaster Has One of America's Best All-You-Can-Eat Restaurants,50,8,True,0.9996904,1,https://assets.msn.com/labs/mind/AAJXkZh.html,"If you're a fan of all-you-can-eat restaurants, there's one in your home state to enjoy",False
generic-006173,generic,test,47290,N62091,news,newsus,"Gov. Greg Abbott on Thursday announced the state will provide a temporary location for people who are homeless to camp in Southeast Austin near U.S. 183 and Montopolis Drive. The announcement comes just after the Austin Chamber of Commerce announced the ATX Helps campaign to raise $14 million to build a temporary shelter in Austin by early 2020. In a statement Thursday, Abbott spokesman John ...",BREAKING: State to provide temporary space for homeless camps in Southeast Austin,"Generate a news headline. Category: news Article summary: Gov. Greg Abbott on Thursday announced the state will provide a temporary location for people who are homeless to camp in Southeast Austin near U.S. 183 and Montopolis Drive. The announcement comes just after the Austin Chamber of Commerce announced the ATX Helps campaign to raise $14 million to build a temporary shelter in Austin by early 2020. In a statement Thursday, Abbott spokesman John ...",BREAKING: State to provide temporary space for homeless camps in Southeast Austin,66,12,True,0.00010058232,0,https://assets.msn.com/labs/mind/BBWqsNq.html,Gov. Greg Abbott to provide temporary shelter for homeless in Austin,False
generic-006174,generic,test,12220,N13386,sports,basketball_nba,"Warriors guard Damion Lee sprang from his seat and kicked his right knee high in the air before he landed, crouched low and shuffled his feet. It was midway through the third quarter of the Warriors' 127-118 win over the Trail Blazers at Chase Center on Monday night, and guard Ky Bowman had just found center Willie Cauley-Stein for an alley-oop dunk. Lee, blank-faced in mock seriousness, stayed in his crouch for several moments while his fellow...",Eric Paschall powers Warriors to joyful win over Blazers,"Generate a news headline. Category: sports Article summary: Warriors guard Damion Lee sprang from his seat and kicked his right knee high in the air before he landed, crouched low and shuffled his feet. It was midway through the third quarter of the Warriors' 127-118 win over the Trail Blazers at Chase Center on Monday night, and guard Ky Bowman had just found center Willie Cauley-Stein for an alley-oop dunk. Lee, blank-faced in mock seriousness, stayed in his crouch for several moments while his fellow...",Eric Paschall powers Warriors to joyful win over Blazers,77,9,True,0.00010330484,0,https://assets.msn.com/labs/mind/AAJS8qw.html,"Warriors guard Damion Lee sprang from his seat and kicked his right knee high in the air before he landed, crouched",False
generic-006175,generic,test,2708,N4502,news,newsoffbeat,"ALLEGAN, Mich. A dog at the Allegan County Animal Shelter is about to celebrate his fourth birthday and his only wish is to find a loving home. In just over a week, Rudy will turn 4 years old, but for nearly a quarter of his life, he's been in the shelter and it's starting to take a toll on him. ""He loves people he loves attention, he loves pets walks and loves tennis balls, you could throw ...",Dog wants family for 4th birthday after more than 340-day shelter stay,"Generate a news headline. Category: news Article summary: ALLEGAN, Mich. A dog at the Allegan County Animal Shelter is about to celebrate his fourth birthday and his only wish is to find a loving home. In just over a week, Rudy will turn 4 years old, but for nearly a quarter of his life, he's been in the shelter and it's starting to take a toll on him. ""He loves people he loves attention, he loves pets walks and loves tennis balls, you could throw ...",Dog wants family for 4th birthday after more than 340-day shelter stay,78,12,True,0.00073396834,0,https://assets.msn.com/labs/mind/AAJ4uDE.html,"Dog at Allegan County Animal Shelter is about to celebrate his fourth birthday, but for nearly a quarter of his life, he's been in",False
generic-006176,generic,test,53161,N51578,sports,racing,NASCAR's Steve O'Donnell told SiriusXM NASCAR Radio: 'I think what we saw was an aggressive move by a crew member.',NASCAR hints at penalty for crew member who tossed Denny Hamlin to ground,Generate a news headline. Category: sports Article summary: NASCAR's Steve O'Donnell told SiriusXM NASCAR Radio: 'I think what we saw was an aggressive move by a crew member.',NASCAR hints at penalty for crew member who tossed Denny Hamlin to ground,20,13,True,9.91969e-05,0,https://assets.msn.com/labs/mind/AAJsQ7z.html,NASCAR's Steve O'Donnell: 'I think what we saw was an aggressive move by a crew member',False
generic-006177,generic,test,36598,N9877,news,newsoffbeat,"BROOMFIELD, Colo. Legacy High School was placed on lockout on Tuesday morning after threats were made toward the Broomfield school, officials said. In a letter to parents, principal Sara Marx said the school received anonymous calls threatening the school. The Broomfield Police Department and security with Adams 12 Five Star district began investigating the origin of the calls. While the ...",Legacy High School placed on lockout after threats made,"Generate a news headline. Category: news Article summary: BROOMFIELD, Colo. Legacy High School was placed on lockout on Tuesday morning after threats were made toward the Broomfield school, officials said. In a letter to parents, principal Sara Marx said the school received anonymous calls threatening the school. The Broomfield Police Department and security with Adams 12 Five Star district began investigating the origin of the calls. While the ...",Legacy High School placed on lockout after threats made,61,9,True,0.00015986543,0,https://assets.msn.com/labs/mind/BBWEOIz.html,"BROOMFIELD, Colo. Legacy High School placed on lockout after threats made toward school",False
generic-006178,generic,test,1590,N9144,sports,basketball_nba,"Oklahoma City Thunder ticket prices are going down, according to a report from a secondary-ticket resale site. But the team disputes the report and said it doesn't reflect the way most people buy Thunder tickets. ""Those numbers saying that the prices have gone down -- that's all more focused on the resale across the country of tickets. That has nothing to do with how we sell tickets,"" said Thunder spokesman Dan Mahoney. The numbers came out in a...",Thunder deny report claiming ticket prices are going down,"Generate a news headline. Category: sports Article summary: Oklahoma City Thunder ticket prices are going down, according to a report from a secondary-ticket resale site. But the team disputes the report and said it doesn't reflect the way most people buy Thunder tickets. ""Those numbers saying that the prices have gone down -- that's all more focused on the resale across the country of tickets. That has nothing to do with how we sell tickets,"" said Thunder spokesman Dan Mahoney. The numbers came out in a...",Thunder deny report claiming ticket prices are going down,78,9,False,8.738758e-05,0,https://assets.msn.com/labs/mind/AAJ0Ca7.html,"Oklahoma City Thunder ticket prices go down, says resale site",False
generic-006179,generic,test,36338,N43940,weather,weathertopstories,The NTSB in a new report blasts the Coast Guard for failing to force the duck boat tourism industry to make critical safety improvements.,Report blasts Coast Guard for not forcing change on duck boats before deadly sinking,Generate a news headline. Category: weather Article summary: The NTSB in a new report blasts the Coast Guard for failing to force the duck boat tourism industry to make critical safety improvements.,Report blasts Coast Guard for not forcing change on duck boats before deadly sinking,24,14,True,8.465784e-05,0,https://assets.msn.com/labs/mind/BBWKOYN.html,NTSB blasts Coast Guard for failing to force duck boat tourism industry,False
generic-006180,generic,test,64897,N63951,sports,football_ncaa,MIchigan State football is mired in a three-game losing skid. Illinois has won three in a row as the two programs on different paths meet Saturday.,"Michigan State football, Illinois on different paths but 'need a win in the worst way'",Generate a news headline. Category: sports Article summary: MIchigan State football is mired in a three-game losing skid. Illinois has won three in a row as the two programs on different paths meet Saturday.,"Michigan State football, Illinois on different paths but 'need a win in the worst way'",26,15,True,0.00010080836,0,https://assets.msn.com/labs/mind/BBWtntc.html,MIchigan State wins three in a row as two programs on different paths meet,False
generic-006181,generic,test,63708,N61929,movies,movienews,Martin Scorsese's 'The Irishman' has experts on the unsolved mystery of Jimmy Hoffa's disappearance questioning the accuracy of this historical drama.,'The Irishman' stirs controversy over its version of what happened to Jimmy Hoffa,Generate a news headline. Category: movies Article summary: Martin Scorsese's 'The Irishman' has experts on the unsolved mystery of Jimmy Hoffa's disappearance questioning the accuracy of this historical drama.,'The Irishman' stirs controversy over its version of what happened to Jimmy Hoffa,21,13,True,0.0002713087,0,https://assets.msn.com/labs/mind/BBWOpoA.html,Martin Scorsese's 'The Irishman' examines Jimmy Hoffa's disappearance,False
generic-006182,generic,test,53634,N35054,finance,finance-real-estate,"In late October, 58-year-old Rodney Randolph will move down the hill from his public housing unit in San Francisco's once notorious Sunnydale public housing project to a fifth-floor apartment in a new building just completed two blocks away. It's a five-minute walk from the old spot to the new place. But it feels like a world away. ""Instead of facing these old Army barracks, I'm going to be facing the ocean,"" said Randolph, an Army veteran who...",SF's public housing was crumbling. Is a multibillion-dollar makeover the answer?,"Generate a news headline. Category: finance Article summary: In late October, 58-year-old Rodney Randolph will move down the hill from his public housing unit in San Francisco's once notorious Sunnydale public housing project to a fifth-floor apartment in a new building just completed two blocks away. It's a five-minute walk from the old spot to the new place. But it feels like a world away. ""Instead of facing these old Army barracks, I'm going to be facing the ocean,"" said Randolph, an Army veteran who...",SF's public housing was crumbling. Is a multibillion-dollar makeover the answer?,77,11,False,0.00015239239,0,https://assets.msn.com/labs/mind/AAJ5w4Z.html,58-year-old will move down hill from San Francisco's Sunnydale public housing project to fifth-floor apartment,False
generic-006183,generic,test,34990,N28152,news,elections-2020-us,President Trump's reelection campaign announced that on Wednesday it raised over $3.1 million in donations the same day as the first public hearing of the House's impeachment inquiry into Trump.,Trump campaign raises $3.1M on first day of impeachment hearings,Generate a news headline. Category: news Article summary: President Trump's reelection campaign announced that on Wednesday it raised over $3.1 million in donations the same day as the first public hearing of the House's impeachment inquiry into Trump.,Trump campaign raises $3.1M on first day of impeachment hearings,30,10,True,6.979093e-05,0,https://assets.msn.com/labs/mind/BBWLqo6.html,Trump campaign raises $3.1 million in donations as first public hearing of impeachment inquiry,False
generic-006184,generic,test,62644,N39002,travel,travelnews,"Mizner Park, a 28-year-old shopping plaza in downtown Boca Raton, was in need of a refresh after losing some tenants in recent years. Now, the owner is energizing its retail mix with restaurants, bars, stores, entertainment, and some pop-up retailers. H u00e4stens, a company that sells handmade bedding from Sweden, will open in December, according to Mizner Park's management, followed by ...","Boca Raton's Mizner Park jazzes up plaza with new restaurants, stores, bars and entertainment","Generate a news headline. Category: travel Article summary: Mizner Park, a 28-year-old shopping plaza in downtown Boca Raton, was in need of a refresh after losing some tenants in recent years. Now, the owner is energizing its retail mix with restaurants, bars, stores, entertainment, and some pop-up retailers. H u00e4stens, a company that sells handmade bedding from Sweden, will open in December, according to Mizner Park's management, followed by ...","Boca Raton's Mizner Park jazzes up plaza with new restaurants, stores, bars and entertainment",62,14,True,0.00014517433,0,https://assets.msn.com/labs/mind/BBWOLNQ.html,Boca Raton shopping plaza in need of a refresh after losing tenants,False
generic-006185,generic,test,58388,N36375,sports,basketball_ncaa,"Greg Gard is frustrated to see dozens of other players gain immediate eligibility, knowing Micah Potter might have to sit out a third semester.",Greg Gard insists UW will continue to fight for Micah Potter to be declared immediately eligible,"Generate a news headline. Category: sports Article summary: Greg Gard is frustrated to see dozens of other players gain immediate eligibility, knowing Micah Potter might have to sit out a third semester.",Greg Gard insists UW will continue to fight for Micah Potter to be declared immediately eligible,24,16,True,0.0009573851,0,https://assets.msn.com/labs/mind/AAJuXCX.html,"Greg Gard, Micah Potter and Micah Potter sat out for a third semester",False
generic-006186,generic,test,29405,N50633,sports,basketball_nba,"Q: Ira, I hope Dion Waiters and James Johnson were paying attention to Saturday's game. This win over the Bucks was about being best conditioned team down the stretch, guys understanding and playing their roles, and coaches trusting their players. I totally understand Pat Riley's ire. -- Cheryl, Plantation. A: Which is why it will be so interesting to see what comes next, especially if the ...","ASK IRA: What do the Heat do next with Waiters, Johnson?","Generate a news headline. Category: sports Article summary: Q: Ira, I hope Dion Waiters and James Johnson were paying attention to Saturday's game. This win over the Bucks was about being best conditioned team down the stretch, guys understanding and playing their roles, and coaches trusting their players. I totally understand Pat Riley's ire. -- Cheryl, Plantation. A: Which is why it will be so interesting to see what comes next, especially if the ...","ASK IRA: What do the Heat do next with Waiters, Johnson?",67,11,True,0.00020097007,0,https://assets.msn.com/labs/mind/AAJq8mt.html,"Dion Waiters, James Johnson pay attention to Saturday's win over the Bucks",False
generic-006187,generic,test,41682,N24212,foodanddrink,newstrends,"What's the first thing that comes to mind when you hear the term ""Sloppy Joe?"" Is it not ground beef in tomato sauce on a roll, but rather a double-decker cold cut sandwich on rye? Congratulations, you're a true New Jerseyan. The New Jersey Sloppy Joe features two types of meat (of your choice) with coleslaw, Swiss cheese and Russian dressing on thinly sliced Rye bread. Leave it to New Jersey ...",These 2 N.J. delis are famous for their Sloppy Joes. But which does it best?,"Generate a news headline. Category: foodanddrink Article summary: What's the first thing that comes to mind when you hear the term ""Sloppy Joe?"" Is it not ground beef in tomato sauce on a roll, but rather a double-decker cold cut sandwich on rye? Congratulations, you're a true New Jerseyan. The New Jersey Sloppy Joe features two types of meat (of your choice) with coleslaw, Swiss cheese and Russian dressing on thinly sliced Rye bread. Leave it to New Jersey ...",These 2 N.J. delis are famous for their Sloppy Joes. But which does it best?,72,15,True,0.9999757,1,https://assets.msn.com/labs/mind/BBWL6ZU.html,"The New Jersey Sloppy Joe features two types of meat (of your choice) with coleslaw, Swiss cheese and Russian dressing on thinly sliced",False
generic-006188,generic,test,24530,N21734,news,newscrime,"Police say a man died after a suspect hit him with a metal pole in downtown Phoenix Wednesday night. John Kallay died of his injuries after he was found lying in the street unresponsive near 12th Avenue and Madison Street. Police say officers were flagged down by a witness who was chasing the suspect at 12th Avenue and Jefferson Street at 10:07 p.m. The suspect was running, carrying a four-foot metal pole, police say. The suspect was identified...","Man hit another man with a pole, killing him on a street in downtown Phoenix, police say","Generate a news headline. Category: news Article summary: Police say a man died after a suspect hit him with a metal pole in downtown Phoenix Wednesday night. John Kallay died of his injuries after he was found lying in the street unresponsive near 12th Avenue and Madison Street. Police say officers were flagged down by a witness who was chasing the suspect at 12th Avenue and Jefferson Street at 10:07 p.m. The suspect was running, carrying a four-foot metal pole, police say. The suspect was identified...","Man hit another man with a pole, killing him on a street in downtown Phoenix, police say",78,17,True,0.00038955023,0,https://assets.msn.com/labs/mind/AAIWfUH.html,Man dies after suspect hits him with metal pole in downtown Phoenix,False
generic-006189,generic,test,22839,N46750,news,newscrime,The toll of human bodies has risen to 42 after three days of searching at a mass grave site that was discovered Thursday near Puerto Pe asco.,Search concludes with 42 bodies found in mass grave near Rocky Point,Generate a news headline. Category: news Article summary: The toll of human bodies has risen to 42 after three days of searching at a mass grave site that was discovered Thursday near Puerto Pe asco.,Search concludes with 42 bodies found in mass grave near Rocky Point,27,12,True,9.875284e-05,0,https://assets.msn.com/labs/mind/AAJoFSZ.html,Human body toll rises to 42 after search at Puerto Pe asco grave site,False
generic-006190,generic,test,27732,N29817,tv,tvnews,"HAMPTON ROADS, Va. A special announcement by the U.S. Department of Housing and Urban Development will happen in Norfolk at 1:30 p.m. that will share news regarding Newport News and Norfolk. According to HUD, the announcement will involve support services for HUD-assisted families ""that can help them achieve self-sufficiency, thereby making scarce federal resources more readily available to ...",HUD to make special announcement regarding Newport News and Norfolk,"Generate a news headline. Category: tv Article summary: HAMPTON ROADS, Va. A special announcement by the U.S. Department of Housing and Urban Development will happen in Norfolk at 1:30 p.m. that will share news regarding Newport News and Norfolk. According to HUD, the announcement will involve support services for HUD-assisted families ""that can help them achieve self-sufficiency, thereby making scarce federal resources more readily available to ...",HUD to make special announcement regarding Newport News and Norfolk,59,10,True,7.8647e-05,0,https://assets.msn.com/labs/mind/AAJQ1GN.html,U.S. Department of Housing and Urban Development to announce special announcement in Norfolk at 1:30 p.m.,False
generic-006191,generic,test,22216,N58515,finance,personalfinance,"In this series, NerdWallet interviews people who have triumphed over debt. Responses have been edited for length and clarity. DeShena Woodard is happy. She's working full time in her dream",How I Ditched Debt: From 'Extravagantly Broke' to Comfortably Frugal,"Generate a news headline. Category: finance Article summary: In this series, NerdWallet interviews people who have triumphed over debt. Responses have been edited for length and clarity. DeShena Woodard is happy. She's working full time in her dream",How I Ditched Debt: From 'Extravagantly Broke' to Comfortably Frugal,30,10,True,0.99978775,1,https://assets.msn.com/labs/mind/AAJTjZu.html,NerdWallet interviews people who have triumphed over debt,False
generic-006192,generic,test,7182,N48005,travel,travelarticle,"WORCESTER -- A report just released ranks the top 10 cities for pizza lovers, and No. 1 was not New York with its thin slice or Chicago with its deep dish. Worcester was the top-ranked city in the country for the number of pizza places compared to all dining options. Worcester ranked No. 1 on Apartment Guide's list with 21.75% pizza spots per capita when compared to its overall dining scene. ...",Worcester ranks No. 1 in pizza shops,"Generate a news headline. Category: travel Article summary: WORCESTER -- A report just released ranks the top 10 cities for pizza lovers, and No. 1 was not New York with its thin slice or Chicago with its deep dish. Worcester was the top-ranked city in the country for the number of pizza places compared to all dining options. Worcester ranked No. 1 on Apartment Guide's list with 21.75% pizza spots per capita when compared to its overall dining scene. ...",Worcester ranks No. 1 in pizza shops,72,7,True,0.00011101695,0,https://assets.msn.com/labs/mind/AAJAfKy.html,The top 10 pizza places in the country,False
generic-006193,generic,test,29147,N5557,news,newsus,"One person is dead after a semitrailer lost control, struck a support pillar and caught fire at Interstate 35 and Sunflower Road in Edgerton early Friday morning. As of 9 a.m. Friday the highway remained closed at Sunflower Road in both directions. Authorities were called just after 2:30 a.m., said Johnson County Sheriff's Office spokeswoman Claire Caanan. The truck traveling ...","One dead after fiery semi wreck on Interstate 35 in Edgerton, Kansas","Generate a news headline. Category: news Article summary: One person is dead after a semitrailer lost control, struck a support pillar and caught fire at Interstate 35 and Sunflower Road in Edgerton early Friday morning. As of 9 a.m. Friday the highway remained closed at Sunflower Road in both directions. Authorities were called just after 2:30 a.m., said Johnson County Sheriff's Office spokeswoman Claire Caanan. The truck traveling ...","One dead after fiery semi wreck on Interstate 35 in Edgerton, Kansas",61,12,True,9.396957e-05,0,https://assets.msn.com/labs/mind/AAJIkDM.html,"One dead after semitrailer lost control, struck support pillar and caught fire",False
generic-006194,generic,test,21826,N45391,tv,tvnews,"The #MeToo controversy he was embroiled in two years ago won't keep Louis C.K. down. The disgraced comedian surprised fans with the announcement of a new 14-city international tour today on his rarely updated website and through his mailing list. ""I am on the road doing professional stand-up comedy. Which consists of sharing jokes, stories, observations, lies, non-lies, and being ...",Disgraced comic Louis C.K. announces 14-city tour,"Generate a news headline. Category: tv Article summary: The #MeToo controversy he was embroiled in two years ago won't keep Louis C.K. down. The disgraced comedian surprised fans with the announcement of a new 14-city international tour today on his rarely updated website and through his mailing list. ""I am on the road doing professional stand-up comedy. Which consists of sharing jokes, stories, observations, lies, non-lies, and being ...",Disgraced comic Louis C.K. announces 14-city tour,61,7,True,7.7765515e-05,0,https://assets.msn.com/labs/mind/AAJuZqe.html,The #MeToo controversy he was embroiled in two years ago won't keep Louis C.K. down,False
generic-006195,generic,test,7930,N9209,health,medical,"DALLAS, N.C. -- For Martha and Russell Pelc, the nightmare began one afternoon in March 2018. Russ had gotten home from his job as a forklift mechanic at a Gaston County factory. A strapping 6-foot-3, he'd been feeling weak for a while and waking with occasional night sweats. That day he'd had trouble breathing. ""We need to go to the doctor,"" he told his wife. So they drove 60 miles ...",'We were blindsided': NC vet and his wife deal with cancer -- and the VA,"Generate a news headline. Category: health Article summary: DALLAS, N.C. -- For Martha and Russell Pelc, the nightmare began one afternoon in March 2018. Russ had gotten home from his job as a forklift mechanic at a Gaston County factory. A strapping 6-foot-3, he'd been feeling weak for a while and waking with occasional night sweats. That day he'd had trouble breathing. ""We need to go to the doctor,"" he told his wife. So they drove 60 miles ...",'We were blindsided': NC vet and his wife deal with cancer -- and the VA,71,15,False,0.00021236489,0,https://assets.msn.com/labs/mind/AAJAuTU.html,Martha and Russell Pelc's nightmare began in March 2018,False
generic-006196,generic,test,43037,N21800,sports,golf,"Eddie Pepperell played the role of Roy 'Tin Cup' Mcavoy, but ran out of balls in Round 3 of the Turkish Airlines Open.","Pepperell has 'Tin Cup' moment, runs out of balls and DQd in Turkey","Generate a news headline. Category: sports Article summary: Eddie Pepperell played the role of Roy 'Tin Cup' Mcavoy, but ran out of balls in Round 3 of the Turkish Airlines Open.","Pepperell has 'Tin Cup' moment, runs out of balls and DQd in Turkey",23,13,True,0.00013124887,0,https://assets.msn.com/labs/mind/BBWw7qv.html,Eddie Pepperell plays Roy 'Tin Cup' Mcavoy in Round 3 of Turkish Airlines Open,False
generic-006197,generic,test,26953,N41098,autos,autosnews,"It was such a spectacular crash scene, it seemed to defy the laws of nature, but as a high school physics teacher assures First Coast News -- it didn't. ""The first thing, obviously I notice, is just the amount of damage here,"" Andrew Jackson High School teacher George Teuber said Tuesday evening. Monday night, a Camaro clipped a curb on Port Arthur Road, traversed roughly 80 feet that included jumping a ditch about nine feet across and crashing...",Car smashes through Jacksonville home; How fast was it going?,"Generate a news headline. Category: autos Article summary: It was such a spectacular crash scene, it seemed to defy the laws of nature, but as a high school physics teacher assures First Coast News -- it didn't. ""The first thing, obviously I notice, is just the amount of damage here,"" Andrew Jackson High School teacher George Teuber said Tuesday evening. Monday night, a Camaro clipped a curb on Port Arthur Road, traversed roughly 80 feet that included jumping a ditch about nine feet across and crashing...",Car smashes through Jacksonville home; How fast was it going?,78,10,True,9.326254e-05,0,https://assets.msn.com/labs/mind/AAJUQDR.html,"'The first thing, obviously I notice, is just the amount of damage here': High school physics teacher tells First Coast News",False
generic-006198,generic,test,11639,N57340,finance,finance-real-estate,"Mortgage rates have fallen in 2019 to some of the lowest levels in years, and lenders have found themselves flooded with applications for mortgages to buy homes or refinance existing home loans.",The 25 US cities where it's easiest to get a mortgage,"Generate a news headline. Category: finance Article summary: Mortgage rates have fallen in 2019 to some of the lowest levels in years, and lenders have found themselves flooded with applications for mortgages to buy homes or refinance existing home loans.",The 25 US cities where it's easiest to get a mortgage,32,11,True,0.9999654,1,https://assets.msn.com/labs/mind/AAJBJgH.html,Mortgage rates fall in 2019 to some of the lowest levels in years,False
generic-006199,generic,test,64433,N29497,news,newscrime,"MEMPHIS, Tenn. A 12-year-old boy accused of attempting to carjack a 65-year-old woman at an East Memphis grocery earlier this week is expected in Juvenile Court next Friday. In a tearful interview with WREG on Thursday, his mother said the family was down on their luck and the crime was a cry for help. She said he knew better than to put people in danger. Knowing better means doing better, ...",Police leader says 12-year-old carjacker case points to problem in community,"Generate a news headline. Category: news Article summary: MEMPHIS, Tenn. A 12-year-old boy accused of attempting to carjack a 65-year-old woman at an East Memphis grocery earlier this week is expected in Juvenile Court next Friday. In a tearful interview with WREG on Thursday, his mother said the family was down on their luck and the crime was a cry for help. She said he knew better than to put people in danger. Knowing better means doing better, ...",Police leader says 12-year-old carjacker case points to problem in community,71,11,True,0.00011715561,0,https://assets.msn.com/labs/mind/BBWPwIm.html,12-year-old boy accused of carjacking 65-year-old woman at East Memphis grocery,False
generic-006200,generic,test,45548,N37693,sports,basketball_ncaa,"Former UNC and NBA point guard Jeff McInnis said he had no trouble sleeping Friday night after leading his first-year team from Lincolnton -- a school called Combine Academy -- to an improbable 76-74 overtime win over Oak HIll Academy from Mouth of Wilson, Va. Oak Hill, ranked as high as No. 9 in the national polls, has won multiple mythical national championships. McInnis, who turned ...","After Oak Hill upset, former UNC star Jeff McInnis wants Combine Academy to stay focused","Generate a news headline. Category: sports Article summary: Former UNC and NBA point guard Jeff McInnis said he had no trouble sleeping Friday night after leading his first-year team from Lincolnton -- a school called Combine Academy -- to an improbable 76-74 overtime win over Oak HIll Academy from Mouth of Wilson, Va. Oak Hill, ranked as high as No. 9 in the national polls, has won multiple mythical national championships. McInnis, who turned ...","After Oak Hill upset, former UNC star Jeff McInnis wants Combine Academy to stay focused",67,15,True,0.00010263931,0,https://assets.msn.com/labs/mind/BBWwnhY.html,Former UNC point guard Jeff McInnis says he had no trouble sleeping after 76-74 overtime win over Oak HIll Academy,False
generic-006201,generic,test,58406,N19940,sports,football_nfl,SANTA CLARA -- The 49ers were hopeful left tackle Joe Staley would make his return Thursday night against the Arizona Cardinals from his fractured fibula. But that appears less likely than initially planned. Staley returned to practice for the first time since the injury before last week's game against the Carolina Panthers as a limited participant but didn't play in the game. Kyle ...,"49ers notebook: Joe Staley 'doubtful,' but slew of injured starters could return soon",Generate a news headline. Category: sports Article summary: SANTA CLARA -- The 49ers were hopeful left tackle Joe Staley would make his return Thursday night against the Arizona Cardinals from his fractured fibula. But that appears less likely than initially planned. Staley returned to practice for the first time since the injury before last week's game against the Carolina Panthers as a limited participant but didn't play in the game. Kyle ...,"49ers notebook: Joe Staley 'doubtful,' but slew of injured starters could return soon",64,13,True,0.00010536324,0,https://assets.msn.com/labs/mind/AAJz31O.html,49ers hopeful left tackle Joe Staley to return from fractured fibula,False
generic-006202,generic,test,36673,N22463,sports,racing,"AVONDALE, Ariz. Austin Hill didn't want to know how the Gander Outdoors Truck Series Playoffs points were lining up at any point during Friday's Lucas Oil 150 at ISM Raceway. Thus, the Hattori Racing Enterprises driver and polesitter received rather disappointing news as the checkered flag fell that he did not, in fact, advance [ ]",Hill dejected after narrowly missing Championship 4,"Generate a news headline. Category: sports Article summary: AVONDALE, Ariz. Austin Hill didn't want to know how the Gander Outdoors Truck Series Playoffs points were lining up at any point during Friday's Lucas Oil 150 at ISM Raceway. Thus, the Hattori Racing Enterprises driver and polesitter received rather disappointing news as the checkered flag fell that he did not, in fact, advance [ ]",Hill dejected after narrowly missing Championship 4,56,7,True,0.00020721302,0,https://assets.msn.com/labs/mind/BBWuitH.html,Austin Hill: Gander Outdoors Truck Series Playoffs lining up at ISM Raceway,False
generic-006203,generic,test,50533,N43384,news,newsus,"All new at 10, human sex trafficking is on the rise in the St. Louis area according to local law enforcement, and the victims are getting younger. Fox 2/News 11`s Katie Kormann explains how traffickers are making contact with the their victims, and what parents can do to keep children safe.",Sex Traffickers Using Social Media To Target Children,"Generate a news headline. Category: news Article summary: All new at 10, human sex trafficking is on the rise in the St. Louis area according to local law enforcement, and the victims are getting younger. Fox 2/News 11`s Katie Kormann explains how traffickers are making contact with the their victims, and what parents can do to keep children safe.",Sex Traffickers Using Social Media To Target Children,51,8,True,0.00025907153,0,https://assets.msn.com/labs/mind/BBWDmE7.html,Human sex trafficking on the rise in St. Louis,False
generic-006204,generic,test,23146,N50599,news,newsus,The civil rights groups have asked the head of the post office to investigate the matter because the mailer may violate federal law.,Civil rights groups slam RNC for 'fraudulent' census mailers to Montana residents,Generate a news headline. Category: news Article summary: The civil rights groups have asked the head of the post office to investigate the matter because the mailer may violate federal law.,Civil rights groups slam RNC for 'fraudulent' census mailers to Montana residents,23,12,True,7.745962e-05,0,https://assets.msn.com/labs/mind/AAIWKxH.html,Civil rights groups ask head of post office to investigate mailer,False
generic-006205,generic,test,44145,N29619,movies,movies-celebrity,Eva Mendes' older brother Carlos died three years and the actress just recently opened up about her grief and how she's still on a path to healing.,Eva Mendes opens up about her brother's death: 'It's so tough',Generate a news headline. Category: movies Article summary: Eva Mendes' older brother Carlos died three years and the actress just recently opened up about her grief and how she's still on a path to healing.,Eva Mendes opens up about her brother's death: 'It's so tough',27,11,True,0.99993503,1,https://assets.msn.com/labs/mind/BBWwcM9.html,Eva Mendes' older brother Carlos dies three years ago,False
generic-006206,generic,test,22978,N50785,news,newsus,"The attorney general's office issued letters to DirecTV and Comcast, saying the companies' charging a regional sports fee during a sports blackout may constitute a ""deceptive trade practice"" under the Colorado Consumer Protection Act.","Colorado attorney general investigating whether DirecTV, Comcast overcharged customers during Altitude blackout","Generate a news headline. Category: news Article summary: The attorney general's office issued letters to DirecTV and Comcast, saying the companies' charging a regional sports fee during a sports blackout may constitute a ""deceptive trade practice"" under the Colorado Consumer Protection Act.","Colorado attorney general investigating whether DirecTV, Comcast overcharged customers during Altitude blackout",34,12,True,7.791381e-05,0,https://assets.msn.com/labs/mind/AAJHIXE.html,DirecTV and Comcast accuse DirecTV and Comcast of 'deceptive trade practice',False
generic-006207,generic,test,11947,N59293,movies,movienews,"From ""The Devil Wears Prada"" co-stars Emily Blunt and Stanley Tucci to other intertwined Hollywood family trees, see which celebs are linked by blood.",54 celebrities you probably didn't realize were related,"Generate a news headline. Category: movies Article summary: From ""The Devil Wears Prada"" co-stars Emily Blunt and Stanley Tucci to other intertwined Hollywood family trees, see which celebs are linked by blood.",54 celebrities you probably didn't realize were related,24,8,True,0.9999782,1,https://assets.msn.com/labs/mind/AAJXKQA.html,The Devil Wears Prada stars Emily Blunt and Stanley Tucci,False
generic-006208,generic,test,48482,N60558,news,newscrime,"Following the most exhausting year imaginable for a criminal defense attorney, Ariel Payan had been hoping to decompress in 2019 and step away from the courthouse spotlight. Weary-eyed from four trials involving three of Austin's most notable killers, Payan, the area's go-to appointed lawyer for some of the most heinous criminal cases, reflected on those 12 months with the American-Statesman ...",Leukemia sidelines prominent Austin criminal defense lawyer,"Generate a news headline. Category: news Article summary: Following the most exhausting year imaginable for a criminal defense attorney, Ariel Payan had been hoping to decompress in 2019 and step away from the courthouse spotlight. Weary-eyed from four trials involving three of Austin's most notable killers, Payan, the area's go-to appointed lawyer for some of the most heinous criminal cases, reflected on those 12 months with the American-Statesman ...",Leukemia sidelines prominent Austin criminal defense lawyer,61,7,True,0.00011716711,0,https://assets.msn.com/labs/mind/BBWyADx.html,"Ariel Payan, Austin's most heinous criminal case, reflects on 12 months with the American-Statesman",False
generic-006209,generic,test,32260,N50871,news,newsus,"One lane of northbound I-71 has reopened at I-264 in Louisville following an overturned semi. Police say the semi was carrying lumber, and spilled its load on the roadway early Thursday morning. Sign up for our Newsletters Officials said there was 44,000 lbs of lumber on the truck. The driver was injured, but they are expected to recover. The northbound side of I-71 was closed for several hours, but reopened shortly before 8 a.m. No word yet on...","Semi overturns on I-71, spills large load of lumber","Generate a news headline. Category: news Article summary: One lane of northbound I-71 has reopened at I-264 in Louisville following an overturned semi. Police say the semi was carrying lumber, and spilled its load on the roadway early Thursday morning. Sign up for our Newsletters Officials said there was 44,000 lbs of lumber on the truck. The driver was injured, but they are expected to recover. The northbound side of I-71 was closed for several hours, but reopened shortly before 8 a.m. No word yet on...","Semi overturns on I-71, spills large load of lumber",78,9,True,7.4620744e-05,0,https://assets.msn.com/labs/mind/BBWpDww.html,A lane of northbound I-71 reopens at I-264 in Louisville,False
generic-006210,generic,test,24077,N11980,travel,traveltips,"If your family travel plans include a vacation to ""the most magical place on earth"" you'll want to access the tips and tricks of park veterans to make the most of your trip and to keep stress levels low.",Family travel five: Insider tips to make the most of a Disney World vacation,"Generate a news headline. Category: travel Article summary: If your family travel plans include a vacation to ""the most magical place on earth"" you'll want to access the tips and tricks of park veterans to make the most of your trip and to keep stress levels low.",Family travel five: Insider tips to make the most of a Disney World vacation,39,14,True,0.99988866,1,https://assets.msn.com/labs/mind/AAJOmDE.html,'The most magical place on earth': How to make the most of your trip,False
generic-006211,generic,test,40166,N2669,finance,financenews,"Residential and business customers of Central Maine Power Company and Emera Maine will pay lower rates for electricity supply throughout 2020, as a result of the Maine Public Utilities Commission's competitive bid process for setting Standard Offer Supply prices. That's according to a release from the Maine Public Utilities Commission. PUC officials said, for typical CMP residential bills based on 550 kWh monthly usage, the anticipated monthly...",PUC sets new standard offer electricity prices with a 19-20% decrease,"Generate a news headline. Category: finance Article summary: Residential and business customers of Central Maine Power Company and Emera Maine will pay lower rates for electricity supply throughout 2020, as a result of the Maine Public Utilities Commission's competitive bid process for setting Standard Offer Supply prices. That's according to a release from the Maine Public Utilities Commission. PUC officials said, for typical CMP residential bills based on 550 kWh monthly usage, the anticipated monthly...",PUC sets new standard offer electricity prices with a 19-20% decrease,67,11,True,6.788033e-05,0,https://assets.msn.com/labs/mind/BBWHYQR.html,Central Maine Power Company and Emera Maine to pay lower rates for electricity supply,False
generic-006212,generic,test,25943,N8026,news,newsworld,"TAIPEI, Taiwan (AP) Around Valentine's Day last year, the decomposing body of a pregnant Hong Kong woman, 21-year-old Poon Hiu-wing, turned up in the tall grass near a riverside spot in a suburban area of Taipei, Taiwan's capital. Her boyfriend, also from Hong Kong, was the prime suspect in her slaying but escaped to the semi-autonomous Chinese territory before Taiwanese police could take him into custody. The murder case was cited by Hong...",Q&A: How a woman's death got tangled in Hong Kong politics,"Generate a news headline. Category: news Article summary: TAIPEI, Taiwan (AP) Around Valentine's Day last year, the decomposing body of a pregnant Hong Kong woman, 21-year-old Poon Hiu-wing, turned up in the tall grass near a riverside spot in a suburban area of Taipei, Taiwan's capital. Her boyfriend, also from Hong Kong, was the prime suspect in her slaying but escaped to the semi-autonomous Chinese territory before Taiwanese police could take him into custody. The murder case was cited by Hong...",Q&A: How a woman's death got tangled in Hong Kong politics,73,11,True,0.99947673,1,https://assets.msn.com/labs/mind/AAJdt4f.html,Poon Hiu-wing's body turns up in a riverside area of Taipei,False
generic-006213,generic,test,40780,N9818,video,news,"The impeachment inquiry holds its first public hearing with Donald Trump's presidency on the line. Also, the arctic blast is gripping more than 220 million Americans. All that and all that matters in today's Eye Opener. Your world in 90 seconds.",Eye Opener: Impeachment inquiry goes public,"Generate a news headline. Category: video Article summary: The impeachment inquiry holds its first public hearing with Donald Trump's presidency on the line. Also, the arctic blast is gripping more than 220 million Americans. All that and all that matters in today's Eye Opener. Your world in 90 seconds.",Eye Opener: Impeachment inquiry goes public,41,6,True,8.520477e-05,0,https://assets.msn.com/labs/mind/BBWHcsS.html,arctic blast gripping more than 220 million Americans,False
generic-006214,generic,test,24600,N38946,sports,football_nfl,"The Texans were the only AFC South team to lose on Sunday, and their loss at Indianapolis cost them first place in the division. The Colts, Tennessee and Jacksonville won. Indianapolis leads the division by one-half game over the Texans after defeating them by seven at Lucas Oil Stadium. The Titans and Jaguars are tied for last place. The quarterbacks ignited the victories. Jacoby Brissett burned the Texans for four touchdowns. In his first...",John McClain's AFC South rewind: Week 7,"Generate a news headline. Category: sports Article summary: The Texans were the only AFC South team to lose on Sunday, and their loss at Indianapolis cost them first place in the division. The Colts, Tennessee and Jacksonville won. Indianapolis leads the division by one-half game over the Texans after defeating them by seven at Lucas Oil Stadium. The Titans and Jaguars are tied for last place. The quarterbacks ignited the victories. Jacoby Brissett burned the Texans for four touchdowns. In his first...",John McClain's AFC South rewind: Week 7,74,7,True,0.00016948556,0,https://assets.msn.com/labs/mind/AAJ7vul.html,"Colts, Tennessee, Jacksonville win first place in AFC South division",False
generic-006215,generic,test,14902,N21031,sports,basketball_nba,"After missing the entire preseason and the first three games of the regular season with a left mid-foot sprain, Warriors center Willie Cauley-Stein is expected to make his Golden State debut on Wednesday night against the Suns at Chase Center. ""If it's up to me, I'm in there,"" Cauley-Stein said in a text message. Cauley-Stein has spent the past couple of days getting in contact work with the Warriors' G League affiliate in Santa Cruz. With Kevon...","Warriors' Willie Cauley-Stein, Alec Burks listed as probable for Suns game","Generate a news headline. Category: sports Article summary: After missing the entire preseason and the first three games of the regular season with a left mid-foot sprain, Warriors center Willie Cauley-Stein is expected to make his Golden State debut on Wednesday night against the Suns at Chase Center. ""If it's up to me, I'm in there,"" Cauley-Stein said in a text message. Cauley-Stein has spent the past couple of days getting in contact work with the Warriors' G League affiliate in Santa Cruz. With Kevon...","Warriors' Willie Cauley-Stein, Alec Burks listed as probable for Suns game",77,11,True,0.000117229465,0,https://assets.msn.com/labs/mind/AAJyWrK.html,Warriors center Willie Cauley-Stein expected to make Golden State debut against Suns,False
generic-006216,generic,test,61460,N20149,news,newscrime,"YELLVILLE, Ark. (AP) Officials in Arkansas say a hunter died after he was attacked by a deer that he'd shot and believed to be dead. Arkansas Game and Fish Commission spokesman Keith Stephens says 66-year-old Thomas Alexander shot a buck with a muzzleloader while hunting Tuesday near Yellville, an area in the Ozark Mountains about 105 miles (170 kilometers) north of Little Rock. Stephens tells Springfield, Missouri, television station KY3 the...",Hunter dies in Arkansas after deer he'd shot attacks him,"Generate a news headline. Category: news Article summary: YELLVILLE, Ark. (AP) Officials in Arkansas say a hunter died after he was attacked by a deer that he'd shot and believed to be dead. Arkansas Game and Fish Commission spokesman Keith Stephens says 66-year-old Thomas Alexander shot a buck with a muzzleloader while hunting Tuesday near Yellville, an area in the Ozark Mountains about 105 miles (170 kilometers) north of Little Rock. Stephens tells Springfield, Missouri, television station KY3 the...",Hunter dies in Arkansas after deer he'd shot attacks him,71,10,True,0.00015033128,0,https://assets.msn.com/labs/mind/AAJkMw5.html,Arkansas hunter dies after he was attacked by deer that he'd shot and believed to be dead,False
generic-006217,generic,test,54063,N17446,travel,travelarticle,"The city of Tacoma is taking a new approach when it comes to boosting its tourism industry. For starters, they're no longer mentioning ""Pierce County"" in advertising materials. Now, they're going to start embracing the natural beauty that is Mount Rainier in their marketing to tourists. ""Mountain. City. Sea."" is the city's new three-word tagline that marketing organization Travel Tacoma Mt. Rainier hopes will bring even more tourism to the...",Tacoma focusing on Mount Rainier in new marketing to tourists,"Generate a news headline. Category: travel Article summary: The city of Tacoma is taking a new approach when it comes to boosting its tourism industry. For starters, they're no longer mentioning ""Pierce County"" in advertising materials. Now, they're going to start embracing the natural beauty that is Mount Rainier in their marketing to tourists. ""Mountain. City. Sea."" is the city's new three-word tagline that marketing organization Travel Tacoma Mt. Rainier hopes will bring even more tourism to the...",Tacoma focusing on Mount Rainier in new marketing to tourists,70,10,True,7.14701e-05,0,https://assets.msn.com/labs/mind/AAJgyPx.html,Travel Tacoma Mt. Rainier's new three-word tagline will bring tourism to Tacoma,False
generic-006218,generic,test,39895,N61202,sports,icehockey_nhl,https://www.dailymotion.com/embed/video/x nsrai As if suffering their worst lost of the season wasn't bad enough the Boston Bruins were dealt some insult to injury Saturday morning. In the second period of,David Pastrnak's Point Streak Ends At 13 Games After NHL Scoring Change,Generate a news headline. Category: sports Article summary: https://www.dailymotion.com/embed/video/x nsrai As if suffering their worst lost of the season wasn't bad enough the Boston Bruins were dealt some insult to injury Saturday morning. In the second period of,David Pastrnak's Point Streak Ends At 13 Games After NHL Scoring Change,30,12,True,0.00012325429,0,https://assets.msn.com/labs/mind/BBWvTE6.html,Boston Bruins suffers a blow to injury,False
generic-006219,generic,test,1101,N4505,lifestyle,lifestylepetsanimals,Nothing beats taking a short break in your day to admire beautiful wild animals. Here are 50 stunning photos taken by top-notch photographers of animals in their natural habitat.,50 incredible photos of animals in the wild,Generate a news headline. Category: lifestyle Article summary: Nothing beats taking a short break in your day to admire beautiful wild animals. Here are 50 stunning photos taken by top-notch photographers of animals in their natural habitat.,50 incredible photos of animals in the wild,29,8,True,0.99997437,1,https://assets.msn.com/labs/mind/AAJl7Vo.html,50 stunning photos taken by top-notch photographers of animals in their natural habitat,False
generic-006220,generic,test,21083,N54640,news,newsworld,"American forces and their Kurdish-led partners in Syria had been conducting as many as a dozen counterterrorism missions a day against Islamic State militants, officials said. That has stopped. Those same partners, the Syrian Democratic Forces, had also been quietly releasing some Islamic State prisoners and incorporating them into their ranks, in part as a way to keep them under watch. That, too, is now in jeopardy. And across Syria's porous...",ISIS Reaps Gains of U.S. Pullout From Syria,"Generate a news headline. Category: news Article summary: American forces and their Kurdish-led partners in Syria had been conducting as many as a dozen counterterrorism missions a day against Islamic State militants, officials said. That has stopped. Those same partners, the Syrian Democratic Forces, had also been quietly releasing some Islamic State prisoners and incorporating them into their ranks, in part as a way to keep them under watch. That, too, is now in jeopardy. And across Syria's porous...",ISIS Reaps Gains of U.S. Pullout From Syria,71,8,True,6.194691e-05,0,https://assets.msn.com/labs/mind/AAJ7crv.html,American forces and Kurdish-led partners in Syria have been conducting as many as a dozen counterterrorism missions a day against Islamic State militants,False
generic-006221,generic,test,18960,N28888,finance,personalfinance,"The first Forbes 400 list of the richest Americans was published in 1982, and it looked very different from the 2019 version.",Comparing Forbes 400 lists from 1982 and 2019 shows how differently wealth is tracked today,"Generate a news headline. Category: finance Article summary: The first Forbes 400 list of the richest Americans was published in 1982, and it looked very different from the 2019 version.",Comparing Forbes 400 lists from 1982 and 2019 shows how differently wealth is tracked today,22,15,True,0.02445018,0,https://assets.msn.com/labs/mind/AAJXraK.html,The first Forbes 400 list of the richest Americans was published in 1982,False
generic-006222,generic,test,9967,N5861,sports,baseball_mlb,Bryce Harper has no regrets about leaving the Washington Nationals in free agency last offseason - even though his former team is now playing for a championship for the first time since 1933.,Harper happy for Nationals: 'Jealousy isn't good',Generate a news headline. Category: sports Article summary: Bryce Harper has no regrets about leaving the Washington Nationals in free agency last offseason - even though his former team is now playing for a championship for the first time since 1933.,Harper happy for Nationals: 'Jealousy isn't good',33,7,True,9.900959e-05,0,https://assets.msn.com/labs/mind/AAIZ4Wt.html,Bryce Harper says he's no regrets about leaving Washington Nationals in free agency,False
generic-006223,generic,test,1800,N28825,music,music-celebrity,"Kanye West, pictured during his White House visit in October 2018, defended his support for President Trump. As the Deseret News reports, West emerged in Salt Lake City on Oct. 5 to host a Saturday edition of his popular church-inspired gatherins, which coincided with Mormon stronghold's 189th Semiannual General Conference of The Church of Jesus Christ of Latter-day Saints.",Kanye West defends supporting Donald Trump: 'I ain't never made a decision only based off my color',"Generate a news headline. Category: music Article summary: Kanye West, pictured during his White House visit in October 2018, defended his support for President Trump. As the Deseret News reports, West emerged in Salt Lake City on Oct. 5 to host a Saturday edition of his popular church-inspired gatherins, which coincided with Mormon stronghold's 189th Semiannual General Conference of The Church of Jesus Christ of Latter-day Saints.",Kanye West defends supporting Donald Trump: 'I ain't never made a decision only based off my color',59,17,True,0.9999317,1,https://assets.msn.com/labs/mind/AAInxJu.html,Kanye West defends Trump's support for Trump,False
generic-006224,generic,test,18406,N61098,news,newspolitics,"ANNAPOLIS, Md. (AP) Maryland Rep. Elijah E. Cummings died early Thursday due to complications from longstanding health challenges, his congressional office said. He was 68.",Baltimore Democratic Rep. Elijah Cummings has died,"Generate a news headline. Category: news Article summary: ANNAPOLIS, Md. (AP) Maryland Rep. Elijah E. Cummings died early Thursday due to complications from longstanding health challenges, his congressional office said. He was 68.",Baltimore Democratic Rep. Elijah Cummings has died,25,7,True,0.00014184878,0,https://assets.msn.com/labs/mind/AAIVn8r.html,Maryland Rep. Elijah E. Cummings dies due to longstanding health challenges,False
generic-006225,generic,test,61148,N20087,news,newsus,"Car crashes into stream/ Turkey poults rescued/ Chimney falls, traps man's arm/ Restaurant burglarized/ See inside CT's newest mall and more",Drag Racing Bust; School Group Kicked Out Of D.C. Museum: CT News,"Generate a news headline. Category: news Article summary: Car crashes into stream/ Turkey poults rescued/ Chimney falls, traps man's arm/ Restaurant burglarized/ See inside CT's newest mall and more",Drag Racing Bust; School Group Kicked Out Of D.C. Museum: CT News,21,12,True,7.7685014e-05,0,https://assets.msn.com/labs/mind/AAIM76g.html,"Car crashes into stream, turkey poults rescued",False
generic-006226,generic,test,62148,N27021,foodanddrink,tipsandtricks,"To make sure you impress your guests with a perfectly cooked bird this year, we've consulted a chef for his top tips on how to season a turkey.",This Is the Easiest Way to Ruin a Perfectly Good Turkey,"Generate a news headline. Category: foodanddrink Article summary: To make sure you impress your guests with a perfectly cooked bird this year, we've consulted a chef for his top tips on how to season a turkey.",This Is the Easiest Way to Ruin a Perfectly Good Turkey,28,11,True,0.9999652,1,https://assets.msn.com/labs/mind/BBPnbFT.html,Chef: How to season a turkey,False
generic-006227,generic,test,15799,N8256,lifestyle,lifestylebuzz,"Fueled by a growing Muslim population and a desire for less revealing clothing, ""modest fashion"" has evolved into a big business.","Modest clothing movement mixes faith, fashion","Generate a news headline. Category: lifestyle Article summary: Fueled by a growing Muslim population and a desire for less revealing clothing, ""modest fashion"" has evolved into a big business.","Modest clothing movement mixes faith, fashion",21,6,False,0.00012634114,0,https://assets.msn.com/labs/mind/AAIKOK3.html,'Modest fashion' is a big business,False
generic-006228,generic,test,37096,N45499,news,newsus,"MESA, AZ (3TV/CBS 5) -- A retired Mesa Police detective says she was forced to leave the department because of toxic leadership. Vicki Hixson blames Chief Ramon Batista, who resigned last week, but she says he was only part of the problem. [VIDEO: Former Mesa PD detective claims she left department due to 'toxic leadership'] Hixson retired last year after serving 21 years with Mesa Police, where she led a team connecting officers with mental...",Retired Mesa PD detective says former Chief Batista was only part of the problem,"Generate a news headline. Category: news Article summary: MESA, AZ (3TV/CBS 5) -- A retired Mesa Police detective says she was forced to leave the department because of toxic leadership. Vicki Hixson blames Chief Ramon Batista, who resigned last week, but she says he was only part of the problem. [VIDEO: Former Mesa PD detective claims she left department due to 'toxic leadership'] Hixson retired last year after serving 21 years with Mesa Police, where she led a team connecting officers with mental...",Retired Mesa PD detective says former Chief Batista was only part of the problem,75,14,True,0.00015546533,0,https://assets.msn.com/labs/mind/BBWHMbD.html,Mesa Police detective says she was forced to leave department because of toxic leadership,False
generic-006229,generic,test,17507,N61164,weather,weathertopstories,"Bay State commuters can expect delays on the Green line and Commuter Rail Thursday after an overnight storm caused downed trees, extensive flooding, damage to trains and widespread power outages. ""We appreciate our passengers' patience while crews continue to provide service. Passengers should stay connected for service updates at MBTA.com and Twitter,"" Keolis Commuter Services, [ ]",MBTA reports widespread delays due to storm,"Generate a news headline. Category: weather Article summary: Bay State commuters can expect delays on the Green line and Commuter Rail Thursday after an overnight storm caused downed trees, extensive flooding, damage to trains and widespread power outages. ""We appreciate our passengers' patience while crews continue to provide service. Passengers should stay connected for service updates at MBTA.com and Twitter,"" Keolis Commuter Services, [ ]",MBTA reports widespread delays due to storm,57,7,False,9.2081034e-05,0,https://assets.msn.com/labs/mind/AAIVZxQ.html,Bay State commuters expect delays on Green line and Commuter Rail,False
generic-006230,generic,test,30728,N45639,news,newsus,A predawn Sunday crash involving a car and a Miami-Dade bus used to transport airport employees has constipated traffic coming into Miami International Airport. The investigation and cleanup of the crash has traffic into the airport detoured and down to one lane for a stretch. Travelers should leave extra time. Herald news partner CBS4 reports that Miami-Dade Fire Rescue took three ...,Going to Miami International Airport this morning? A bus crash is clogging traffic,Generate a news headline. Category: news Article summary: A predawn Sunday crash involving a car and a Miami-Dade bus used to transport airport employees has constipated traffic coming into Miami International Airport. The investigation and cleanup of the crash has traffic into the airport detoured and down to one lane for a stretch. Travelers should leave extra time. Herald news partner CBS4 reports that Miami-Dade Fire Rescue took three ...,Going to Miami International Airport this morning? A bus crash is clogging traffic,62,13,True,0.000307624,0,https://assets.msn.com/labs/mind/AAJqlTi.html,Miami-Dade Fire Rescue Takes Three Cars To Miami-Dade Airport,False
generic-006231,generic,test,47558,N13680,foodanddrink,recipes,Eggs aren't just for Easter anymore. The post Oreo Creme-Filled Eggs Are Here for the Holidays and We Need Them ASAP appeared first on Taste of Home.,Oreo Creme-Filled Eggs Are Here for the Holidays and We Need Them ASAP,Generate a news headline. Category: foodanddrink Article summary: Eggs aren't just for Easter anymore. The post Oreo Creme-Filled Eggs Are Here for the Holidays and We Need Them ASAP appeared first on Taste of Home.,Oreo Creme-Filled Eggs Are Here for the Holidays and We Need Them ASAP,27,13,True,0.9999752,1,https://assets.msn.com/labs/mind/BBWBsuX.html,Oreo Creme-Filled Eggs Are Here for the Holidays and We Need Them ASAP,True
generic-006232,generic,test,13970,N51693,news,newspolitics,"The legal team representing the whistleblower who ignited the impeachment investigation has received death threats that have led to at least one law enforcement investigation, according to a source familiar with the situation.",Threats against Ukraine whistleblower's legal team lead to law enforcement investigation,"Generate a news headline. Category: news Article summary: The legal team representing the whistleblower who ignited the impeachment investigation has received death threats that have led to at least one law enforcement investigation, according to a source familiar with the situation.",Threats against Ukraine whistleblower's legal team lead to law enforcement investigation,33,11,True,7.759854e-05,0,https://assets.msn.com/labs/mind/AAJyLuO.html,Lawyers for whistleblower who ignited impeachment investigation receive death threats,False
generic-006233,generic,test,44279,N34225,weather,weathertopstories,"Early season snow has blanketed much of the Great Lakes region. Snowboarders and skiers in Otsego, Michigan, take advantage of the weather by hitting the slopes of Bittersweet Ski Resort on Nov. 14.",Snowboarders and skiers hit the slopes after some early winter weather,"Generate a news headline. Category: weather Article summary: Early season snow has blanketed much of the Great Lakes region. Snowboarders and skiers in Otsego, Michigan, take advantage of the weather by hitting the slopes of Bittersweet Ski Resort on Nov. 14.",Snowboarders and skiers hit the slopes after some early winter weather,33,11,False,0.009543999,0,https://assets.msn.com/labs/mind/BBWLR0R.html,Snowboarders and skiers hit the slopes of Bittersweet Ski Resort on Nov. 14,False
generic-006234,generic,test,64790,N64627,sports,more_sports,"NEWARK, N.J. -- Michigan State here to the East Coast this week still reeling from a weekend tragedy and not entirely sure what to expect from itself in a top-15 showdown against Seton Hall. In the first half it saw its best player collect two quick fouls, its second-best player miss every shot after his first, then its third-best player go down with two sprained ankles. Yet, in front of a ...","It's only November, but Michigan State's win over Seton Hall felt like March","Generate a news headline. Category: sports Article summary: NEWARK, N.J. -- Michigan State here to the East Coast this week still reeling from a weekend tragedy and not entirely sure what to expect from itself in a top-15 showdown against Seton Hall. In the first half it saw its best player collect two quick fouls, its second-best player miss every shot after his first, then its third-best player go down with two sprained ankles. Yet, in front of a ...","It's only November, but Michigan State's win over Seton Hall felt like March",72,13,True,0.6808599,1,https://assets.msn.com/labs/mind/BBWN0hI.html,Michigan State still reeling from a weekend tragedy and not entirely sure what to expect from itself in a top-15 showdown against Seton Hall,False
generic-006235,generic,test,56539,N46461,sports,baseball_mlb,"Have the Yankees seen the last of Austin Romine, Didi Gregorius, or Dellin Betances?; Estimating how close the Bombers are to the 2020 luxury tax threshold already; Four bold offseason predictions.",NYY news: The biggest questions of the offseason,"Generate a news headline. Category: sports Article summary: Have the Yankees seen the last of Austin Romine, Didi Gregorius, or Dellin Betances?; Estimating how close the Bombers are to the 2020 luxury tax threshold already; Four bold offseason predictions.",NYY news: The biggest questions of the offseason,31,8,False,0.938585,1,https://assets.msn.com/labs/mind/AAJNGMJ.html,"Didi Gregorius, Dellin Betances: How close the Bombers are to the 2020 luxury tax threshold?",False
generic-006236,generic,test,54667,N11976,travel,travelnews,"This is a weekly series shar ing places and ex pe ri ences that we love. For all of its bygone Smoky City history and perennially dreary weather, Pittsburgh certainly cleans up well on nice days and with a landscape dominated by hills, hollows, ridges and rivers that makes for no shortage of stunning skyline vistas. It's easy to rattle off those that are best known: Mount Washington, the West End Overlook, across the Allegheny from PNC Park,...",#EssentiallyPittsburgh: Sunset from the Hot Metal Bridge,"Generate a news headline. Category: travel Article summary: This is a weekly series shar ing places and ex pe ri ences that we love. For all of its bygone Smoky City history and perennially dreary weather, Pittsburgh certainly cleans up well on nice days and with a landscape dominated by hills, hollows, ridges and rivers that makes for no shortage of stunning skyline vistas. It's easy to rattle off those that are best known: Mount Washington, the West End Overlook, across the Allegheny from PNC Park,...",#EssentiallyPittsburgh: Sunset from the Hot Metal Bridge,78,7,True,0.99988675,1,https://assets.msn.com/labs/mind/AAIUJzN.html,Pittsburgh shar ing places and ex pe ri ences that we love,False
generic-006237,generic,test,48109,N47250,autos,autosnews,I-75 South is currently closed at the Proctor Road overpass (mile marker 206) before the Clark Road Exit. Traffic is being diverted onto Bee Ridge Road.,"Vehicle hits overpass, closing I-75 South and Proctor Road",Generate a news headline. Category: autos Article summary: I-75 South is currently closed at the Proctor Road overpass (mile marker 206) before the Clark Road Exit. Traffic is being diverted onto Bee Ridge Road.,"Vehicle hits overpass, closing I-75 South and Proctor Road",26,9,True,9.0350586e-05,0,https://assets.msn.com/labs/mind/BBWIlnA.html,I-75 South closed at Clark Road overpass,False
generic-006238,generic,test,4247,N16106,health,voices,"A woman experiences anxiety and depression following a big life event - her wedding. See how she copes, including giving herself time to feel better.",When You're Hit With Depression After Your Wedding,"Generate a news headline. Category: health Article summary: A woman experiences anxiety and depression following a big life event - her wedding. See how she copes, including giving herself time to feel better.",When You're Hit With Depression After Your Wedding,25,8,True,0.99996996,1,https://assets.msn.com/labs/mind/AAIvaKs.html,How to cope with anxiety and depression after big life event,False
generic-006239,generic,test,55624,N65048,video,peopleandplaces,"Cocktails differ around the world based on alcohol of choice and origin story. You'd be surprised at how some were invented. For example, the Kir Royale was created with Aligot after Nazis confiscated all of Burgundy's finest red wines. Other creations, like the Italian negroni, were as simple as just replacing soda water with gin.",What cocktails look like around the world,"Generate a news headline. Category: video Article summary: Cocktails differ around the world based on alcohol of choice and origin story. You'd be surprised at how some were invented. For example, the Kir Royale was created with Aligot after Nazis confiscated all of Burgundy's finest red wines. Other creations, like the Italian negroni, were as simple as just replacing soda water with gin.",What cocktails look like around the world,55,7,False,0.9999745,1,https://assets.msn.com/labs/mind/AAJhdDA.html,Cocktails differ around the world based on alcohol of choice and origin,False
generic-006240,generic,test,17622,N32178,news,newsworld,"President Donald Trump is crediting his threat of sanctions on Turkey as ""tough love"" that led the country to agree to a five-day cease-fire in its battle with Kurds in northern Syria.",The Latest: Trump credits 'tough love' for cease-fire deal,"Generate a news headline. Category: news Article summary: President Donald Trump is crediting his threat of sanctions on Turkey as ""tough love"" that led the country to agree to a five-day cease-fire in its battle with Kurds in northern Syria.",The Latest: Trump credits 'tough love' for cease-fire deal,32,9,True,0.000116357005,0,https://assets.msn.com/labs/mind/AAIVc1y.html,"Trump praises Turkey's ""tough love"" as 'tough love'",False
generic-006241,generic,test,13975,N47163,news,newsscienceandtechnology,Monday's rare 'Mercury in transit' occurs when it passes between the Earth and the sun. But don't look directly or you'll damage your eyes.,Solar Telescope Required To View Rare 'Mercury In Transit' Monday,Generate a news headline. Category: news Article summary: Monday's rare 'Mercury in transit' occurs when it passes between the Earth and the sun. But don't look directly or you'll damage your eyes.,Solar Telescope Required To View Rare 'Mercury In Transit' Monday,24,10,True,0.00010425616,0,https://assets.msn.com/labs/mind/AAJXTOK.html,'Mercury in transit' occurs when it passes between Earth and the sun,False
generic-006242,generic,test,2608,N19475,sports,football_nfl,"Tevin Coleman scored three of his four touchdowns in the first half, rookie Nick Bosa had three sacks to go along with an acrobatic interception and the San Francisco 49ers remained unbeaten with a 51-13 victory over the Carolina Panthers on Sunday in their highest-scoring game in 26 years.",Coleman's 4 TDs lead 49ers past Panthers 51-13,"Generate a news headline. Category: sports Article summary: Tevin Coleman scored three of his four touchdowns in the first half, rookie Nick Bosa had three sacks to go along with an acrobatic interception and the San Francisco 49ers remained unbeaten with a 51-13 victory over the Carolina Panthers on Sunday in their highest-scoring game in 26 years.",Coleman's 4 TDs lead 49ers past Panthers 51-13,49,8,True,0.00014062645,0,https://assets.msn.com/labs/mind/AAJrLCF.html,49ers beat Panthers 51-13 in highest-scoring game in 26 years,False
generic-006243,generic,test,38786,N54062,foodanddrink,newstrends,"Hoodline crunched the numbers to find the top smokehouses in St. Louis. Here's a rundown of top businesses in the city, with ratings, photos and more.",St. Louis' top 5 smokehouses to visit now,"Generate a news headline. Category: foodanddrink Article summary: Hoodline crunched the numbers to find the top smokehouses in St. Louis. Here's a rundown of top businesses in the city, with ratings, photos and more.",St. Louis' top 5 smokehouses to visit now,26,8,True,0.0004747728,0,https://assets.msn.com/labs/mind/BBWB7uA.html,Top smokehouses in St. Louis,False
generic-006244,generic,test,56814,N25869,sports,more_sports,"A longtime agreement allowing Badin High School sports teams to play at Hamilton High School's stadium may be reduced or canceled, according to Hamilton school officials.",Badin's use of Hamilton High School stadium in jeopardy,"Generate a news headline. Category: sports Article summary: A longtime agreement allowing Badin High School sports teams to play at Hamilton High School's stadium may be reduced or canceled, according to Hamilton school officials.",Badin's use of Hamilton High School stadium in jeopardy,26,9,True,0.00013671619,0,https://assets.msn.com/labs/mind/AAJbbhT.html,Hamilton High School sports teams to play at Hamilton High School may be reduced or canceled,False
generic-006245,generic,test,36276,N5781,video,news,"Politico reports at least eight former White House, presidential transition and Trump campaign officials were hired as outside contractors by the Centers for Medicare and Medicaid Services. But these contractors were not needed because the Centers for Medicare and Medicaid services already has career communications staffers on the payroll. One More Thing with Katy Tur looks at this case of ""big-league"" wasteful spending.",One More Thing: Trump allies received hundreds of thousands of dollars under federal health contract,"Generate a news headline. Category: video Article summary: Politico reports at least eight former White House, presidential transition and Trump campaign officials were hired as outside contractors by the Centers for Medicare and Medicaid Services. But these contractors were not needed because the Centers for Medicare and Medicaid services already has career communications staffers on the payroll. One More Thing with Katy Tur looks at this case of ""big-league"" wasteful spending.",One More Thing: Trump allies received hundreds of thousands of dollars under federal health contract,63,15,True,0.00020107337,0,https://assets.msn.com/labs/mind/BBWEN2S.html,"Former White House, presidential transition and Trump campaign officials hired as outside contractors by Centers for Medicare and Medicaid Services",False
generic-006246,generic,test,7525,N54707,travel,travelarticle,Phoenix restaurant Tacos Chiwas from husband-and-wife team Armando Hernandez and Nadia Holguin will move to a new building near the current location.,Award-winning Phoenix restaurant Tacos Chiwas is moving. Here's what to you need to know,Generate a news headline. Category: travel Article summary: Phoenix restaurant Tacos Chiwas from husband-and-wife team Armando Hernandez and Nadia Holguin will move to a new building near the current location.,Award-winning Phoenix restaurant Tacos Chiwas is moving. Here's what to you need to know,22,14,True,0.9999598,1,https://assets.msn.com/labs/mind/AAJm1ly.html,Phoenix restaurant Tacos Chiwas from husband-and-wife team Armando Hernandez and Nadia Holguin to move to new building,False
generic-006247,generic,test,13604,N57362,news,newspolitics,"Belgian Malinois ""Cactus Jack"" serves the Precinct 4 Constable's Office alongside Deputy Justin Loucks. ""All of his commands are in Hungarian."" Loucks said his bond with Cactus Jack is solid, no matter how you say it. ""24/7, I'm always with him,"" Loucks said. ""Comes home with me, spends time with the kids, my wife. So, basically, he's part of the family."" Like his department, Loucks is glad more than 90% of Texas voters supported a...",'I couldn't imagine losing him': Local deputy praises passage of K-9 retirement law,"Generate a news headline. Category: news Article summary: Belgian Malinois ""Cactus Jack"" serves the Precinct 4 Constable's Office alongside Deputy Justin Loucks. ""All of his commands are in Hungarian."" Loucks said his bond with Cactus Jack is solid, no matter how you say it. ""24/7, I'm always with him,"" Loucks said. ""Comes home with me, spends time with the kids, my wife. So, basically, he's part of the family."" Like his department, Loucks is glad more than 90% of Texas voters supported a...",'I couldn't imagine losing him': Local deputy praises passage of K-9 retirement law,75,13,True,0.0001320979,0,https://assets.msn.com/labs/mind/AAJXRcO.html,"Belgian Malinois ""Cactus Jack"" serves the Precinct 4 Constable's Office alongside Justin Loucks",False
generic-006248,generic,test,4034,N6074,finance,finance-real-estate,"Nicky Haslam's English country estate, The Hunting Lodge, is filled with precious treasures and almost all of them will be sold at auction next month.",This stately home is having the ultimate yard sale,"Generate a news headline. Category: finance Article summary: Nicky Haslam's English country estate, The Hunting Lodge, is filled with precious treasures and almost all of them will be sold at auction next month.",This stately home is having the ultimate yard sale,25,9,False,0.99971706,1,https://assets.msn.com/labs/mind/AAJWXU1.html,"Nicky Haslam's English country estate, The Hunting Lodge, is filled with precious treasures",False
generic-006249,generic,test,56158,N23815,travel,travelarticle,CBS 11 took a closer look inside two places in Fort Worth believed to be some of the most haunted in Texas and across the country.,Some Convinced Certain Fort Worth Buildings Are Haunted: 'The Spirits Have A Heyday Up Here',Generate a news headline. Category: travel Article summary: CBS 11 took a closer look inside two places in Fort Worth believed to be some of the most haunted in Texas and across the country.,Some Convinced Certain Fort Worth Buildings Are Haunted: 'The Spirits Have A Heyday Up Here',26,15,True,0.008349965,0,https://assets.msn.com/labs/mind/AAJFpiy.html,CBS 11 takes closer look at Fort Worth haunted places,False
generic-006250,generic,test,30548,N50710,news,newsus,"A U.S. Air Force airman went missing Tuesday after falling from a C-130 aircraft into the Gulf of Mexico, according to reports.",Air Force airman missing after fall into Gulf of Mexico from C-130 aircraft,"Generate a news headline. Category: news Article summary: A U.S. Air Force airman went missing Tuesday after falling from a C-130 aircraft into the Gulf of Mexico, according to reports.",Air Force airman missing after fall into Gulf of Mexico from C-130 aircraft,22,13,True,0.00010873898,0,https://assets.msn.com/labs/mind/AAJVQJB.html,Airman missing after falling from C-130 aircraft into Gulf of Mexico,False
generic-006251,generic,test,19642,N15488,news,newsus,"LOS ANGELES - The Los Angeles City Council approved an emergency moratorium on evictions Tuesday that aims to stop landlords from quickly booting tenants before new statewide rental rules take effect in January. In a 14-to-0 vote, council members passed a ban on ""no-fault"" evictions. The ban would prevent property owners from removing residential tenants unless there's just cause, such as ...",LA City Council passes moratorium on rental evictions,"Generate a news headline. Category: news Article summary: LOS ANGELES - The Los Angeles City Council approved an emergency moratorium on evictions Tuesday that aims to stop landlords from quickly booting tenants before new statewide rental rules take effect in January. In a 14-to-0 vote, council members passed a ban on ""no-fault"" evictions. The ban would prevent property owners from removing residential tenants unless there's just cause, such as ...",LA City Council passes moratorium on rental evictions,62,8,True,7.399236e-05,0,https://assets.msn.com/labs/mind/AAJbr2v.html,Los Angeles City Council approves emergency moratorium on evictions,False
generic-006252,generic,test,1934,N46390,sports,football_nfl,Tom Brady is back to full health for the New England Patriots. After being limited in practice Wednesday with a right shoulder injury the -year-old quarterback was removed from the injury report,Tom Brady Removed From Patriots Injury Report Ahead Of Ravens Game,Generate a news headline. Category: sports Article summary: Tom Brady is back to full health for the New England Patriots. After being limited in practice Wednesday with a right shoulder injury the -year-old quarterback was removed from the injury report,Tom Brady Removed From Patriots Injury Report Ahead Of Ravens Game,32,11,True,0.0001519923,0,https://assets.msn.com/labs/mind/AAJEXMa.html,Tom Brady back to full health for Patriots,False
generic-006253,generic,test,16058,N37482,sports,football_nfl,"As the saying goes in baseball, you can't hit what you can't see. In football, the same also applies to catching passes, and it could be why Philadelphia Eagles wide receiver Nelson Agholor was perceived to be giving less than a full effort when quarterback Carson Wentz took aim and fired a deep ball down the field that landed just inches from Agholor's feet in the fourth quarter of ...",Examining what the Eagles must fix to save their season,"Generate a news headline. Category: sports Article summary: As the saying goes in baseball, you can't hit what you can't see. In football, the same also applies to catching passes, and it could be why Philadelphia Eagles wide receiver Nelson Agholor was perceived to be giving less than a full effort when quarterback Carson Wentz took aim and fired a deep ball down the field that landed just inches from Agholor's feet in the fourth quarter of ...",Examining what the Eagles must fix to save their season,70,10,True,0.97482616,1,https://assets.msn.com/labs/mind/AAJbSUH.html,Eagles wide receiver Nelson Agholor's catching pass could be why Carson Wentz fired a deep ball down the field,False
generic-006254,generic,test,62521,N64376,news,newscrime,"The man who died at Grandview Medical Center Friday night after he was shot while inside his car on Forsythe Avenue has been identified as Dandre Hill, 32, of West Carrollton, according to the Montgomery County Coroner's Office.",Man fatally shot as he sat in his car identified; Dayton police have no suspect,"Generate a news headline. Category: news Article summary: The man who died at Grandview Medical Center Friday night after he was shot while inside his car on Forsythe Avenue has been identified as Dandre Hill, 32, of West Carrollton, according to the Montgomery County Coroner's Office.",Man fatally shot as he sat in his car identified; Dayton police have no suspect,38,15,True,0.00013246937,0,https://assets.msn.com/labs/mind/BBWPHLr.html,"Man identified as Dandre Hill, 32, of West Carrollton",False
generic-006255,generic,test,19741,N18676,tv,tvnews,"WarnerMedia revealed the launch date and pricing of HBO Max and it will cost the same as HBO's standalone streaming service, for twice the amount of content. The company revealed that HBO Max will debut in May 2020 in the U.S. and cost $14.99 per month. Out of the gate, existing subscribers of HBO","HBO Max Sets Monthly Pricing, May 2020 Launch Date","Generate a news headline. Category: tv Article summary: WarnerMedia revealed the launch date and pricing of HBO Max and it will cost the same as HBO's standalone streaming service, for twice the amount of content. The company revealed that HBO Max will debut in May 2020 in the U.S. and cost $14.99 per month. Out of the gate, existing subscribers of HBO","HBO Max Sets Monthly Pricing, May 2020 Launch Date",54,9,True,7.641685e-05,0,https://assets.msn.com/labs/mind/AAJyteo.html,"HBO Max will cost the same as HBO's standalone streaming service, for twice the amount of content",False
generic-006256,generic,test,18957,N3786,news,newspolitics,"Acting White House chief of staff Mick Mulvaney is finding himself on shaky ground following a pair of public appearances that produced more problems than solutions for his boss, President Trump.",Mulvaney faces uncertain future after public gaffes,"Generate a news headline. Category: news Article summary: Acting White House chief of staff Mick Mulvaney is finding himself on shaky ground following a pair of public appearances that produced more problems than solutions for his boss, President Trump.",Mulvaney faces uncertain future after public gaffes,31,7,False,8.760954e-05,0,https://assets.msn.com/labs/mind/AAJ7TO0.html,Mick Mulvaney finds himself on shaky ground following public appearances,False
generic-006257,generic,test,60952,N28779,sports,football_nfl,"NEW PORT RICHEY Led by the powerful running of Anthony Roussos, who rushed for a game-high 226 yards and three touchdowns, along with a ball-hawking defense that forced seven turnovers, River Ridge clinched the Class 5A, District 11 title with a 52-19 win over Zephyrhills. Monday's makeup of Friday's postponed matchup due to a flooded field gives the host Royal Knights three district ...",River Ridge emphatically claims district title,"Generate a news headline. Category: sports Article summary: NEW PORT RICHEY Led by the powerful running of Anthony Roussos, who rushed for a game-high 226 yards and three touchdowns, along with a ball-hawking defense that forced seven turnovers, River Ridge clinched the Class 5A, District 11 title with a 52-19 win over Zephyrhills. Monday's makeup of Friday's postponed matchup due to a flooded field gives the host Royal Knights three district ...",River Ridge emphatically claims district title,64,6,True,7.455843e-05,0,https://assets.msn.com/labs/mind/AAJ9BXt.html,"River Ridge clinches Class 5A, District 11 title with 52-19 win over Zephyrhills",False
generic-006258,generic,test,972,N34760,sports,basketball_nba,It's old news now that the Nets beat out the Knicks in the sweepstakes for both Kevin Durant and Kyrie Irving this past free agency period.,Rose: Durant's free agency would've 'been different' without season-ending injury,Generate a news headline. Category: sports Article summary: It's old news now that the Nets beat out the Knicks in the sweepstakes for both Kevin Durant and Kyrie Irving this past free agency period.,Rose: Durant's free agency would've 'been different' without season-ending injury,26,10,True,0.0010674548,0,https://assets.msn.com/labs/mind/AAJ4PGV.html,Nets beat Knicks in free agency sweepstakes,False
generic-006259,generic,test,44768,N28230,sports,football_nfl,"AUSTIN It's hard to say whether anyone inside Royal-Memorial Stadium was stunned when Texas fell behind Kansas State by two touchdowns just 10 minutes into last Saturday's game. The fans were distraught, and the players were incensed, but given the way both programs had trended the past few weeks no one appeared shocked. The Longhorns weren't stupefied at the 14-0 deficit. ""This might sound crazy but no, not at all,"" sophomore tailback...",Latest win has UT defense walking tall,"Generate a news headline. Category: sports Article summary: AUSTIN It's hard to say whether anyone inside Royal-Memorial Stadium was stunned when Texas fell behind Kansas State by two touchdowns just 10 minutes into last Saturday's game. The fans were distraught, and the players were incensed, but given the way both programs had trended the past few weeks no one appeared shocked. The Longhorns weren't stupefied at the 14-0 deficit. ""This might sound crazy but no, not at all,"" sophomore tailback...",Latest win has UT defense walking tall,72,7,False,9.618768e-05,0,https://assets.msn.com/labs/mind/BBWBZ8x.html,The Longhorns' defense isn't as bad as the Longhorns' defense,False
generic-006260,generic,test,56920,N1609,sports,football_nfl,The New England Patriots didn't fulfill their pass-catching need with a superstar but rather a player who has the makings to be a natural fit in New England. While some,Here's What Chris Simms Believes Drew Patriots To Mohamed Sanu,Generate a news headline. Category: sports Article summary: The New England Patriots didn't fulfill their pass-catching need with a superstar but rather a player who has the makings to be a natural fit in New England. While some,Here's What Chris Simms Believes Drew Patriots To Mohamed Sanu,30,10,True,0.9999659,1,https://assets.msn.com/labs/mind/AAJiBaY.html,New England Patriots vs. Patriots: The Patriots are a natural fit for the Patriots,False
generic-006261,generic,test,45744,N54351,autos,autosnews,"A portion of Interstate 90 in Avon is once again open following a crash Wednesday evening. The crash occurred in the east bound lanes between State Route 611 and State Route 83 around 8 p.m. According to police, a semi-truck struck another unoccupied semi-truck, causing mail and some fuel to spill onto the highway. The driver of the mail truck suffered only minor injuries despite the vehicles being heavily damaged. The entire scene was cleared...",Photos: Portion of I-90 east open again following crash in Avon Wednesday night,"Generate a news headline. Category: autos Article summary: A portion of Interstate 90 in Avon is once again open following a crash Wednesday evening. The crash occurred in the east bound lanes between State Route 611 and State Route 83 around 8 p.m. According to police, a semi-truck struck another unoccupied semi-truck, causing mail and some fuel to spill onto the highway. The driver of the mail truck suffered only minor injuries despite the vehicles being heavily damaged. The entire scene was cleared...",Photos: Portion of I-90 east open again following crash in Avon Wednesday night,75,13,True,0.00014626578,0,https://assets.msn.com/labs/mind/BBWIB0D.html,"Unoccupied semi-truck hits another unoccupied semi-truck, causing mail and fuel to spill onto highway",False
generic-006262,generic,test,46950,N55548,sports,basketball_nba,"When Kristaps Porzingis crashed to the Madison Square Garden floor in pain on Feb. 6, 2018, it was soon clear that would be his final play of the season. Much harder to imagine was that it would be the final play of his Knicks career. Porzingis returns to the arena on Thursday for a nationally televised game between the Dallas Mavericks and the Knicks, who are already showing signs of the type of chaos that helped sour the star...",Porzingis returns as Knicks show signs of chaos he escaped,"Generate a news headline. Category: sports Article summary: When Kristaps Porzingis crashed to the Madison Square Garden floor in pain on Feb. 6, 2018, it was soon clear that would be his final play of the season. Much harder to imagine was that it would be the final play of his Knicks career. Porzingis returns to the arena on Thursday for a nationally televised game between the Dallas Mavericks and the Knicks, who are already showing signs of the type of chaos that helped sour the star...",Porzingis returns as Knicks show signs of chaos he escaped,79,10,True,8.194128e-05,0,https://assets.msn.com/labs/mind/BBWIe2x.html,Kristaps Porzingis returns to Madison Square Garden for televised game between Dallas Mavericks and Knicks,False
generic-006263,generic,test,41969,N62469,weather,weathertopstories,"Think of Thursday's rains and potential coastal flooding as the price to pay for the coming cold front and drier air that could make South Florida and the Gulf Coast a pleasure over the weekend. But Thursday? CBS4 meteorologist Lissette Gonzalez is right when she calls it ""a mess"" out there. The slick roadways in South Florida have been ponding since rain started to fall Wednesday, ...",Umbrellas before sweaters -- that's the price for a welcome cold front this weekend,"Generate a news headline. Category: weather Article summary: Think of Thursday's rains and potential coastal flooding as the price to pay for the coming cold front and drier air that could make South Florida and the Gulf Coast a pleasure over the weekend. But Thursday? CBS4 meteorologist Lissette Gonzalez is right when she calls it ""a mess"" out there. The slick roadways in South Florida have been ponding since rain started to fall Wednesday, ...",Umbrellas before sweaters -- that's the price for a welcome cold front this weekend,67,14,False,0.9998841,1,https://assets.msn.com/labs/mind/BBWL8K0.html,South Florida's slick roadways have been ponding since rain started to fall,False
generic-006264,generic,test,50832,N1416,finance,financenews,Tempe-based Envoy America made it easier for elderly and infirm to get around with door-to-door service that takes them from where they need to go.,Envoy America uses ride-share business model to keep seniors moving,Generate a news headline. Category: finance Article summary: Tempe-based Envoy America made it easier for elderly and infirm to get around with door-to-door service that takes them from where they need to go.,Envoy America uses ride-share business model to keep seniors moving,25,10,True,0.00015717871,0,https://assets.msn.com/labs/mind/BBWynUg.html,Tempe-based Envoy America makes it easier for elderly and infirm to get around with door-to-door service,False
generic-006265,generic,test,60738,N10377,news,newsus,Altin Nezaj was killed when the SUV he was in collided with another car on Route 304 in Pearl River and then plunged off an overpass and burst into flames.,Funeral Held For 17-Year-Old Football Player Killed In Pearl River Overpass Crash,Generate a news headline. Category: news Article summary: Altin Nezaj was killed when the SUV he was in collided with another car on Route 304 in Pearl River and then plunged off an overpass and burst into flames.,Funeral Held For 17-Year-Old Football Player Killed In Pearl River Overpass Crash,30,12,True,9.81403e-05,0,https://assets.msn.com/labs/mind/AAIRPZL.html,Altin Nezaj killed when SUV collided with another car on Pearl River,False
generic-006266,generic,test,37830,N5780,weather,weathertopstories,"BLOOMINGTON, Ind. 55 buildings at Indiana University's Bloomington Campus went dark for almost all day Friday after an incident off-campus. IU representatives say an incident at the Duke substation off campus caused an oversurge at their distribution center just before 10:15 Friday morning. This caused a small fire at the distribution center, melting an important cable. The incident and fire ...",Incident causes power outage at IU Bloomington campus,"Generate a news headline. Category: weather Article summary: BLOOMINGTON, Ind. 55 buildings at Indiana University's Bloomington Campus went dark for almost all day Friday after an incident off-campus. IU representatives say an incident at the Duke substation off campus caused an oversurge at their distribution center just before 10:15 Friday morning. This caused a small fire at the distribution center, melting an important cable. The incident and fire ...",Incident causes power outage at IU Bloomington campus,61,8,True,8.8814675e-05,0,https://assets.msn.com/labs/mind/BBWtS8o.html,Indiana University's Bloomington Campus goes dark for almost all day after incident off-campus,False
generic-006267,generic,test,38224,N43147,sports,football_nfl,https://www.dailymotion.com/embed/video/x nyro autoPlay= FOXBORO Mass. -- We still don't know if New England Patriots rookie wide receiver N'Keal Harry will actually make his NFL debut Sunday but the first-round pick,Patriots' N'Keal Harry Looked At Time On Injured Reserve As A Positive,Generate a news headline. Category: sports Article summary: https://www.dailymotion.com/embed/video/x nyro autoPlay= FOXBORO Mass. -- We still don't know if New England Patriots rookie wide receiver N'Keal Harry will actually make his NFL debut Sunday but the first-round pick,Patriots' N'Keal Harry Looked At Time On Injured Reserve As A Positive,30,12,True,0.00044692945,0,https://assets.msn.com/labs/mind/BBWMbzN.html,New England Patriots rookie wide receiver N'Keal Harry to make NFL debut Sunday,False
generic-006268,generic,test,30521,N11902,news,newsus,A 1943 duck boat is one of 600 vehicles available at Pennsylvania's auction of former fleet cars and vehicles seized by police.,World War II-Era Duck Boat Among 600 Vehicles Being Auctioned By Pennsylvania,Generate a news headline. Category: news Article summary: A 1943 duck boat is one of 600 vehicles available at Pennsylvania's auction of former fleet cars and vehicles seized by police.,World War II-Era Duck Boat Among 600 Vehicles Being Auctioned By Pennsylvania,22,12,True,0.00010483118,0,https://assets.msn.com/labs/mind/AAIXptx.html,Pennsylvania auction of former fleet cars and vehicles seized by police,False
generic-006269,generic,test,15930,N21969,news,newspolitics,"Ghazala Hashmi and Abrar Omeish are the first Muslim women elected in Virginia, and the latter is the state's youngest elected official.",Virginia Election 2019: First Muslim Women Elected,"Generate a news headline. Category: news Article summary: Ghazala Hashmi and Abrar Omeish are the first Muslim women elected in Virginia, and the latter is the state's youngest elected official.",Virginia Election 2019: First Muslim Women Elected,22,7,True,8.750775e-05,0,https://assets.msn.com/labs/mind/AAJXdgr.html,Virginia's Ghazala Hashmi and Abrar Omeish are the first Muslim women elected in Virginia,False
generic-006270,generic,test,60665,N1295,news,newsus,"CLEVELAND-- A planned protest outside an economic summit in downtown Cleveland was canceled after minority leaders demanded inclusion and won. Members of the Black Contractors Association and Cleveland Clergy Coalition held a joint news conference to announce there will now be minority inclusion during the Cleveland Rising Summit. Organized by Destination Cleveland, its mission is to set goals ...",Protest of Cleveland Rising Summit canceled as minority leaders announce inclusion,"Generate a news headline. Category: news Article summary: CLEVELAND-- A planned protest outside an economic summit in downtown Cleveland was canceled after minority leaders demanded inclusion and won. Members of the Black Contractors Association and Cleveland Clergy Coalition held a joint news conference to announce there will now be minority inclusion during the Cleveland Rising Summit. Organized by Destination Cleveland, its mission is to set goals ...",Protest of Cleveland Rising Summit canceled as minority leaders announce inclusion,59,11,True,8.0979764e-05,0,https://assets.msn.com/labs/mind/AAJvhn5.html,Black Contractors Association and Cleveland Clergy Coalition announce minority inclusion during Cleveland Rising Summit,False
generic-006271,generic,test,17566,N8277,news,newsus,A multistate salmonella outbreak caused one death and sickened 10 people in August and September. The outbreak is linked to ground beef.,"1 dead, 10 sickened after multistate Salmonella outbreak linked to ground beef",Generate a news headline. Category: news Article summary: A multistate salmonella outbreak caused one death and sickened 10 people in August and September. The outbreak is linked to ground beef.,"1 dead, 10 sickened after multistate Salmonella outbreak linked to ground beef",22,12,True,0.0003281638,0,https://assets.msn.com/labs/mind/AAJNdEF.html,"Multistate salmonella outbreak causes one death, sickened 10 in August and September",False
generic-006272,generic,test,52141,N43040,weather,weathertopstories,"Crews from a variety of power companies are hard at work right now as they repair and replace power lines in areas that were hit hard by tornadoes in North Texas. Some property owners are also hard at work. ""I have 35 different people in here,"" R.G. Colling said as he surveyed the damage at a business center he owns off Shady Trail in northwest Dallas. The landlord and some of his tenants are trying to keep their property safe from suspected...",'I chased around 9 or 10 looters out of here': Tornado victims protect property as clean-up continues,"Generate a news headline. Category: weather Article summary: Crews from a variety of power companies are hard at work right now as they repair and replace power lines in areas that were hit hard by tornadoes in North Texas. Some property owners are also hard at work. ""I have 35 different people in here,"" R.G. Colling said as he surveyed the damage at a business center he owns off Shady Trail in northwest Dallas. The landlord and some of his tenants are trying to keep their property safe from suspected...",'I chased around 9 or 10 looters out of here': Tornado victims protect property as clean-up continues,82,17,True,0.00023621418,0,https://assets.msn.com/labs/mind/AAJgdNj.html,'I have 35 different people in here': 'I have 35 different people in here',False
generic-006273,generic,test,53242,N10018,foodanddrink,newstrends,"Putting together the Top 100 restaurants list every year can be a slog yes, it is possible to consume a surfeit of restaurant food but I live for the moments of dazzlement along the way. Certain dishes leap out at the instant and in the memory. They might be simple or grand, pricey or inexpensive, comforting or provocative, savory or sweet. But each engaged my palate and my brain at some primal level. Together, they draw an exciting personal...",The best dishes from Alison Cook's Top 100 Houston restaurants list,"Generate a news headline. Category: foodanddrink Article summary: Putting together the Top 100 restaurants list every year can be a slog yes, it is possible to consume a surfeit of restaurant food but I live for the moments of dazzlement along the way. Certain dishes leap out at the instant and in the memory. They might be simple or grand, pricey or inexpensive, comforting or provocative, savory or sweet. But each engaged my palate and my brain at some primal level. Together, they draw an exciting personal...",The best dishes from Alison Cook's Top 100 Houston restaurants list,79,11,True,0.9999542,1,https://assets.msn.com/labs/mind/AAJxQpQ.html,Top 100 restaurants in the U.S.,False
generic-006274,generic,test,5123,N176,travel,traveltips,"Even if the seat belt sign is off, you should always stay buckled up while on an airplane. Here's why.",Why You Should Always Wear Your Seat Belt on a Plane Even If the Sign Is Off,"Generate a news headline. Category: travel Article summary: Even if the seat belt sign is off, you should always stay buckled up while on an airplane. Here's why.",Why You Should Always Wear Your Seat Belt on a Plane Even If the Sign Is Off,20,17,True,0.9999722,1,https://assets.msn.com/labs/mind/AAJWkUl.html,You should always buckle up while on an airplane,False
generic-006275,generic,test,15681,N30127,sports,racing,"Red Bull says it is now in no rush to decide who will partner Max Verstappen next year, after admitting calendar confusion prompted it to say a call would be made after the Mexican GP.","Marko: Mexico deadline for 2020 F1 line-up ""a mistake""","Generate a news headline. Category: sports Article summary: Red Bull says it is now in no rush to decide who will partner Max Verstappen next year, after admitting calendar confusion prompted it to say a call would be made after the Mexican GP.","Marko: Mexico deadline for 2020 F1 line-up ""a mistake""",35,9,True,0.00020690248,0,https://assets.msn.com/labs/mind/AAJBaxs.html,Red Bull says it is no rush to decide who will partner Max Verstappen next year,False
generic-006276,generic,test,35217,N55591,sports,football_nfl,"Quick Take: Madison scored on its first four possessions of the second half to pull away and clinch its second straight District 27-6A championship in a 49-34 victory over Johnson Friday at Heroes Stadium. Running back Darien Gill and quarterback Michael Garza led a huge rushing attack that piled up 478 yards on 51 carries. Gill, Garza and running back Gabriel Green each rushed for two scores. ""We wanted to run that football,"" Madison coach...",Madison grounds out second straight 27-6A title,"Generate a news headline. Category: sports Article summary: Quick Take: Madison scored on its first four possessions of the second half to pull away and clinch its second straight District 27-6A championship in a 49-34 victory over Johnson Friday at Heroes Stadium. Running back Darien Gill and quarterback Michael Garza led a huge rushing attack that piled up 478 yards on 51 carries. Gill, Garza and running back Gabriel Green each rushed for two scores. ""We wanted to run that football,"" Madison coach...",Madison grounds out second straight 27-6A title,75,7,True,8.112522e-05,0,https://assets.msn.com/labs/mind/BBWuTLJ.html,Madison beat Johnson 49-34 at Heroes Stadium,False
generic-006277,generic,test,13114,N57947,news,newsus,"Smoke from a massive Sonoma County wildfire was blanketing the Bay Area region on Friday, raising air pollution levels and prompting officials to issue an advisory warning of unhealthful conditions. The Bay Area Air Quality Management District, which monitors elevated levels of particle pollution, urged people from the North Bay to the Santa Clara Valley to limit their exposure to the smoke. The most sensitive groups include the elderly,...","Smoke from the Kincade fire is spreading across the Bay Area, bringing unhealthful air quality","Generate a news headline. Category: news Article summary: Smoke from a massive Sonoma County wildfire was blanketing the Bay Area region on Friday, raising air pollution levels and prompting officials to issue an advisory warning of unhealthful conditions. The Bay Area Air Quality Management District, which monitors elevated levels of particle pollution, urged people from the North Bay to the Santa Clara Valley to limit their exposure to the smoke. The most sensitive groups include the elderly,...","Smoke from the Kincade fire is spreading across the Bay Area, bringing unhealthful air quality",69,15,True,0.0007714583,0,https://assets.msn.com/labs/mind/AAJmUEp.html,Smoke from Sonoma County wildfire blankets Bay Area region,False
generic-006278,generic,test,30794,N19530,sports,golf,"JEJU ISLAND, South Korea (AP) Justin Thomas shot a 9-under 63 Friday to take a two-stroke lead at the CJ Cup, putting himself in position to win his second PGA Tour event in South Korea in three years. Thomas, who won the inaugural CJ Cup in 2017, had a two-round total of 13-under 131 at Nine Bridges. South Korean-born New Zealander Danny Lee (66) was in a tie for second place with first-round leader Byeong Hun An (69). Thomas birdied his...",Justin Thomas takes 2-stroke after 2 rounds at CJ Cup,"Generate a news headline. Category: sports Article summary: JEJU ISLAND, South Korea (AP) Justin Thomas shot a 9-under 63 Friday to take a two-stroke lead at the CJ Cup, putting himself in position to win his second PGA Tour event in South Korea in three years. Thomas, who won the inaugural CJ Cup in 2017, had a two-round total of 13-under 131 at Nine Bridges. South Korean-born New Zealander Danny Lee (66) was in a tie for second place with first-round leader Byeong Hun An (69). Thomas birdied his...",Justin Thomas takes 2-stroke after 2 rounds at CJ Cup,81,10,True,0.000104881474,0,https://assets.msn.com/labs/mind/AAIY6VW.html,Justin Thomas wins second PGA Tour event in South Korea,False
generic-006279,generic,test,13104,N34140,finance,markets,"Gov. Gavin Newsom thinks oil companies may be ""engaging in false advertising or price fixing"" and he has called on Attorney General Xavier Bacerra to open an investigation into what UC Berkeley professor Severin Borenstein has long called the ""mystery gasoline surcharge.""",What's behind the 'mystery surcharge' at some California gas stations?,"Generate a news headline. Category: finance Article summary: Gov. Gavin Newsom thinks oil companies may be ""engaging in false advertising or price fixing"" and he has called on Attorney General Xavier Bacerra to open an investigation into what UC Berkeley professor Severin Borenstein has long called the ""mystery gasoline surcharge.""",What's behind the 'mystery surcharge' at some California gas stations?,42,10,True,0.0005133645,0,https://assets.msn.com/labs/mind/AAJhbUQ.html,Gov. Gavin Newsom calls on Attorney General Xavier Bacerra to open investigation into 'mystery gasoline surcharge',False
generic-006280,generic,test,43873,N13817,sports,football_nfl,"The future of the Miami Dolphins is down to a question no one can untangle or underestimate: How dumb are these other NFL teams? The Dolphins have matched anyone, dumb for dumb, for years. Everyone saw it from Dave Wannstedt to Mike Tannenbaum. Now they have an intriguing plan that doesn't demand brains for winning as much as a stomach for losing, or inspired thinking as much as merciless ...",Hyde: Dolphins' bold plan threatened by other teams' stupidity | Commentary,"Generate a news headline. Category: sports Article summary: The future of the Miami Dolphins is down to a question no one can untangle or underestimate: How dumb are these other NFL teams? The Dolphins have matched anyone, dumb for dumb, for years. Everyone saw it from Dave Wannstedt to Mike Tannenbaum. Now they have an intriguing plan that doesn't demand brains for winning as much as a stomach for losing, or inspired thinking as much as merciless ...",Hyde: Dolphins' bold plan threatened by other teams' stupidity | Commentary,70,11,True,0.00029339045,0,https://assets.msn.com/labs/mind/BBWwaUL.html,Dolphins' future is down to a question no one can untangle or underestimate,False
generic-006281,generic,test,55967,N8870,news,newsus,"West Hollywood City Councilman John Duran said Ed Buck once hung an effigy of him in a park. Some municipal employees said they refused to meet alone with him, and he unnerved two political foes so much at council meetings that sheriff's deputies accompanied them to their cars afterward. Still, for years, Buck was a fixture in West Hollywood, where he donated to all but one of the current City Council members, enmeshed himself in local activist...",Ed Buck was known for his abrasive behavior. But politicians still took his money,"Generate a news headline. Category: news Article summary: West Hollywood City Councilman John Duran said Ed Buck once hung an effigy of him in a park. Some municipal employees said they refused to meet alone with him, and he unnerved two political foes so much at council meetings that sheriff's deputies accompanied them to their cars afterward. Still, for years, Buck was a fixture in West Hollywood, where he donated to all but one of the current City Council members, enmeshed himself in local activist...",Ed Buck was known for his abrasive behavior. But politicians still took his money,77,14,True,0.064102076,0,https://assets.msn.com/labs/mind/AAIVHya.html,West Hollywood City Councilman says Ed Buck once hung an effigy of him in park,False
generic-006282,generic,test,60495,N10809,weather,weathertopstories,"Firefighters are investigating an early morning fire in Greenville County. It started around 6 a.m. Wednesday in a building on the 2600 block of Laurens Road. When firefighters got to the scene, they found smoke and flames coming from a metal storage building. There was an RV behind the storage building that was also on fire, firefighters said. It is unclear where the fire started. There is no word on any injuries. Firefighters are still...",Firefighters: Early morning fire near stretch of Greenville Co. businesses under investigation,"Generate a news headline. Category: weather Article summary: Firefighters are investigating an early morning fire in Greenville County. It started around 6 a.m. Wednesday in a building on the 2600 block of Laurens Road. When firefighters got to the scene, they found smoke and flames coming from a metal storage building. There was an RV behind the storage building that was also on fire, firefighters said. It is unclear where the fire started. There is no word on any injuries. Firefighters are still...",Firefighters: Early morning fire near stretch of Greenville Co. businesses under investigation,75,12,True,9.863792e-05,0,https://assets.msn.com/labs/mind/AAIRJ2h.html,Firefighters investigate early morning fire in Greenville County,False
generic-006283,generic,test,6316,N24960,weather,weathertopstories,"The National Weather Service in Wakefield confirmed a tornado touched down in Chesapeake on Friday morning. In a tweet, the organization said an EF1 tornado had maximum winds of 90 to 95 miles per hour, a path width of about 200 yards, and it traveled about 5 miles. RELATED: Severe storms, strong winds cause outages, road closures in Hampton Roads The NWS said the tornado initially touched down in Chesapeake near Benefit Road around 12:55 a.m....",National Weather Service: Tornado touched down in Chesapeake,"Generate a news headline. Category: weather Article summary: The National Weather Service in Wakefield confirmed a tornado touched down in Chesapeake on Friday morning. In a tweet, the organization said an EF1 tornado had maximum winds of 90 to 95 miles per hour, a path width of about 200 yards, and it traveled about 5 miles. RELATED: Severe storms, strong winds cause outages, road closures in Hampton Roads The NWS said the tornado initially touched down in Chesapeake near Benefit Road around 12:55 a.m....",National Weather Service: Tornado touched down in Chesapeake,76,8,True,9.3056435e-05,0,https://assets.msn.com/labs/mind/AAJKCf6.html,National Weather Service confirms tornado touched down in Chesapeake,False
generic-006284,generic,test,4130,N46582,foodanddrink,restaurantsandnews,"Scroll through these different IKEA food courts from around the world, from Canadian poutine to chicken shawarma in Saudi Arabia.",Take a look at IKEA food courts around the world,"Generate a news headline. Category: foodanddrink Article summary: Scroll through these different IKEA food courts from around the world, from Canadian poutine to chicken shawarma in Saudi Arabia.",Take a look at IKEA food courts around the world,20,10,True,0.99893934,1,https://assets.msn.com/labs/mind/AAD7y76.html,"IKEA food courts from around the world, from Canadian poutine to chicken shawarma in Saudi Arabia",False
generic-006285,generic,test,37676,N23276,news,newsus,"Looking to plan your next adventure? Here's how to get to San Antonio on a budget, along with where to stay and what to do.","Cheap flights from Phoenix to San Antonio, and what to do once you're there","Generate a news headline. Category: news Article summary: Looking to plan your next adventure? Here's how to get to San Antonio on a budget, along with where to stay and what to do.","Cheap flights from Phoenix to San Antonio, and what to do once you're there",25,14,True,0.9924729,1,https://assets.msn.com/labs/mind/BBWB3ob.html,How to get to San Antonio on a budget,False
generic-006286,generic,test,39311,N16750,video,news,"Sen. Elizabeth Warren (D-MA), in a fundraising email for her presidential campaign, addressed the innuendo stoked by former Vice President Joe Biden and others who have cast her as an elitist ideologue.",Biden responds to Warren's comments on 'angry' charge,"Generate a news headline. Category: video Article summary: Sen. Elizabeth Warren (D-MA), in a fundraising email for her presidential campaign, addressed the innuendo stoked by former Vice President Joe Biden and others who have cast her as an elitist ideologue.",Biden responds to Warren's comments on 'angry' charge,32,8,True,0.0001095513,0,https://assets.msn.com/labs/mind/BBWvPpr.html,Warren: Innuendo stoked by Biden and others who cast her as an elitist ideologue,False
generic-006287,generic,test,39646,N3456,news,newsus,"A man was shot and killed in Sacramento on Friday night, police said. The shooting happened at San Juan and Truxel roads. Police say the man was found dead inside a car. Another man was also shot and was found in the same car. He was taken to a hospital. Sign up for our Newsletters Police believe the shooting victims crashed into another car at the intersection. The occupants in the other car were not hurt. Police said they are not involved in...",Man killed after 2 shot in Sacramento,"Generate a news headline. Category: news Article summary: A man was shot and killed in Sacramento on Friday night, police said. The shooting happened at San Juan and Truxel roads. Police say the man was found dead inside a car. Another man was also shot and was found in the same car. He was taken to a hospital. Sign up for our Newsletters Police believe the shooting victims crashed into another car at the intersection. The occupants in the other car were not hurt. Police said they are not involved in...",Man killed after 2 shot in Sacramento,83,7,True,0.000110388006,0,https://assets.msn.com/labs/mind/BBWvRrl.html,"Man shot and killed in Sacramento, police say",False
generic-006288,generic,test,10384,N52921,travel,traveltripideas,"Heading to the mountains this winter? These are the best ski resorts in the US, from Park City to Telluride and beyond!",Best Ski Resorts in the US,"Generate a news headline. Category: travel Article summary: Heading to the mountains this winter? These are the best ski resorts in the US, from Park City to Telluride and beyond!",Best Ski Resorts in the US,22,6,True,0.8771496,1,https://assets.msn.com/labs/mind/AAJLOfI.html,"The best ski resorts in the US, from Park City to Telluride",False
generic-006289,generic,test,6425,N7127,news,newsus,Elsie Cruey moved into a Fairfax apartment complex for people age 62 and older last year. She has been told she must vacate by Thursday.,She's 83 and might get kicked out of her apartment. Among her violations: Taking too many cookies.,Generate a news headline. Category: news Article summary: Elsie Cruey moved into a Fairfax apartment complex for people age 62 and older last year. She has been told she must vacate by Thursday.,She's 83 and might get kicked out of her apartment. Among her violations: Taking too many cookies.,25,17,True,0.9870471,1,https://assets.msn.com/labs/mind/AAISSsC.html,Elsie Cruey moved into Fairfax apartment complex for 62 and older,False
generic-006290,generic,test,3689,N51643,sports,basketball_nba,"Warriors center Kevon Looney is on track to return for Thursday's season opener against the Clippers. Looney, who missed the preseason with a strained right hamstring, on Sunday scrimmaged for the first time since getting injured on the first day of training camp. If he feels OK, Looney will scrimmage again Tuesday. ""I just talked to him, and he said he felt good,"" Warriors head coach Steve Kerr said. ""We'll continue to get more work in as the...",Warriors' Kevon Looney on track to return for season opener,"Generate a news headline. Category: sports Article summary: Warriors center Kevon Looney is on track to return for Thursday's season opener against the Clippers. Looney, who missed the preseason with a strained right hamstring, on Sunday scrimmaged for the first time since getting injured on the first day of training camp. If he feels OK, Looney will scrimmage again Tuesday. ""I just talked to him, and he said he felt good,"" Warriors head coach Steve Kerr said. ""We'll continue to get more work in as the...",Warriors' Kevon Looney on track to return for season opener,78,10,True,0.00010901971,0,https://assets.msn.com/labs/mind/AAJ4GYw.html,Warriors center Kevon Looney on track to return for Thursday's season opener against Clippers,False
generic-006291,generic,test,7097,N48357,sports,baseball_mlb,"That's it, folks. A wrap up on the 2019 campaign, and it ends with a celebration of the first World Series championship in D.C. in 95 years.",Washington Nationals hold World Series championship parade in nation's capital,"Generate a news headline. Category: sports Article summary: That's it, folks. A wrap up on the 2019 campaign, and it ends with a celebration of the first World Series championship in D.C. in 95 years.",Washington Nationals hold World Series championship parade in nation's capital,27,10,True,6.810007e-05,0,https://assets.msn.com/labs/mind/AAJL2UX.html,World Series: The first World Series championship in D.C. in 95 years,False
generic-006292,generic,test,56157,N18679,sports,basketball_ncaa,"Penn State junior Megan McNeely was just headed to class, when she heard a voice in the distance. ""Michigan State?! Why are you wearing that?"" That was from football coach James Franklin, who while walking across campus spotted McNeely wearing a T-shirt supporting the Spartans. (McNeely has family that went to MSU.) So Franklin's rectified McNeeley's wardrobe choice ... by giving her his Penn ...",Penn State's James Franklin gives student in Michigan State shirt his instead,"Generate a news headline. Category: sports Article summary: Penn State junior Megan McNeely was just headed to class, when she heard a voice in the distance. ""Michigan State?! Why are you wearing that?"" That was from football coach James Franklin, who while walking across campus spotted McNeely wearing a T-shirt supporting the Spartans. (McNeely has family that went to MSU.) So Franklin's rectified McNeeley's wardrobe choice ... by giving her his Penn ...",Penn State's James Franklin gives student in Michigan State shirt his instead,65,12,True,0.00024723596,0,https://assets.msn.com/labs/mind/AAIDxCZ.html,Penn State freshman Megan McNeely wears T-shirt for Spartans,False
generic-006293,generic,test,18420,N15523,news,newscrime,The teenage boy accused of shooting a Chicago girl who was out trick-or-treating on Halloween faces a court hearing Monday.,Chicago teenager accused of shooting 7-year-old girl on Halloween faces court hearing Monday,Generate a news headline. Category: news Article summary: The teenage boy accused of shooting a Chicago girl who was out trick-or-treating on Halloween faces a court hearing Monday.,Chicago teenager accused of shooting 7-year-old girl on Halloween faces court hearing Monday,20,13,True,0.00031356176,0,https://assets.msn.com/labs/mind/AAJNpNN.html,Boy accused of shooting Chicago girl who was out trick-or-treating on Halloween faces court hearing,False
generic-006294,generic,test,39551,N48407,news,elections-2020-us,"Former Gov. Deval Patrick of Massachusetts officially entered the presidential race, adding an 18th candidate and an 11th-hour twist to a turbulent Democratic primary.","Deval Patrick Joins the 2020 Race: 'This Won't Be Easy, and It Shouldn't Be'","Generate a news headline. Category: news Article summary: Former Gov. Deval Patrick of Massachusetts officially entered the presidential race, adding an 18th candidate and an 11th-hour twist to a turbulent Democratic primary.","Deval Patrick Joins the 2020 Race: 'This Won't Be Easy, and It Shouldn't Be'",24,14,True,0.000167008,0,https://assets.msn.com/labs/mind/BBWKqxh.html,Former Massachusetts Gov. Deval Patrick officially enters presidential race,False
generic-006295,generic,test,56020,N22496,video,news,"Joe Scarborough discusses President Trump's foreign policy decisions and how he has abandoned important U.S. allies to side with Russia and Turkey. Scarborough: ""I think we all will be absolutely fascinated when we finally figure out what Vladimir Putin has on Donald Trump... it goes back to money. It's always about money.""",Joe: President Trump is selling America,"Generate a news headline. Category: video Article summary: Joe Scarborough discusses President Trump's foreign policy decisions and how he has abandoned important U.S. allies to side with Russia and Turkey. Scarborough: ""I think we all will be absolutely fascinated when we finally figure out what Vladimir Putin has on Donald Trump... it goes back to money. It's always about money.""",Joe: President Trump is selling America,52,6,True,0.99934953,1,https://assets.msn.com/labs/mind/AAJhna5.html,Joe Scarborough: 'I think we all will be absolutely fascinated when we finally figure out what Vladimir Putin has on Donald Trump',False
generic-006296,generic,test,31598,N7046,travel,traveltripideas,"These budget-friendly RV campgrounds in each state may have more availability in the off-season, and go as low as $16 nightly for a spot with electricity. Even sites with amenities such as swimming holes, mini golf, fire pits, showers, movie theaters, and high-speed Wi-Fi can wind up being surprisingly affordable.",50 Budget-Friendly RV Campgrounds to Check Out,"Generate a news headline. Category: travel Article summary: These budget-friendly RV campgrounds in each state may have more availability in the off-season, and go as low as $16 nightly for a spot with electricity. Even sites with amenities such as swimming holes, mini golf, fire pits, showers, movie theaters, and high-speed Wi-Fi can wind up being surprisingly affordable.",50 Budget-Friendly RV Campgrounds to Check Out,50,7,True,0.04265043,0,https://assets.msn.com/labs/mind/BBVhV5z.html,"RV campgrounds in each state may have more availability in the off-season, and go as low as $16 nightly for a spot with electricity",False
generic-006297,generic,test,59916,N60347,news,newsworld,"A driver was killed in Metairie Saturday when he was ejected from his car during a crash, officials with the Jefferson Parish Sheriff's Office said. The crash happened just before 4 p.m. on Kawanee Avenue, near Green Acres Drive, JPSO officials said. The 38-year-old man's vehicle left the road and struck a pole, JPSO investigators said. It's unclear why the car left the road. The driver, who has not been identified, was ejected from the car and...","Metairie rollover crash ejects, kills man","Generate a news headline. Category: news Article summary: A driver was killed in Metairie Saturday when he was ejected from his car during a crash, officials with the Jefferson Parish Sheriff's Office said. The crash happened just before 4 p.m. on Kawanee Avenue, near Green Acres Drive, JPSO officials said. The 38-year-old man's vehicle left the road and struck a pole, JPSO investigators said. It's unclear why the car left the road. The driver, who has not been identified, was ejected from the car and...","Metairie rollover crash ejects, kills man",77,6,False,0.00010081912,0,https://assets.msn.com/labs/mind/AAJpCHb.html,"Driver killed in Metairie crash, officials say",False
generic-006298,generic,test,14666,N10993,foodanddrink,foodnews,"From a creamy and cheesy onion soup in France to a hearty heap of chilaquiles in Mexico, here are 26 of the world's most delicious comfort foods.",Here's what comfort food looks like in 26 countries around the world,"Generate a news headline. Category: foodanddrink Article summary: From a creamy and cheesy onion soup in France to a hearty heap of chilaquiles in Mexico, here are 26 of the world's most delicious comfort foods.",Here's what comfort food looks like in 26 countries around the world,27,12,True,0.99997663,1,https://assets.msn.com/labs/mind/AAJN4rx.html,26 of the world's most delicious comfort foods,False
generic-006299,generic,test,39931,N61753,travel,travelarticle,"It's been more than a year since Bird scooters first landed, and fleets have multiplied. Catch up on the latest tweaks to the city's scooter policies.",Your Bird ride may be changing. What to know about tweaks to Louisville's scooter rules,"Generate a news headline. Category: travel Article summary: It's been more than a year since Bird scooters first landed, and fleets have multiplied. Catch up on the latest tweaks to the city's scooter policies.",Your Bird ride may be changing. What to know about tweaks to Louisville's scooter rules,26,15,True,0.011732355,0,https://assets.msn.com/labs/mind/BBWKu7f.html,"Bird scooters have multiplied, and fleets have multiplied",False
generic-006300,generic,test,52015,N60818,news,newspolitics,"Pence touted the benefits to Wisconsin, including increased dairy exports that President Donald Trump negotiated in what Pence, tongue in cheek, called ""his typically subtle way.""","In Wisconsin appearance, Vice President Mike Pence urges passage of trade agreement with Mexico and Canada","Generate a news headline. Category: news Article summary: Pence touted the benefits to Wisconsin, including increased dairy exports that President Donald Trump negotiated in what Pence, tongue in cheek, called ""his typically subtle way.""","In Wisconsin appearance, Vice President Mike Pence urges passage of trade agreement with Mexico and Canada",26,16,True,6.8599795e-05,0,https://assets.msn.com/labs/mind/AAJgcjt.html,"Pence lauds Wisconsin dairy exports, including increased dairy exports",False
generic-006301,generic,test,35535,N15518,news,newsworld,"Lithuania and Russia swapped spies at the Baltic nation's border on Friday, with two Lithuanian citizens and a Norwegian handed over in exchange for two Russians.","Russia Releases Norwegian, Lithuanians in Unusual Spy Swap","Generate a news headline. Category: news Article summary: Lithuania and Russia swapped spies at the Baltic nation's border on Friday, with two Lithuanian citizens and a Norwegian handed over in exchange for two Russians.","Russia Releases Norwegian, Lithuanians in Unusual Spy Swap",26,8,True,6.441186e-05,0,https://assets.msn.com/labs/mind/BBWOhmG.html,"Lithuania, Russia swap spies at Baltic nation's border",False
generic-006302,generic,test,49278,N39746,music,musicnews,"It's been a busy day for concert announcements at Tampa's big arena (Elton John, Harry Styles), but one we missed out on was Camila Cabello. The former Fifth Harmony singer will bring her first major headlining tour to Orlando's Amway Center on Sept. 20. Tickets start at $29 and go on sale Nov. 21. Click here.Latin pop star Prince Royce is scaling down to a more intimate local venue for his ...","New concerts: Camila Cabello, Prince Royce, Drowning Pool, more","Generate a news headline. Category: music Article summary: It's been a busy day for concert announcements at Tampa's big arena (Elton John, Harry Styles), but one we missed out on was Camila Cabello. The former Fifth Harmony singer will bring her first major headlining tour to Orlando's Amway Center on Sept. 20. Tickets start at $29 and go on sale Nov. 21. Click here.Latin pop star Prince Royce is scaling down to a more intimate local venue for his ...","New concerts: Camila Cabello, Prince Royce, Drowning Pool, more",72,9,True,0.00064625626,0,https://assets.msn.com/labs/mind/BBWIv7H.html,Camila Cabello to bring her first major headlining tour to Orlando's Amway Center,False
generic-006303,generic,test,33613,N7476,news,newsworld,"ANKARA, Turkey (AP) Turkish officials say two explosions at an ammunition depot in southeast Turkey have injured 16 military personnel and one civilian. Gov. Abdullah Erin of Sanliurfa province has told reporters that the explosions occurred late Wednesday at the command of a mechanized brigade in the province, which borders Syria. He says the first explosion triggered the second. A fire that ensued was quickly brought under control.",Turkey: 17 hurt in explosions at ammunition depot,"Generate a news headline. Category: news Article summary: ANKARA, Turkey (AP) Turkish officials say two explosions at an ammunition depot in southeast Turkey have injured 16 military personnel and one civilian. Gov. Abdullah Erin of Sanliurfa province has told reporters that the explosions occurred late Wednesday at the command of a mechanized brigade in the province, which borders Syria. He says the first explosion triggered the second. A fire that ensued was quickly brought under control.",Turkey: 17 hurt in explosions at ammunition depot,68,8,True,6.977223e-05,0,https://assets.msn.com/labs/mind/BBWJZIa.html,Turkish officials say two explosions at ammunition depot in southeast Turkey have injured 16 military personnel and civilian,False
generic-006304,generic,test,37466,N60257,sports,football_nfl,"The Steelers' franchise QB has been silent since his injury, but spoke to media heading into the Week 11 game vs. the Browns.","Ben Roethlisberger thinks Mason Rudolph is doing ""awesome"" as the Steelers quarterback","Generate a news headline. Category: sports Article summary: The Steelers' franchise QB has been silent since his injury, but spoke to media heading into the Week 11 game vs. the Browns.","Ben Roethlisberger thinks Mason Rudolph is doing ""awesome"" as the Steelers quarterback",23,12,True,0.9999349,1,https://assets.msn.com/labs/mind/BBWERpK.html,Steelers QB has been silent since his injury,False
generic-006305,generic,test,1737,N47641,health,wellness,"While you watch her crush a performance on her Vegas tour or ""The Voice,"" you may be wondering how the star looks so ridiculously youthful and absolutely ripped at 50.",Exactly How Gwen Stefani Makes 50 Look 30,"Generate a news headline. Category: health Article summary: While you watch her crush a performance on her Vegas tour or ""The Voice,"" you may be wondering how the star looks so ridiculously youthful and absolutely ripped at 50.",Exactly How Gwen Stefani Makes 50 Look 30,30,8,True,0.999979,1,https://assets.msn.com/labs/mind/AAIfxqf.html,How the star looks so ridiculously youthful and absolutely ripped at 50,False
generic-006306,generic,test,13953,N30990,news,newsus,"At a church service on Sunday, former President Jimmy Carter reflected on dying and expressed his thoughts on what would truly make American great.",President Jimmy Carter says he's 'at peace' with death during church service,"Generate a news headline. Category: news Article summary: At a church service on Sunday, former President Jimmy Carter reflected on dying and expressed his thoughts on what would truly make American great.",President Jimmy Carter says he's 'at peace' with death during church service,24,12,True,0.00014545687,0,https://assets.msn.com/labs/mind/AAJMnci.html,Former President Jimmy Carter reflects on dying and expressed his thoughts on what would truly make American great,False
generic-006307,generic,test,34620,N45623,sports,football_nfl,"Florida Atlantic tight end John Raine will return to the FAU for the 2020 season after receiving a medical redshirt for his freshman season in 2016. ""Freshman year, I played in four games and then that fourth game I played in, I broke my ankle and I missed the rest of the year,"" Raine said. ""I went and tried to get a year of medical eligibility back and it was approved by the NCAA."" FAU's ...",Florida Atlantic tight end John Raine to return to Owls for 2020 season,"Generate a news headline. Category: sports Article summary: Florida Atlantic tight end John Raine will return to the FAU for the 2020 season after receiving a medical redshirt for his freshman season in 2016. ""Freshman year, I played in four games and then that fourth game I played in, I broke my ankle and I missed the rest of the year,"" Raine said. ""I went and tried to get a year of medical eligibility back and it was approved by the NCAA."" FAU's ...",Florida Atlantic tight end John Raine to return to Owls for 2020 season,76,13,True,0.00013190908,0,https://assets.msn.com/labs/mind/BBWEFlg.html,Florida Atlantic tight end John Raine to return to FAU for 2020 season,False
generic-006308,generic,test,22427,N65139,sports,baseball_mlb,"Carlos Beltr n was back in familiar blue pinstripes Monday, buttoning up a New York Mets uniform while standing next to his new boss, Brodie Van Wagenen.",Beltr n On New Beginning With Mets: Manager Must Be GM's 'Best Friend',"Generate a news headline. Category: sports Article summary: Carlos Beltr n was back in familiar blue pinstripes Monday, buttoning up a New York Mets uniform while standing next to his new boss, Brodie Van Wagenen.",Beltr n On New Beginning With Mets: Manager Must Be GM's 'Best Friend',27,13,True,0.00010626407,0,https://assets.msn.com/labs/mind/AAJOMcW.html,Carlos Beltr n back in blue pinstripes with new Mets boss Brodie Van Wagenen,False
generic-006309,generic,test,3859,N8598,tv,tv-gallery,The 14th annual event takes place in NYC from October 3 to 6. Insider is at the Javits Center rounding up photos of the best cosplay we see.,The best cosplay from New York Comic Con this year,Generate a news headline. Category: tv Article summary: The 14th annual event takes place in NYC from October 3 to 6. Insider is at the Javits Center rounding up photos of the best cosplay we see.,The best cosplay from New York Comic Con this year,28,10,True,0.9999527,1,https://assets.msn.com/labs/mind/AAIjJ2B.html,Insider at Javits Center rounding up photos of best cosplay we see,False
generic-006310,generic,test,2784,N56349,news,newsus,"When the Volusia County Council grades the year-long performance of its new manager and long-time attorney next month, they will once again do so without written evaluations. That was determined Tuesday despite a request from Councilwoman Heather Post at the end of the meeting to change the evaluation process going forward. Performance reviews for the county manager and attorney appear on the ...","Volusia Council rejects written reviews for manager, attorney","Generate a news headline. Category: news Article summary: When the Volusia County Council grades the year-long performance of its new manager and long-time attorney next month, they will once again do so without written evaluations. That was determined Tuesday despite a request from Councilwoman Heather Post at the end of the meeting to change the evaluation process going forward. Performance reviews for the county manager and attorney appear on the ...","Volusia Council rejects written reviews for manager, attorney",63,8,True,6.532744e-05,0,https://assets.msn.com/labs/mind/AAJWQCr.html,Volusia County Council's new manager and long-time attorney will again do so without written evaluations,False
generic-006311,generic,test,48537,N45212,music,musicnews,"NASHVILLE, Tenn. (AP) The Latest on the 2019 Country Music Association Awards, being presented Wednesday at the Bridgestone Arena (all times local): 10 p.m. Garth Brooks has won the Entertainer of the Year honor at the Country Music Association Awards. Brooks won the top award on a night when the contributions of women to country music were front and center, starting with a powerful opening performance from some of country music's biggest...",The Latest: Garth Brooks wins CMA's Entertainer of the Year,"Generate a news headline. Category: music Article summary: NASHVILLE, Tenn. (AP) The Latest on the 2019 Country Music Association Awards, being presented Wednesday at the Bridgestone Arena (all times local): 10 p.m. Garth Brooks has won the Entertainer of the Year honor at the Country Music Association Awards. Brooks won the top award on a night when the contributions of women to country music were front and center, starting with a powerful opening performance from some of country music's biggest...",The Latest: Garth Brooks wins CMA's Entertainer of the Year,72,10,True,0.00035106557,0,https://assets.msn.com/labs/mind/BBWIoj8.html,The Latest on the 2019 Country Music Association Awards: Garth Brooks wins Entertainer of the Year honor,False
generic-006312,generic,test,39108,N1638,news,newsoffbeat,"Rachel Marston started her work as barn manager at HorsePlay Ranch in Corcoran just a few months ago, but she knew right away that something wasn't right when she approached one of the paddocks Tuesday afternoon. ""She was down right here,"" Marston said, pointing to a small patch of ice. ""You can see we spread manure to try to give her some footing."" Laying on that patch of ice, was a 34-year-old horse named Tess. ""She's like 90 in human years,""...",Neighbors work for hours to save elderly horse after fall on ice,"Generate a news headline. Category: news Article summary: Rachel Marston started her work as barn manager at HorsePlay Ranch in Corcoran just a few months ago, but she knew right away that something wasn't right when she approached one of the paddocks Tuesday afternoon. ""She was down right here,"" Marston said, pointing to a small patch of ice. ""You can see we spread manure to try to give her some footing."" Laying on that patch of ice, was a 34-year-old horse named Tess. ""She's like 90 in human years,""...",Neighbors work for hours to save elderly horse after fall on ice,81,12,False,0.00024541112,0,https://assets.msn.com/labs/mind/BBWMh1j.html,Rachel Marston's horse is a 90-year-old horse named Tess,False
generic-006313,generic,test,2198,N44763,lifestyle,lifestylefashion,"If you're on the hunt for cute tiny tattoos and small tattoos, we rounded up the best minimalist tattoo inspiration from celebrity-loved artist JonBoy.",46 Small Tattoos Even the Most Needle-Shy Can't Resist,"Generate a news headline. Category: lifestyle Article summary: If you're on the hunt for cute tiny tattoos and small tattoos, we rounded up the best minimalist tattoo inspiration from celebrity-loved artist JonBoy.",46 Small Tattoos Even the Most Needle-Shy Can't Resist,24,9,True,0.99997866,1,https://assets.msn.com/labs/mind/AAGz9rQ.html,Best minimalist tattoo inspiration from JonBoy,False
generic-006314,generic,test,25456,N50271,sports,basketball_ncaa,"NEW YORK (AP) Tre Jones scored 15 points and Cassius Stanley added 11 of his 13 points in the second half to help No. 4 Duke beat third-ranked Kansas 68-66 in the opener of the Champions Classic on Tuesday night at Madison Square Garden. While Duke doesn't have the star-studded freshmen class of last season of Zion Williamson, Cam Reddish and RJ Barrett, coach Mike Krzyzewski may have a more balanced team, capable of making plays down the...",No. 4 Duke edges third-ranked Kansas 68-66,"Generate a news headline. Category: sports Article summary: NEW YORK (AP) Tre Jones scored 15 points and Cassius Stanley added 11 of his 13 points in the second half to help No. 4 Duke beat third-ranked Kansas 68-66 in the opener of the Champions Classic on Tuesday night at Madison Square Garden. While Duke doesn't have the star-studded freshmen class of last season of Zion Williamson, Cam Reddish and RJ Barrett, coach Mike Krzyzewski may have a more balanced team, capable of making plays down the...",No. 4 Duke edges third-ranked Kansas 68-66,78,7,True,8.6951855e-05,0,https://assets.msn.com/labs/mind/AAJUAMy.html,"Tre Jones scores 15 points, Cassius Stanley adds 13 points in second half to help No. 4 Duke beat Kansas 68-66",False
generic-006315,generic,test,61399,N22132,finance,financenews,"The school district will ask voters for $3.3 million for new staff on Nov. 5, then seek a $9.9 million bond to repair Queen of Peace HS on Dec. 10.","North Arlington asks voters to OK $13.3M for more staff, upgrades","Generate a news headline. Category: finance Article summary: The school district will ask voters for $3.3 million for new staff on Nov. 5, then seek a $9.9 million bond to repair Queen of Peace HS on Dec. 10.","North Arlington asks voters to OK $13.3M for more staff, upgrades",30,11,True,6.933487e-05,0,https://assets.msn.com/labs/mind/AAJq28o.html,"School district to ask voters for $3.3 million for new staff on Nov. 5, then seek $9.9 million bond to repair Queen of Peace HS",False
generic-006316,generic,test,6852,N16674,sports,basketball_nba,"Editor's Note: The following story contains graphic information from an arrest affidavit that may not be suitable for all audiences. Pinellas Park police responded to an unusual call Tuesday at the Target Store on US Hwy 19 at Park Boulevard. Investigators say 20-year-old Cody Meader went into the store and made his way to a display of Disney ""Frozen"" merchandise, selecting a large, stuffed ""Olaf"" toy. According to an arrest affidavit, he put...",Man accused of having sex with stuffed Disney toy at Target,"Generate a news headline. Category: sports Article summary: Editor's Note: The following story contains graphic information from an arrest affidavit that may not be suitable for all audiences. Pinellas Park police responded to an unusual call Tuesday at the Target Store on US Hwy 19 at Park Boulevard. Investigators say 20-year-old Cody Meader went into the store and made his way to a display of Disney ""Frozen"" merchandise, selecting a large, stuffed ""Olaf"" toy. According to an arrest affidavit, he put...",Man accused of having sex with stuffed Disney toy at Target,73,11,True,0.00038524962,0,https://assets.msn.com/labs/mind/AAJg1ZC.html,Pinellas Park police respond to unusual call at Target Store,False
generic-006317,generic,test,61301,N34149,news,newsus,"ANN ARBOR, MI -- An Ann Arbor business won the historic designation of becoming Michigan's first-ever recreational marijuana business license applicant at exactly 12:17 a.m. Friday, Nov. 1. ""The state has been very helpful in getting us through this process to make sure we got all of our ducks in a row and submitted our application in its entirety,"" said Omar Hishmeh, co-owner of Exclusive ...",Meet Michigan's first-ever recreational marijuana business applicant,"Generate a news headline. Category: news Article summary: ANN ARBOR, MI -- An Ann Arbor business won the historic designation of becoming Michigan's first-ever recreational marijuana business license applicant at exactly 12:17 a.m. Friday, Nov. 1. ""The state has been very helpful in getting us through this process to make sure we got all of our ducks in a row and submitted our application in its entirety,"" said Omar Hishmeh, co-owner of Exclusive ...",Meet Michigan's first-ever recreational marijuana business applicant,66,7,True,0.000897581,0,https://assets.msn.com/labs/mind/AAJIipj.html,Ann Arbor business wins historic designation of becoming Michigan's first recreational marijuana business license applicant,False
generic-006318,generic,test,50407,N13403,sports,football_nfl,"The Seattle Seahawks once again rallied for a win, this time over the previously unbeaten 49ers. And this Seattle team is for real, writes Mike Jones.",'We always believe': Win over 49ers proves Seattle Seahawks' mindset is more than just lip service,"Generate a news headline. Category: sports Article summary: The Seattle Seahawks once again rallied for a win, this time over the previously unbeaten 49ers. And this Seattle team is for real, writes Mike Jones.",'We always believe': Win over 49ers proves Seattle Seahawks' mindset is more than just lip service,26,16,True,0.00012817541,0,https://assets.msn.com/labs/mind/BBWDZP7.html,Seattle Seahawks win over 49ers,False
generic-006319,generic,test,46161,N3943,news,newscrime,"WINSTON-SALEM, N.C. A woman was shot in the leg and taken to a local hospital after a confrontation at a McDonald's, according to a Winston-Salem Police Department news release. On Saturday, around 4:15 p.m., officers, fire personnel and EMS workers responded to a report of a shooting at the McDonald's at 780 Martin Luther King Jr. Drive. The people in a vehicle believed a white vehicle ...","Woman shot in leg in Winston-Salem, taken to hospital after confrontation at McDonald's","Generate a news headline. Category: news Article summary: WINSTON-SALEM, N.C. A woman was shot in the leg and taken to a local hospital after a confrontation at a McDonald's, according to a Winston-Salem Police Department news release. On Saturday, around 4:15 p.m., officers, fire personnel and EMS workers responded to a report of a shooting at the McDonald's at 780 Martin Luther King Jr. Drive. The people in a vehicle believed a white vehicle ...","Woman shot in leg in Winston-Salem, taken to hospital after confrontation at McDonald's",67,13,True,0.00016021336,0,https://assets.msn.com/labs/mind/BBWBhkA.html,Woman shot in leg and taken to hospital after confrontation at McDonald's,False
generic-006320,generic,test,46662,N33135,sports,more_sports,Eleven girls and seven boys from Connecticut placed in the top 25 at the New England Interscholastic Cross Country Championships Saturday.,Connecticut Runners Excel At New England Championships,Generate a news headline. Category: sports Article summary: Eleven girls and seven boys from Connecticut placed in the top 25 at the New England Interscholastic Cross Country Championships Saturday.,Connecticut Runners Excel At New England Championships,21,7,True,6.785044e-05,0,https://assets.msn.com/labs/mind/BBWxPjm.html,Eleven girls and seven boys from Connecticut placed in top 25 at New England Interscholastic Cross Country Championships,False
generic-006321,generic,test,8488,N19670,news,newscrime,"ASHEVILLE, NC (FOX Carolina) - The Asheville Police Department said they have tracked down the owner of a dog that bit a person on Sunday. It happened at Mod Pizza on Merrimon Avenue around 2 p.m. and involved a large, gray pit bull. Police said Tuesday if the owner is not located within the next 24 hours the victim will be required to receive rabies post-exposure regimen of shots. On Wednesday, police said the dog's owner had been located....",Asheville police have located owner of dog that bit person on Merrimon Avenue,"Generate a news headline. Category: news Article summary: ASHEVILLE, NC (FOX Carolina) - The Asheville Police Department said they have tracked down the owner of a dog that bit a person on Sunday. It happened at Mod Pizza on Merrimon Avenue around 2 p.m. and involved a large, gray pit bull. Police said Tuesday if the owner is not located within the next 24 hours the victim will be required to receive rabies post-exposure regimen of shots. On Wednesday, police said the dog's owner had been located....",Asheville police have located owner of dog that bit person on Merrimon Avenue,79,13,True,0.00064617925,0,https://assets.msn.com/labs/mind/AAJg5MT.html,Asheville police track down owner of dog biting person,False
generic-006322,generic,test,18400,N29387,travel,travelarticle,"The clam bar and tavern closed its Ramsey site Sunday after six years, leaving one location on Route 17 south in Carlstadt.","Biggie's, popular raw bar and tavern, shuts down in Ramsey","Generate a news headline. Category: travel Article summary: The clam bar and tavern closed its Ramsey site Sunday after six years, leaving one location on Route 17 south in Carlstadt.","Biggie's, popular raw bar and tavern, shuts down in Ramsey",22,10,True,0.0002838831,0,https://assets.msn.com/labs/mind/AAJuN0C.html,clam bar and tavern closed after six years,False
generic-006323,generic,test,58282,N27736,video,news,"Thousands of people were evacuated from some of Los Angeles' wealthiest neighborhoods after a fast-moving brush fire ignited early Monday near the Getty Center museum, the latest outbreak in a wildfire season that has scorched parts of California. Lisa Bernhard reports.",Flames encircle L.A. museum as thousands flee,"Generate a news headline. Category: video Article summary: Thousands of people were evacuated from some of Los Angeles' wealthiest neighborhoods after a fast-moving brush fire ignited early Monday near the Getty Center museum, the latest outbreak in a wildfire season that has scorched parts of California. Lisa Bernhard reports.",Flames encircle L.A. museum as thousands flee,41,7,True,0.000116971314,0,https://assets.msn.com/labs/mind/AAJuWAr.html,Thousands evacuated from Los Angeles' wealthiest neighborhoods after fast-moving brush fire,False
generic-006324,generic,test,43668,N46024,travel,travelarticle,The 17 to 180-foot deep void is now covered by a concrete slab supported by concrete and steel micropiles. But don't call it a permanent solution.,Route 422 to reopen late this week: What you need to know about PennDOT's repair to the sinkhole,Generate a news headline. Category: travel Article summary: The 17 to 180-foot deep void is now covered by a concrete slab supported by concrete and steel micropiles. But don't call it a permanent solution.,Route 422 to reopen late this week: What you need to know about PennDOT's repair to the sinkhole,26,18,True,0.0036323848,0,https://assets.msn.com/labs/mind/BBWI02X.html,Concrete slab covered by concrete and steel micropiles is now covered by concrete and steel micropiles,False
generic-006325,generic,test,12475,N58010,finance,finance-real-estate,"SOUTH KINGSTOWN -- A custom-built colonial at 455 Congdon Drive recently sold for $1,595,000, according to Mott & Chace Sotheby's International Realty, the agency that represented the sellers. The 6,100-square-foot house sits on four acres. It has four bedrooms, four-and-a-half bathrooms, a home theater, a fitness room, a sauna, a gourmet kitchen, a home office and a two-car garage. The ...",South Kingstown colonial with basketball court sells for $1.6 million,"Generate a news headline. Category: finance Article summary: SOUTH KINGSTOWN -- A custom-built colonial at 455 Congdon Drive recently sold for $1,595,000, according to Mott & Chace Sotheby's International Realty, the agency that represented the sellers. The 6,100-square-foot house sits on four acres. It has four bedrooms, four-and-a-half bathrooms, a home theater, a fitness room, a sauna, a gourmet kitchen, a home office and a two-car garage. The ...",South Kingstown colonial with basketball court sells for $1.6 million,61,10,True,6.529101e-05,0,https://assets.msn.com/labs/mind/AAIStgW.html,"Custom-built colonial sold for $1,595,000, says Mott & Chace Sotheby's International Realty",False
generic-006326,generic,test,55795,N51419,news,newscrime,"Ammunition went off Tuesday during a house fire in Des Moines. The Des Moines Fire Department responded to the fire near 4th and Euclid just before 3 p.m. Before fire crews arrived, a neighbor attempted to extinguish the fire with a garden hose. Fighters said heat set off the ammunition that was stored in the basement. Nobody was injured in the fire, which remains under investigation. READ MORE:Fire sets off ammunition in Des Moines home CHECK...",Fire sets off ammunition in Des Moines home,"Generate a news headline. Category: news Article summary: Ammunition went off Tuesday during a house fire in Des Moines. The Des Moines Fire Department responded to the fire near 4th and Euclid just before 3 p.m. Before fire crews arrived, a neighbor attempted to extinguish the fire with a garden hose. Fighters said heat set off the ammunition that was stored in the basement. Nobody was injured in the fire, which remains under investigation. READ MORE:Fire sets off ammunition in Des Moines home CHECK...",Fire sets off ammunition in Des Moines home,76,8,True,7.872325e-05,0,https://assets.msn.com/labs/mind/AAJyJBu.html,Ammunition goes off during house fire in Des Moines,False
generic-006327,generic,test,41117,N5854,news,newscrime,Crime Stoppers is offering a reward for the identification of two people they say were involved in a robbery at a downtown 7-Eleven.,Crime Stoppers seeking identity of two involved in 7-Eleven robbery,Generate a news headline. Category: news Article summary: Crime Stoppers is offering a reward for the identification of two people they say were involved in a robbery at a downtown 7-Eleven.,Crime Stoppers seeking identity of two involved in 7-Eleven robbery,23,10,True,0.00010518194,0,https://assets.msn.com/labs/mind/BBWL3YT.html,Crime Stoppers offers reward for identification of two people involved in robbery at 7-Eleven,False
generic-006328,generic,test,11092,N656,travel,travelnews,"The 1921 Woolworth Building in Alamo Plaza is on a new list of 25 heritage sites worldwide that are described as threatened, potentially boosting its standing in the often stormy debate over its future. Controversy long has surrounded the state-owned building, which stands on the same spot as the Alamo fort's west wall, scene of some of the heaviest fighting during the famous 1836 battle for Texas independence. Described as a symbol of...",San Antonio's Woolworth Building in Alamo Plaza makes global list of endangered sites,"Generate a news headline. Category: travel Article summary: The 1921 Woolworth Building in Alamo Plaza is on a new list of 25 heritage sites worldwide that are described as threatened, potentially boosting its standing in the often stormy debate over its future. Controversy long has surrounded the state-owned building, which stands on the same spot as the Alamo fort's west wall, scene of some of the heaviest fighting during the famous 1836 battle for Texas independence. Described as a symbol of...",San Antonio's Woolworth Building in Alamo Plaza makes global list of endangered sites,73,13,True,9.506326e-05,0,https://assets.msn.com/labs/mind/AAJy5YL.html,1921 Woolworth Building on new list of 25 heritage sites worldwide,False
generic-006329,generic,test,42832,N58784,sports,football_ncaa,"ANN ARBOR -- There's been a lot of talk this week, generated by Jim Harbaugh and his never-ending quest for gamesmanship, about Michigan State and its history of ""trick plays"" on special teams. Fake field goals here. Fake punts there. Mark Dantonio's teams have done it all over the past decade. But Michigan has converted its share of them this season, too. The 14th-ranked Wolverines have ...",Michael Barrett and Michigan's fake-punt threat,"Generate a news headline. Category: sports Article summary: ANN ARBOR -- There's been a lot of talk this week, generated by Jim Harbaugh and his never-ending quest for gamesmanship, about Michigan State and its history of ""trick plays"" on special teams. Fake field goals here. Fake punts there. Mark Dantonio's teams have done it all over the past decade. But Michigan has converted its share of them this season, too. The 14th-ranked Wolverines have ...",Michael Barrett and Michigan's fake-punt threat,67,6,True,8.718284e-05,0,https://assets.msn.com/labs/mind/BBWLDLH.html,"Michigan State's history of ""trick plays"" on special teams",False
generic-006330,generic,test,37642,N57170,autos,autosnews,"HIGHFILL, Ark. (KFSM) On Oct. 26 a Highfill Police Officer tried to make a traffic stop on the driver of a gray Dodge Charger. The driver was traveling on Highway 12 and according to police, took off at a high rate of speed. Officers said the driver was at times traveling more than 120 mph. The chase lasted about 24 miles. ""We were able to see that there were two male occupants inside of the ...",Highfill Police Search For Two Suspects In High Speed Chase,"Generate a news headline. Category: autos Article summary: HIGHFILL, Ark. (KFSM) On Oct. 26 a Highfill Police Officer tried to make a traffic stop on the driver of a gray Dodge Charger. The driver was traveling on Highway 12 and according to police, took off at a high rate of speed. Officers said the driver was at times traveling more than 120 mph. The chase lasted about 24 miles. ""We were able to see that there were two male occupants inside of the ...",Highfill Police Search For Two Suspects In High Speed Chase,76,10,True,6.616827e-05,0,https://assets.msn.com/labs/mind/BBWB3d7.html,Highfill Police Officer tries to make a traffic stop on Dodge Charger driver,False
generic-006331,generic,test,33284,N57998,sports,baseball_mlb,"Welcome to theScore's offseason bold predictions, in which MLB editors Michael Bradburn, Bryan Mcwilliam, Tom Ruminski, Simon Sharkey-Gotlieb, and Jason Wilson each take a guess at a major move they believe could happen this winter. Harper recruits Rendon to Phillies This is probably the Nationals' worst nightmare, even after their improbable championship run, but it's going to happen. Bryce Harper said all the right things as Washington marched...",5 bold predictions for MLB's offseason,"Generate a news headline. Category: sports Article summary: Welcome to theScore's offseason bold predictions, in which MLB editors Michael Bradburn, Bryan Mcwilliam, Tom Ruminski, Simon Sharkey-Gotlieb, and Jason Wilson each take a guess at a major move they believe could happen this winter. Harper recruits Rendon to Phillies This is probably the Nationals' worst nightmare, even after their improbable championship run, but it's going to happen. Bryce Harper said all the right things as Washington marched...",5 bold predictions for MLB's offseason,68,6,True,0.98991954,1,https://assets.msn.com/labs/mind/BBWt9LH.html,'It's going to happen': Bryce Harper says all right things as Washington marches,False
generic-006332,generic,test,39263,N36330,news,newsopinion,Bloomberg would be smart to enter the race; he would attract many Democrats who think Warren too toxic to beat Donald Trump.,Bloomberg run should push Warren to the center but won't,Generate a news headline. Category: news Article summary: Bloomberg would be smart to enter the race; he would attract many Democrats who think Warren too toxic to beat Donald Trump.,Bloomberg run should push Warren to the center but won't,22,10,True,0.00013902865,0,https://assets.msn.com/labs/mind/BBWvPRj.html,Bloomberg would be smart to enter the race; he would attract many Democrats who think Warren too toxic to beat Donald Trump,False
generic-006333,generic,test,54711,N2757,news,newsus,INDIANAPOLIS (AP) Indiana Attorney General Curtis Hill is trying to block two women from testifying about allegations of sexual misconduct as he prepares for an upcoming disciplinary hearing on separate claims that he drunkenly groped four women at a bar last year. The Indiana Supreme Court Disciplinary Commission wants the women to testify about Hill's actions when they were employees under him as the Elkhart County prosecutor before becoming...,Indiana attorney general tries barring testimony against him,Generate a news headline. Category: news Article summary: INDIANAPOLIS (AP) Indiana Attorney General Curtis Hill is trying to block two women from testifying about allegations of sexual misconduct as he prepares for an upcoming disciplinary hearing on separate claims that he drunkenly groped four women at a bar last year. The Indiana Supreme Court Disciplinary Commission wants the women to testify about Hill's actions when they were employees under him as the Elkhart County prosecutor before becoming...,Indiana attorney general tries barring testimony against him,69,8,False,7.948193e-05,0,https://assets.msn.com/labs/mind/AAISha7.html,Indiana Attorney General Curtis Hill seeks to block two women from testifying about sexual misconduct allegations,False
generic-006334,generic,test,30390,N5457,sports,football_ncaa,"The redshirt freshman started eight of nine games this season, but was demoted during the loss to Georgia on Saturday.",Florida OL Chris Bleich opts for portal over bench,"Generate a news headline. Category: sports Article summary: The redshirt freshman started eight of nine games this season, but was demoted during the loss to Georgia on Saturday.",Florida OL Chris Bleich opts for portal over bench,20,9,True,7.941708e-05,0,https://assets.msn.com/labs/mind/AAJUzke.html,Redshirt freshman demoted during Georgia loss to Georgia,False
generic-006335,generic,test,27719,N53516,lifestyle,lifestylefamily,"Four of Houston's legendary African-American quarterbacks are teaming up to award diversity scholarships to students in the Houston area. Deshaun Watson, Warren Moon, Andre Ware and Vince Young were raised by single mothers. Their mothers emphasized education, lending a hand to those in need and giving back. Watson, Moon, Ware and Young, in partnership with the Sports Authority Foundation, came together to form Brothers In Arms. The first class...","Deshaun Watson, Warren Moon, Vince Young, Andre Ware launch Houston-area scholarship program","Generate a news headline. Category: lifestyle Article summary: Four of Houston's legendary African-American quarterbacks are teaming up to award diversity scholarships to students in the Houston area. Deshaun Watson, Warren Moon, Andre Ware and Vince Young were raised by single mothers. Their mothers emphasized education, lending a hand to those in need and giving back. Watson, Moon, Ware and Young, in partnership with the Sports Authority Foundation, came together to form Brothers In Arms. The first class...","Deshaun Watson, Warren Moon, Vince Young, Andre Ware launch Houston-area scholarship program",69,12,True,8.2902676e-05,0,https://assets.msn.com/labs/mind/AAJUgtj.html,Four of Houston's legendary African-American quarterbacks team up to award diversity scholarships to students,False
generic-006336,generic,test,12645,N32640,news,newsworld,"Lebanon is on the verge of economic collapse unless an ""immediate solution"" can be found to end days of nationwide protests that have paralyzed the country, Central Bank Governor Riad Salame told CNN in an exclusive interview Monday.","Lebanon 'days' away from economic collapse if no solution to protests found, central bank governor says","Generate a news headline. Category: news Article summary: Lebanon is on the verge of economic collapse unless an ""immediate solution"" can be found to end days of nationwide protests that have paralyzed the country, Central Bank Governor Riad Salame told CNN in an exclusive interview Monday.","Lebanon 'days' away from economic collapse if no solution to protests found, central bank governor says",38,16,False,6.933877e-05,0,https://assets.msn.com/labs/mind/AAJtaDB.html,Lebanon on the verge of economic collapse unless 'immediate solution' can be found,False
generic-006337,generic,test,45820,N63151,news,newsscienceandtechnology,"A pedestrian was hit by a car on East Beltine Avenue SE near Woodland Mall Tuesday night. Grand Rapids Police, Kentwood Police and Michigan State Police shut down a section of East Beltline Avenue just north of 28th Street SE while they investigated the scene. The victim is being treated at an area hospital, and their condition is unknown at this time. A 13 ON YOUR SIDE crew on the scene said two cars appear to be involved in the crash. This is...","Pedestrian struck on East Beltline, police shut down road","Generate a news headline. Category: news Article summary: A pedestrian was hit by a car on East Beltine Avenue SE near Woodland Mall Tuesday night. Grand Rapids Police, Kentwood Police and Michigan State Police shut down a section of East Beltline Avenue just north of 28th Street SE while they investigated the scene. The victim is being treated at an area hospital, and their condition is unknown at this time. A 13 ON YOUR SIDE crew on the scene said two cars appear to be involved in the crash. This is...","Pedestrian struck on East Beltline, police shut down road",83,9,True,0.000111853966,0,https://assets.msn.com/labs/mind/BBWFDMK.html,A pedestrian was hit by a car on East Beltine Avenue SE near Woodland Mall,False
generic-006338,generic,test,56455,N8628,finance,finance-real-estate,These homes have the rolling green views of the golf courses and some are blessed with an added ocean or forest view.,10 CA Golf Course Homes,Generate a news headline. Category: finance Article summary: These homes have the rolling green views of the golf courses and some are blessed with an added ocean or forest view.,10 CA Golf Course Homes,22,5,True,0.9983909,1,https://assets.msn.com/labs/mind/AAIVQq5.html,Homes with rolling green views of the golf courses are blessed with an added ocean or forest view,False
generic-006339,generic,test,18085,N57760,news,newspolitics,"Some details the president has revealed are inaccurate, others are classified. Officials say they worry what to put in briefings for a man with no filter.",Officials cringe as Trump spills sensitive details of al-Baghdadi raid,"Generate a news headline. Category: news Article summary: Some details the president has revealed are inaccurate, others are classified. Officials say they worry what to put in briefings for a man with no filter.",Officials cringe as Trump spills sensitive details of al-Baghdadi raid,26,10,True,0.000111926514,0,https://assets.msn.com/labs/mind/AAJuLrP.html,"President's briefings are inaccurate, others are classified",False
generic-006340,generic,test,3490,N42366,autos,autosnews,"The driver behind the wheel of a pickup truck that traveled into the path of a school bus carrying 18 elementary students and crashed earlier this month in Rockingham County has been charged. The crash happened on North Carolina Highway 68 near Sylvania Road just after 3 p.m. on Oct. 1, according to the North Carolina State Highway Patrol. Troopers said the bus, which was a private vehicle not owned by Rockingham County Schools, was carrying...","Driver charged with reckless driving after crashing into school bus, sending 16 children to hospital","Generate a news headline. Category: autos Article summary: The driver behind the wheel of a pickup truck that traveled into the path of a school bus carrying 18 elementary students and crashed earlier this month in Rockingham County has been charged. The crash happened on North Carolina Highway 68 near Sylvania Road just after 3 p.m. on Oct. 1, according to the North Carolina State Highway Patrol. Troopers said the bus, which was a private vehicle not owned by Rockingham County Schools, was carrying...","Driver charged with reckless driving after crashing into school bus, sending 16 children to hospital",76,15,True,0.00020072494,0,https://assets.msn.com/labs/mind/AAI7TKO.html,Truck driver charged after school bus crash in Rockingham County,False
generic-006341,generic,test,15219,N2727,lifestyle,lifestylefamily,"MILWAUKEE -- A 14-year-old girl on Wednesday, Oct. 30 offered tasty treats to Milwaukee firefighters who saved her life 11 years ago. It was Sept. 28, 2008 -- and FOX6 News cameras were rolling near the intersection of Grant and Middlemass in Milwaukee as crews put out a huge duplex fire. One little girl remained inside the building until firefighters came to the rescue. Eleven years later, ...",14-year-old girl is 'giving thanks' to Milwaukee firefighters who saved her life 11 years ago,"Generate a news headline. Category: lifestyle Article summary: MILWAUKEE -- A 14-year-old girl on Wednesday, Oct. 30 offered tasty treats to Milwaukee firefighters who saved her life 11 years ago. It was Sept. 28, 2008 -- and FOX6 News cameras were rolling near the intersection of Grant and Middlemass in Milwaukee as crews put out a huge duplex fire. One little girl remained inside the building until firefighters came to the rescue. Eleven years later, ...",14-year-old girl is 'giving thanks' to Milwaukee firefighters who saved her life 11 years ago,68,15,True,0.9999211,1,https://assets.msn.com/labs/mind/AAJBYsP.html,14-year-old offers treats to Milwaukee firefighters who saved her life 11 years ago,False
generic-006342,generic,test,52860,N50491,lifestyle,lifestylebuzz,"Gordon Ramsay may be intimidating and menacing on his television shows, but the British celebrity chef just showed one New Jersey superfan his softer side. Ramsay, who has been spotted in Toms River filming his show, ""Gordon Ramsay's 24 Hours to Hell and Back"" this week, surprised Kallista Flores, a 12-year-old from Beachwood who is battling cancer, at her school on Wednesday after her father ...","Gordon Ramsay surprised a N.J. superfan fighting cancer. We're not crying, you're crying.","Generate a news headline. Category: lifestyle Article summary: Gordon Ramsay may be intimidating and menacing on his television shows, but the British celebrity chef just showed one New Jersey superfan his softer side. Ramsay, who has been spotted in Toms River filming his show, ""Gordon Ramsay's 24 Hours to Hell and Back"" this week, surprised Kallista Flores, a 12-year-old from Beachwood who is battling cancer, at her school on Wednesday after her father ...","Gordon Ramsay surprised a N.J. superfan fighting cancer. We're not crying, you're crying.",66,13,True,0.99996185,1,https://assets.msn.com/labs/mind/AAISQeb.html,Gordon Ramsay shows New Jersey superfan his softer side,False
generic-006343,generic,test,951,N36539,sports,football_nfl,"Deshaun Watson threw for 279 yards and three touchdowns, including the go-ahead score in the fourth quarter to lift the Houston Texans to a 27-24 win over the Oakland Raiders on Sunday.",Watson's 3 TD passes lead Texans over Raiders 27-24,"Generate a news headline. Category: sports Article summary: Deshaun Watson threw for 279 yards and three touchdowns, including the go-ahead score in the fourth quarter to lift the Houston Texans to a 27-24 win over the Oakland Raiders on Sunday.",Watson's 3 TD passes lead Texans over Raiders 27-24,32,9,True,0.00013922472,0,https://assets.msn.com/labs/mind/AAJrHVE.html,Deshaun Watson throws 279 yards and three touchdowns to lift Houston Texans to 27-24 win over Oakland Raiders,False
generic-006344,generic,test,51062,N14895,sports,football_nfl,"CLEVELAND, Ohio -- Browns receiver Antonio Callaway was a last-minute healthy scratch from Sunday's 19-16 victory over the Bills Sunday for a disciplinary reason, a league source said, but coach Freddie Kitchens wouldn't say what it was. ""That's between Antonio and I,'' coach Freddie Kitchens said. ""That's between Antonio and I."" Asked if it was disciplinary, Kitchens repeated, ""That's between ...","Antonio Callaway benched for disciplinary reasons vs. Bills, but Freddie Kitchens won't say why","Generate a news headline. Category: sports Article summary: CLEVELAND, Ohio -- Browns receiver Antonio Callaway was a last-minute healthy scratch from Sunday's 19-16 victory over the Bills Sunday for a disciplinary reason, a league source said, but coach Freddie Kitchens wouldn't say what it was. ""That's between Antonio and I,'' coach Freddie Kitchens said. ""That's between Antonio and I."" Asked if it was disciplinary, Kitchens repeated, ""That's between ...","Antonio Callaway benched for disciplinary reasons vs. Bills, but Freddie Kitchens won't say why",61,14,True,0.00042038903,0,https://assets.msn.com/labs/mind/BBWyuvV.html,Browns receiver Antonio Callaway a last-minute healthy scratch from 19-16 victory over Bills,False
generic-006345,generic,test,53549,N7610,sports,football_nfl,"The Atlanta Falcons lost in heartbreaking fashion to the Arizona Cardinals, 34-33, after a miss by Matt Bryant on an extra point that would have tied the game up with just under two minutes left",Winners and Losers from the Falcons' Week 6 loss to the Cardinals,"Generate a news headline. Category: sports Article summary: The Atlanta Falcons lost in heartbreaking fashion to the Arizona Cardinals, 34-33, after a miss by Matt Bryant on an extra point that would have tied the game up with just under two minutes left",Winners and Losers from the Falcons' Week 6 loss to the Cardinals,35,12,True,0.00024614038,0,https://assets.msn.com/labs/mind/AAIIXBx.html,Falcons lose in heartbreaking fashion to Cardinals after Matt Bryant miss,False
generic-006346,generic,test,47115,N54312,news,newsus,"The House Intelligence Committee has announced more open hearings in their impeachment inquiry against President Trump. They are scheduled to take place next Tuesday, Wednesday and Thursday -- and will feature a total of eight witnesses including Gordon Sondland and Kurt Volker.",House Intelligence Committee announces more public hearings,"Generate a news headline. Category: news Article summary: The House Intelligence Committee has announced more open hearings in their impeachment inquiry against President Trump. They are scheduled to take place next Tuesday, Wednesday and Thursday -- and will feature a total of eight witnesses including Gordon Sondland and Kurt Volker.",House Intelligence Committee announces more public hearings,42,7,True,6.630799e-05,0,https://assets.msn.com/labs/mind/BBWFew2.html,House Intelligence Committee announces more open hearings in impeachment inquiry,False
generic-006347,generic,test,21145,N44478,sports,football_nfl,"While the star power of the injury report diverts attention to the likes of Tyreek Hill, Chris Jones and Sammy Watkins, the Chiefs' offensive line is enduring its own absences. Left tackle Eric Fisher is set to miss a fourth straight week after surgery for a sports hernia. And guard Andrew Wylie is doubtful to play Sunday with an ankle injury suffered last weekend against ...",Chiefs will likely be without two starting offensive linemen Sunday. What's the plan?,"Generate a news headline. Category: sports Article summary: While the star power of the injury report diverts attention to the likes of Tyreek Hill, Chris Jones and Sammy Watkins, the Chiefs' offensive line is enduring its own absences. Left tackle Eric Fisher is set to miss a fourth straight week after surgery for a sports hernia. And guard Andrew Wylie is doubtful to play Sunday with an ankle injury suffered last weekend against ...",Chiefs will likely be without two starting offensive linemen Sunday. What's the plan?,66,13,True,0.0005003287,0,https://assets.msn.com/labs/mind/AAIEldb.html,Chiefs' defensive line is enduring its own absences,False
generic-006348,generic,test,47525,N55580,sports,mma,"Frankie Edgar's bantamweight debut is set, as he will meet Cory Sandhagen in the co-main event of the upcoming UFC Fight Night card on January 25, 2020 in Raleigh, North Carolina.",Edgar's Bantamweight Debut Set Vs Sandhagen on Jan. 25,"Generate a news headline. Category: sports Article summary: Frankie Edgar's bantamweight debut is set, as he will meet Cory Sandhagen in the co-main event of the upcoming UFC Fight Night card on January 25, 2020 in Raleigh, North Carolina.",Edgar's Bantamweight Debut Set Vs Sandhagen on Jan. 25,31,9,True,0.00071459747,0,https://assets.msn.com/labs/mind/BBWIhL3.html,Frankie Edgar to fight Cory Sandhagen in UFC Fight Night card,False
generic-006349,generic,test,54803,N62470,news,newsus,Daytime lane closures are expected to continue through the end of the month around the busy intersection of Ohio 741 and Ohio 725 near the Dayton Mall.,"Daytime Ohio 741 lane closures start, slowing traffic near Dayton Mall",Generate a news headline. Category: news Article summary: Daytime lane closures are expected to continue through the end of the month around the busy intersection of Ohio 741 and Ohio 725 near the Dayton Mall.,"Daytime Ohio 741 lane closures start, slowing traffic near Dayton Mall",27,11,True,7.703187e-05,0,https://assets.msn.com/labs/mind/AAJ6SKV.html,Daytime lane closures expected to continue across Ohio 741 and Ohio 725,False
generic-006350,generic,test,28372,N32322,lifestyle,lifestylebuzz,"Essence Festival organizers announced an extended festival for next year to celebrate its 50th anniversary. The announcement was made on Monday on the festival's social media platforms. Sign up for our Newsletters The festival is normally three days long at the Convention Center in New Orleans. The 2020 festival will now last one week. The 2020 festival will be held July 1 through July 5. Tickets are available now, according to festival...",Essence Fest announces extended festival for 50th anniversary,"Generate a news headline. Category: lifestyle Article summary: Essence Festival organizers announced an extended festival for next year to celebrate its 50th anniversary. The announcement was made on Monday on the festival's social media platforms. Sign up for our Newsletters The festival is normally three days long at the Convention Center in New Orleans. The 2020 festival will now last one week. The 2020 festival will be held July 1 through July 5. Tickets are available now, according to festival...",Essence Fest announces extended festival for 50th anniversary,72,8,True,8.966933e-05,0,https://assets.msn.com/labs/mind/AAJQBci.html,Essence Festival announces extended festival for next year to celebrate 50th anniversary,False
generic-006351,generic,test,22929,N60698,sports,baseball_mlb,"The Yankees plan to use their bullpen against Houston from the start in Game 4 of the AL Championship Series. With the best-of-seven series tied 1-1, Luis Severino starts Game 3 on Tuesday against Gerrit Cole.",Yankees plan to go all relievers in ALCS Game 4 vs. Astros,"Generate a news headline. Category: sports Article summary: The Yankees plan to use their bullpen against Houston from the start in Game 4 of the AL Championship Series. With the best-of-seven series tied 1-1, Luis Severino starts Game 3 on Tuesday against Gerrit Cole.",Yankees plan to go all relievers in ALCS Game 4 vs. Astros,36,12,True,8.208533e-05,0,https://assets.msn.com/labs/mind/AAILSbZ.html,Yankees to use bullpen against Houston from start in AL Championship Series,False
generic-006352,generic,test,23567,N42557,sports,baseball_mlb,"Masahiro Tanaka left Game 1 of the American League Championship Series on Saturday night after pitching six shutout innings, allowing one hit and facing the minimum. He had only thrown 68 pitches, which made manager Aaron Boone's decision to pull Tanaka a bit curious. But WFAN Yankees reporter Sweeny Murti told Joe Benigno and Evan Roberts on Monday that Tanaka practically asked out of the game. ...listen to the audio... ""Tanaka went to them and...",Tanaka Told Yankees He Was Gassed After 68 Pitches In Game 1,"Generate a news headline. Category: sports Article summary: Masahiro Tanaka left Game 1 of the American League Championship Series on Saturday night after pitching six shutout innings, allowing one hit and facing the minimum. He had only thrown 68 pitches, which made manager Aaron Boone's decision to pull Tanaka a bit curious. But WFAN Yankees reporter Sweeny Murti told Joe Benigno and Evan Roberts on Monday that Tanaka practically asked out of the game. ...listen to the audio... ""Tanaka went to them and...",Tanaka Told Yankees He Was Gassed After 68 Pitches In Game 1,75,12,True,0.00019664335,0,https://assets.msn.com/labs/mind/AAILVbi.html,Masahiro Tanaka leaves Game 1 of American League Championship Series,False
generic-006353,generic,test,18590,N14402,news,newsscienceandtechnology,"Now you can report the location of police using radar to catch speeding motorists, as well as six other hazards and slowdowns.",Avoiding speed traps: Google Maps on iPhone finally gets Waze's most controversial feature,"Generate a news headline. Category: news Article summary: Now you can report the location of police using radar to catch speeding motorists, as well as six other hazards and slowdowns.",Avoiding speed traps: Google Maps on iPhone finally gets Waze's most controversial feature,22,13,True,0.004105041,0,https://assets.msn.com/labs/mind/AAJnCVS.html,"You can report the location of police using radar to catch speeding motorists, as well as six other hazards and slowdowns",False
generic-006354,generic,test,52424,N52890,foodanddrink,restaurantsandnews,"It all has to do with how quickly restaurant ketchup is being used. After all, they'll go through condiments a lot faster than you will at home.",This Is Why Restaurant Ketchup Is Never Refrigerated,"Generate a news headline. Category: foodanddrink Article summary: It all has to do with how quickly restaurant ketchup is being used. After all, they'll go through condiments a lot faster than you will at home.",This Is Why Restaurant Ketchup Is Never Refrigerated,27,8,True,0.99996924,1,https://assets.msn.com/labs/mind/AAFbIGx.html,How fast restaurant ketchup is being used will depend on how quickly it's being used,False
generic-006355,generic,test,49604,N10577,news,newsworld,"A Syrian protester was killed after he was run over by a Turkish military vehicle during a joint Turkish-Russian patrol in northeastern Syria on Friday, Kurdish forces and a Syria war monitoring group said. The man was among a group of residents who had chased and pelted the convoy with shoes and stones, prompting Turkish troops to fire tear-gas to disperse the protesters.",Turkish patrol kills protester amid shaky truce in NE Syria,"Generate a news headline. Category: news Article summary: A Syrian protester was killed after he was run over by a Turkish military vehicle during a joint Turkish-Russian patrol in northeastern Syria on Friday, Kurdish forces and a Syria war monitoring group said. The man was among a group of residents who had chased and pelted the convoy with shoes and stones, prompting Turkish troops to fire tear-gas to disperse the protesters.",Turkish patrol kills protester amid shaky truce in NE Syria,63,10,True,6.36494e-05,0,https://assets.msn.com/labs/mind/BBWrUhu.html,Syrian protester killed after he was run over by Turkish military vehicle in northeastern Syria,False
generic-006356,generic,test,15670,N53028,finance,financenews,"A section of the Hegewisch neighborhood had been in the dark for weeks, and a block of frustrated residents said they had made every possible request for a streetlight fix but nothing was done.",Streetlights Back On Along Hegewisch Block That Had Been In The Dark For Weeks After CBS 2 Visits,"Generate a news headline. Category: finance Article summary: A section of the Hegewisch neighborhood had been in the dark for weeks, and a block of frustrated residents said they had made every possible request for a streetlight fix but nothing was done.",Streetlights Back On Along Hegewisch Block That Had Been In The Dark For Weeks After CBS 2 Visits,34,18,True,0.019154599,0,https://assets.msn.com/labs/mind/AAJbObW.html,Hegewisch residents say they made every possible request for a streetlight fix but nothing was done,False
generic-006357,generic,test,18522,N6238,news,newsus,"The world's No. 1 exporter of beef is home to a large and growing vegan movement. Sometimes, the cultures clash.",Schools in meat-loving rural Brazil went vegan. The community revolted.,"Generate a news headline. Category: news Article summary: The world's No. 1 exporter of beef is home to a large and growing vegan movement. Sometimes, the cultures clash.",Schools in meat-loving rural Brazil went vegan. The community revolted.,20,10,True,0.000424901,0,https://assets.msn.com/labs/mind/AAJNpyh.html,The world's No. 1 beef exporter is home to a large and growing vegan movement,False
generic-006358,generic,test,43076,N49406,sports,football_ncaa,Alabama quarterback Tua Tagovailoa started for the No. 1 Crimson Tide against No. 2 LSU less than three weeks after surgery on his injured ankle.,Alabama QB Tagovailoa starts against LSU after ankle surgery,Generate a news headline. Category: sports Article summary: Alabama quarterback Tua Tagovailoa started for the No. 1 Crimson Tide against No. 2 LSU less than three weeks after surgery on his injured ankle.,Alabama QB Tagovailoa starts against LSU after ankle surgery,25,9,True,8.995683e-05,0,https://assets.msn.com/labs/mind/BBWw8Io.html,Alabama quarterback Tua Tagovailoa starts for No. 1 Crimson Tide against No. 2 LSU,False
generic-006359,generic,test,20834,N15730,news,newsscienceandtechnology,"Dominion Energy wants to soup up the electric meters it uses to bill its customers -- but if customers want to opt out, it could cost them extra. The electric monopoly wants to update some 2.1 million meters across the state as part of its multi-billion-dollar grid modernization plan, saying the improved ""smart"" devices will allow customers to better manage their power use -- and ...","Dominion's smart meters are coming. If you want to opt out, it could cost you.","Generate a news headline. Category: news Article summary: Dominion Energy wants to soup up the electric meters it uses to bill its customers -- but if customers want to opt out, it could cost them extra. The electric monopoly wants to update some 2.1 million meters across the state as part of its multi-billion-dollar grid modernization plan, saying the improved ""smart"" devices will allow customers to better manage their power use -- and ...","Dominion's smart meters are coming. If you want to opt out, it could cost you.",66,15,False,0.00076477474,0,https://assets.msn.com/labs/mind/AAJOAUV.html,Dominion wants to update 2.1 million electric meters across the state,False
generic-006360,generic,test,45079,N59455,health,medical,"CHESAPEAKE, Va. A local doctor was arrested Friday for health care fraud and making false statements related to health care, records show. The FBI started investigating Javaid Perwaiz, 69, back in September 2018, after receiving a tip from a hospital employee who suspected he may have been performing unnecessary surgeries on unsuspecting patients, documents say. Perwaiz's patients advised ...",Chesapeake doctor facing charges after accused of performing 'unnecessary surgeries',"Generate a news headline. Category: health Article summary: CHESAPEAKE, Va. A local doctor was arrested Friday for health care fraud and making false statements related to health care, records show. The FBI started investigating Javaid Perwaiz, 69, back in September 2018, after receiving a tip from a hospital employee who suspected he may have been performing unnecessary surgeries on unsuspecting patients, documents say. Perwaiz's patients advised ...",Chesapeake doctor facing charges after accused of performing 'unnecessary surgeries',59,10,False,7.258639e-05,0,https://assets.msn.com/labs/mind/BBWBahg.html,69-year-old doctor arrested for health care fraud,False
generic-006361,generic,test,59905,N40624,weather,weathertopstories,"While Fort Collins mostly misses out on this storm, southwest of Denver and southern Colorado could see as much as a foot of snow.",Forecast snow totals for Fort Collins and around Colorado with the next storm,"Generate a news headline. Category: weather Article summary: While Fort Collins mostly misses out on this storm, southwest of Denver and southern Colorado could see as much as a foot of snow.",Forecast snow totals for Fort Collins and around Colorado with the next storm,24,13,True,0.00019976913,0,https://assets.msn.com/labs/mind/AAJdWJO.html,Fort Collins storm could see as much as a foot of snow,False
generic-006362,generic,test,26947,N27311,health,health-news,Annie Demczak wrote a Facebook post that's gone viral about abusive classroom behavior that damages teachers' mental health. See why it's making waves.,Teacher's Viral Facebook Post Explains Why Education Is 'the Most Toxic Profession',Generate a news headline. Category: health Article summary: Annie Demczak wrote a Facebook post that's gone viral about abusive classroom behavior that damages teachers' mental health. See why it's making waves.,Teacher's Viral Facebook Post Explains Why Education Is 'the Most Toxic Profession',23,12,True,0.9939121,1,https://assets.msn.com/labs/mind/AAJe70q.html,Annie Demczak posts Facebook post about abusive classroom behavior that damages teachers' mental health,False
generic-006363,generic,test,37714,N438,news,newsus,"TAMPA The University of South Florida is holding a special academic ceremony Thursday to celebrate and formally welcome the school's new president Steve Currall. Currall took the job July 1 and has since wrangled a plan for the pending consolidation of USF's three campuses. He will share more of his vision for the university during the event at 2 p.m. in Yuengling Center, where ""an array of ...",Special ceremony at USF will formally welcome President Steve Currall,"Generate a news headline. Category: news Article summary: TAMPA The University of South Florida is holding a special academic ceremony Thursday to celebrate and formally welcome the school's new president Steve Currall. Currall took the job July 1 and has since wrangled a plan for the pending consolidation of USF's three campuses. He will share more of his vision for the university during the event at 2 p.m. in Yuengling Center, where ""an array of ...",Special ceremony at USF will formally welcome President Steve Currall,68,10,True,9.447333e-05,0,https://assets.msn.com/labs/mind/BBWKVyy.html,University of South Florida welcomes new president Steve Currall,False
generic-006364,generic,test,52455,N37626,news,newsus,"Minnesota voters will decide a number of local races and referendums on Tuesday, Nov. 5. Here's what you need to know.","Minnesota Election Guide 2019: Garbage, School Funding On Ballot","Generate a news headline. Category: news Article summary: Minnesota voters will decide a number of local races and referendums on Tuesday, Nov. 5. Here's what you need to know.","Minnesota Election Guide 2019: Garbage, School Funding On Ballot",21,9,True,7.990363e-05,0,https://assets.msn.com/labs/mind/AAJQKJE.html,"Minnesota voters to decide a number of local races and referendums on Tuesday, Nov. 5.",False
generic-006365,generic,test,23981,N24543,health,wellness,"3News has some personal news to share about a member of our family. Monica Robins came to us in 1998, and has been our senior health correspondent for much of that time. Monica recently took a leave of absence to prepare for her own medical journey. It's a journey she wanted us to share with you tonight. You can watch more on What Matters Most at 6 p.m. and What's Next at 11 p.m. You can also hear more of Monica's thoughts in the video below....",3News' Monica Robins shares personal news on her battle with a brain tumor,"Generate a news headline. Category: health Article summary: 3News has some personal news to share about a member of our family. Monica Robins came to us in 1998, and has been our senior health correspondent for much of that time. Monica recently took a leave of absence to prepare for her own medical journey. It's a journey she wanted us to share with you tonight. You can watch more on What Matters Most at 6 p.m. and What's Next at 11 p.m. You can also hear more of Monica's thoughts in the video below....",3News' Monica Robins shares personal news on her battle with a brain tumor,86,13,True,0.9999263,1,https://assets.msn.com/labs/mind/AAILX8C.html,"3News: Monica Robins, a senior health correspondent, takes a leave of absence to prepare for her own medical journey",False
generic-006366,generic,test,49238,N44615,health,wellness,"A lot of people grew up with home remedies, but KENS 5 wanted to know the more popular cure-all methods. So, we enlisted our KENS 5 Grandma to help us out. Luis Avalos recalls his grandmother ""Mama B"" always making a tea for their upset stomachs. Antonia Amesquita recalls her grandmother using quite a few of them on her and her siblings. Her favorite cure was the ""ojo"" or ""bad juju."" Pauline Velasquez did not grow up with her grandmother, but...",Fact or fiction? We're putting Grandma's remedies to the test,"Generate a news headline. Category: health Article summary: A lot of people grew up with home remedies, but KENS 5 wanted to know the more popular cure-all methods. So, we enlisted our KENS 5 Grandma to help us out. Luis Avalos recalls his grandmother ""Mama B"" always making a tea for their upset stomachs. Antonia Amesquita recalls her grandmother using quite a few of them on her and her siblings. Her favorite cure was the ""ojo"" or ""bad juju."" Pauline Velasquez did not grow up with her grandmother, but...",Fact or fiction? We're putting Grandma's remedies to the test,81,10,True,0.99990606,1,https://assets.msn.com/labs/mind/BBWCpRJ.html,KENS 5 Grandma enlisted KENS 5 Grandma to help us out,False
generic-006367,generic,test,1129,N5717,finance,finance-real-estate,"Your credit score, a reliable income and how much outstanding debt you owe are critical factors in determining the best mortgage interest rate that you'll be offered. Yet none of it has anything to do with the range of interest rates available. It's a bit more complicated than that. Although the Federal Reserve rate, bond markets, inflation and the demand for homes all play a big part, the stock market also plays a less direct role in...",Mortgage rates vs. the stock market,"Generate a news headline. Category: finance Article summary: Your credit score, a reliable income and how much outstanding debt you owe are critical factors in determining the best mortgage interest rate that you'll be offered. Yet none of it has anything to do with the range of interest rates available. It's a bit more complicated than that. Although the Federal Reserve rate, bond markets, inflation and the demand for homes all play a big part, the stock market also plays a less direct role in...",Mortgage rates vs. the stock market,77,6,False,0.00013281745,0,https://assets.msn.com/labs/mind/AAHM8Zj.html,What's the best mortgage interest rate you'll be offered?,False
generic-006368,generic,test,39063,N10222,sports,basketball_ncaa,"COLLEGE STATION In the spring of 2018, guards Admon Gilder and TJ Starks led Texas A&M into the Sweet 16 of the NCAA tournament. The duo is making headlines again, for quite different reasons. Following the firing of then-coach Billy Kennedy last spring, Gilder transferred to Gonzaga (3-0) and will play against the Aggies (2-0) on Friday night in Reed Arena. Starks stuck around for the new coach, but the junior is off to a shaky start under...",Changing of the guards at Texas A&M,"Generate a news headline. Category: sports Article summary: COLLEGE STATION In the spring of 2018, guards Admon Gilder and TJ Starks led Texas A&M into the Sweet 16 of the NCAA tournament. The duo is making headlines again, for quite different reasons. Following the firing of then-coach Billy Kennedy last spring, Gilder transferred to Gonzaga (3-0) and will play against the Aggies (2-0) on Friday night in Reed Arena. Starks stuck around for the new coach, but the junior is off to a shaky start under...",Changing of the guards at Texas A&M,78,7,True,8.30405e-05,0,https://assets.msn.com/labs/mind/BBWMgpa.html,"Admon Gilder, TJ Starks lead Texas A&M into Sweet 16",False
generic-006369,generic,test,7349,N56244,entertainment,celebrity,"From Taylor Swift and Katy Perry to Drake and Meek Mill, check out all the celebs who buried the hatchet after feuding!",Stars who made up after public feuds,"Generate a news headline. Category: entertainment Article summary: From Taylor Swift and Katy Perry to Drake and Meek Mill, check out all the celebs who buried the hatchet after feuding!",Stars who made up after public feuds,22,7,False,0.9998729,1,https://assets.msn.com/labs/mind/AAHWbk4.html,"Taylor Swift, Drake and Meek Mill buried hatchet after feuding",False
generic-006370,generic,test,63285,N32719,news,newsus,"Former Detroit Mayor Kwame Kilpatrick has once again lost yet another appeal in his bid to get out of prison. A fresh order from the Sixth Circuit Court of Appeals rejects Kilpatrick's claims that the court gave an incorrect jury instructions, that his attorney had a conflict of interest and a federal judge was biased. The six-page document, which was submitted by the court on Friday, also states that merely sending a wedding...",Ex-Detroit Mayor Kwame Kilpatrick Loses Another Bid For Freedom,"Generate a news headline. Category: news Article summary: Former Detroit Mayor Kwame Kilpatrick has once again lost yet another appeal in his bid to get out of prison. A fresh order from the Sixth Circuit Court of Appeals rejects Kilpatrick's claims that the court gave an incorrect jury instructions, that his attorney had a conflict of interest and a federal judge was biased. The six-page document, which was submitted by the court on Friday, also states that merely sending a wedding...",Ex-Detroit Mayor Kwame Kilpatrick Loses Another Bid For Freedom,73,9,True,8.028244e-05,0,https://assets.msn.com/labs/mind/BBWOYDG.html,Former Detroit Mayor Kwame Kilpatrick loses appeal in bid to get out of prison,False
generic-006371,generic,test,40978,N42159,news,newscrime,"The University of Oklahoma Police Department is investigating after a body was found Saturday morning on campus. Around 8 a.m., campus police officers responded to a scene near Asp Avenue and Fourth Street, university officials said. Sign up for our Newsletters In a statement, OU police said they quickly determined there was no threat to others and secured the area. The Medical Examiner's office will determine the official cause of death....",University of Oklahoma police investigating body found in campus housing,"Generate a news headline. Category: news Article summary: The University of Oklahoma Police Department is investigating after a body was found Saturday morning on campus. Around 8 a.m., campus police officers responded to a scene near Asp Avenue and Fourth Street, university officials said. Sign up for our Newsletters In a statement, OU police said they quickly determined there was no threat to others and secured the area. The Medical Examiner's office will determine the official cause of death....",University of Oklahoma police investigating body found in campus housing,71,10,True,8.3799074e-05,0,https://assets.msn.com/labs/mind/BBWvZR3.html,University of Oklahoma investigates body found on campus,False
generic-006372,generic,test,1778,N28616,news,newsworld,"President Donald Trump says his meeting with the parents of a British teenager who was killed in a traffic accident involving an American diplomat's wife was ""beautiful."" A lawyer for the family said the parents were poorly treated. (Oct. 16)",Parents of killed teen reject Trump's attempted introduction,"Generate a news headline. Category: news Article summary: President Donald Trump says his meeting with the parents of a British teenager who was killed in a traffic accident involving an American diplomat's wife was ""beautiful."" A lawyer for the family said the parents were poorly treated. (Oct. 16)",Parents of killed teen reject Trump's attempted introduction,40,8,True,0.0003833828,0,https://assets.msn.com/labs/mind/AAISKZ2.html,Trump: Parents of British teenager killed in traffic accident 'beautiful',False
generic-006373,generic,test,22285,N25035,autos,autosbuying,"This week we are discussing shady test drive procedures, delivery miles that were more than promised and treating yourself to a reasonable car.",Why Does The Dealer Want Me To Agree To A Price Before A Test Drive?,"Generate a news headline. Category: autos Article summary: This week we are discussing shady test drive procedures, delivery miles that were more than promised and treating yourself to a reasonable car.",Why Does The Dealer Want Me To Agree To A Price Before A Test Drive?,23,15,True,0.0003343828,0,https://assets.msn.com/labs/mind/AAJHCGG.html,"We're discussing shady test drive procedures, delivery miles that were more than promised and treating yourself to a reasonable car",False
generic-006374,generic,test,35962,N16657,news,newsus,"As shots rang out at Saugus High School early Thursday morning, one student athlete was able to get to safety and share his touching moments with his coach and fellow teammates in the midst of chaos. Sean had just left his coach's classroom when he heard shots ringing out at the school. ""I just walked out and then I heard shots,"" he said. ""I called my mom and she told me to go back. I just ...",'We Went Through It Together:' Student Finds Comfort in Teammates and Coach in Midst of Saugus School Shooting,"Generate a news headline. Category: news Article summary: As shots rang out at Saugus High School early Thursday morning, one student athlete was able to get to safety and share his touching moments with his coach and fellow teammates in the midst of chaos. Sean had just left his coach's classroom when he heard shots ringing out at the school. ""I just walked out and then I heard shots,"" he said. ""I called my mom and she told me to go back. I just ...",'We Went Through It Together:' Student Finds Comfort in Teammates and Coach in Midst of Saugus School Shooting,77,18,True,0.00026731225,0,https://assets.msn.com/labs/mind/BBWM1jY.html,Saugus High School student able to get to safety and share his touching moments with his coach and fellow teammates,False
generic-006375,generic,test,56626,N28078,news,newsus,The trial for a man charged in the shooting death of a New Kensington police officer is about to begin.,Death Penalty Trial For Man Accused Of Killing Officer Brian Shaw Begins Monday,Generate a news headline. Category: news Article summary: The trial for a man charged in the shooting death of a New Kensington police officer is about to begin.,Death Penalty Trial For Man Accused Of Killing Officer Brian Shaw Begins Monday,20,13,True,0.0001215682,0,https://assets.msn.com/labs/mind/AAJNIZj.html,Prosecutors to trial for man charged in shooting death of New Kensington police officer,False
generic-006376,generic,test,41392,N22854,sports,football_nfl,"Saquon Barkley's father will be cheering on his son at MetLife Stadium on Sunday, but he won't be sporting any New York Giants blue. Instead, Alibay Barkley, a lifelong die-hard Jets fan who has a Gang Green tattoo on his forearm, told his son that he will wear a throwback Joe Namath jersey when the two teams play this weekend. With the Jets 1-7, Alibay Barkley won't choose his son over his team. Instead, he will compromise and root for both...","Saquon Barkley's dad to wear Jets jersey, root for both teams on Sunday","Generate a news headline. Category: sports Article summary: Saquon Barkley's father will be cheering on his son at MetLife Stadium on Sunday, but he won't be sporting any New York Giants blue. Instead, Alibay Barkley, a lifelong die-hard Jets fan who has a Gang Green tattoo on his forearm, told his son that he will wear a throwback Joe Namath jersey when the two teams play this weekend. With the Jets 1-7, Alibay Barkley won't choose his son over his team. Instead, he will compromise and root for both...","Saquon Barkley's dad to wear Jets jersey, root for both teams on Sunday",81,13,True,0.0010832838,0,https://assets.msn.com/labs/mind/BBWtjiP.html,Saquon Barkley says he will wear Joe Namath jersey with Jets 1-7,False
generic-006377,generic,test,57821,N20706,sports,baseball_mlb,"At Strike Zone Barbershop in Katy, Danny Quiles can't contain his excitement. ""Every time we're talking about baseball,"" said Quiles. ""A lot of Astros fans coming to the shop."" When it's time to close Tuesday, he'll be cheering on the Astros in Game 6. ""They have a really good team,"" said Quiles. ""They have a great chance win the World Series tonight."" RELATED: LIVE BLOG: Astros can clinch World Series title with win tonight RELATED: 'That's my...",Meet the Astros barber behind those fresh cuts,"Generate a news headline. Category: sports Article summary: At Strike Zone Barbershop in Katy, Danny Quiles can't contain his excitement. ""Every time we're talking about baseball,"" said Quiles. ""A lot of Astros fans coming to the shop."" When it's time to close Tuesday, he'll be cheering on the Astros in Game 6. ""They have a really good team,"" said Quiles. ""They have a great chance win the World Series tonight."" RELATED: LIVE BLOG: Astros can clinch World Series title with win tonight RELATED: 'That's my...",Meet the Astros barber behind those fresh cuts,77,8,True,0.0007379625,0,https://assets.msn.com/labs/mind/AAJysrw.html,"'Every time we're talking about baseball,' Danny Quiles says",False
generic-006378,generic,test,56284,N33017,news,newsus,"The Jacksonville Sheriff's Office published a heavily redacted police report this week on a bookkeeper's alleged theft of thousands of dollars that omitted basic facts from the public. The same week, two other agencies released less censored versions of the same report. Now, an expert on open-records law says the JSO went too far. On Monday, a story about a bookkeeper being charged with fraud ...",Expert calls JSO redactions on Duval school theft case 'unnecessarily heavy',"Generate a news headline. Category: news Article summary: The Jacksonville Sheriff's Office published a heavily redacted police report this week on a bookkeeper's alleged theft of thousands of dollars that omitted basic facts from the public. The same week, two other agencies released less censored versions of the same report. Now, an expert on open-records law says the JSO went too far. On Monday, a story about a bookkeeper being charged with fraud ...",Expert calls JSO redactions on Duval school theft case 'unnecessarily heavy',66,11,True,7.6077085e-05,0,https://assets.msn.com/labs/mind/AAIPA01.html,Jacksonville Sheriff's Office publishes report on bookkeeper's alleged theft of thousands of dollars,False
generic-006379,generic,test,37222,N32308,sports,basketball_nba,"Days after losing Eric Gordon (knee) and Danuel House Jr. (back) to injuries, the Rockets also will be without Clint Capela after the center felt ""woozy"" following a collision in Wednesday's win over the Los Angeles Clippers. ""Clint is definitely out tomorrow and then I think we're seeing about Saturday, but it looks doubtful,"" coach Mike D'Antoni said. ""I don't think he has (a concussion), but they have to check to see if he does."" After a slow...",Rockets notes: Clint Capela out at least one game,"Generate a news headline. Category: sports Article summary: Days after losing Eric Gordon (knee) and Danuel House Jr. (back) to injuries, the Rockets also will be without Clint Capela after the center felt ""woozy"" following a collision in Wednesday's win over the Los Angeles Clippers. ""Clint is definitely out tomorrow and then I think we're seeing about Saturday, but it looks doubtful,"" coach Mike D'Antoni said. ""I don't think he has (a concussion), but they have to check to see if he does."" After a slow...",Rockets notes: Clint Capela out at least one game,78,9,True,0.00012533487,0,https://assets.msn.com/labs/mind/BBWM8Ss.html,Rockets will be without Clint Capela after collision in Los Angeles Clippers win over Clippers,False
generic-006380,generic,test,62884,N8125,travel,travelarticle,"Hoodline crunched the numbers to find the top Chinese spots around Jacksonville. Here's a rundown of top businesses in the city, with ratings, photos and more.",The 5 best Chinese spots in Jacksonville,"Generate a news headline. Category: travel Article summary: Hoodline crunched the numbers to find the top Chinese spots around Jacksonville. Here's a rundown of top businesses in the city, with ratings, photos and more.",The 5 best Chinese spots in Jacksonville,26,7,True,0.9993864,1,https://assets.msn.com/labs/mind/BBWORiG.html,Top Chinese spots in Jacksonville,False
generic-006381,generic,test,11479,N62708,foodanddrink,recipes,"The turkey and the pie may not be fast to fix, but the stuffing and mashed potatoes can be! These quick Thanksgiving sides are a must for an easy holiday. The post 40 Thanksgiving Sides Ready in 30 Minutes or Less appeared first on Taste of Home.",40 Thanksgiving Sides Ready in 30 Minutes or Fewer,"Generate a news headline. Category: foodanddrink Article summary: The turkey and the pie may not be fast to fix, but the stuffing and mashed potatoes can be! These quick Thanksgiving sides are a must for an easy holiday. The post 40 Thanksgiving Sides Ready in 30 Minutes or Less appeared first on Taste of Home.",40 Thanksgiving Sides Ready in 30 Minutes or Fewer,47,9,True,0.99865365,1,https://assets.msn.com/labs/mind/AAJaqhN.html,40 Thanksgiving Sides Ready in 30 Minutes or Less,False
generic-006382,generic,test,48278,N47621,sports,more_sports,A Vietnam veteran who served along Steeler legend Rocky Bleier and was injured in battle was officially promoted from U.S. Marine sergeant to staff sergeant at a surprise ceremony.,Fayette Co. Vietnam Veteran Promoted During Surprise Ceremony,Generate a news headline. Category: sports Article summary: A Vietnam veteran who served along Steeler legend Rocky Bleier and was injured in battle was officially promoted from U.S. Marine sergeant to staff sergeant at a surprise ceremony.,Fayette Co. Vietnam Veteran Promoted During Surprise Ceremony,29,8,True,8.383024e-05,0,https://assets.msn.com/labs/mind/BBWBzTC.html,Vietnam veteran promoted from U.S. Marine sergeant to staff sergeant,False
generic-006383,generic,test,24754,N63418,sports,football_nfl,We will officially have to wait until after the bye week to see either Green or Glenn play for the first time this season.,"A.J. Green, Cordy Glenn won't play vs. Rams",Generate a news headline. Category: sports Article summary: We will officially have to wait until after the bye week to see either Green or Glenn play for the first time this season.,"A.J. Green, Cordy Glenn won't play vs. Rams",24,8,True,0.0013884769,0,https://assets.msn.com/labs/mind/AAJjiYa.html,"Green, Glenn to play for first time this season",False
generic-006384,generic,test,58517,N31573,autos,autosnews,"The Arizona Department of Transportation announced Wednesday it was completing a major project to install hundreds of new, more visible wrong-way signs along Phoenix-area freeways.",ADOT nears completion of wrong-way sign project on Phoenix-area freeways,"Generate a news headline. Category: autos Article summary: The Arizona Department of Transportation announced Wednesday it was completing a major project to install hundreds of new, more visible wrong-way signs along Phoenix-area freeways.",ADOT nears completion of wrong-way sign project on Phoenix-area freeways,25,10,True,7.7195924e-05,0,https://assets.msn.com/labs/mind/AAJGyEA.html,Arizona Department of Transportation completes new wrong-way signs,False
generic-006385,generic,test,43906,N14977,health,health-news,"The period of potential exposure was determined to be between April 22 and Sept. 30, 2019, at the hospital in Auburn, Wash.","Hospital says 26 infants, 27 adult patients possibly exposed to tuberculosis","Generate a news headline. Category: health Article summary: The period of potential exposure was determined to be between April 22 and Sept. 30, 2019, at the hospital in Auburn, Wash.","Hospital says 26 infants, 27 adult patients possibly exposed to tuberculosis",22,11,True,8.959035e-05,0,https://assets.msn.com/labs/mind/BBWI0xL.html,"The period of potential exposure was determined to be between April 22 and Sept. 30, 2019, at Auburn Hospital",False
generic-006386,generic,test,46830,N4218,health,health-news,"Ten people at a care facility in Oklahoma were hospitalized after they were injected with insulin instead of a flu shot, police said.",10 hospitalized after insulin administered instead of flu shots,"Generate a news headline. Category: health Article summary: Ten people at a care facility in Oklahoma were hospitalized after they were injected with insulin instead of a flu shot, police said.",10 hospitalized after insulin administered instead of flu shots,23,9,True,0.00039167944,0,https://assets.msn.com/labs/mind/BBWqq6d.html,Ten in Oklahoma hospitalized after being injected with insulin instead of flu shot,False
generic-006387,generic,test,63248,N7874,autos,autosnews,"A 60-year-old Daytona Beach woman died Thursday night following a wreck at the intersection of Eagle Rock Road and U.S. 1, authorities said. Sharlyn Johnson was driving a 2005 Dodge Neon west on Eagle Rock Road shortly after 8 p.m. when she entered the intersection at U.S. 1 into the path of a northbound 2013 Ford Fusion driven by Christen Barney, 22, of Bunnell, according to a report from the ...",Daytona woman killed in Flagler crash,"Generate a news headline. Category: autos Article summary: A 60-year-old Daytona Beach woman died Thursday night following a wreck at the intersection of Eagle Rock Road and U.S. 1, authorities said. Sharlyn Johnson was driving a 2005 Dodge Neon west on Eagle Rock Road shortly after 8 p.m. when she entered the intersection at U.S. 1 into the path of a northbound 2013 Ford Fusion driven by Christen Barney, 22, of Bunnell, according to a report from the ...",Daytona woman killed in Flagler crash,71,6,True,8.421171e-05,0,https://assets.msn.com/labs/mind/BBWOXaY.html,60-year-old Daytona Beach woman dies after wreck at Eagle Rock Road and U.S. 1,False
generic-006388,generic,test,17452,N51352,news,newsscienceandtechnology,"Pain perception is essential for survival, but how much something hurts can sometimes be amplified or suppressed: for example, soldiers who sustain an injury in battle often recall not feeling anything at the time.",Scientists shed light on how brains turn pain up or down,"Generate a news headline. Category: news Article summary: Pain perception is essential for survival, but how much something hurts can sometimes be amplified or suppressed: for example, soldiers who sustain an injury in battle often recall not feeling anything at the time.",Scientists shed light on how brains turn pain up or down,34,11,False,0.00039291545,0,https://assets.msn.com/labs/mind/AAIPKEw.html,"Pain perception is essential for survival, but how much hurts can sometimes be amplified or suppressed?",False
generic-006389,generic,test,51361,N49154,tv,tvnews,Careflight was called to the scene after a three-vehicle crash in Butler County Wednesday morning. The crash took place around 5:46 a.m. on Hamilton Eaton Road and Trenton Oxford Road. Sign up for our Newsletters Police said they don't know the extent of injuries at this time but Careflight did respond to the crash. WLWT will continue to update this story with more information as it comes in. READ THE FULL STORY:Careflight responds to...,Careflight responds to multi-vehicle crash in Butler County,Generate a news headline. Category: tv Article summary: Careflight was called to the scene after a three-vehicle crash in Butler County Wednesday morning. The crash took place around 5:46 a.m. on Hamilton Eaton Road and Trenton Oxford Road. Sign up for our Newsletters Police said they don't know the extent of injuries at this time but Careflight did respond to the crash. WLWT will continue to update this story with more information as it comes in. READ THE FULL STORY:Careflight responds to...,Careflight responds to multi-vehicle crash in Butler County,74,8,True,7.781862e-05,0,https://assets.msn.com/labs/mind/AAJWE81.html,Careflight responds to three-vehicle crash in Butler County,False
generic-006390,generic,test,49261,N15240,sports,icehockey_nhl,"Conor Garland scored the shootout winner minutes after an apparent Capitals overtime goal was waved off by video review, and the Arizona Coyotes responded from blowing a big lead to beat Washington 4-3 Monday night. The NHL-leading Capitals' winning streak was snapped at six. The Coyotes ended their own three-game skid. Arizona blew a 3-0 lead for a second consecutive game but came away victorious this time. The Coyotes thought...","Oshie OT goal wiped out, Caps lose to Coyotes in shootout","Generate a news headline. Category: sports Article summary: Conor Garland scored the shootout winner minutes after an apparent Capitals overtime goal was waved off by video review, and the Arizona Coyotes responded from blowing a big lead to beat Washington 4-3 Monday night. The NHL-leading Capitals' winning streak was snapped at six. The Coyotes ended their own three-game skid. Arizona blew a 3-0 lead for a second consecutive game but came away victorious this time. The Coyotes thought...","Oshie OT goal wiped out, Caps lose to Coyotes in shootout",70,11,True,9.088756e-05,0,https://assets.msn.com/labs/mind/BBWCpeE.html,Arizona Coyotes beat Washington 4-3,False
generic-006391,generic,test,48927,N52870,weather,weathertopstories,"Classes at all schools in the Round Rock district will begin two hours later in anticipation of Tuesday's cold weather, school officials said. School buses will also run two hours late, they said. The National Weather Service on Monday night issued a wind advisory for the Austin metro area, noting that freezing rain, sleet and gusts as high as 30 mph were possible going into Tuesday morning. ...",Classes delayed at Round Rock schools due to cold weather,"Generate a news headline. Category: weather Article summary: Classes at all schools in the Round Rock district will begin two hours later in anticipation of Tuesday's cold weather, school officials said. School buses will also run two hours late, they said. The National Weather Service on Monday night issued a wind advisory for the Austin metro area, noting that freezing rain, sleet and gusts as high as 30 mph were possible going into Tuesday morning. ...",Classes delayed at Round Rock schools due to cold weather,68,10,True,0.00016755189,0,https://assets.msn.com/labs/mind/BBWCLN8.html,Students in Round Rock district to begin two hours later in anticipation of cold weather,False
generic-006392,generic,test,52250,N35503,news,newsus,Plant officials told workers during early shifts less than 12 hours after a proposed tentative contract agreement was announced publicly.,"Ford-UAW deal includes closing Romeo Engine Plant, moving 600 jobs",Generate a news headline. Category: news Article summary: Plant officials told workers during early shifts less than 12 hours after a proposed tentative contract agreement was announced publicly.,"Ford-UAW deal includes closing Romeo Engine Plant, moving 600 jobs",20,10,True,6.76546e-05,0,https://assets.msn.com/labs/mind/AAJEgEb.html,Plant officials tell workers during early shifts less than 12 hours after proposed contract agreement,False
generic-006393,generic,test,39478,N36153,travel,travelnews,"Some Mainers are enjoying discounts Saturday morning at 20 local shops during the Early Bird Sale. Shoppers can get an extra discount if they wear their pajamas. Sign up for our Newsletters At 11 a.m., spectators can watch a slumber bed race. Prizes are awarded for speed, creativity and team spirit. The bed race is a free event for spectators; racers must be at least 18 years old. The sale ends at 5 p.m. READ THE FULL STORY:Early start to...",Early start to holiday shopping in Brunswick,"Generate a news headline. Category: travel Article summary: Some Mainers are enjoying discounts Saturday morning at 20 local shops during the Early Bird Sale. Shoppers can get an extra discount if they wear their pajamas. Sign up for our Newsletters At 11 a.m., spectators can watch a slumber bed race. Prizes are awarded for speed, creativity and team spirit. The bed race is a free event for spectators; racers must be at least 18 years old. The sale ends at 5 p.m. READ THE FULL STORY:Early start to...",Early start to holiday shopping in Brunswick,80,7,True,7.4616044e-05,0,https://assets.msn.com/labs/mind/BBWvQlV.html,Mainers enjoy discounts at 20 local shops during Early Bird Sale,False
generic-006394,generic,test,64959,N40941,news,newscrime,"A teen is in custody after allegedly fleeing the scene of a crash that killed a child Friday night. Just before 6 p.m., the Florida Highway Patrol was called to the 10800 block of Southwest 155th Street for a hit-and-run crash. Sign up for our Newsletters Troopers said a 7-year-old boy and another person were riding bicycles in an unlit area when a 17-year-old's vehicle collided with the 7-year-old. The teen fled the scene but was found not too...","Child killed, teen arrested after hit-and-run crash in Ocala","Generate a news headline. Category: news Article summary: A teen is in custody after allegedly fleeing the scene of a crash that killed a child Friday night. Just before 6 p.m., the Florida Highway Patrol was called to the 10800 block of Southwest 155th Street for a hit-and-run crash. Sign up for our Newsletters Troopers said a 7-year-old boy and another person were riding bicycles in an unlit area when a 17-year-old's vehicle collided with the 7-year-old. The teen fled the scene but was found not too...","Child killed, teen arrested after hit-and-run crash in Ocala",79,9,True,9.743209e-05,0,https://assets.msn.com/labs/mind/BBWRpPc.html,Florida Highway Patrol calls to 10800 block of Southwest 155th Street for hit-and-run crash,False
generic-006395,generic,test,29609,N8224,health,fitness,Three minutes on the rower followed by quickly hopping on the ground to hold one minute of plank - that was part of my CrossFit workout today.,"If You're Not Doing This in Plank, You're Not Working Your Abs Effectively",Generate a news headline. Category: health Article summary: Three minutes on the rower followed by quickly hopping on the ground to hold one minute of plank - that was part of my CrossFit workout today.,"If You're Not Doing This in Plank, You're Not Working Your Abs Effectively",27,13,True,0.9999684,1,https://assets.msn.com/labs/mind/AAJkQ4L.html,CrossFit workout: 'I'm going to be able to do it again',False
generic-006396,generic,test,39809,N41079,sports,football_ncaa,"Here are the top headlines in Kansas City for Friday, Nov. 8, 2019: Five Things You Need to Know: KANSAS CITY, MO (KCTV) -- A manhunt in Overland Park had officers drawing their guns early Friday afternoon, but the search for the missing suspect is still ongoing. (More) KANSAS CITY, KS (KCTV) A Kansas City, Kansas firefighter who was charged with sexually exploiting a child has been sentenced to a year of probation. (More) LAWRENCE, KS (KCTV)...",Your Evening Brief: 5 things you need to know that happened today,"Generate a news headline. Category: sports Article summary: Here are the top headlines in Kansas City for Friday, Nov. 8, 2019: Five Things You Need to Know: KANSAS CITY, MO (KCTV) -- A manhunt in Overland Park had officers drawing their guns early Friday afternoon, but the search for the missing suspect is still ongoing. (More) KANSAS CITY, KS (KCTV) A Kansas City, Kansas firefighter who was charged with sexually exploiting a child has been sentenced to a year of probation. (More) LAWRENCE, KS (KCTV)...",Your Evening Brief: 5 things you need to know that happened today,77,12,True,0.9999726,1,https://assets.msn.com/labs/mind/BBWvSwH.html,Kansas City firefighter charged with sexually exploiting a child has been sentenced to a year of probation,False
generic-006397,generic,test,33355,N47118,news,newsus,"A woman has died after she was found injured in the middle of a north St. Louis street early Monday morning. Emergency crews responded to the 8000 block of Hall Street in the North Riverfront neighborhood at about 6:30 a.m. The initial call was for a 'person down.' Emergency dispatchers later told 5 On Your Side the victim was hit by a car, but St. Louis police corrected that information Monday morning. According to police, the woman was found...",Woman dies after she was found injured on a St. Louis street,"Generate a news headline. Category: news Article summary: A woman has died after she was found injured in the middle of a north St. Louis street early Monday morning. Emergency crews responded to the 8000 block of Hall Street in the North Riverfront neighborhood at about 6:30 a.m. The initial call was for a 'person down.' Emergency dispatchers later told 5 On Your Side the victim was hit by a car, but St. Louis police corrected that information Monday morning. According to police, the woman was found...",Woman dies after she was found injured on a St. Louis street,79,12,True,0.00010970319,0,https://assets.msn.com/labs/mind/BBWAM0Y.html,Woman dies after she was found injured in north St. Louis street,False
generic-006398,generic,test,27278,N52246,finance,finance-companies,"Chinese conglomerate Fosun has snapped up the Thomas Cook brand for 11 million ($14.2 million), weeks after the renowned British travel group went bust and left hundreds of thousands of holidaymakers stranded abroad.",Fosun buys Thomas Cook brand for 11 million,"Generate a news headline. Category: finance Article summary: Chinese conglomerate Fosun has snapped up the Thomas Cook brand for 11 million ($14.2 million), weeks after the renowned British travel group went bust and left hundreds of thousands of holidaymakers stranded abroad.",Fosun buys Thomas Cook brand for 11 million,33,8,True,7.841044e-05,0,https://assets.msn.com/labs/mind/AAJISYk.html,Fosun snaps up Thomas Cook for 11 million ($14.2 million),False
generic-006399,generic,test,57496,N30866,sports,football_ncaa,"Florida's season isn't over -- far from it, in fact. But after Saturday's 24-17 loss to Georgia, Gators coach Dan Mullen didn't shy away from the obvious. ""There's an awful lot to still play for. A lot of football still left. We have three more games to go play and a bye week. We've qualified for a bowl game, so we'll get that extra (practice). How good that is, we'll see. The East still ...",Gators ready to regroup after loss,"Generate a news headline. Category: sports Article summary: Florida's season isn't over -- far from it, in fact. But after Saturday's 24-17 loss to Georgia, Gators coach Dan Mullen didn't shy away from the obvious. ""There's an awful lot to still play for. A lot of football still left. We have three more games to go play and a bye week. We've qualified for a bowl game, so we'll get that extra (practice). How good that is, we'll see. The East still ...",Gators ready to regroup after loss,75,6,False,9.8339086e-05,0,https://assets.msn.com/labs/mind/AAJNqGW.html,"Florida's season isn't over -- far from it, in fact. But after Saturday's 24-17 loss to Georgia, Gators coach",False
generic-006400,generic,test,2303,N60102,lifestyle,shop-all,New moms have a lot of baby gear to buy and cute baby gear to add to their registries .,100 Must-Have Baby Products We Couldn't Live Without!,Generate a news headline. Category: lifestyle Article summary: New moms have a lot of baby gear to buy and cute baby gear to add to their registries .,100 Must-Have Baby Products We Couldn't Live Without!,20,8,True,0.99997807,1,https://assets.msn.com/labs/mind/AAG8tJh.html,New moms have a lot of baby gear to buy and cute baby gear to add to their registries,False
generic-006401,generic,test,39470,N64815,travel,travelarticle,"A custom-built home on the water is filled with priceless antiques and luxurious touches inside and out. The home itself is fairly new, but the d cor and finishes make it seem like you're taking a trip back in time. CBS2's Natalie Duddridge has more.",Long Island Or Lake Como?,"Generate a news headline. Category: travel Article summary: A custom-built home on the water is filled with priceless antiques and luxurious touches inside and out. The home itself is fairly new, but the d cor and finishes make it seem like you're taking a trip back in time. CBS2's Natalie Duddridge has more.",Long Island Or Lake Como?,45,5,True,9.057806e-05,0,https://assets.msn.com/labs/mind/BBWEaKx.html,Custom-built home on the water is filled with antiques and luxurious touches inside and out,False
generic-006402,generic,test,52983,N45059,news,newspolitics,"President Donald Trump's nominee to be U.S. ambassador to Russia, John Sullivan, said on Wednesday he had known earlier this year that the president's personal attorney, Rudy Giuliani, was involved in a campaign about then-Ambassador to Ukraine Marie Yovanovitch that helped lead to her dismissal. Rough Cut (no reporter narration).",U.S. State Department official knew Giuliani involved in campaign against ambassador,"Generate a news headline. Category: news Article summary: President Donald Trump's nominee to be U.S. ambassador to Russia, John Sullivan, said on Wednesday he had known earlier this year that the president's personal attorney, Rudy Giuliani, was involved in a campaign about then-Ambassador to Ukraine Marie Yovanovitch that helped lead to her dismissal. Rough Cut (no reporter narration).",U.S. State Department official knew Giuliani involved in campaign against ambassador,50,11,True,0.00012002426,0,https://assets.msn.com/labs/mind/AAJATst.html,Trump's nominee to be U.S. ambassador to Russia says he knew Rudy Giuliani was involved in campaign,False
generic-006403,generic,test,37058,N47272,news,newscrime,"A 60-count indictment against alleged Clayton County serial rapist Kenneth Bowen links a ninth victim, assaulted earlier this year, to the string of attacks. Clayton County Police have not previously attributed attacks earlier this year to the serial rapist, whom police now say is Bowen - a former military member and Clayton County Police recruit - after arresting him in August. At a preliminary hearing in September, Bowen faced charges related...","Accused serial rapist tied to ninth victim, attacked this year","Generate a news headline. Category: news Article summary: A 60-count indictment against alleged Clayton County serial rapist Kenneth Bowen links a ninth victim, assaulted earlier this year, to the string of attacks. Clayton County Police have not previously attributed attacks earlier this year to the serial rapist, whom police now say is Bowen - a former military member and Clayton County Police recruit - after arresting him in August. At a preliminary hearing in September, Bowen faced charges related...","Accused serial rapist tied to ninth victim, attacked this year",71,10,False,0.00042900763,0,https://assets.msn.com/labs/mind/BBWKSmC.html,Indictment against alleged Clayton County serial rapist Kenneth Bowen links ninth victim to string of attacks,False
generic-006404,generic,test,1885,N13064,foodanddrink,tipsandtricks,"Whether you're out on a date or enjoying a meal with your friends and family, there's nothing worse than somebody with bad table manners ruining your meal.",25 things you should never do at a restaurant,"Generate a news headline. Category: foodanddrink Article summary: Whether you're out on a date or enjoying a meal with your friends and family, there's nothing worse than somebody with bad table manners ruining your meal.",25 things you should never do at a restaurant,27,9,True,0.99997914,1,https://assets.msn.com/labs/mind/AAHMgYX.html,"If you're out on a date or enjoying a meal with your friends and family, there's nothing worse than someone with bad table manner",False
generic-006405,generic,test,65227,N2661,sports,basketball_ncaa,"Class C Haldane has already booked a trip to the state final four at Cortland next weekend, which Section 1 teams will be joining them?","Girls soccer scoreboard: Class AA, A, B state quarterfinals, regional finals (Nov. 8-9)","Generate a news headline. Category: sports Article summary: Class C Haldane has already booked a trip to the state final four at Cortland next weekend, which Section 1 teams will be joining them?","Girls soccer scoreboard: Class AA, A, B state quarterfinals, regional finals (Nov. 8-9)",25,13,True,0.00034170723,0,https://assets.msn.com/labs/mind/BBWsWfg.html,Class C Haldane to travel to Cortland next weekend,False
generic-006406,generic,test,48534,N30510,sports,football_nfl,"The Raiders' last defensive stand against the Chargers on Thursday was a costly one. With 30 seconds left, slot cornerback Lamarcus Joyner limped off the field after appearing to injure his right leg in coverage. Two plays later, safety Karl Joseph suffered a season-ending foot injury in making the interception that sealed a 26-24 win. That has left the Raiders (5-4) a half-game out of first place in the AFC West after Kansas City's loss...",Health of Raiders' secondary a primary issue,"Generate a news headline. Category: sports Article summary: The Raiders' last defensive stand against the Chargers on Thursday was a costly one. With 30 seconds left, slot cornerback Lamarcus Joyner limped off the field after appearing to injure his right leg in coverage. Two plays later, safety Karl Joseph suffered a season-ending foot injury in making the interception that sealed a 26-24 win. That has left the Raiders (5-4) a half-game out of first place in the AFC West after Kansas City's loss...",Health of Raiders' secondary a primary issue,75,7,True,9.59559e-05,0,https://assets.msn.com/labs/mind/BBWC1Ex.html,Raiders' last defensive stand against Chargers is costly,False
generic-006407,generic,test,23527,N38573,travel,travelarticle,"Say goodbye to plastic straws in Maine's largest city. Portland city councilors voted unanimously on Monday to ban all plastic straws at local restaurants and bars. Businesses will now only be able to give out plastic straws, stirrers or splash sticks if a customer specifically asks for one starting in April. The products will be banned entirely by January 2021. The only exceptions would be for customers with disabilities or straws included in...",Banned! No More Plastic Straws in Portland: City Council,"Generate a news headline. Category: travel Article summary: Say goodbye to plastic straws in Maine's largest city. Portland city councilors voted unanimously on Monday to ban all plastic straws at local restaurants and bars. Businesses will now only be able to give out plastic straws, stirrers or splash sticks if a customer specifically asks for one starting in April. The products will be banned entirely by January 2021. The only exceptions would be for customers with disabilities or straws included in...",Banned! No More Plastic Straws in Portland: City Council,73,9,True,0.0002807988,0,https://assets.msn.com/labs/mind/AAJa36b.html,Portland city councilors ban plastic straws at restaurants and bars,False
generic-006408,generic,test,18570,N22930,news,newscrime,Long Beach resident Jose Segovia Benitez was taken from the airport to jail while local authorities investigate whether he's wanted in El Salvador for any crimes.,"Deported U.S. Marine veteran from Long Beach arrives in El Salvador, goes to jail",Generate a news headline. Category: news Article summary: Long Beach resident Jose Segovia Benitez was taken from the airport to jail while local authorities investigate whether he's wanted in El Salvador for any crimes.,"Deported U.S. Marine veteran from Long Beach arrives in El Salvador, goes to jail",26,14,True,0.00012896223,0,https://assets.msn.com/labs/mind/AAJinwL.html,Long Beach resident Jose Segovia Benitez taken from airport to jail for crimes in El Salvador,False
generic-006409,generic,test,62089,N34781,sports,football_nfl,Mason Crosby got some help from his snapper and performed a Lambeau Leap after his game-winning kick against the Lions on Monday night.,"Mason Crosby won the Packers game, then did a Lambeau Leap",Generate a news headline. Category: sports Article summary: Mason Crosby got some help from his snapper and performed a Lambeau Leap after his game-winning kick against the Lions on Monday night.,"Mason Crosby won the Packers game, then did a Lambeau Leap",23,11,True,0.0003825243,0,https://assets.msn.com/labs/mind/AAIMxG9.html,Mason Crosby performs Lambeau Leap after game-winning kick against Lions,False
generic-006410,generic,test,28067,N51953,news,newsus,"TUCSON, Ariz. (AP/3TV/CBS5) -- Three buildings in downtown Tucson were evacuated Monday morning after a bomb threat. Authorities say a ""suspicious package"" was reported at the Pima County Superior Court building around 8:30 a.m. They say two other administration buildings were evacuated as a precaution. The Pima County's official Twitter account confirmed the evacuations and said police are investigating. Local television outlets live streamed...",Three buildings in downtown Tucson evacuated after a bomb threat,"Generate a news headline. Category: news Article summary: TUCSON, Ariz. (AP/3TV/CBS5) -- Three buildings in downtown Tucson were evacuated Monday morning after a bomb threat. Authorities say a ""suspicious package"" was reported at the Pima County Superior Court building around 8:30 a.m. They say two other administration buildings were evacuated as a precaution. The Pima County's official Twitter account confirmed the evacuations and said police are investigating. Local television outlets live streamed...",Three buildings in downtown Tucson evacuated after a bomb threat,64,10,True,0.00012511517,0,https://assets.msn.com/labs/mind/AAJQA8A.html,Three buildings evacuated after bomb threat,False
generic-006411,generic,test,26827,N9304,news,newsus,"Attorney General Bill Barr decried attacks on religious values in a speech Friday, tying a movement of ""militant secularism"" to societal maladies including the opioid epidemic and ""an increase in senseless violence.""","Barr slams attacks on religious values, says moral upheaval leading to societal ills","Generate a news headline. Category: news Article summary: Attorney General Bill Barr decried attacks on religious values in a speech Friday, tying a movement of ""militant secularism"" to societal maladies including the opioid epidemic and ""an increase in senseless violence.""","Barr slams attacks on religious values, says moral upheaval leading to societal ills",32,13,False,9.134301e-05,0,https://assets.msn.com/labs/mind/AAIGLEu.html,Attorney General Bill Barr condemns religious attacks on religious values,False
generic-006412,generic,test,21167,N53758,news,newsus,"Maryland's Governor has ordered flags to be flown at half-staff in honor of the late Congressman Elijah Cummings. The outpouring in the wake of his death from an undisclosed illness has included mourners quietly leaving flowers on the front step of the home Cummings shared with his wife, former Maryland gubernatorial candidate Maya Rockeymore Cummings. Cummings is remembered in Baltimore as a civil rights leader and a fierce defender of the...",Cummings remembered as a 'champion for the people' by West Baltimore neighbors,"Generate a news headline. Category: news Article summary: Maryland's Governor has ordered flags to be flown at half-staff in honor of the late Congressman Elijah Cummings. The outpouring in the wake of his death from an undisclosed illness has included mourners quietly leaving flowers on the front step of the home Cummings shared with his wife, former Maryland gubernatorial candidate Maya Rockeymore Cummings. Cummings is remembered in Baltimore as a civil rights leader and a fierce defender of the...",Cummings remembered as a 'champion for the people' by West Baltimore neighbors,71,12,True,0.0003761515,0,https://assets.msn.com/labs/mind/AAIW8A1.html,Maryland Governor orders flags to be flown at half-staff in honor of Congressman Elijah Cummings,False
generic-006413,generic,test,32296,N42264,news,newsworld,"Israeli Prime Minister Benjamin Netanyahu said Wednesday that Islamic Jihad militants in Gaza must stop rocket attacks or ""absorb more and more blows"" as an escalation of violence raged for a second day. ""They have one choice: to stop these attacks or absorb more and more blows.",Netanyahu tells Islamic Jihad 'stop these attacks or absorb more blows',"Generate a news headline. Category: news Article summary: Israeli Prime Minister Benjamin Netanyahu said Wednesday that Islamic Jihad militants in Gaza must stop rocket attacks or ""absorb more and more blows"" as an escalation of violence raged for a second day. ""They have one choice: to stop these attacks or absorb more and more blows.",Netanyahu tells Islamic Jihad 'stop these attacks or absorb more blows',47,11,True,7.377403e-05,0,https://assets.msn.com/labs/mind/BBWGZS5.html,Israeli PM says Islamic Jihad militants must stop rocket attacks or absorb more and more blows,False
generic-006414,generic,test,22561,N58467,news,newspolitics,"Sen. Bernie Sanders is getting a major boost to his presidential campaign after his heart attack nearly three weeks ago. The left-wing congresswoman, Alexandria Ocasio-Cortez, endorsed him in front of more than 25,000 people at a weekend rally in New York City. CBS News' Nikole Killion spoke with them in their first joint network interview after the announcement.",Alexandria Ocasio-Cortez on why she's supporting Bernie Sanders for president,"Generate a news headline. Category: news Article summary: Sen. Bernie Sanders is getting a major boost to his presidential campaign after his heart attack nearly three weeks ago. The left-wing congresswoman, Alexandria Ocasio-Cortez, endorsed him in front of more than 25,000 people at a weekend rally in New York City. CBS News' Nikole Killion spoke with them in their first joint network interview after the announcement.",Alexandria Ocasio-Cortez on why she's supporting Bernie Sanders for president,58,10,True,0.999954,1,https://assets.msn.com/labs/mind/AAJo1pg.html,Bernie Sanders getting a major boost to his campaign after heart attack,False
generic-006415,generic,test,35738,N14405,video,news,Little Rock teachers are striking for the first time in more than three decades over the state's control of the local school system and a panel's decision to strip their union's collective bargaining rights. (Nov. 14),Ark. teachers strike over control of district,Generate a news headline. Category: video Article summary: Little Rock teachers are striking for the first time in more than three decades over the state's control of the local school system and a panel's decision to strip their union's collective bargaining rights. (Nov. 14),Ark. teachers strike over control of district,36,7,False,7.302294e-05,0,https://assets.msn.com/labs/mind/BBWLyar.html,Little Rock teachers strike for first time in more than three decades,False
generic-006416,generic,test,24315,N63351,news,newscrime,A 67-year-old woman with a history of sneaking onto flights is being held without bond for her latest attempt at Chicago's O'Hare International Airport.,Serial stowaway held without bond for violating probation,Generate a news headline. Category: news Article summary: A 67-year-old woman with a history of sneaking onto flights is being held without bond for her latest attempt at Chicago's O'Hare International Airport.,Serial stowaway held without bond for violating probation,24,8,False,0.0001452574,0,https://assets.msn.com/labs/mind/AAIPuaU.html,67-year-old woman being held without bond for latest attempt at Chicago's O'Hare International Airport,False
generic-006417,generic,test,27922,N1471,sports,basketball_nba,"Draymond Green accepts that this is going to be a teaching year. During Thursday's 141-122 season-opening loss to the Clippers, Green taught the Warriors' young roster about playing through pain. Green endured an elbow contusion in the first three minutes of the game. After trying to shake off the injury and failing to hide his grimace while being checked by the medical staff on the bench, he went to the locker room for further evaluation. Nine...",Draymond Green teaches the young Warriors lesson No. 1: Play hard at all times,"Generate a news headline. Category: sports Article summary: Draymond Green accepts that this is going to be a teaching year. During Thursday's 141-122 season-opening loss to the Clippers, Green taught the Warriors' young roster about playing through pain. Green endured an elbow contusion in the first three minutes of the game. After trying to shake off the injury and failing to hide his grimace while being checked by the medical staff on the bench, he went to the locker room for further evaluation. Nine...",Draymond Green teaches the young Warriors lesson No. 1: Play hard at all times,76,14,True,0.18653056,0,https://assets.msn.com/labs/mind/AAJk1ht.html,Draymond Green admits that this is going to be a teaching year,False
generic-006418,generic,test,42222,N17305,lifestyle,lifestylebuzz,"A growing number of cities are banning or charging fees for disposable shopping bags, and Philadelphia is trying (for the fourth time) to join them. Last month, the Licenses and Inspections committee voted for a bill prohibiting retailers from providing single-use bags to customers for free. (The bill is currently on hold while amendments are being discussed.) Plastic bags are the fifth ...",Want to actually remember your reusable shopping bags? Here are 8 tricks that work,"Generate a news headline. Category: lifestyle Article summary: A growing number of cities are banning or charging fees for disposable shopping bags, and Philadelphia is trying (for the fourth time) to join them. Last month, the Licenses and Inspections committee voted for a bill prohibiting retailers from providing single-use bags to customers for free. (The bill is currently on hold while amendments are being discussed.) Plastic bags are the fifth ...",Want to actually remember your reusable shopping bags? Here are 8 tricks that work,63,14,True,0.9999733,1,https://assets.msn.com/labs/mind/BBWBMsY.html,Philadelphia bans disposable shopping bags for free,False
generic-006419,generic,test,7192,N44310,news,newsus,"MIAMI - When Florida issued a call for python hunters, applications came in from near and very, very far - Iran, for instance, where one man sees a chance to fulfill his childhood dream. Mohammad Asghari is one of 2,600 applicants worldwide hoping to become a ""python removal agent"" with the South Florida Water Management District, an effort that aims to control the state's booming Burmese ...",Florida needs python hunters. A man in Iran is one of thousands applying for the job,"Generate a news headline. Category: news Article summary: MIAMI - When Florida issued a call for python hunters, applications came in from near and very, very far - Iran, for instance, where one man sees a chance to fulfill his childhood dream. Mohammad Asghari is one of 2,600 applicants worldwide hoping to become a ""python removal agent"" with the South Florida Water Management District, an effort that aims to control the state's booming Burmese ...",Florida needs python hunters. A man in Iran is one of thousands applying for the job,67,16,True,0.00029777555,0,https://assets.msn.com/labs/mind/AAJg2Cq.html,Florida's python hunters seek to become a 'python removal agent',False
generic-006420,generic,test,60356,N12659,entertainment,entertainment-celebrity,"DETROIT (WWJ) - Prosecutors are deciding if criminal charges are warranted after a Detroit lawmaker's house was apparently demolished without her permission. The Wayne County Prosecutor's office said Friday that it received a not in custody warrant request in the case and is reviewing it, but is not expected to make a charging decision for at least a week. Rep. Sherry Gay-Dagnogo filed a complaint with the city in September saying a home she...",Prosecutors Consider Criminal Charges In Demolition Of State Rep's Detroit House,"Generate a news headline. Category: entertainment Article summary: DETROIT (WWJ) - Prosecutors are deciding if criminal charges are warranted after a Detroit lawmaker's house was apparently demolished without her permission. The Wayne County Prosecutor's office said Friday that it received a not in custody warrant request in the case and is reviewing it, but is not expected to make a charging decision for at least a week. Rep. Sherry Gay-Dagnogo filed a complaint with the city in September saying a home she...",Prosecutors Consider Criminal Charges In Demolition Of State Rep's Detroit House,74,11,True,7.035873e-05,0,https://assets.msn.com/labs/mind/AAIGIIK.html,Prosecutors decide if criminal charges are warranted after Detroit lawmaker's house was demolished without permission,False
generic-006421,generic,test,47166,N35078,sports,baseball_mlb,"The Yankees ""tried hard"" to pry reliever Mychal Givens from the Orioles just before the trade deadline, according to a report from the New York Post's Joel Sherman. General manager Brian Cashman was believed to be in search of starting pitching at the time, but he repeatedly stressed that he would be open to upgrading the bullpen if starters weren't available. Ultimately, he didn't make any ...",MLB trade rumors: The Yankees target that got away,"Generate a news headline. Category: sports Article summary: The Yankees ""tried hard"" to pry reliever Mychal Givens from the Orioles just before the trade deadline, according to a report from the New York Post's Joel Sherman. General manager Brian Cashman was believed to be in search of starting pitching at the time, but he repeatedly stressed that he would be open to upgrading the bullpen if starters weren't available. Ultimately, he didn't make any ...",MLB trade rumors: The Yankees target that got away,67,9,True,7.899953e-05,0,https://assets.msn.com/labs/mind/BBWxZk8.html,"Yankees ""tried hard"" to reliever Mychal Givens from Orioles just before trade deadline",False
generic-006422,generic,test,5297,N23912,travel,travelnews,"When the announcement came that weather would again prevent a stop, ""that's when the riots broke out,"" a guest said. Cruise line officials offered a discount on future cruises.","'At a certain point, you just lose it:' Passengers revolt and riot aboard Norwegian Spirit cruise ship","Generate a news headline. Category: travel Article summary: When the announcement came that weather would again prevent a stop, ""that's when the riots broke out,"" a guest said. Cruise line officials offered a discount on future cruises.","'At a certain point, you just lose it:' Passengers revolt and riot aboard Norwegian Spirit cruise ship",29,17,True,0.00013331765,0,https://assets.msn.com/labs/mind/AAIwQva.html,'It's when the riots broke out': Cruises offer discounts on future cruises,False
generic-006423,generic,test,54133,N44353,news,newscrime,One person was killed and two others were injured Saturday morning in a house fire on Cobb Street in western Greenville County.,"One person dead, two others injured in Greenville County house fire",Generate a news headline. Category: news Article summary: One person was killed and two others were injured Saturday morning in a house fire on Cobb Street in western Greenville County.,"One person dead, two others injured in Greenville County house fire",22,11,True,0.000109305984,0,https://assets.msn.com/labs/mind/AAJ1ZJU.html,"One killed, two injured in house fire on Cobb Street in Greenville County",False
generic-006424,generic,test,1835,N42367,foodanddrink,foodnews,"It might get cold in winter, but nothing's going to stop us from savoring a scoop of peppermint bark ice cream! The post H agen-Dazs Peppermint Bark Ice Cream Is Officially Back in Stores for the Season appeared first on Taste of Home.",H agen-Dazs Peppermint Bark Ice Cream Is Officially Back in Stores for the Season,"Generate a news headline. Category: foodanddrink Article summary: It might get cold in winter, but nothing's going to stop us from savoring a scoop of peppermint bark ice cream! The post H agen-Dazs Peppermint Bark Ice Cream Is Officially Back in Stores for the Season appeared first on Taste of Home.",H agen-Dazs Peppermint Bark Ice Cream Is Officially Back in Stores for the Season,43,14,True,0.9999634,1,https://assets.msn.com/labs/mind/AAGLdgJ.html,H agen-Dazs Peppermint Bark Ice Cream Is Officially Back in Stores for the Season,True
generic-006425,generic,test,18205,N63429,sports,football_ncaa,"Harbaugh has turned Michigan into a highly ranked program again, but has been unable to find the breakthrough into the conference title game and beyond.",Report: Jim Harbaugh exploring potential NFL return,"Generate a news headline. Category: sports Article summary: Harbaugh has turned Michigan into a highly ranked program again, but has been unable to find the breakthrough into the conference title game and beyond.",Report: Jim Harbaugh exploring potential NFL return,25,7,True,9.625081e-05,0,https://assets.msn.com/labs/mind/AAJbj7p.html,"Harbaugh turns Michigan into a highly ranked program again, but has been unable to find the breakthrough",False
generic-006426,generic,test,49365,N35790,news,newsworld,"At least five people have been killed and 330 others injured after a 5.9-magnitude earthquake struck northwestern Iran on Friday, Iranian state-run Press TV reported.","Iran earthquake: 5 killed, 300 injured in northwestern Iran","Generate a news headline. Category: news Article summary: At least five people have been killed and 330 others injured after a 5.9-magnitude earthquake struck northwestern Iran on Friday, Iranian state-run Press TV reported.","Iran earthquake: 5 killed, 300 injured in northwestern Iran",25,9,True,7.026319e-05,0,https://assets.msn.com/labs/mind/BBWr9ni.html,"At least five killed, 330 injured after 5.9-magnitude earthquake strikes northwestern Iran",False
generic-006427,generic,test,30376,N59402,news,newscrime,"Shots were fired during a robbery Wednesday morning at the 8th Street Arcade in Fernandina Beach, according to the Nassau County Sheriff's Office. An employee said a masked man came into the 1951 S. Eighth St. business about 5:30 a.m. brandishing a firearm and fired a round into the ceiling. He then fired in her direction as she tried to hide and demanded cash, according to the incident ...",Robber fires shots during 8th Street Arcade heist in Fernandina Beach,"Generate a news headline. Category: news Article summary: Shots were fired during a robbery Wednesday morning at the 8th Street Arcade in Fernandina Beach, according to the Nassau County Sheriff's Office. An employee said a masked man came into the 1951 S. Eighth St. business about 5:30 a.m. brandishing a firearm and fired a round into the ceiling. He then fired in her direction as she tried to hide and demanded cash, according to the incident ...",Robber fires shots during 8th Street Arcade heist in Fernandina Beach,69,11,True,8.487601e-05,0,https://assets.msn.com/labs/mind/AAJfPPr.html,Shots fired during robbery at 8th Street Arcade in Fernandina Beach,False
generic-006428,generic,test,21260,N47948,finance,finance-real-estate,"Seven years since repairs began, Orlando's largest condominium complex appears to have righted the shoddy workmanship that for years plagued the condos, racking up millions of dollars in damage, hundreds of code violations and millions of dollars in fines from the city. The Hamptons at MetroWest, a well-appointed gated community in southwest Orlando, was converted from apartments to condos in the mid-2000s and billed as ""the best of MetroWest.""...","Once 'unfit for human habitation,' Orlando condo complex finishes repairing building defects","Generate a news headline. Category: finance Article summary: Seven years since repairs began, Orlando's largest condominium complex appears to have righted the shoddy workmanship that for years plagued the condos, racking up millions of dollars in damage, hundreds of code violations and millions of dollars in fines from the city. The Hamptons at MetroWest, a well-appointed gated community in southwest Orlando, was converted from apartments to condos in the mid-2000s and billed as ""the best of MetroWest.""...","Once 'unfit for human habitation,' Orlando condo complex finishes repairing building defects",69,12,True,7.3305644e-05,0,https://assets.msn.com/labs/mind/AAIW8Xx.html,"Orlando's largest condominium complex has righted the shoddy workmanship that plagued the condos, racking up millions of dollars in damage,",False
generic-006429,generic,test,47143,N14382,finance,financenews,Police officers in one metro city are getting special training to learn how to control suspects without using their guns.,Marietta police officers have new form of training: Brazilian jiujitsu,Generate a news headline. Category: finance Article summary: Police officers in one metro city are getting special training to learn how to control suspects without using their guns.,Marietta police officers have new form of training: Brazilian jiujitsu,20,10,True,0.00013722137,0,https://assets.msn.com/labs/mind/BBWIfF5.html,Police in metro city getting special training to learn how to control suspects without using their guns,False
generic-006430,generic,test,7685,N25704,sports,more_sports,Gold medal gymnast Laurie Hernandez and Actresses Rita Moreno and Gina Torre s will be the 2020 Tournament of Roses Grand Marshals.,Three Women Named Grand Marshals Of The 2020 Tournament Of Roses,Generate a news headline. Category: sports Article summary: Gold medal gymnast Laurie Hernandez and Actresses Rita Moreno and Gina Torre s will be the 2020 Tournament of Roses Grand Marshals.,Three Women Named Grand Marshals Of The 2020 Tournament Of Roses,22,11,True,0.0002740865,0,https://assets.msn.com/labs/mind/AAIOTzJ.html,"Laurie Hernandez, Rita Moreno and Gina Torre s to be the 2020 Roses Grand Marshals",False
generic-006431,generic,test,10004,N10027,music,musicnews,"Columbus music group Twenty One Pilots is in town and some super fans are camping out at The Banks waiting to snag tickets to Tuesday night's concert. About 200 faithful fans are camping out in sleeping bags on Broadway Street, braving temperatures in the 50s. Fans said they are traveling to different cities to see the band bring people together. ""I think this is my seventh show and I am going to have my eighth show in Denver Colorado,"" Brenna...",More than 200 fans camp out at The Banks for Twenty One Pilots concert tickets,"Generate a news headline. Category: music Article summary: Columbus music group Twenty One Pilots is in town and some super fans are camping out at The Banks waiting to snag tickets to Tuesday night's concert. About 200 faithful fans are camping out in sleeping bags on Broadway Street, braving temperatures in the 50s. Fans said they are traveling to different cities to see the band bring people together. ""I think this is my seventh show and I am going to have my eighth show in Denver Colorado,"" Brenna...",More than 200 fans camp out at The Banks for Twenty One Pilots concert tickets,80,15,True,0.9995652,1,https://assets.msn.com/labs/mind/AAJafxo.html,Columbus music group Twenty One Pilots camping out at The Banks waiting to snag tickets to Tuesday night's concert,False
generic-006432,generic,test,24999,N22428,lifestyle,lifestylefamily,"Father Stephen Reynolds sings proudly, his voice booming deeper and richer than those of the cherubic choir of elementary school students who warble along behind him. ""All creatures of our God and King,"" they sing together. ""Lift up your voices, let us sing."" Just then, in the pause before a refrain of hallelujahs, a dog yips. Once, then twice. During any other religious assembly at St. Elizabeth Ann Seton Catholic School, this would be a...",Animal blessings? The trend is growing in the Catholic Church.,"Generate a news headline. Category: lifestyle Article summary: Father Stephen Reynolds sings proudly, his voice booming deeper and richer than those of the cherubic choir of elementary school students who warble along behind him. ""All creatures of our God and King,"" they sing together. ""Lift up your voices, let us sing."" Just then, in the pause before a refrain of hallelujahs, a dog yips. Once, then twice. During any other religious assembly at St. Elizabeth Ann Seton Catholic School, this would be a...",Animal blessings? The trend is growing in the Catholic Church.,75,10,True,0.0001860293,0,https://assets.msn.com/labs/mind/AAILce2.html,"Father Stephen Reynolds sings proudly, his voice booming deeper and richer than those of the cherubic choir of elementary school students who war",False
generic-006433,generic,test,46437,N34585,sports,football_nfl,"ASHBURN, Va. (AP) Since the Washington Redskins fired Jay Gruden at 0-5 and replaced him with Bill Callahan, they have one win and three more losses to show for the coaching change. Five consecutive losses to open the season already quashed Washington's playoff hopes, but there's little tangible evidence the move is paying off in the short or long term. The Redskins at the bye week of a lost season are a team without a definitive answer at...",Redskins at 1-8 lack direction and visible plan for future,"Generate a news headline. Category: sports Article summary: ASHBURN, Va. (AP) Since the Washington Redskins fired Jay Gruden at 0-5 and replaced him with Bill Callahan, they have one win and three more losses to show for the coaching change. Five consecutive losses to open the season already quashed Washington's playoff hopes, but there's little tangible evidence the move is paying off in the short or long term. The Redskins at the bye week of a lost season are a team without a definitive answer at...",Redskins at 1-8 lack direction and visible plan for future,78,10,True,7.320408e-05,0,https://assets.msn.com/labs/mind/BBWqnqV.html,"Washington Redskins' Jay Gruden, Bill Callahan's return to coaching",False
generic-006434,generic,test,6509,N62974,news,newsus,A black security guard who was fired after repeating a racial slur a student had called him filed a grievance seeking his job back.,African American school guard in Madison fired for repeating racial slur student used against him,Generate a news headline. Category: news Article summary: A black security guard who was fired after repeating a racial slur a student had called him filed a grievance seeking his job back.,African American school guard in Madison fired for repeating racial slur student used against him,24,15,True,0.0004230316,0,https://assets.msn.com/labs/mind/AAIYVtp.html,Black security guard fired after repeating racial slur,False
generic-006435,generic,test,34683,N29887,news,newscrime,"A security guard was charged in the accidental shooting death of a 62-year-old woman in Southwest Miami-Dade, according to police.",Security Guard Charged In Accidental Shooting Death,"Generate a news headline. Category: news Article summary: A security guard was charged in the accidental shooting death of a 62-year-old woman in Southwest Miami-Dade, according to police.",Security Guard Charged In Accidental Shooting Death,20,7,True,0.00010536625,0,https://assets.msn.com/labs/mind/BBWHCfE.html,Security guard charged in accidental shooting death of 62-year-old woman in Southwest Miami-Dade,False
generic-006436,generic,test,65219,N42643,sports,basketball_nba,"WASHINGTON -- The Cleveland Cavaliers (2-5) will open a three-game road trip against the Washington Wizards (2-5) on Friday night. When: 7 p.m. Where: Capital One Arena TV: ESPN Radio: WTAM 1100 AM; WMMS 100.7 FM, La Mega 87.7 FM. Online: Watch ESPN Last meeting: The Cavs lost to the Wizards 119-106 on Feb. 8. Cavs minute: The Cavs have lost three consecutive games. In Tuesday's loss against ...","Cleveland Cavaliers at Washington Wizards, Game 8 preview and listings","Generate a news headline. Category: sports Article summary: WASHINGTON -- The Cleveland Cavaliers (2-5) will open a three-game road trip against the Washington Wizards (2-5) on Friday night. When: 7 p.m. Where: Capital One Arena TV: ESPN Radio: WTAM 1100 AM; WMMS 100.7 FM, La Mega 87.7 FM. Online: Watch ESPN Last meeting: The Cavs lost to the Wizards 119-106 on Feb. 8. Cavs minute: The Cavs have lost three consecutive games. In Tuesday's loss against ...","Cleveland Cavaliers at Washington Wizards, Game 8 preview and listings",69,10,True,7.576865e-05,0,https://assets.msn.com/labs/mind/BBWsTqa.html,Cleveland Cavaliers to open three-game road trip against Wizards,False
generic-006437,generic,test,49008,N38337,tv,tv-recaps,"And we're LIVE on season 17 of 'The Voice'! The remaining 20 artists each hit the stage during the live playoffs, with hopes of landing a spot in the top 13 after America's vote.",'The Voice' Recap: The Top 20 Hit The Stage For Their 1st Live Performances Of The Season,"Generate a news headline. Category: tv Article summary: And we're LIVE on season 17 of 'The Voice'! The remaining 20 artists each hit the stage during the live playoffs, with hopes of landing a spot in the top 13 after America's vote.",'The Voice' Recap: The Top 20 Hit The Stage For Their 1st Live Performances Of The Season,34,17,True,0.9991966,1,https://assets.msn.com/labs/mind/BBWCMsf.html,"'The Voice': 20 artists hit the stage during the live playoffs, hoping to land a spot in the top 13 after America's",False
generic-006438,generic,test,30664,N16255,sports,mma,"Jake Hager admits he is still green to the sport of MMA, but he expects his athleticism to expedite his journey to the heavyweight title.",Jake Hager expects to fight elite HWs by 'end of' 2020,"Generate a news headline. Category: sports Article summary: Jake Hager admits he is still green to the sport of MMA, but he expects his athleticism to expedite his journey to the heavyweight title.",Jake Hager expects to fight elite HWs by 'end of' 2020,25,11,True,0.0009394846,0,https://assets.msn.com/labs/mind/AAJfSWU.html,"Jake Hager admits he is still green to the sport of MMA, but he expects his athleticism to expedite his",False
generic-006439,generic,test,43867,N24867,news,newspolitics,"Judge Mike Spitzer announced his campaign Tuesday to finish out the remainder of the current term, which ends in 2022.",New judge in 21st Judicial District announces campaign bid,"Generate a news headline. Category: news Article summary: Judge Mike Spitzer announced his campaign Tuesday to finish out the remainder of the current term, which ends in 2022.",New judge in 21st Judicial District announces campaign bid,20,9,True,6.3512554e-05,0,https://assets.msn.com/labs/mind/BBWF0Df.html,Judge Mike Spitzer to finish out the remainder of the current term,False
generic-006440,generic,test,27402,N30028,sports,baseball_mlb,"We may never know the real reason why Joe Girardi was not hired as the Mets manager. We may also never know why neither Buck Showalter nor Dusty Baker even got an interview with them. Experience in winning in the majors something all three had should have been the primary criteria for the Mets after the disaster that was Mickey Callaway. In the end, was it money since Girardi, Showalter and Baker all would have been expected to command a...","Why Joe Girardi chose the Phillies, and where that leaves the Mets","Generate a news headline. Category: sports Article summary: We may never know the real reason why Joe Girardi was not hired as the Mets manager. We may also never know why neither Buck Showalter nor Dusty Baker even got an interview with them. Experience in winning in the majors something all three had should have been the primary criteria for the Mets after the disaster that was Mickey Callaway. In the end, was it money since Girardi, Showalter and Baker all would have been expected to command a...","Why Joe Girardi chose the Phillies, and where that leaves the Mets",80,12,True,0.026510907,0,https://assets.msn.com/labs/mind/AAJpnQl.html,Mets manager Joe Girardi not hired as Mets manager,False
generic-006441,generic,test,21592,N4317,news,newscrime,"The 45-year-old woman charged with killing a Fernandina Beach hair salon co-worker whose body has yet to be found has been declared competent to go to trial, according to an evaluation by Florida State Hospital. Now it's up to a judge to decide when a competency hearing in the first-degree murder case against Kimberly Lee Kessler will be scheduled, according to the State Attorney's Office. ...",Kessler ruled competent for murder trial in case of missing Joleen Cummings,"Generate a news headline. Category: news Article summary: The 45-year-old woman charged with killing a Fernandina Beach hair salon co-worker whose body has yet to be found has been declared competent to go to trial, according to an evaluation by Florida State Hospital. Now it's up to a judge to decide when a competency hearing in the first-degree murder case against Kimberly Lee Kessler will be scheduled, according to the State Attorney's Office. ...",Kessler ruled competent for murder trial in case of missing Joleen Cummings,66,12,True,0.00017230403,0,https://assets.msn.com/labs/mind/AAIPj3l.html,45-year-old woman charged with killing a hair salon co-worker has been declared competent to go to trial,False
generic-006442,generic,test,31919,N41688,finance,finance-real-estate,"Need a budget-friendly new spot? Apartment hunting can be hard, but there are deals. So what does the low-end rental price in St Vincent-Greenbriar look like these days?","Budget apartments for rent in St Vincent-Greenbriar, Indianapolis","Generate a news headline. Category: finance Article summary: Need a budget-friendly new spot? Apartment hunting can be hard, but there are deals. So what does the low-end rental price in St Vincent-Greenbriar look like these days?","Budget apartments for rent in St Vincent-Greenbriar, Indianapolis",28,8,True,0.000116036135,0,https://assets.msn.com/labs/mind/BBWIyqC.html,Renting apartments in St Vincent-Greenbriar: What's the best way to find a low-end apartment?,False
generic-006443,generic,test,41775,N31212,movies,movienews,"There's an alternate timeline where Adam Sandler (""Uncut Gems"") listened to his professor and never started acting. Sandler confirmed the story of how his professor at NYU told him to quit acting during a conversation with Brad Pitt (""Once Upon a Time in Hollywood"") for ""Variety Studios: Actors on Actors."" Pitt explained the story he",Adam Sandler's Acting Professor Told Him To Quit Acting,"Generate a news headline. Category: movies Article summary: There's an alternate timeline where Adam Sandler (""Uncut Gems"") listened to his professor and never started acting. Sandler confirmed the story of how his professor at NYU told him to quit acting during a conversation with Brad Pitt (""Once Upon a Time in Hollywood"") for ""Variety Studios: Actors on Actors."" Pitt explained the story he",Adam Sandler's Acting Professor Told Him To Quit Acting,55,9,True,0.9992704,1,https://assets.msn.com/labs/mind/BBWEobr.html,Adam Sandler's professor told him to quit acting during 'Variety Studios: Actors on Actors',False
generic-006444,generic,test,13136,N7387,news,newspolitics,"Former Secretary of Veteran Affairs David Shulkin, fired by President Trump in a tweet last year, joins NBC News' Alexa Liautaud to talk about his time working in the Trump administration.",Former secretary of veteran affairs on working for Trump: There was a plan 'to replace me',"Generate a news headline. Category: news Article summary: Former Secretary of Veteran Affairs David Shulkin, fired by President Trump in a tweet last year, joins NBC News' Alexa Liautaud to talk about his time working in the Trump administration.",Former secretary of veteran affairs on working for Trump: There was a plan 'to replace me',31,16,True,0.0014481704,0,https://assets.msn.com/labs/mind/AAJFgfZ.html,Former Secretary of Veteran Affairs David Shulkin joins Alexa Liautaud to talk about his time in Trump administration,False
generic-006445,generic,test,46774,N54710,sports,football_nfl,"TAMPA If the Bucs are going to turn their season around in the second half, the team's pass defense must get better. Tampa Bay last in the league with 293.5 passing yards allowed a game, and are on pace to allow 4,700 passing yards and 38 touchdowns. We've heard the reasons. The Bucs secondary is young, they're learning on the fly. They will get better with experience. But the one thing that ...",More efficient pass rush the key to Bucs defense's second-half improvement,"Generate a news headline. Category: sports Article summary: TAMPA If the Bucs are going to turn their season around in the second half, the team's pass defense must get better. Tampa Bay last in the league with 293.5 passing yards allowed a game, and are on pace to allow 4,700 passing yards and 38 touchdowns. We've heard the reasons. The Bucs secondary is young, they're learning on the fly. They will get better with experience. But the one thing that ...",More efficient pass rush the key to Bucs defense's second-half improvement,73,11,True,0.00014126404,0,https://assets.msn.com/labs/mind/BBWxTO0.html,Tampa Bay's pass defense must get better,False
generic-006446,generic,test,61400,N28258,news,newsus,"FORT WORTH -- The Arlington officer who shot and killed a woman lying in the grass as he was firing toward a running dog resigned Friday, police said. Officer Ravi Singh, a rookie in the department, was shooting toward a dog that had begun charging in his direction when he accidentally shot Margarita Victoria Brooks, 30, on Aug. 1, police said. Brooks, known by acquaintances as Maggie, ...","Arlington officer who shot, killed woman while firing at dog has resigned, police say","Generate a news headline. Category: news Article summary: FORT WORTH -- The Arlington officer who shot and killed a woman lying in the grass as he was firing toward a running dog resigned Friday, police said. Officer Ravi Singh, a rookie in the department, was shooting toward a dog that had begun charging in his direction when he accidentally shot Margarita Victoria Brooks, 30, on Aug. 1, police said. Brooks, known by acquaintances as Maggie, ...","Arlington officer who shot, killed woman while firing at dog has resigned, police say",68,14,False,0.00010716219,0,https://assets.msn.com/labs/mind/AAJIk9E.html,Arlington officer shoots woman lying in grass as he fires toward running dog resigns,False
generic-006447,generic,test,29801,N11413,foodanddrink,newstrends,"When the commercial popped up on television, the couple knew what they wanted for dinner. It would be a Chalupa Supreme, a beefy 5-Layer burrito, a crunchy taco, cinnamon twists and a medium drink. The box of food would only cost $5. Or so they thought. When Nelson and Joann Estrella arrived at the Taco Bell less than three miles from their Middlesex home in May 2018, they were taken aback ...",Taco Bell ad said the Chalupa Cravings Box would be $5. N.J. couple sued them when it wasn't.,"Generate a news headline. Category: foodanddrink Article summary: When the commercial popped up on television, the couple knew what they wanted for dinner. It would be a Chalupa Supreme, a beefy 5-Layer burrito, a crunchy taco, cinnamon twists and a medium drink. The box of food would only cost $5. Or so they thought. When Nelson and Joann Estrella arrived at the Taco Bell less than three miles from their Middlesex home in May 2018, they were taken aback ...",Taco Bell ad said the Chalupa Cravings Box would be $5. N.J. couple sued them when it wasn't.,72,18,True,0.99843305,1,https://assets.msn.com/labs/mind/AAISA72.html,"Taco Bell's 'Chalupa Supreme', a 5-Layer burrito, cinnamon twists and a medium",False
generic-006448,generic,test,24482,N60035,news,newsfactcheck,President Donald Trump is persisting in a claim that goes to the heart of the U.S. military withdrawal from Syria.,"AP FACT CHECK: Trump's takes on impeachment, Syria, climate",Generate a news headline. Category: news Article summary: President Donald Trump is persisting in a claim that goes to the heart of the U.S. military withdrawal from Syria.,"AP FACT CHECK: Trump's takes on impeachment, Syria, climate",20,9,True,0.00011004518,0,https://assets.msn.com/labs/mind/AAJp1UW.html,"Trump persists in Syria claim, claiming U.S. withdrawal from Syria",False
generic-006449,generic,test,31142,N2591,news,newsworld,"Bulgaria on Saturday said it would summon France's ambassador to Sofia on Monday after comments about immigration by French President Emmanuel Macron sparked outrage. Ambassador Florence Robine would be asked for an explanation of the remarks in which Macron spoke of ""clandestine networks of Bulgarians and Ukrainians"", Ivan Dimov, an advisor to Foreign Minister Ekaterina Zaharieva, said.",Macron comments on 'clandestine' workers provokes anger in Bulgaria,"Generate a news headline. Category: news Article summary: Bulgaria on Saturday said it would summon France's ambassador to Sofia on Monday after comments about immigration by French President Emmanuel Macron sparked outrage. Ambassador Florence Robine would be asked for an explanation of the remarks in which Macron spoke of ""clandestine networks of Bulgarians and Ukrainians"", Ivan Dimov, an advisor to Foreign Minister Ekaterina Zaharieva, said.",Macron comments on 'clandestine' workers provokes anger in Bulgaria,57,9,True,6.375547e-05,0,https://assets.msn.com/labs/mind/AAJJOd1.html,Bulgaria to summon France's ambassador to Sofia after comments on immigration,False
generic-006450,generic,test,50756,N1657,news,newscrime,"They drove drunk, abused family members, even killed others with their recklessness. But California's weak laws on police misconduct do almost nothing to stop convicted cops from carrying a badge.","California's Criminal Cops: Who they are, what they did, why some are still working","Generate a news headline. Category: news Article summary: They drove drunk, abused family members, even killed others with their recklessness. But California's weak laws on police misconduct do almost nothing to stop convicted cops from carrying a badge.","California's Criminal Cops: Who they are, what they did, why some are still working",30,14,True,0.9980525,1,https://assets.msn.com/labs/mind/BBWylHy.html,California's weak laws on police misconduct do almost nothing to stop convicted cops from carrying a badge,False
generic-006451,generic,test,26080,N50261,sports,football_ncaa,"EUGENE, Ore. (AP) Freshman kicker Camden Lewis flexed his muscles with a holler as teammates raised him on their shoulders. He had just nailed a 26-yard field goal as time expired, extending No. 11 Oregon's winning streak to seven games with a 37-35 victory over Washington State on Saturday night. He deserved that flex. CJ Verdell ran for a career-high 257 yards and three touchdowns for the Ducks (7-1, 5-0 Pac-12), who haven't lost since the...",Lewis' FG gives No. 11 Oregon 37-35 win over Washington St,"Generate a news headline. Category: sports Article summary: EUGENE, Ore. (AP) Freshman kicker Camden Lewis flexed his muscles with a holler as teammates raised him on their shoulders. He had just nailed a 26-yard field goal as time expired, extending No. 11 Oregon's winning streak to seven games with a 37-35 victory over Washington State on Saturday night. He deserved that flex. CJ Verdell ran for a career-high 257 yards and three touchdowns for the Ducks (7-1, 5-0 Pac-12), who haven't lost since the...",Lewis' FG gives No. 11 Oregon 37-35 win over Washington St,76,11,True,9.9180346e-05,0,https://assets.msn.com/labs/mind/AAJpJAf.html,Camden Lewis flexes his muscles with a holler as teammates raise him on their shoulders,False
generic-006452,generic,test,43578,N13524,news,newsus,"W. George Allen, a hugely influential figure in Broward history and its black community, has died, his family confirmed Thursday. He was 83. In 1962, Allen became the first African-American to graduate from the University of Florida. He once said: ""I was admitted to Harvard and the University of California at Berkeley, but I'm a native Floridian, and I felt that somebody had to integrate the ...",Pioneering black lawyer W. George Allen dies at 83,"Generate a news headline. Category: news Article summary: W. George Allen, a hugely influential figure in Broward history and its black community, has died, his family confirmed Thursday. He was 83. In 1962, Allen became the first African-American to graduate from the University of Florida. He once said: ""I was admitted to Harvard and the University of California at Berkeley, but I'm a native Floridian, and I felt that somebody had to integrate the ...",Pioneering black lawyer W. George Allen dies at 83,67,9,True,8.1057944e-05,0,https://assets.msn.com/labs/mind/BBWqWxw.html,"W. George Allen dies, family confirms",False
generic-006453,generic,test,2113,N60814,sports,football_nfl,"Matt Schaub, who went 6-for-6 for 65 yards and a touchdown on Sunday, would see action as Atlanta's backup if Ryan were to miss any time.",Matt Ryan's ankle injury reportedly not believed to be serious,"Generate a news headline. Category: sports Article summary: Matt Schaub, who went 6-for-6 for 65 yards and a touchdown on Sunday, would see action as Atlanta's backup if Ryan were to miss any time.",Matt Ryan's ankle injury reportedly not believed to be serious,26,10,True,0.0011686455,0,https://assets.msn.com/labs/mind/AAJ4Sib.html,Matt Schaub would see action as Atlanta's backup if Ryan misses any time,False
generic-006454,generic,test,15511,N62944,news,newsworld,"It's officially an election day that includes 26 school districts, two cities, and one special district, according to the Maricopa County Recorder's Office. This is a mail-in election so all voters in the election jurisdiction should have received a ballot in the mail. If you still have yours, it's too late to mail it in if you're wanting it to be counted. But you can still drop it off at a Ballot Replacement Center. There are 30 locations...",Still have your mail-in ballot? Here's where you can take it.,"Generate a news headline. Category: news Article summary: It's officially an election day that includes 26 school districts, two cities, and one special district, according to the Maricopa County Recorder's Office. This is a mail-in election so all voters in the election jurisdiction should have received a ballot in the mail. If you still have yours, it's too late to mail it in if you're wanting it to be counted. But you can still drop it off at a Ballot Replacement Center. There are 30 locations...",Still have your mail-in ballot? Here's where you can take it.,78,11,True,0.00035488754,0,https://assets.msn.com/labs/mind/AAJT8Zs.html,"Maricopa County Election Day: 26 school districts, two cities, and one special district",False
generic-006455,generic,test,44418,N5308,news,newsus,"Los Angeles firefighters were responding to a brush fire near Warner Bros. Studios on Saturday afternoon that sent plumes of gray smoke hundreds of feet above the Hollywood Hills, authorities said. The fire started about 1:50 p.m. in the 3600 block of Barham Boulevard and had burned three acres, the LAFD said on Twitter. With minimal wind in the area, the fire was not spreading quickly, ...",Brush fire near Warner Studios sends smoke billowing over Hollywood Hills,"Generate a news headline. Category: news Article summary: Los Angeles firefighters were responding to a brush fire near Warner Bros. Studios on Saturday afternoon that sent plumes of gray smoke hundreds of feet above the Hollywood Hills, authorities said. The fire started about 1:50 p.m. in the 3600 block of Barham Boulevard and had burned three acres, the LAFD said on Twitter. With minimal wind in the area, the fire was not spreading quickly, ...",Brush fire near Warner Studios sends smoke billowing over Hollywood Hills,67,11,True,0.00010240644,0,https://assets.msn.com/labs/mind/BBWwdxj.html,Los Angeles firefighters respond to brush fire near Warner Bros. Studios,False
generic-006456,generic,test,34321,N13665,news,newsus,"For the Gay Men's Chorus of Los Angeles, a Wednesday announcement represents a hopeful new chapter after a year of drama: Ernest H. Harrison has been appointed the new music director and conductor of GMCLA, one of L.A. County's longest-running LGBTQ arts organizations. Harrison, who is a doctoral candidate in choral conducting at USC, was selected in a nationwide search, GMCLA Executive ...",Gay Men's Chorus of Los Angeles names its new music director and conductor,"Generate a news headline. Category: news Article summary: For the Gay Men's Chorus of Los Angeles, a Wednesday announcement represents a hopeful new chapter after a year of drama: Ernest H. Harrison has been appointed the new music director and conductor of GMCLA, one of L.A. County's longest-running LGBTQ arts organizations. Harrison, who is a doctoral candidate in choral conducting at USC, was selected in a nationwide search, GMCLA Executive ...",Gay Men's Chorus of Los Angeles names its new music director and conductor,63,13,True,0.00051881163,0,https://assets.msn.com/labs/mind/BBWHAkZ.html,L.A. County's longest-running LGBTQ arts organization named as new music director and conductor,False
generic-006457,generic,test,13695,N29966,video,viral,"Before Jonathan Edwards, a running back for the Kuna High School Kavemen in Kuna, Idaho, took to the field with his varsity football team, he tackled a different challenge. Edwards performed a rendition of the national anthem in American Sign Language for the large crowd there to see the Kavemen's homecoming game against the Columbia Wildcats. Christina Edwards, Jonathan's mom, recorded this footage on September 20. Christina told Storyful the high school senior attended a few ASL classes over the summer with the goal of performing. ""During the homecoming football game he performed the national anthem to complete his goal for his senior project,"" she said. ""This is one of the games that has the largest attendance and was a huge task to take on."" She told Storyful Jonathan had to shake off some nerves before performing and ""despite his nerves, and limited ASL knowledge, his performance was exceptional and inspirational to people throughout the world."" Edwards told Storyful she gave her friend Whitney Gustin Pollard permission to post the video publicly to her Facebook page on September 21, where it quickly garnered more than 3 million views. In the caption, Pollard wrote in part, ""Jonathan is interested in going to college to become an interpreter after high school!"" Credit: Christina Edwards via Storyful",High School Football Player Signs National Anthem at Homecoming Game,"Generate a news headline. Category: video Article summary: Before Jonathan Edwards, a running back for the Kuna High School Kavemen in Kuna, Idaho, took to the field with his varsity football team, he tackled a different challenge. Edwards performed a rendition of the national anthem in American Sign Language for the large crowd there to see the Kavemen's homecoming game against the Columbia Wildcats. Christina Edwards, Jonathan's mom, recorded this footage on September 20. Christina told Storyful the high school senior attended a few ASL classes over the summer with the goal of performing. ""During the homecoming football game he performed the national anthem to complete his goal for his senior project,"" she said. ""This is one of the games that has the largest attendance and was a huge task to take on."" She told Storyful Jonathan had to shake off some nerves before performing and ""despite his nerves, and limited ASL knowledge, his performance was exceptional and inspirational to people throughout the world."" Edwards told Storyful she gave her friend Whitney Gustin Pollard permission to post the video publicly to her Facebook page on September 21, where it quickly garnered more than 3 million views. In the caption, Pollard wrote in part, ""Jonathan is interested in going to college to become an interpreter after high school!"" Credit: Christina Edwards via Storyful",High School Football Player Signs National Anthem at Homecoming Game,214,10,True,0.00013703569,0,https://assets.msn.com/labs/mind/AAJXS0v.html,Jacob Edwards performs national anthem at Kavemen homecoming game,False
generic-006458,generic,test,15296,N6927,sports,football_nfl,"FOXBOROUGH -- It looks like Josh Gordon's time with the Patriots has come to an end. According to multiple reports, the Patriots released Gordon from the injured reserve. The wide receiver lasted just eight days on the IR. Now, he'll go through the waiver-wire process where each team has a chance to claim the 28-year-old. The fact the Patriots released Gordon so quickly shows the team wanted ...",Patriots Notebook: Josh Gordon's time in New England officially over,"Generate a news headline. Category: sports Article summary: FOXBOROUGH -- It looks like Josh Gordon's time with the Patriots has come to an end. According to multiple reports, the Patriots released Gordon from the injured reserve. The wide receiver lasted just eight days on the IR. Now, he'll go through the waiver-wire process where each team has a chance to claim the 28-year-old. The fact the Patriots released Gordon so quickly shows the team wanted ...",Patriots Notebook: Josh Gordon's time in New England officially over,68,10,True,0.072680265,0,https://assets.msn.com/labs/mind/AAJFtvE.html,Patriots release Josh Gordon from injured reserve,False
generic-006459,generic,test,51619,N52831,sports,baseball_mlb,Bobby Dalbec the Boston Red Sox's No. prospect is representing USA Baseball in the World Baseball Softball Confederation Premier Tournament this month and he's certainly making his presence felt. The,Watch Red Sox Prospect Bobby Dalbec Hit Monster Grand Slam For Team USA,Generate a news headline. Category: sports Article summary: Bobby Dalbec the Boston Red Sox's No. prospect is representing USA Baseball in the World Baseball Softball Confederation Premier Tournament this month and he's certainly making his presence felt. The,Watch Red Sox Prospect Bobby Dalbec Hit Monster Grand Slam For Team USA,30,13,True,0.00032852002,0,https://assets.msn.com/labs/mind/AAJKPwd.html,Boston Red Sox's Bobby Dalbec ready to represent USA Baseball in World Baseball Softball Confederation Premier Tournament,False
generic-006460,generic,test,33785,N7838,news,newspolitics,"In the wake of yet another school shooting, Rep. Sean Patrick Maloney (D-NY) joins Andrea Mitchell and shares his frustration with inaction on gun reform. He tells Andrea that he doesn't 'blame people for being upset,' and that 'when we fail to distinguish who is trying to fix it, and who is stopping it, we make it less likely that there will be solutions.'","Rep. Maloney: 'The status quo is broken, and too many people are getting hurt""","Generate a news headline. Category: news Article summary: In the wake of yet another school shooting, Rep. Sean Patrick Maloney (D-NY) joins Andrea Mitchell and shares his frustration with inaction on gun reform. He tells Andrea that he doesn't 'blame people for being upset,' and that 'when we fail to distinguish who is trying to fix it, and who is stopping it, we make it less likely that there will be solutions.'","Rep. Maloney: 'The status quo is broken, and too many people are getting hurt""",64,14,True,0.0011994108,0,https://assets.msn.com/labs/mind/BBWLjWE.html,"Sean Patrick Maloney: 'When we fail to distinguish who is trying to fix it, and who is stopping it, we make it less likely",False
generic-006461,generic,test,60068,N64915,sports,basketball_nba,"Nearing the start of their latest season, the Knicks exercised team options on three of its top players Monday afternoon. New York picked up Frank Ntilikina's option, worth $6.3 million, for the 2020-21 season, the club announced. Ntilikina was initially set to become an unrestricted free agent following the season if the Knicks didn't exercise the option by the Oct. 31 deadline. Ntilikina, entering his third season with the Knicks, averaged 5.7...",Knicks Exercise Team Option On Frank Ntilikina,"Generate a news headline. Category: sports Article summary: Nearing the start of their latest season, the Knicks exercised team options on three of its top players Monday afternoon. New York picked up Frank Ntilikina's option, worth $6.3 million, for the 2020-21 season, the club announced. Ntilikina was initially set to become an unrestricted free agent following the season if the Knicks didn't exercise the option by the Oct. 31 deadline. Ntilikina, entering his third season with the Knicks, averaged 5.7...",Knicks Exercise Team Option On Frank Ntilikina,72,7,True,8.54571e-05,0,https://assets.msn.com/labs/mind/AAJ7zvc.html,New York picks up Frank Ntilikina for 2020-21 season,False
generic-006462,generic,test,45618,N26469,news,newsus,A red clown nose was recently spotted on a controversial billboard featuring President Donald Trump flanked by mushroom clouds and dollar signs styled after swastikas in downtown Phoenix.,Clown nose placed on controversial Trump billboard in downtown Phoenix,Generate a news headline. Category: news Article summary: A red clown nose was recently spotted on a controversial billboard featuring President Donald Trump flanked by mushroom clouds and dollar signs styled after swastikas in downtown Phoenix.,Clown nose placed on controversial Trump billboard in downtown Phoenix,28,10,True,0.00017603504,0,https://assets.msn.com/labs/mind/BBWF8pW.html,Red clown nose spotted on controversial billboard featuring Trump,False
generic-006463,generic,test,10637,N57324,health,medical,A cozy relationship has grown between the nation's coroners and the industry that trades in tissues from human cadavers. It wasn't always so warm.,How organ and tissue donation companies worked their way into the county morgue,Generate a news headline. Category: health Article summary: A cozy relationship has grown between the nation's coroners and the industry that trades in tissues from human cadavers. It wasn't always so warm.,How organ and tissue donation companies worked their way into the county morgue,24,13,False,0.0078150015,0,https://assets.msn.com/labs/mind/AAIZ7p7.html,Coroners and the industry that trades in tissues from human cadavers,False
generic-006464,generic,test,34483,N12164,travel,travelarticle,"American Dream wants you to fork over eighty bucks to spend a Saturday with Sponge Bob, riding roller coasters at its indoor theme park. The cost of admission for Nickelodeon Universe is increasing as much as $30 for some tickets beginning Friday. And -- as of mid-day Thursday -- almost a quarter of the rides weren't working and food options at the park are still very limited. Visitors to the ...",Prices for Nickelodeon theme park are going up but a bunch of rides still don't work,"Generate a news headline. Category: travel Article summary: American Dream wants you to fork over eighty bucks to spend a Saturday with Sponge Bob, riding roller coasters at its indoor theme park. The cost of admission for Nickelodeon Universe is increasing as much as $30 for some tickets beginning Friday. And -- as of mid-day Thursday -- almost a quarter of the rides weren't working and food options at the park are still very limited. Visitors to the ...",Prices for Nickelodeon theme park are going up but a bunch of rides still don't work,71,16,True,0.9994247,1,https://assets.msn.com/labs/mind/BBWLmzC.html,Sponge Bob rides roller coasters at Nickelodeon Universe,False
generic-006465,generic,test,10622,N15578,video,viral,Is this the happiest dog in the world? Judge for yourself as you watch the pooch literally jump for joy while being taken for a walk. TODAY's Hoda Kotb has your Morning Boost.,Watch this dog jump for joy while going for a walk,Generate a news headline. Category: video Article summary: Is this the happiest dog in the world? Judge for yourself as you watch the pooch literally jump for joy while being taken for a walk. TODAY's Hoda Kotb has your Morning Boost.,Watch this dog jump for joy while going for a walk,33,11,False,0.999962,1,https://assets.msn.com/labs/mind/AAJakiJ.html,Hoda Kotb: Is this the happiest dog in the world?,False
generic-006466,generic,test,38525,N18145,news,newsopinion,No American president has ever been removed from office by Congress. That is almost certain to remain the case at the conclusion of impeachment proceedings against President Trump that began public hearings Wednesday in the House of Representatives.,John Yoo: Impeachment effort won't remove Trump from office Is it worth the trouble?,Generate a news headline. Category: news Article summary: No American president has ever been removed from office by Congress. That is almost certain to remain the case at the conclusion of impeachment proceedings against President Trump that began public hearings Wednesday in the House of Representatives.,John Yoo: Impeachment effort won't remove Trump from office Is it worth the trouble?,38,14,True,0.00022263042,0,https://assets.msn.com/labs/mind/BBWKa11.html,Trump's impeachment case is almost certain to remain at the conclusion of impeachment proceedings,False
generic-006467,generic,test,45448,N62344,news,newsus,"An orangutan granted legal personhood by a judge in Argentina is now hanging in Florida. Sandra, who is 33, was born in Germany and spent 25 years at the at the Buenos Aires Zoo before arriving at the Center for Great Apes in the Sunshine State on Tuesday.",Orangutan granted legal personhood moves to Florida,"Generate a news headline. Category: news Article summary: An orangutan granted legal personhood by a judge in Argentina is now hanging in Florida. Sandra, who is 33, was born in Germany and spent 25 years at the at the Buenos Aires Zoo before arriving at the Center for Great Apes in the Sunshine State on Tuesday.",Orangutan granted legal personhood moves to Florida,48,7,True,7.506287e-05,0,https://assets.msn.com/labs/mind/BBWqiJh.html,Orangutan granted legal personhood by judge in Argentina hangs in Florida,False
generic-006468,generic,test,37363,N463,news,newsus,A crash along southbound I-41 at Highway 145 at the Milwaukee-Waukesha county line caused big backups on the interstate on Thursday.,Southbound I-41 lanes reopen after semi crash causes big backups during morning commute,Generate a news headline. Category: news Article summary: A crash along southbound I-41 at Highway 145 at the Milwaukee-Waukesha county line caused big backups on the interstate on Thursday.,Southbound I-41 lanes reopen after semi crash causes big backups during morning commute,21,13,True,0.00011826852,0,https://assets.msn.com/labs/mind/BBWKUBW.html,I-41 crash causes big backups on Milwaukee-Waukesha interstate,False
generic-006469,generic,test,10972,N15612,news,newscrime,"NEW YORK (1010 WINS) - A man accused of running over his wife and attacking her with a machete afterwards is now in police custody, the NYPD announced Friday. Victor Mateo, 63, was picked up in Hazelton, Pennsylvania on Thursday, by the U.S. Marshals Regional Task Force in tandem with the Pennsylvania State Police, said officials. An extradition hearing is expected to be held on Friday. Mateo is suspected of killing his 58-year-old wife Noelia...","Man accused of running over his wife, attacking her with machete in custody","Generate a news headline. Category: news Article summary: NEW YORK (1010 WINS) - A man accused of running over his wife and attacking her with a machete afterwards is now in police custody, the NYPD announced Friday. Victor Mateo, 63, was picked up in Hazelton, Pennsylvania on Thursday, by the U.S. Marshals Regional Task Force in tandem with the Pennsylvania State Police, said officials. An extradition hearing is expected to be held on Friday. Mateo is suspected of killing his 58-year-old wife Noelia...","Man accused of running over his wife, attacking her with machete in custody",75,13,False,0.00036257156,0,https://assets.msn.com/labs/mind/AAIDRXd.html,"Man accused of running over wife and attacking her with machete, NYPD says",False
generic-006470,generic,test,64538,N45630,sports,football_nfl,"Jay Ajayi is said to be fully recovered from a torn ACL he suffered last year, and the veteran running back is set to return to his old team.",Jay Ajayi to sign with Eagles in wake of Darren Sproles injury,"Generate a news headline. Category: sports Article summary: Jay Ajayi is said to be fully recovered from a torn ACL he suffered last year, and the veteran running back is set to return to his old team.",Jay Ajayi to sign with Eagles in wake of Darren Sproles injury,29,12,True,0.0002058933,0,https://assets.msn.com/labs/mind/BBWP8VI.html,Jay Ajayi recovering from torn ACL,False
generic-006471,generic,test,41048,N38458,sports,basketball_nba,"When Monday's game against the Mavericks was tied at 86-86, one of the five Celtics on the floor wasn't even on an NBA roster last year. Now, that might not be surprising if the Celtics were floundering, but they're not. They're doing just the opposite. Now, there is an opportunity for others to contribute as a result of Gordon Hayward's injury. Even with that being the case, Javonte Green wasn't told by Brad Stevens he might see minutes in a...",Javonte Green didn't expect to play as much as he did vs. Mavericks,"Generate a news headline. Category: sports Article summary: When Monday's game against the Mavericks was tied at 86-86, one of the five Celtics on the floor wasn't even on an NBA roster last year. Now, that might not be surprising if the Celtics were floundering, but they're not. They're doing just the opposite. Now, there is an opportunity for others to contribute as a result of Gordon Hayward's injury. Even with that being the case, Javonte Green wasn't told by Brad Stevens he might see minutes in a...",Javonte Green didn't expect to play as much as he did vs. Mavericks,80,13,True,0.86899936,1,https://assets.msn.com/labs/mind/BBWEkai.html,"Celtics are doing just the opposite, but they're doing just the opposite",False
generic-006472,generic,test,22169,N59952,news,newspolitics,"In the middle of his address at the Marcellus Shale Insight conference, President Trump launched into an attack on local Congressman Conor Lamb.","President Trump Attacks Conor Lamb, Names Local Politician To Run Against Him","Generate a news headline. Category: news Article summary: In the middle of his address at the Marcellus Shale Insight conference, President Trump launched into an attack on local Congressman Conor Lamb.","President Trump Attacks Conor Lamb, Names Local Politician To Run Against Him",23,12,True,8.844475e-05,0,https://assets.msn.com/labs/mind/AAJjKnP.html,Trump attacks Conor Lamb at Marcellus Shale Insight conference,False
generic-006473,generic,test,26532,N62467,video,animals,"Inside Edition is stalking snakes with a man who was hired by the state of Florida to hunt pythons. The state's python epidemic began in 1992 when Hurricane Andrew destroyed a reptile zoo and 900 pythons escaped. The pythons have been destroying the fragile Florida Everglades ever since. Mike Kimmel told Inside Edition that he grabs them and holds them in a case in his truck. What he does, he said, is ""not cruel. ... We go about a specific way. This snake does not suffer. I love wildlife.""",Hunter Bravely Wrestles 16-Foot Burmese Python,"Generate a news headline. Category: video Article summary: Inside Edition is stalking snakes with a man who was hired by the state of Florida to hunt pythons. The state's python epidemic began in 1992 when Hurricane Andrew destroyed a reptile zoo and 900 pythons escaped. The pythons have been destroying the fragile Florida Everglades ever since. Mike Kimmel told Inside Edition that he grabs them and holds them in a case in his truck. What he does, he said, is ""not cruel. ... We go about a specific way. This snake does not suffer. I love wildlife.""",Hunter Bravely Wrestles 16-Foot Burmese Python,89,6,True,0.0017506067,0,https://assets.msn.com/labs/mind/AAJjsRM.html,Inside Edition stalks snakes with man hired to hunt pythons,False
generic-006474,generic,test,1588,N42957,travel,traveltripideas,"We've all heard of Machu Picchu, Rio de Janeiro, Buenos Aires, but Latin America offers 8 million square miles of opportunities that encompass a vast array of landscapes, cities, resorts, villages, natural wonders, and more. Check out our list of overlooked destinations that range from Mexico to Patagonia.",14 Under-the-Radar Destinations in Latin America,"Generate a news headline. Category: travel Article summary: We've all heard of Machu Picchu, Rio de Janeiro, Buenos Aires, but Latin America offers 8 million square miles of opportunities that encompass a vast array of landscapes, cities, resorts, villages, natural wonders, and more. Check out our list of overlooked destinations that range from Mexico to Patagonia.",14 Under-the-Radar Destinations in Latin America,48,6,True,0.9997532,1,https://assets.msn.com/labs/mind/AAHwZy0.html,"Machu Picchu, Rio de Janeiro, Buenos Aires",False
generic-006475,generic,test,46237,N10990,lifestyle,lifestylebuzz,"A Jacksonville woman can celebrate her birthday in style after claiming a $2-million top prize from playing the $10 Gold Rush Classic scratch-off game, according to a news release from the Florida Lottery. Valerie Domke claimed the prize in Tallahassee just three days before her 49th birthday. Domke chose to receive her winnings as a one-time, lump-sum payment of $1,405,000. Domke purchased her winning ticket from Grand Central Station at 7695...",Jacksonville woman claims $2 million lottery prize just days before her birthday,"Generate a news headline. Category: lifestyle Article summary: A Jacksonville woman can celebrate her birthday in style after claiming a $2-million top prize from playing the $10 Gold Rush Classic scratch-off game, according to a news release from the Florida Lottery. Valerie Domke claimed the prize in Tallahassee just three days before her 49th birthday. Domke chose to receive her winnings as a one-time, lump-sum payment of $1,405,000. Domke purchased her winning ticket from Grand Central Station at 7695...",Jacksonville woman claims $2 million lottery prize just days before her birthday,71,12,True,8.40692e-05,0,https://assets.msn.com/labs/mind/BBWIa7w.html,Jacksonville woman claims $2-million top prize from winning $10 Gold Rush Classic scratch-off game,False
generic-006476,generic,test,49750,N22049,sports,football_nfl,"The 49ers finally lost a game. You knew it was going to happen. In fact, you should have hoped it happened before the streak got out of hand, and the old Miami Dolphins started showing up with unopened bottles of Champagne, jabbering about undefeated seasons and one true perfect team. After all, adversity is a good thing. But the fact that the 49ers fell to arch-enemy Seattle in agonizing overtime fashion, 27-24, losing on a field goal at the...",49ers' offense struggled in every aspect as perfection comes to an end,"Generate a news headline. Category: sports Article summary: The 49ers finally lost a game. You knew it was going to happen. In fact, you should have hoped it happened before the streak got out of hand, and the old Miami Dolphins started showing up with unopened bottles of Champagne, jabbering about undefeated seasons and one true perfect team. After all, adversity is a good thing. But the fact that the 49ers fell to arch-enemy Seattle in agonizing overtime fashion, 27-24, losing on a field goal at the...",49ers' offense struggled in every aspect as perfection comes to an end,79,12,True,0.00011819613,0,https://assets.msn.com/labs/mind/BBWD4hE.html,The 49ers finally lost a game,False
generic-006477,generic,test,53066,N46093,sports,more_sports,"NEWPORT -- Those who completed the Newport Half Marathon trudged up Memorial Boulevard cloaked in silver post-race capes late Sunday morning. They didn't seem to mind the steep incline to their cars, though they had just trekked 13.1 miles. ""It was very scenic,"" Angela Schondek of Boston, Massachusetts, said of the route. She ran the half marathon with her sister, Christine Schondek, of Baton ...",Runners in Newport Marathon and Half Marathon delighted by course's beauty,"Generate a news headline. Category: sports Article summary: NEWPORT -- Those who completed the Newport Half Marathon trudged up Memorial Boulevard cloaked in silver post-race capes late Sunday morning. They didn't seem to mind the steep incline to their cars, though they had just trekked 13.1 miles. ""It was very scenic,"" Angela Schondek of Boston, Massachusetts, said of the route. She ran the half marathon with her sister, Christine Schondek, of Baton ...",Runners in Newport Marathon and Half Marathon delighted by course's beauty,65,11,True,9.480029e-05,0,https://assets.msn.com/labs/mind/AAIITKA.html,Newport Half Marathon trudged up Memorial Boulevard cloaked in silver post-race capes,False
generic-006478,generic,test,51600,N56107,health,nutrition,Protein is essential to a healthy diet. It's not always easy to make sure you consume enough. Here's what happens when you skimp on protein. The post Things That Happen When You Don't Eat Enough Protein appeared first on The Healthy.,Things That Happen When You Don't Eat Enough Protein,Generate a news headline. Category: health Article summary: Protein is essential to a healthy diet. It's not always easy to make sure you consume enough. Here's what happens when you skimp on protein. The post Things That Happen When You Don't Eat Enough Protein appeared first on The Healthy.,Things That Happen When You Don't Eat Enough Protein,41,9,True,0.9999715,1,https://assets.msn.com/labs/mind/AAHucVu.html,What Happens When You Don't Eat Enough Protein,False
generic-006479,generic,test,22633,N31616,lifestyle,lifestylebuzz,"KANSAS CITY, Mo. A Kansas City woman is warning other homeowners about a tree service company that she claims didn't finish the job she paid for. A tree in Esther Buzard's backyard fell during a heavy downpour. In August, a sales representative from United General Contracting knocked on her door and asked if she wanted them to remove it. ""He said, 'We're going to do a pristine, clean job. We ...","83-year-old warns of local tree company that took her money, left a mess in her yard","Generate a news headline. Category: lifestyle Article summary: KANSAS CITY, Mo. A Kansas City woman is warning other homeowners about a tree service company that she claims didn't finish the job she paid for. A tree in Esther Buzard's backyard fell during a heavy downpour. In August, a sales representative from United General Contracting knocked on her door and asked if she wanted them to remove it. ""He said, 'We're going to do a pristine, clean job. We ...","83-year-old warns of local tree company that took her money, left a mess in her yard",71,16,True,0.9241607,1,https://assets.msn.com/labs/mind/AAIEyBC.html,Kansas City woman warns other homeowners about tree service company,False
generic-006480,generic,test,60213,N18297,news,newscrime,Eric Labahn had an Illinois driver's license he should have lost when he refused to take a blood alcohol test after killing 23-year-old Austin Lockwood in a crash in Wisconsin.,"Loophole In Wisconsin Law Allowed Drunk Driver To Keep His Illinois License, Despite Killing Man In Crash",Generate a news headline. Category: news Article summary: Eric Labahn had an Illinois driver's license he should have lost when he refused to take a blood alcohol test after killing 23-year-old Austin Lockwood in a crash in Wisconsin.,"Loophole In Wisconsin Law Allowed Drunk Driver To Keep His Illinois License, Despite Killing Man In Crash",30,17,True,9.282016e-05,0,https://assets.msn.com/labs/mind/AAJDcqo.html,Labahn refuses to take blood alcohol test after killing 23-year-old Austin Lockwood,False
generic-006481,generic,test,51872,N58855,sports,golf,"Alex Noren showed he still has the magic touch at Le Golf National, trying and making his famous Ryder Cup putt again.",Alex Noren perfectly re-creates his famous putt from the 2018 Ryder Cup,"Generate a news headline. Category: sports Article summary: Alex Noren showed he still has the magic touch at Le Golf National, trying and making his famous Ryder Cup putt again.",Alex Noren perfectly re-creates his famous putt from the 2018 Ryder Cup,22,12,True,0.7441641,1,https://assets.msn.com/labs/mind/AAIT1uN.html,"Alex Noren shows he still has the magic touch at Le Golf National, trying and making his famous Ryder Cup putt again",False
generic-006482,generic,test,8114,N56009,health,medical,"Health officials are warning residents to stay indoors and watch out for pets, the sick and the elderly due to poor air quality.",Los Angeles Choked By Unhealthy Air Thanks To Tick Fire,"Generate a news headline. Category: health Article summary: Health officials are warning residents to stay indoors and watch out for pets, the sick and the elderly due to poor air quality.",Los Angeles Choked By Unhealthy Air Thanks To Tick Fire,23,10,True,0.00063424784,0,https://assets.msn.com/labs/mind/AAJm3Oy.html,"Health officials warn residents to stay indoors and watch out for pets, sick and elderly due to poor air quality",False
generic-006483,generic,test,34456,N17285,news,newsus,"YORK COUNTY, S.C. -- York County, SC The parent Company of Carowinds amusement park has been fined $42,000 by federal safety officials after a maintenance worker was injured in March, documents show. The worker had an injury to an extremity on March 6 while working about 200 feet in the air on the Windseeker ride, emergency officials and Carowinds officials said at the time of the ...",OSHA fines Carowinds parent company after worker injured on Windseeker ride,"Generate a news headline. Category: news Article summary: YORK COUNTY, S.C. -- York County, SC The parent Company of Carowinds amusement park has been fined $42,000 by federal safety officials after a maintenance worker was injured in March, documents show. The worker had an injury to an extremity on March 6 while working about 200 feet in the air on the Windseeker ride, emergency officials and Carowinds officials said at the time of the ...",OSHA fines Carowinds parent company after worker injured on Windseeker ride,67,11,True,0.00011278114,0,https://assets.msn.com/labs/mind/BBWEFH3.html,"Carowinds amusement park fined $42,000 after maintenance worker injured in March",False
generic-006484,generic,test,10757,N36247,foodanddrink,foodnews,"The 3-year-old's dad said he left her alone for 10 minutes, and when he returned, she had demolished 18 cups of Yoplait's Petits Filous yogurt.",Jaw-Dropping Photo of a Little Girl Who Supposedly Ate 18 Yogurts Is Going Viral,"Generate a news headline. Category: foodanddrink Article summary: The 3-year-old's dad said he left her alone for 10 minutes, and when he returned, she had demolished 18 cups of Yoplait's Petits Filous yogurt.",Jaw-Dropping Photo of a Little Girl Who Supposedly Ate 18 Yogurts Is Going Viral,25,14,True,0.9999764,1,https://assets.msn.com/labs/mind/AAJBFxO.html,Yoplait's Petits Filous yogurt demolished,False
generic-006485,generic,test,61715,N57077,sports,more_sports,"Penn State's Antonio Shelton apologized after being ejected from Saturday's game at Michigan State, where ABC cameras caught him spitting on a Spartans player. Shelton, a defensive tackle, received an unsportsmanlike-conduct penalty in the fourth quarter of what Penn State coach James Franklin called an ""emotional"" game. On Twitter, Shelton called his behavior ""extremely selfish."" ""I ...","Penn State player apologizes for ""extremely selfish behavoir"" at Michigan State","Generate a news headline. Category: sports Article summary: Penn State's Antonio Shelton apologized after being ejected from Saturday's game at Michigan State, where ABC cameras caught him spitting on a Spartans player. Shelton, a defensive tackle, received an unsportsmanlike-conduct penalty in the fourth quarter of what Penn State coach James Franklin called an ""emotional"" game. On Twitter, Shelton called his behavior ""extremely selfish."" ""I ...","Penn State player apologizes for ""extremely selfish behavoir"" at Michigan State",57,11,True,0.00013052612,0,https://assets.msn.com/labs/mind/AAJqOtX.html,Penn State's Antonio Shelton apologizes after being ejected from Michigan State game,False
generic-006486,generic,test,41540,N13373,sports,football_nfl,"Some say that Ohio is too soft when it comes to one kind of domestic violence strangulation. In fact, there's a loophole that sometimes keeps those convicted of strangling a loved one from going to jail.",I-Team: Loophole keeps those convicted of strangulation from jail,"Generate a news headline. Category: sports Article summary: Some say that Ohio is too soft when it comes to one kind of domestic violence strangulation. In fact, there's a loophole that sometimes keeps those convicted of strangling a loved one from going to jail.",I-Team: Loophole keeps those convicted of strangulation from jail,36,9,True,0.00044713213,0,https://assets.msn.com/labs/mind/BBWEnMR.html,Ohio is too soft when it comes to domestic violence strangulation,False
generic-006487,generic,test,63404,N27545,sports,football_nfl,"CLEVELAND, Ohio -- The Browns beat the Steelers, 21-7, on Thursday night but could lose defensive end Myles Garrett to a lengthy suspension for striking Steelers quarterback Mason Rudolph in the head with a helmet in the final seconds. Garrett was ejected for the play and will likely miss some significant time as a result. Baker Mayfield told Fox that he is expecting Garrett to get suspended ...",Myles Garrett suspension coming from NFL: What are the longest in league history?,"Generate a news headline. Category: sports Article summary: CLEVELAND, Ohio -- The Browns beat the Steelers, 21-7, on Thursday night but could lose defensive end Myles Garrett to a lengthy suspension for striking Steelers quarterback Mason Rudolph in the head with a helmet in the final seconds. Garrett was ejected for the play and will likely miss some significant time as a result. Baker Mayfield told Fox that he is expecting Garrett to get suspended ...",Myles Garrett suspension coming from NFL: What are the longest in league history?,68,13,True,0.00017531528,0,https://assets.msn.com/labs/mind/BBWObU3.html,Browns could lose defensive end Myles Garrett to lengthy suspension for striking Mason Rudolph,False
generic-006488,generic,test,60565,N58592,news,newsus,"One night three years ago while having a beer and watching the game in a garage, Jack Webb and Chris Hays brainstormed an idea to help the Haltom football team get more exposure. How about a live broadcast on Facebook? ""The team had just been placed in a district with Abilene and Weatherford, and head coach Jason Tucker decided to play Wichita Falls in a non-district game,"" said Webb, ...",How several dads started a Facebook broadcast and toy drive for Haltom football team,"Generate a news headline. Category: news Article summary: One night three years ago while having a beer and watching the game in a garage, Jack Webb and Chris Hays brainstormed an idea to help the Haltom football team get more exposure. How about a live broadcast on Facebook? ""The team had just been placed in a district with Abilene and Weatherford, and head coach Jason Tucker decided to play Wichita Falls in a non-district game,"" said Webb, ...",How several dads started a Facebook broadcast and toy drive for Haltom football team,70,14,True,0.9999695,1,https://assets.msn.com/labs/mind/AAJjux1.html,Haltom football team to get more exposure,False
generic-006489,generic,test,17783,N17995,finance,financenews,Lawmakers have passed a suite of bills that aim to ease financial burdens for Californians living paycheck to paycheck. While several new California laws have sparked national attention such as the law that will convert gig economy workers into full employees and another to cap large rent increases state legislators quietly approved dozens of other bills that address challenges faced by California's poor. Among this year's batch of...,These bills could make life a little easier for low-income Californians,Generate a news headline. Category: finance Article summary: Lawmakers have passed a suite of bills that aim to ease financial burdens for Californians living paycheck to paycheck. While several new California laws have sparked national attention such as the law that will convert gig economy workers into full employees and another to cap large rent increases state legislators quietly approved dozens of other bills that address challenges faced by California's poor. Among this year's batch of...,These bills could make life a little easier for low-income Californians,68,11,True,0.99961984,1,https://assets.msn.com/labs/mind/AAIE950.html,Lawmakers pass bill to ease financial burdens for Californians living paycheck to paycheck,False
generic-006490,generic,test,45658,N659,news,newsus,"KIRKLAND, Wash. -- The YMCA is calling for action against the Kirkland Police Department after the controversial arrest of a teen in September. Surveillance video shows the Sept. 5 arrest of a 14-year-old at the Kirkland Teen Union Building. Police say they arrested him after several calls about petty thefts in the area. The video shows the officer forcibly taking the teen down. The YMCA of ...",YMCA says 'unacceptable' force used by Kirkland Police during teen's arrest,"Generate a news headline. Category: news Article summary: KIRKLAND, Wash. -- The YMCA is calling for action against the Kirkland Police Department after the controversial arrest of a teen in September. Surveillance video shows the Sept. 5 arrest of a 14-year-old at the Kirkland Teen Union Building. Police say they arrested him after several calls about petty thefts in the area. The video shows the officer forcibly taking the teen down. The YMCA of ...",YMCA says 'unacceptable' force used by Kirkland Police during teen's arrest,67,11,True,0.00013240635,0,https://assets.msn.com/labs/mind/BBWIAAV.html,YMCA calls for action against Kirkland Police Department after controversial arrest of 14-year-old,False
generic-006491,generic,test,20603,N50578,lifestyle,lifestyledidyouknow,"Hidden deep in a valley in New York's Catskill Mountains, this abandoned circus-themed house is the stuff of nightmares. We can just imagine Pennywise, the terrifying clown from It, roaming its haunting halls. Intrepid urban explorer and photographer Bryan Sansivero has captured the mansion, its outbuildings and grounds in all their eerie glory. Are you brave enough to take a tour?",Discover the abandoned circus-themed house cloaked in secrets,"Generate a news headline. Category: lifestyle Article summary: Hidden deep in a valley in New York's Catskill Mountains, this abandoned circus-themed house is the stuff of nightmares. We can just imagine Pennywise, the terrifying clown from It, roaming its haunting halls. Intrepid urban explorer and photographer Bryan Sansivero has captured the mansion, its outbuildings and grounds in all their eerie glory. Are you brave enough to take a tour?",Discover the abandoned circus-themed house cloaked in secrets,61,8,False,0.017587632,0,https://assets.msn.com/labs/mind/AAIPefV.html,New York's Catskill Mountains' haunted circus-themed house is the stuff of nightmares,False
generic-006492,generic,test,29309,N4745,news,newspolitics,"The senior White House lawyer who placed a record of President Donald Trump's July 25 call with Ukraine's president in a top-secret system also instructed at least one official who heard the call not to tell anyone about it, according to testimony heard by House impeachment investigators this week.",Testimony: White House lawyer told Vindman not to discuss Ukraine call,"Generate a news headline. Category: news Article summary: The senior White House lawyer who placed a record of President Donald Trump's July 25 call with Ukraine's president in a top-secret system also instructed at least one official who heard the call not to tell anyone about it, according to testimony heard by House impeachment investigators this week.",Testimony: White House lawyer told Vindman not to discuss Ukraine call,49,11,True,8.7019536e-05,0,https://assets.msn.com/labs/mind/AAJIkrF.html,White House lawyer instructs Ukraine official not to tell anyone about Trump's call,False
generic-006493,generic,test,6705,N29246,news,newsus,"TALLAHASSEE -- In the latest chapter in a decades-long environmental fight, a judge has rejected a lawsuit alleging that the state has operated North Florida's Rodman Dam without a required federal permit. The ruling by U.S. District Judge Harvey Schlesinger is rooted in the construction of the dam and the Rodman Reservoir as part of the Cross Florida Barge Canal project, which was halted by ...",Judge tosses out Rodman Dam challenge,"Generate a news headline. Category: news Article summary: TALLAHASSEE -- In the latest chapter in a decades-long environmental fight, a judge has rejected a lawsuit alleging that the state has operated North Florida's Rodman Dam without a required federal permit. The ruling by U.S. District Judge Harvey Schlesinger is rooted in the construction of the dam and the Rodman Reservoir as part of the Cross Florida Barge Canal project, which was halted by ...",Judge tosses out Rodman Dam challenge,66,6,True,6.590152e-05,0,https://assets.msn.com/labs/mind/AAIDAJ6.html,Judge rejects lawsuit alleging state has operated Rodman Dam without federal permit,False
generic-006494,generic,test,46865,N14011,news,newsus,"KANSAS CITY, Mo. Kansas City Mayor Quinton Lucas announced on Tuesday a 90-day public comment period for suggestions on how to honor Dr. Martin Luther King Jr. after voters reversed a decision by city council to rename The Paseo in his honor. ""While many people of good heart believed renaming The Paseo Boulevard was a fitting honor, many others of good heart felt that other approaches were ...",Mayor Lucas announces public comment period after MLK Blvd. changed back to The Paseo,"Generate a news headline. Category: news Article summary: KANSAS CITY, Mo. Kansas City Mayor Quinton Lucas announced on Tuesday a 90-day public comment period for suggestions on how to honor Dr. Martin Luther King Jr. after voters reversed a decision by city council to rename The Paseo in his honor. ""While many people of good heart believed renaming The Paseo Boulevard was a fitting honor, many others of good heart felt that other approaches were ...",Mayor Lucas announces public comment period after MLK Blvd. changed back to The Paseo,68,14,True,0.00013485973,0,https://assets.msn.com/labs/mind/BBWFdE6.html,KANSAS City Mayor Quinton Lucas announces 90-day public comment period for renaming The Paseo,False
generic-006495,generic,test,22787,N42183,sports,baseball_mlb,"Aroldis Chapman wants to remain a Yankee, but he also wants a new contract. The Yankees closer has player options for the final two years and $30 million on his current deal. WFAN baseball insider Jon Heyman reported Friday that Chapman prefers to remain with the team and will pursue a contract extension. If a deal cannot be worked out quickly, Chapman would opt out of his contract and become a free agent, Heyman reported. Aroldis Chapman...",Aroldis Chapman To Opt Out Of Yankees Contract Unless He Receives Extension,"Generate a news headline. Category: sports Article summary: Aroldis Chapman wants to remain a Yankee, but he also wants a new contract. The Yankees closer has player options for the final two years and $30 million on his current deal. WFAN baseball insider Jon Heyman reported Friday that Chapman prefers to remain with the team and will pursue a contract extension. If a deal cannot be worked out quickly, Chapman would opt out of his contract and become a free agent, Heyman reported. Aroldis Chapman...",Aroldis Chapman To Opt Out Of Yankees Contract Unless He Receives Extension,77,12,True,0.00013908326,0,https://assets.msn.com/labs/mind/AAJHHJy.html,"Aroldis Chapman wants to remain a Yankee, but he also wants a new contract",False
generic-006496,generic,test,22820,N63156,news,newsus,"A homeless woman and her dog, sleeping in a car parked on a Santa Rosa street, were killed early Monday morning when an alleged impaired driver slammed into their vehicle, authorities said.","Homeless Santa Rosa Woman, Dog Sleeping In Car Killed In Horrific Crash","Generate a news headline. Category: news Article summary: A homeless woman and her dog, sleeping in a car parked on a Santa Rosa street, were killed early Monday morning when an alleged impaired driver slammed into their vehicle, authorities said.","Homeless Santa Rosa Woman, Dog Sleeping In Car Killed In Horrific Crash",32,12,True,0.00024064333,0,https://assets.msn.com/labs/mind/AAILRu2.html,homeless woman and dog killed in Santa Rosa car crash,False
generic-006497,generic,test,51460,N15006,sports,basketball_nba,Kenny Atkinson went viral for a poster he threw up during his Brooklyn Nets' 123-116 win over the Houston Rockets on Friday night.,Nets coach Kenny Atkinson explains use of Dennis Scott sign,Generate a news headline. Category: sports Article summary: Kenny Atkinson went viral for a poster he threw up during his Brooklyn Nets' 123-116 win over the Houston Rockets on Friday night.,Nets coach Kenny Atkinson explains use of Dennis Scott sign,23,10,True,9.425638e-05,0,https://assets.msn.com/labs/mind/AAJJcSV.html,Kenny Atkinson threw up during Nets' 123-116 win over Rockets,False
generic-006498,generic,test,21500,N45452,news,newscrime,"A woman was taken into custody after a 6-month-old was killed and two other young children were critically injured in an apartment fire south of downtown St. Louis Sunday afternoon. Police responded to the 1100 block of S. 14th Street around 1:30 p.m. for a fire where a baby and two young children were trapped. According to the police report, the officers tried to get in, but due to the intensity of the fire they couldn't rescue them. The St....","Woman taken into custody after 6-month-old killed, 2 other children critically injured in apartment fire","Generate a news headline. Category: news Article summary: A woman was taken into custody after a 6-month-old was killed and two other young children were critically injured in an apartment fire south of downtown St. Louis Sunday afternoon. Police responded to the 1100 block of S. 14th Street around 1:30 p.m. for a fire where a baby and two young children were trapped. According to the police report, the officers tried to get in, but due to the intensity of the fire they couldn't rescue them. The St....","Woman taken into custody after 6-month-old killed, 2 other children critically injured in apartment fire",80,15,True,0.00023649543,0,https://assets.msn.com/labs/mind/AAJ7fft.html,Woman taken into custody after 6-month-old killed and two children critically injured in St. Louis apartment fire,False
generic-006499,generic,test,60409,N52401,news,newsus,Joe Charny saw his friends shot dead while praying at a Pittsburgh synagogue last year. He's gone to temple daily since to honor them.,Survivor honors the dead of the Pittsburgh synagogue massacre,Generate a news headline. Category: news Article summary: Joe Charny saw his friends shot dead while praying at a Pittsburgh synagogue last year. He's gone to temple daily since to honor them.,Survivor honors the dead of the Pittsburgh synagogue massacre,24,9,True,0.00014213502,0,https://assets.msn.com/labs/mind/AAJpRm4.html,Joe Charny's friends shot dead in Pittsburgh synagogue,False
generic-006500,generic,test,7450,N62051,autos,autosnews,"A 30-year-old man was taken to the hospital with critical injuries after being struck by an SUV, Phoenix police said.",Pedestrian in critical condition after collision near 51st Avenue and Camelback Road,"Generate a news headline. Category: autos Article summary: A 30-year-old man was taken to the hospital with critical injuries after being struck by an SUV, Phoenix police said.",Pedestrian in critical condition after collision near 51st Avenue and Camelback Road,20,12,True,0.00011942786,0,https://assets.msn.com/labs/mind/AAJL484.html,Man taken to hospital with critical injuries after being struck by SUV,False
generic-006501,generic,test,32984,N50595,news,newscrime,"In testimony, it was revealed that Sarah Butler asked accused murderer Khalil Wheeler-Weaver if he was a serial killer hours before she died.","'You're not a serial killer, right?' victim text messaged man before she died","Generate a news headline. Category: news Article summary: In testimony, it was revealed that Sarah Butler asked accused murderer Khalil Wheeler-Weaver if he was a serial killer hours before she died.","'You're not a serial killer, right?' victim text messaged man before she died",23,13,False,0.0054879184,0,https://assets.msn.com/labs/mind/BBWt6WK.html,Sarah Butler asked accused murderer Khalil Wheeler-Weaver if he was a serial killer,False
generic-006502,generic,test,8285,N6707,sports,boxing-mma,"Canelo Alvarez absolutely hammered Sergey Kovalev with a brutal combination in the 11th round that knocked out the light heavyweight champ. It was yet another huge accomplishment in Alvarez's storied career. In what was a really close fight throughout, Kovalev was even leading on some observers' cards heading into the 11th. But Alvarez pressed forward and nearly knocked the Russian star through the ropes with a left-right combination. Check this...",VIDEO: Canelo Alvarez Knocks Out Sergey Kovalev With Brutal Combination,"Generate a news headline. Category: sports Article summary: Canelo Alvarez absolutely hammered Sergey Kovalev with a brutal combination in the 11th round that knocked out the light heavyweight champ. It was yet another huge accomplishment in Alvarez's storied career. In what was a really close fight throughout, Kovalev was even leading on some observers' cards heading into the 11th. But Alvarez pressed forward and nearly knocked the Russian star through the ropes with a left-right combination. Check this...",VIDEO: Canelo Alvarez Knocks Out Sergey Kovalev With Brutal Combination,70,10,True,0.0053985314,0,https://assets.msn.com/labs/mind/AAJL8Fq.html,Canelo Alvarez hammered Sergey Kovalev with brutal combination in 11th round,False
generic-006503,generic,test,842,N9106,sports,basketball_ncaa,Mater Dei High School point guard Devin Askew is one of the top recruits for Louisville and Kentucky basketball. And he's not ruling out reclassifying,"Kentucky, Louisville basketball recruiting: Devin Askew may reclassify",Generate a news headline. Category: sports Article summary: Mater Dei High School point guard Devin Askew is one of the top recruits for Louisville and Kentucky basketball. And he's not ruling out reclassifying,"Kentucky, Louisville basketball recruiting: Devin Askew may reclassify",25,8,True,7.943442e-05,0,https://assets.msn.com/labs/mind/AAIIJKX.html,Mater Dei High School point guard Devin Askew is one of the top recruits for Louisville and Kentucky,False
generic-006504,generic,test,49660,N16166,news,newsus,San Francisco's newly elected district attorney has promised to not prosecute public urination and other quality-of-life crimes that have plagued the highly-priced Bay Area amid a crippling homelessness crisis affecting urban communities across California.,"San Francisco's new DA pledges not to prosecute public urination, other quality-of-life-crimes",Generate a news headline. Category: news Article summary: San Francisco's newly elected district attorney has promised to not prosecute public urination and other quality-of-life crimes that have plagued the highly-priced Bay Area amid a crippling homelessness crisis affecting urban communities across California.,"San Francisco's new DA pledges not to prosecute public urination, other quality-of-life-crimes",34,12,True,9.681407e-05,0,https://assets.msn.com/labs/mind/BBWD23E.html,San Francisco's new district attorney promises to not prosecute public urination and other quality-of-life crimes,False
generic-006505,generic,test,23796,N20916,news,newsworld,"BAGHDAD (AP) U.S. troops leaving Syria and heading to neighboring Iraq do not have permission to stay in the country, Iraq's military said Tuesday as American forces continued to pull out of northern Syria after Turkey's invasion of the border region.",Iraq: American troops leaving Syria cannot stay in Iraq,"Generate a news headline. Category: news Article summary: BAGHDAD (AP) U.S. troops leaving Syria and heading to neighboring Iraq do not have permission to stay in the country, Iraq's military said Tuesday as American forces continued to pull out of northern Syria after Turkey's invasion of the border region.",Iraq: American troops leaving Syria cannot stay in Iraq,41,9,True,7.1431954e-05,0,https://assets.msn.com/labs/mind/AAJa6rK.html,U.S. troops leaving Syria and heading to neighboring Iraq do not have permission to stay,False
generic-006506,generic,test,25064,N32856,weather,weathertopstories,"San Antonio City Council voted Thursday to enact a set of goals aimed at reducing carbon emissions and the worst effects of climate change on local residents. Council members approved the plan, known as the Climate Action and Adaptation Plan, by a 10-1 vote. District 10 Councilman Clayton Perry was the lone vote against, citing the lack of cost estimates for implementing strategies laid out in the plan. The climate plan has several goals to...","San Antonio City Council passes plan to tackle climate change, but questions remain","Generate a news headline. Category: weather Article summary: San Antonio City Council voted Thursday to enact a set of goals aimed at reducing carbon emissions and the worst effects of climate change on local residents. Council members approved the plan, known as the Climate Action and Adaptation Plan, by a 10-1 vote. District 10 Councilman Clayton Perry was the lone vote against, citing the lack of cost estimates for implementing strategies laid out in the plan. The climate plan has several goals to...","San Antonio City Council passes plan to tackle climate change, but questions remain",75,13,True,7.480769e-05,0,https://assets.msn.com/labs/mind/AAIWhsK.html,San Antonio City Council votes to enact climate action plan,False
generic-006507,generic,test,60285,N48360,news,newspolitics,"Proposition CC was failing by a margin 12.5% as of 8:30 p.m. Tuesday, according to the Colorado Secretary of State Office.",Colorado voters reject Proposition CC effort to end state TABOR refunds,"Generate a news headline. Category: news Article summary: Proposition CC was failing by a margin 12.5% as of 8:30 p.m. Tuesday, according to the Colorado Secretary of State Office.",Colorado voters reject Proposition CC effort to end state TABOR refunds,21,11,True,6.593799e-05,0,https://assets.msn.com/labs/mind/AAJUFWV.html,Proposition CC failing by 12.5% margin,False
generic-006508,generic,test,30507,N28032,news,newsworld,"MANA POOLS, Zimbabwe (AP) Weak from hunger and thirst, the elephant struggled to reach a pool of water in this African wildlife reserve. But the majestic mammal got stuck in the mud surrounding the sun-baked watering hole, which had dramatically shrunk due to a severe drought. Eventually park staff freed the trapped elephant, but it collapsed and died.","Zimbabwe's severe drought killing elephants, other wildlife","Generate a news headline. Category: news Article summary: MANA POOLS, Zimbabwe (AP) Weak from hunger and thirst, the elephant struggled to reach a pool of water in this African wildlife reserve. But the majestic mammal got stuck in the mud surrounding the sun-baked watering hole, which had dramatically shrunk due to a severe drought. Eventually park staff freed the trapped elephant, but it collapsed and died.","Zimbabwe's severe drought killing elephants, other wildlife",58,7,False,8.4997424e-05,0,https://assets.msn.com/labs/mind/AAJVNHO.html,Elephant trapped in mud in Africa reserve,False
generic-006509,generic,test,54414,N57160,sports,football_nfl,"Following an extended break due to their game last Thursday, the Patriots will return to action Monday night against the Jets on the road. The Patriots are a perfect 6-0, while the Jets enter at 1-4, but it's a deceiving 1-4. They are coming off a win over the Cowboys and they have quarterback Sam Darnold back. The second-year QB did not play in Week 3 when the Patriots beat the Jets, 30-14. With the exception of last year, the Patriots' games...","Patriots vs. Jets: 3 keys to the game, fun facts, prediction","Generate a news headline. Category: sports Article summary: Following an extended break due to their game last Thursday, the Patriots will return to action Monday night against the Jets on the road. The Patriots are a perfect 6-0, while the Jets enter at 1-4, but it's a deceiving 1-4. They are coming off a win over the Cowboys and they have quarterback Sam Darnold back. The second-year QB did not play in Week 3 when the Patriots beat the Jets, 30-14. With the exception of last year, the Patriots' games...","Patriots vs. Jets: 3 keys to the game, fun facts, prediction",82,11,True,0.0070387586,0,https://assets.msn.com/labs/mind/AAJ6JsJ.html,Patriots return to action Monday night against Jets,False
generic-006510,generic,test,20569,N36479,news,newsus,"The soon-to-be Wolves will don royal blue as the school's main color. The color palette will also include black, silver and white.","Waukee announces Northwest High School mascot, colors","Generate a news headline. Category: news Article summary: The soon-to-be Wolves will don royal blue as the school's main color. The color palette will also include black, silver and white.","Waukee announces Northwest High School mascot, colors",22,7,True,7.8161174e-05,0,https://assets.msn.com/labs/mind/AAJuVIF.html,Wolves to wear royal blue as school's main color,False
generic-006511,generic,test,42640,N5706,lifestyle,lifestylebuzz,A Minnesota-based company is selling t-shirts in honor of a 13-year-old from Eagan who unexpectedly passed away earlier this month.,"T-Shirts Being Sold To Honor Patric Vitek, Raise Money For His Family",Generate a news headline. Category: lifestyle Article summary: A Minnesota-based company is selling t-shirts in honor of a 13-year-old from Eagan who unexpectedly passed away earlier this month.,"T-Shirts Being Sold To Honor Patric Vitek, Raise Money For His Family",20,12,True,0.00044430557,0,https://assets.msn.com/labs/mind/BBWEtdI.html,Minnesota-based company selling t-shirts in honor of 13-year-old from Eagan,False
generic-006512,generic,test,41168,N13919,news,newscrime,"Scott Warren, 37, faces two counts of harboring when his trial starts Tuesday, five months after a jury deadlocked on charges against him in a June.",Second trial to begin for Arizona activist Scott Warren who helped migrants,"Generate a news headline. Category: news Article summary: Scott Warren, 37, faces two counts of harboring when his trial starts Tuesday, five months after a jury deadlocked on charges against him in a June.",Second trial to begin for Arizona activist Scott Warren who helped migrants,26,12,True,7.3598436e-05,0,https://assets.msn.com/labs/mind/BBWElPX.html,Scott Warren faces two counts of harboring when trial starts Tuesday,False
generic-006513,generic,test,20016,N47173,foodanddrink,tipsandtricks,"Want to know exactly how to make the best, homemade mac and cheese recipe? An executive chef gave us his recipe so you won't need the boxed stuff again.",A Chef Shares the Secret Ingredient Your Mac and Cheese Is Missing,"Generate a news headline. Category: foodanddrink Article summary: Want to know exactly how to make the best, homemade mac and cheese recipe? An executive chef gave us his recipe so you won't need the boxed stuff again.",A Chef Shares the Secret Ingredient Your Mac and Cheese Is Missing,29,12,True,0.9999242,1,https://assets.msn.com/labs/mind/AAJjAFu.html,How to Make the Best Mac and Cheese Recipe,False
generic-006514,generic,test,35927,N64012,news,newsbusiness,"Most students don't usually take field trips to the grocery stores, but this field trip for some kids in Chesapeake taught an important lesson. Kindergartners from Primrose at Cahoon Commons didn't go to a museum or historical park. They went to Kroger and it was all a part of a lesson about community outreach. They swung by the store to buy non-perishable items for the Foodbank of Southeastern & Eastern Shore. It's part of the school's annual...",Chesapeake kindergartners take field trip to grocery store to buy food for those in need,"Generate a news headline. Category: news Article summary: Most students don't usually take field trips to the grocery stores, but this field trip for some kids in Chesapeake taught an important lesson. Kindergartners from Primrose at Cahoon Commons didn't go to a museum or historical park. They went to Kroger and it was all a part of a lesson about community outreach. They swung by the store to buy non-perishable items for the Foodbank of Southeastern & Eastern Shore. It's part of the school's annual...",Chesapeake kindergartners take field trip to grocery store to buy food for those in need,77,15,False,0.002500331,0,https://assets.msn.com/labs/mind/BBWKMCp.html,Chesapeake school's annual field trip taught a lesson in community outreach,False
generic-006515,generic,test,48895,N14547,news,newspolitics,"Analysis: The first two witnesses Wednesday called testified to Trump's scheme, but lacked the pizzaz necessary to capture public attention.","Plenty of substance, little drama at first open impeachment hearing","Generate a news headline. Category: news Article summary: Analysis: The first two witnesses Wednesday called testified to Trump's scheme, but lacked the pizzaz necessary to capture public attention.","Plenty of substance, little drama at first open impeachment hearing",20,10,False,8.380355e-05,0,https://assets.msn.com/labs/mind/BBWIsU6.html,"First two witnesses call testified to Trump's scheme, but lacked the pizzazz necessary to capture public attention",False
generic-006516,generic,test,15104,N48814,news,newsopinion,"When the proud sons and daughters of Italy step off for the 75th annual Columbus Day Parade up Fifth Ave., they do so not just to honor the navigation skills of that first Italo-American, the Admiral of the Ocean Sea, but all Italian-Americans, whose innumerable contributions to this country have made America, America (and that includes the name America). While the march doesn't go by the spot where Broadway, Eighth Ave. and 59th St. meet and...",Hail Columbus the Italian: His statue stands tall for a great people,"Generate a news headline. Category: news Article summary: When the proud sons and daughters of Italy step off for the 75th annual Columbus Day Parade up Fifth Ave., they do so not just to honor the navigation skills of that first Italo-American, the Admiral of the Ocean Sea, but all Italian-Americans, whose innumerable contributions to this country have made America, America (and that includes the name America). While the march doesn't go by the spot where Broadway, Eighth Ave. and 59th St. meet and...",Hail Columbus the Italian: His statue stands tall for a great people,76,12,True,0.999526,1,https://assets.msn.com/labs/mind/AAIKCJu.html,Italy's 75th annual Columbus Day Parade up Fifth Ave.,False
generic-006517,generic,test,57970,N16319,finance,finance-real-estate,"When a house is vacant for a long time, there is a very good probability it will eventually become the neighborhood eyesore. The residents of Isle of Palms South are now learning the truth of that reality and they are fed up with the house next door. ""For at least the last 10 years it has been vacant,"" Jackie Wells said. At an ""I'm telling Ken"" session at Jacksonville Beach Brunch Haus, Wells, who lives next door to the abandoned house,...","I'm Telling Ken: Isle of Palm South residents want to get rid of abandoned house, eyesore","Generate a news headline. Category: finance Article summary: When a house is vacant for a long time, there is a very good probability it will eventually become the neighborhood eyesore. The residents of Isle of Palms South are now learning the truth of that reality and they are fed up with the house next door. ""For at least the last 10 years it has been vacant,"" Jackie Wells said. At an ""I'm telling Ken"" session at Jacksonville Beach Brunch Haus, Wells, who lives next door to the abandoned house,...","I'm Telling Ken: Isle of Palm South residents want to get rid of abandoned house, eyesore",81,16,True,0.9998012,1,https://assets.msn.com/labs/mind/AAJyukD.html,'I'm telling Ken' session at Jacksonville Beach Brunch Haus,False
generic-006518,generic,test,32736,N59077,sports,football_ncaa,Dan Orlovsky made the mistake of mentioning Ohio State in an assessment of Cincinnati sports teams with no mention of UC or Xavier.,"UC Bearcats football Twitter to Stephen A. Smith, 'First Take': 'Hi guys. Still here.'",Generate a news headline. Category: sports Article summary: Dan Orlovsky made the mistake of mentioning Ohio State in an assessment of Cincinnati sports teams with no mention of UC or Xavier.,"UC Bearcats football Twitter to Stephen A. Smith, 'First Take': 'Hi guys. Still here.'",23,14,True,0.00017478566,0,https://assets.msn.com/labs/mind/BBWE5L7.html,Dan Orlovsky: Ohio State's Xavier is not a UC or Xavier team,False
generic-006519,generic,test,41695,N57535,news,newspolitics,"Asked if the president was authorized to order that type of hold, Laura Cooper said there were concerns that he wasn't.",Pentagon official testifies Trump directed freeze on aid to Ukraine,"Generate a news headline. Category: news Article summary: Asked if the president was authorized to order that type of hold, Laura Cooper said there were concerns that he wasn't.",Pentagon official testifies Trump directed freeze on aid to Ukraine,21,10,True,7.419693e-05,0,https://assets.msn.com/labs/mind/BBWBL08.html,Laura Cooper says he's not sure if he's allowed to hold a presidential hold,False
generic-006520,generic,test,24817,N54445,sports,football_nfl,"After a big win over the Patriots this past Sunday, GM Eric DeCosta is already back to the drawing board. On Tuesday afternoon, the Ravens announced that they have released CB Maurice Canady and correspondingly signed WR De'Anthony Thomas to the active roster. In addition, they added DE Michael Onuoha to the practice squad. We have signed WR De'Anthony Thomas to the 53-man roster and waived CB Maurice Canady. We have also signed DE Michael...","Ravens waive CB Maurice Canady, sign WR De'Anthony Thomas to the 53-man roster","Generate a news headline. Category: sports Article summary: After a big win over the Patriots this past Sunday, GM Eric DeCosta is already back to the drawing board. On Tuesday afternoon, the Ravens announced that they have released CB Maurice Canady and correspondingly signed WR De'Anthony Thomas to the active roster. In addition, they added DE Michael Onuoha to the practice squad. We have signed WR De'Anthony Thomas to the 53-man roster and waived CB Maurice Canady. We have also signed DE Michael...","Ravens waive CB Maurice Canady, sign WR De'Anthony Thomas to the 53-man roster",75,13,True,0.00010733278,0,https://assets.msn.com/labs/mind/AAJU0Xk.html,"Ravens sign WR Maurice Canady, WR De'Anthony Thomas, DE Michael Onuoha",False
generic-006521,generic,test,29345,N39060,sports,icehockey_nhl,A social media post about an allegedly racially-charged incident at a Buffalo Wild Wings in Naperville has gone viral on Facebook.,'We're Supposed To Be Past This:' Post About Allegedly Racially Charged Incident At Buffalo Wild Wings Goes Viral,Generate a news headline. Category: sports Article summary: A social media post about an allegedly racially-charged incident at a Buffalo Wild Wings in Naperville has gone viral on Facebook.,'We're Supposed To Be Past This:' Post About Allegedly Racially Charged Incident At Buffalo Wild Wings Goes Viral,21,18,True,0.9998698,1,https://assets.msn.com/labs/mind/AAJIl23.html,Buffalo Wild Wings racially-charged incident at Buffalo Wild Wings in Naperville,False
generic-006522,generic,test,25603,N43651,lifestyle,lifestylefamily,"HANOVER -- The Hanover Public Schools community is mourning the sudden death of one of its elementary school teachers, the district announced in a statement Thursday. Courtney Neville, a speech and language pathologist, died ""after a sudden and brief illness,"" Superintendent Matthew Ferron wrote. She was in her fourth year working at both of the town's elementary schools. ""Courtney dedicated ...","Hanover teacher died unexpectedly, superintendent says","Generate a news headline. Category: lifestyle Article summary: HANOVER -- The Hanover Public Schools community is mourning the sudden death of one of its elementary school teachers, the district announced in a statement Thursday. Courtney Neville, a speech and language pathologist, died ""after a sudden and brief illness,"" Superintendent Matthew Ferron wrote. She was in her fourth year working at both of the town's elementary schools. ""Courtney dedicated ...","Hanover teacher died unexpectedly, superintendent says",61,6,False,8.292266e-05,0,https://assets.msn.com/labs/mind/AAJjmwO.html,Hanover Public Schools mourns sudden death of elementary school teacher,False
generic-006523,generic,test,43150,N31958,sports,football_nfl,The end may be near for the 3-year-old saga of Colin Kaepernick as the quarterback is scheduled to work out for teams on Saturday.,Opinion: Colin Kaepernick is about to get what he deserves: a chance,Generate a news headline. Category: sports Article summary: The end may be near for the 3-year-old saga of Colin Kaepernick as the quarterback is scheduled to work out for teams on Saturday.,Opinion: Colin Kaepernick is about to get what he deserves: a chance,24,12,True,0.99823254,1,https://assets.msn.com/labs/mind/BBWLGPA.html,Colin Kaepernick to work out for teams on Saturday,False
generic-006524,generic,test,39607,N16045,sports,mma,"Zabit vs. Kattar full fight video preview for UFC Fight Night 163 main event today (Sat., Nov. 9, 2019) on ESPN+ inside CSKA Arena in Moscow, Russia.",Preview! 'He Signed The Wrong Contract',"Generate a news headline. Category: sports Article summary: Zabit vs. Kattar full fight video preview for UFC Fight Night 163 main event today (Sat., Nov. 9, 2019) on ESPN+ inside CSKA Arena in Moscow, Russia.",Preview! 'He Signed The Wrong Contract',27,6,True,0.01716953,0,https://assets.msn.com/labs/mind/BBWvRfM.html,Zabit vs. Kattar full fight video preview for UFC Fight Night 163,False
generic-006525,generic,test,57680,N13453,lifestyle,lifestylebuzz,"The Catty Shack Ranch in North Jacksonville will host its annual children's Halloween party and costume contest Sunday, according to a spokesperson. The Halloween party starts at 1 p.m. and ends at 4 p.m. During the party, volunteers will be available to answer questions as visitors take a tour and see the Catty Shack's 38 lions, tigers and big cats. The costume contest will start at 2 p.m., giving children a chance to go home with some ""Cool...","Catty Shack Ranch to host kids Halloween party, costume contest Sunday","Generate a news headline. Category: lifestyle Article summary: The Catty Shack Ranch in North Jacksonville will host its annual children's Halloween party and costume contest Sunday, according to a spokesperson. The Halloween party starts at 1 p.m. and ends at 4 p.m. During the party, volunteers will be available to answer questions as visitors take a tour and see the Catty Shack's 38 lions, tigers and big cats. The costume contest will start at 2 p.m., giving children a chance to go home with some ""Cool...","Catty Shack Ranch to host kids Halloween party, costume contest Sunday",78,11,True,0.0002901083,0,https://assets.msn.com/labs/mind/AAJ3vVG.html,Catty Shack Ranch to host Halloween party and costume contest Sunday,False
generic-006526,generic,test,54200,N10909,sports,football_nfl,"The Lions defense enters Sunday's game against the Vikings with an NFL-leading eight forced fumbles -- by eight different defenders. That has caught the attention of Vikings coach Mike Zimmer. ""Yeah, especially since we put the ball on the ground the last two weeks,"" Zimmer said. ""We have to make sure we take care of the football and hold on to it. They're going to try and strip the football."" ...",Vikings coach Mike Zimmer stressing ball security against Lions,"Generate a news headline. Category: sports Article summary: The Lions defense enters Sunday's game against the Vikings with an NFL-leading eight forced fumbles -- by eight different defenders. That has caught the attention of Vikings coach Mike Zimmer. ""Yeah, especially since we put the ball on the ground the last two weeks,"" Zimmer said. ""We have to make sure we take care of the football and hold on to it. They're going to try and strip the football."" ...",Vikings coach Mike Zimmer stressing ball security against Lions,71,9,True,9.558211e-05,0,https://assets.msn.com/labs/mind/AAIU9xT.html,Lions defense enters game with eight forced fumbles,False
generic-006527,generic,test,1788,N45999,news,newspolitics,President Donald Trump's visit to Chicago is stirring up a tempest even before he arrives in the city that he's repeatedly derided as the poster child of urban violence and dysfunctional Democratic politics.,Trump's visit to Chicago creates stir before he even arrives,Generate a news headline. Category: news Article summary: President Donald Trump's visit to Chicago is stirring up a tempest even before he arrives in the city that he's repeatedly derided as the poster child of urban violence and dysfunctional Democratic politics.,Trump's visit to Chicago creates stir before he even arrives,33,10,True,0.00076411176,0,https://assets.msn.com/labs/mind/AAJs78f.html,Trump's visit to Chicago stirs up a tempest even before he arrives in Chicago,False
generic-006528,generic,test,51229,N31089,news,newsus,Emma and Chris Cox's picture-perfect wedding day was tarnished when a thief swiped a gift bag filled with thousands in cash. The brazen heist was caught on surveillance cameras.,Thief steals thousands from couple during wedding reception,Generate a news headline. Category: news Article summary: Emma and Chris Cox's picture-perfect wedding day was tarnished when a thief swiped a gift bag filled with thousands in cash. The brazen heist was caught on surveillance cameras.,Thief steals thousands from couple during wedding reception,29,8,False,0.00020870015,0,https://assets.msn.com/labs/mind/BBWyzjn.html,Emma and Chris Cox's picture-perfect wedding day was tarnished when thief swiped gift bag filled with thousands of cash,False
generic-006529,generic,test,40217,N36876,sports,football_nfl,"CANTON On Friday night, TG Dillworth's first initials stood for Too Good. On a team stocked with big-name -- and big-bodied -- receivers, it was the 5-foot-10, 185-pound Dillworth who led the Bulldogs with three catches for a game-high 96 yards and a touchdown in a 29-25 win over Solon in the first round of the Division I playoffs. He did most of his damage on two deep slants. The first came ...","TG Dillworth, Xavier Black emerge as receiving threats at McKinley","Generate a news headline. Category: sports Article summary: CANTON On Friday night, TG Dillworth's first initials stood for Too Good. On a team stocked with big-name -- and big-bodied -- receivers, it was the 5-foot-10, 185-pound Dillworth who led the Bulldogs with three catches for a game-high 96 yards and a touchdown in a 29-25 win over Solon in the first round of the Division I playoffs. He did most of his damage on two deep slants. The first came ...","TG Dillworth, Xavier Black emerge as receiving threats at McKinley",73,10,True,0.00018789915,0,https://assets.msn.com/labs/mind/BBWKxrM.html,TG Dillworth's first initials stand for Too Good,False
generic-006530,generic,test,13355,N2706,health,medical,"Westminster, SC (FOX Carolina) A Westminster family said they're trying to come to terms with their loved ones death after she died of an apparent fentanyl overdose. Destiny Compton's family said she was found unresponsive on Monday. The Oconee County Coroner's Office said her death is consistent with an overdose, and a drug screen suggests fentanyl may have contributed, though toxicology tests are still pending. ""She had such a great heart...",Upstate family says woman died after taking pill unknowingly laced with fentanyl,"Generate a news headline. Category: health Article summary: Westminster, SC (FOX Carolina) A Westminster family said they're trying to come to terms with their loved ones death after she died of an apparent fentanyl overdose. Destiny Compton's family said she was found unresponsive on Monday. The Oconee County Coroner's Office said her death is consistent with an overdose, and a drug screen suggests fentanyl may have contributed, though toxicology tests are still pending. ""She had such a great heart...",Upstate family says woman died after taking pill unknowingly laced with fentanyl,71,12,False,0.0005717408,0,https://assets.msn.com/labs/mind/AAJmUir.html,Destiny Compton's family says she died of fentanyl overdose,False
generic-006531,generic,test,14443,N25354,news,newsus,The superintendents of Bexar County's two largest school districts joined nationwide criticism of a U.S. Department of Agriculture proposal to tighten eligibility for food stamps because it also would shrink the number of students who can get free school meals. Both sent letters to Agriculture Secretary Sonny Perdue even before the department released a report last week that the rule change would require almost a million school children to...,Northside and North East ISD leaders say tighter food stamp requirements would hurt school lunch programs,Generate a news headline. Category: news Article summary: The superintendents of Bexar County's two largest school districts joined nationwide criticism of a U.S. Department of Agriculture proposal to tighten eligibility for food stamps because it also would shrink the number of students who can get free school meals. Both sent letters to Agriculture Secretary Sonny Perdue even before the department released a report last week that the rule change would require almost a million school children to...,Northside and North East ISD leaders say tighter food stamp requirements would hurt school lunch programs,69,16,True,0.00018888948,0,https://assets.msn.com/labs/mind/AAJ7AZr.html,Bexar County superintendents condemn USDA proposal to tighten eligibility for food stamps,False
generic-006532,generic,test,28048,N37995,lifestyle,lifestylebuzz,"When a set of guidelines for incorporating ethnic studies in K-12 math classes went public last week, several online blogs criticized Seattle Public Schools for bringing race into subjects like addition and subtraction. ""Math, in case you didn't already know, is racist,"" said an article from conservative website The Daily Wire. The framework lays out a structure of learning themes like ""Origins, Identity, and Agency"" and ""Power and Oppression,""...",Identity and algebra: Seattle schools incorporate ethnic studies into math class,"Generate a news headline. Category: lifestyle Article summary: When a set of guidelines for incorporating ethnic studies in K-12 math classes went public last week, several online blogs criticized Seattle Public Schools for bringing race into subjects like addition and subtraction. ""Math, in case you didn't already know, is racist,"" said an article from conservative website The Daily Wire. The framework lays out a structure of learning themes like ""Origins, Identity, and Agency"" and ""Power and Oppression,""...",Identity and algebra: Seattle schools incorporate ethnic studies into math class,69,11,True,0.00018467907,0,https://assets.msn.com/labs/mind/AAIGYKD.html,"'Math, in case you didn't already know, is racist': 'Math, in case you didn't",False
generic-006533,generic,test,35996,N11826,weather,weathertopstories,Temperatures Wednesday will likely make it the coldest Nov. 13 any of us have ever experienced and are expected to break records in Boston.,Record-setting cold air is coming our way this week,Generate a news headline. Category: weather Article summary: Temperatures Wednesday will likely make it the coldest Nov. 13 any of us have ever experienced and are expected to break records in Boston.,Record-setting cold air is coming our way this week,24,9,False,0.75159806,1,https://assets.msn.com/labs/mind/BBWApNX.html,Temperatures likely to make it the coldest Nov. 13 any of us have ever experienced,False
generic-006534,generic,test,32244,N26688,news,newsus,"Curious just how far your dollar goes in Washington real estate? From budget apartments to luxury apartments, here's what you can get locally by price point, with photos and amenities.","Apartments for rent in Washington: What will $1,400 get you?","Generate a news headline. Category: news Article summary: Curious just how far your dollar goes in Washington real estate? From budget apartments to luxury apartments, here's what you can get locally by price point, with photos and amenities.","Apartments for rent in Washington: What will $1,400 get you?",30,10,True,0.00010585529,0,https://assets.msn.com/labs/mind/BBWLcIW.html,"How far you can get in Washington real estate? Here's what you can get locally by price point, with photos and amenities",False
generic-006535,generic,test,34017,N59530,sports,baseball_mlb,The Reds are wasting no time making a big splash in the free agent market. Their first move? Luring Didi Gregorius back.,Reds showing interest in Didi Gregorius,Generate a news headline. Category: sports Article summary: The Reds are wasting no time making a big splash in the free agent market. Their first move? Luring Didi Gregorius back.,Reds showing interest in Didi Gregorius,22,6,True,0.00012802564,0,https://assets.msn.com/labs/mind/BBWu6Fs.html,Reds wasting no time making a big splash in free agent market,False
generic-006536,generic,test,4089,N10737,sports,basketball_nba,"The Lakers weren't able to escape their preseason finale against the Warriors unscathed, with Alex Caruso suffering an injury early on in the game.",Alex Caruso suffers bone contusion in pelvis as Lakers drop preseason finale to Warriors,"Generate a news headline. Category: sports Article summary: The Lakers weren't able to escape their preseason finale against the Warriors unscathed, with Alex Caruso suffering an injury early on in the game.",Alex Caruso suffers bone contusion in pelvis as Lakers drop preseason finale to Warriors,24,14,True,0.00014431641,0,https://assets.msn.com/labs/mind/AAJ0ium.html,Lakers' Alex Caruso suffers injury early on in preseason finale,False
generic-006537,generic,test,20765,N12508,lifestyle,lifestylefamily,"My Bag My Story, a Brentwood nonprofit, founded by a former foster parent, launched with a mission of restoring self-worth for children in foster care.",Small token of comfort by new Brentwood nonprofit makes big impact on children in foster care,"Generate a news headline. Category: lifestyle Article summary: My Bag My Story, a Brentwood nonprofit, founded by a former foster parent, launched with a mission of restoring self-worth for children in foster care.",Small token of comfort by new Brentwood nonprofit makes big impact on children in foster care,25,16,True,9.5125564e-05,0,https://assets.msn.com/labs/mind/AAJCJXM.html,"My Bag My Story, a nonprofit founded by former foster parent, seeks to restore self-worth for children in foster care",False
generic-006538,generic,test,58038,N55634,news,newsus,"BIRMINGHAM. Ga. (CBS46) -- Two people have been charged in the heartbreaking death of a three-year-old that was kidnapped from a birthday party in Birmingham, Alabama. Little Kamille ""Cupcake"" McKinney was at a birthday party at the Tom Brown Housing complex on October 12 when she was taken. Witnesses told police that an unknown man and woman picked up Kamille in a dark-colored SUV. Days later, Birmingham Police released surveillance footage...","Police charge couple with murder of two-year-old Kamille ""Cupcake""","Generate a news headline. Category: news Article summary: BIRMINGHAM. Ga. (CBS46) -- Two people have been charged in the heartbreaking death of a three-year-old that was kidnapped from a birthday party in Birmingham, Alabama. Little Kamille ""Cupcake"" McKinney was at a birthday party at the Tom Brown Housing complex on October 12 when she was taken. Witnesses told police that an unknown man and woman picked up Kamille in a dark-colored SUV. Days later, Birmingham Police released surveillance footage...","Police charge couple with murder of two-year-old Kamille ""Cupcake""",71,9,True,0.00031582662,0,https://assets.msn.com/labs/mind/AAJjAz7.html,Two charged in heartbreaking death of 3-year-old kidnapped from birthday party in Alabama,False
generic-006539,generic,test,47004,N38766,video,news,"Cambodia freed opposition leader Kem Sokha from house arrest on Sunday, amid EU deliberations over whether to punish a crackdown against the country's opposition by removing preferential trade terms. David Doyle reports.",'I still need justice': Cambodia frees opposition leader,"Generate a news headline. Category: video Article summary: Cambodia freed opposition leader Kem Sokha from house arrest on Sunday, amid EU deliberations over whether to punish a crackdown against the country's opposition by removing preferential trade terms. David Doyle reports.",'I still need justice': Cambodia frees opposition leader,32,8,False,6.675115e-05,0,https://assets.msn.com/labs/mind/BBWxXgW.html,Cambodia frees opposition leader Kem Sokha from house arrest,False
generic-006540,generic,test,21851,N9556,health,wellness,"New Orleans Saints linebacker Demario Davis made a surprise visit to one Jefferson Parish school Monday. He stopped by St. Louis King of France School in Metairie on Monday and gave them ""Child of God"" headbands. The NFL fined Davis $7,000 for wearing his ""Man of God"" headband during the Saints' game against the Seattle Seahawks. The league said it violated uniform policy. Davis won his appeal and didn't have to pay the fine. Saints fans jumped...",Saints' Demario Davis surprises students with 'Child of God' headbands,"Generate a news headline. Category: health Article summary: New Orleans Saints linebacker Demario Davis made a surprise visit to one Jefferson Parish school Monday. He stopped by St. Louis King of France School in Metairie on Monday and gave them ""Child of God"" headbands. The NFL fined Davis $7,000 for wearing his ""Man of God"" headband during the Saints' game against the Seattle Seahawks. The league said it violated uniform policy. Davis won his appeal and didn't have to pay the fine. Saints fans jumped...",Saints' Demario Davis surprises students with 'Child of God' headbands,77,10,True,0.00028106102,0,https://assets.msn.com/labs/mind/AAJuZwV.html,New Orleans Saints linebacker Demario Davis visits Jefferson Parish school,False
generic-006541,generic,test,30272,N59734,weather,weathertopstories,"The streak of quiet fall weather continues in the Kansas City area Wednesday, although it will be a bit cooler, according to the FOX4 meteorologist Karli Ritter. ""Later on today it's going to be brighter, but it's also going to be colder than it has been the last couple of days,"" said Ritter, who provides weather updates to The Star. ""Our afternoon highs are going end up topping out ...",Weekend showers looming as quiet fall weather continues in Kansas City through Friday,"Generate a news headline. Category: weather Article summary: The streak of quiet fall weather continues in the Kansas City area Wednesday, although it will be a bit cooler, according to the FOX4 meteorologist Karli Ritter. ""Later on today it's going to be brighter, but it's also going to be colder than it has been the last couple of days,"" said Ritter, who provides weather updates to The Star. ""Our afternoon highs are going end up topping out ...",Weekend showers looming as quiet fall weather continues in Kansas City through Friday,70,13,True,0.00030704707,0,https://assets.msn.com/labs/mind/AAISEUK.html,"'Later on today it's going to be brighter, but it's also going to be colder than it has been the last",False
generic-006542,generic,test,49765,N28495,news,newsus,"We are here to tell the justices that this is more than just a work permit, said a mother, 29, with DACA status. ""This is about keeping families together.""","'DACA is everything': Dreamers, families rally as Supreme Court takes up its future","Generate a news headline. Category: news Article summary: We are here to tell the justices that this is more than just a work permit, said a mother, 29, with DACA status. ""This is about keeping families together.""","'DACA is everything': Dreamers, families rally as Supreme Court takes up its future",29,13,True,0.00016207546,0,https://assets.msn.com/labs/mind/BBWDC0y.html,Mother of 29 with DACA status tells justices that this is more than just a work permit,False
generic-006543,generic,test,52114,N29540,news,newsus,"New Jersey state Attorney General Gurbir Grewal defended the Division of Alcohol Beverage Control's recent attempt to revoke the liquor license of President Donald Trump's Colts Neck golf club. ""I trust their judgement,"" Grewal said Friday while speaking at an unrelated press conference in Newark. Trump's facility allegedly served an intoxicated customer in 2015. That man later drove drunk and ...",N.J. attorney general defends attempt to revoke Trump golf club liquor license,"Generate a news headline. Category: news Article summary: New Jersey state Attorney General Gurbir Grewal defended the Division of Alcohol Beverage Control's recent attempt to revoke the liquor license of President Donald Trump's Colts Neck golf club. ""I trust their judgement,"" Grewal said Friday while speaking at an unrelated press conference in Newark. Trump's facility allegedly served an intoxicated customer in 2015. That man later drove drunk and ...",N.J. attorney general defends attempt to revoke Trump golf club liquor license,61,12,True,7.819406e-05,0,https://assets.msn.com/labs/mind/AAJlNll.html,New Jersey Attorney General defends Division of Alcohol Beverage Control's attempt to revoke liquor license of Trump's Colts Neck golf,False
generic-006544,generic,test,42511,N29598,health,medical,"As dispensaries seem to pop up on every corner, the medical marijuana boom in Oklahoma shows no sign of slowing down. ""Anyone with $2,500 and a building could open a dispensary,"" Corbin Wyatt said. Sign up for our Newsletters One year ago, Wyatt sold marijuana from an Airstream trailer. He has plans to open nine dispensaries. ""There is a dispensary on every corner, there's a grower in every warehouse, there's a processor down every street,""...","Medical marijuana industry grows crowded, drives competition","Generate a news headline. Category: health Article summary: As dispensaries seem to pop up on every corner, the medical marijuana boom in Oklahoma shows no sign of slowing down. ""Anyone with $2,500 and a building could open a dispensary,"" Corbin Wyatt said. Sign up for our Newsletters One year ago, Wyatt sold marijuana from an Airstream trailer. He has plans to open nine dispensaries. ""There is a dispensary on every corner, there's a grower in every warehouse, there's a processor down every street,""...","Medical marijuana industry grows crowded, drives competition",75,7,False,7.8125864e-05,0,https://assets.msn.com/labs/mind/BBWqR32.html,Oklahoma's medical marijuana boom shows no sign of slowing down,False
generic-006545,generic,test,13706,N42820,news,newsus,"Five months ago, Air Force Veteran Arthur Hess signed an agreement with the National Cremation Society for his burial at the St. Augustine National Cemetery. The disabled veteran paid $2,245 for peace of mind. ""He wanted to make sure that I was going to be OK,"" his widow, Roxanne Hess, said. Roxane Hess is his wife of 37 years and said they were confident in the terms of the pre-need agreement. ""We paid full price knowing everything was taken...",Widow unable to bury husband in St. Augustine National Cemetery looking for closure,"Generate a news headline. Category: news Article summary: Five months ago, Air Force Veteran Arthur Hess signed an agreement with the National Cremation Society for his burial at the St. Augustine National Cemetery. The disabled veteran paid $2,245 for peace of mind. ""He wanted to make sure that I was going to be OK,"" his widow, Roxanne Hess, said. Roxane Hess is his wife of 37 years and said they were confident in the terms of the pre-need agreement. ""We paid full price knowing everything was taken...",Widow unable to bury husband in St. Augustine National Cemetery looking for closure,79,13,True,9.626806e-05,0,https://assets.msn.com/labs/mind/AAJXS7C.html,Air Force Veteran Arthur Hess signed agreement with National Cremation Society for his burial at St. Augustine National Cemetery,False
generic-006546,generic,test,24221,N8843,news,newspolitics,"WASHINGTON Juli n Castro said Monday that he expects to meet the fundraising goal he set last week to continue his campaign for the Democrats' 2020 presidential nomination and that he believes he can beat expectations if he's still in the race when primary voting season begins. Castro said last week that he would end his candidacy unless he raises $800,000 by the end of the month, cash he needs for the expanded advertising and organizing that...",Juli n Castro predicts his campaign will be saved from shutdown,"Generate a news headline. Category: news Article summary: WASHINGTON Juli n Castro said Monday that he expects to meet the fundraising goal he set last week to continue his campaign for the Democrats' 2020 presidential nomination and that he believes he can beat expectations if he's still in the race when primary voting season begins. Castro said last week that he would end his candidacy unless he raises $800,000 by the end of the month, cash he needs for the expanded advertising and organizing that...",Juli n Castro predicts his campaign will be saved from shutdown,77,11,True,0.00017927516,0,https://assets.msn.com/labs/mind/AAJv4sx.html,Juli n Castro says he can beat expectations if he's still in race when primary voting season begins,False
generic-006547,generic,test,45522,N7831,sports,basketball_nba,https://www.dailymotion.com/embed/video/x nppid Robert Williams shined Saturday night putting together what arguably was his best performance in a Celtics uniform. The second-year big man was tremendous in the paint during his,Celtics Notes: Robert Williams Has Career Night In Win Over Spurs,Generate a news headline. Category: sports Article summary: https://www.dailymotion.com/embed/video/x nppid Robert Williams shined Saturday night putting together what arguably was his best performance in a Celtics uniform. The second-year big man was tremendous in the paint during his,Celtics Notes: Robert Williams Has Career Night In Win Over Spurs,30,11,True,0.00014099812,0,https://assets.msn.com/labs/mind/BBWwn5Q.html,Robert Williams shines in Celtics uniform,False
generic-006548,generic,test,28109,N35916,foodanddrink,recipes,Tired of the same 'ole Thanksgiving turkey? Give one of our best turkey brine recipes a try. The post Our Top 10 Best Brined Turkey Recipes appeared first on Taste of Home.,Our Top 10 Best Brined Turkey Recipes,Generate a news headline. Category: foodanddrink Article summary: Tired of the same 'ole Thanksgiving turkey? Give one of our best turkey brine recipes a try. The post Our Top 10 Best Brined Turkey Recipes appeared first on Taste of Home.,Our Top 10 Best Brined Turkey Recipes,32,7,True,0.9999713,1,https://assets.msn.com/labs/mind/AAIWvyJ.html,Our Top 10 Best Brined Turkey Recipes,True
generic-006549,generic,test,8150,N31075,news,newsworld,"Spain exhumed the body of Francisco Franco from a grandiose state mausoleum on Thursday, reburying it in more discreet grave in a country still conflicted over the dictator's decades-long regime. It was then transferred to a military helicopter for the brief flight to El Pardo where Franco was reburied alongside his wife in Mingorrubio state cemetery.","After exhumation, Spain reburies Franco in discreet tomb","Generate a news headline. Category: news Article summary: Spain exhumed the body of Francisco Franco from a grandiose state mausoleum on Thursday, reburying it in more discreet grave in a country still conflicted over the dictator's decades-long regime. It was then transferred to a military helicopter for the brief flight to El Pardo where Franco was reburied alongside his wife in Mingorrubio state cemetery.","After exhumation, Spain reburies Franco in discreet tomb",56,8,True,7.620204e-05,0,https://assets.msn.com/labs/mind/AAJgtNC.html,Spain exhumes body of Francisco Franco from grandiose state mausoleum,False
generic-006550,generic,test,59954,N38537,travel,travelarticle,"PALM BEACH GARDENS -- As Hurricane Dorian was bearing down on the Bahamas last month, a group of Palm Beach County seniors and their caregivers gathered at the Hilton Garden Inn in Palm Beach Gardens for a five-day stay. Evacuated from their homes by SeniorBridge, an agency that provides hourly and live-in home care and care management services for seniors, they waited out the storm by playing ...",Hurricane Dorian reunion draws 'Garden Girls' to Palm Beach Gardens hotel,"Generate a news headline. Category: travel Article summary: PALM BEACH GARDENS -- As Hurricane Dorian was bearing down on the Bahamas last month, a group of Palm Beach County seniors and their caregivers gathered at the Hilton Garden Inn in Palm Beach Gardens for a five-day stay. Evacuated from their homes by SeniorBridge, an agency that provides hourly and live-in home care and care management services for seniors, they waited out the storm by playing ...",Hurricane Dorian reunion draws 'Garden Girls' to Palm Beach Gardens hotel,68,11,True,8.006723e-05,0,https://assets.msn.com/labs/mind/AAIWjBj.html,Palm Beach County seniors and caregivers gather at Hilton Garden Inn for five-day stay,False
generic-006551,generic,test,52755,N29375,sports,football_nfl,"Surely you have seen complaints about media voting for awards and honors. Valid points can be made against them, but most often media do an outstanding job evaluating and honoring those we cover. While it was time-consuming, I used to enjoy voting for the Heisman and the AP football and basketball polls, which the Chronicle doesn't allow us to do any more. It was an honor and not something to be taken lightly. While media aren't infallible when...",Solomon: Mayfield ranked ahead of Watson a real head-scratcher,"Generate a news headline. Category: sports Article summary: Surely you have seen complaints about media voting for awards and honors. Valid points can be made against them, but most often media do an outstanding job evaluating and honoring those we cover. While it was time-consuming, I used to enjoy voting for the Heisman and the AP football and basketball polls, which the Chronicle doesn't allow us to do any more. It was an honor and not something to be taken lightly. While media aren't infallible when...",Solomon: Mayfield ranked ahead of Watson a real head-scratcher,78,9,True,0.00014144141,0,https://assets.msn.com/labs/mind/AAJQLwC.html,Media voting for awards and honors is an honor and not something to be taken lightly,False
generic-006552,generic,test,48089,N57832,sports,basketball_nba,"Amid multiple reports of Miami Heat guard Dion Waiters ingesting a THC product and the resulting scare on the team's overnight flight Thursday from Phoenix to Los Angeles, a look at the NBA's official policy regarding marijuana. From the ""Summary of the NBA/NBPA Anti-Drug Program (2019-20)"": Overview ""Since 1983, the NBA and NBPA have jointly maintained and administered a comprehensive ...","NBA marijuana policy: Treatment, penalties, disclosure","Generate a news headline. Category: sports Article summary: Amid multiple reports of Miami Heat guard Dion Waiters ingesting a THC product and the resulting scare on the team's overnight flight Thursday from Phoenix to Los Angeles, a look at the NBA's official policy regarding marijuana. From the ""Summary of the NBA/NBPA Anti-Drug Program (2019-20)"": Overview ""Since 1983, the NBA and NBPA have jointly maintained and administered a comprehensive ...","NBA marijuana policy: Treatment, penalties, disclosure",61,6,True,9.37551e-05,0,https://assets.msn.com/labs/mind/BBWy6SU.html,Miami Heat guard Dion Waiters ingesting THC product and resulting scare on team's overnight flight,False
generic-006553,generic,test,55037,N41271,health,health-news,"An increase in sexually transmitted diseases in Hawaii to the highest numbers reported in decades can be linked to the prevalence of online dating, officials said.",Increased number of STDs in Hawaii linked to online dating,"Generate a news headline. Category: health Article summary: An increase in sexually transmitted diseases in Hawaii to the highest numbers reported in decades can be linked to the prevalence of online dating, officials said.",Increased number of STDs in Hawaii linked to online dating,26,10,True,0.00014640839,0,https://assets.msn.com/labs/mind/AAIJ11e.html,"Hawaii's sexually transmitted diseases are linked to online dating, officials say",False
generic-006554,generic,test,52971,N11992,foodanddrink,newstrends,"A food handler at a Somerset County ShopRite worked while infected with hepatitis A and may exposed shoppers to the highly contagious virus, health officials announced Monday The employee, who worked that the Somerville store's deli, was contagious between Oct. 13 and Oct. 30 so anyone who bought food from the deli should throw it away, according to a joint statement the New Jersey and ...",ShopRite deli employee infected with Hepatitis A may have exposed shoppers,"Generate a news headline. Category: foodanddrink Article summary: A food handler at a Somerset County ShopRite worked while infected with hepatitis A and may exposed shoppers to the highly contagious virus, health officials announced Monday The employee, who worked that the Somerville store's deli, was contagious between Oct. 13 and Oct. 30 so anyone who bought food from the deli should throw it away, according to a joint statement the New Jersey and ...",ShopRite deli employee infected with Hepatitis A may have exposed shoppers,66,11,True,0.016503477,0,https://assets.msn.com/labs/mind/AAJQNSR.html,Somerset County ShopRite worker may expose shoppers to hepatitis A virus,False
generic-006555,generic,test,30000,N10243,finance,financenews,"In a bizarre scene straight out of a horror movie, hundreds of birds flew into the NASCAR Hall of Fame Tuesday night in Charlotte and crashed to the sidewalk, Carolina Waterfowl Rescue said. The nonprofit said it received a call about 11 p.m. from someone reporting birds by the dozens were dying as they dived straight at the building's windows. It counted 310 chimney swifts, a third ...",Terrifying scene plays out as 300 birds ram NASCAR Hall of Fame windows in Charlotte,"Generate a news headline. Category: finance Article summary: In a bizarre scene straight out of a horror movie, hundreds of birds flew into the NASCAR Hall of Fame Tuesday night in Charlotte and crashed to the sidewalk, Carolina Waterfowl Rescue said. The nonprofit said it received a call about 11 p.m. from someone reporting birds by the dozens were dying as they dived straight at the building's windows. It counted 310 chimney swifts, a third ...",Terrifying scene plays out as 300 birds ram NASCAR Hall of Fame windows in Charlotte,68,15,True,0.004340867,0,https://assets.msn.com/labs/mind/AAISBnr.html,"Birds flew into NASCAR Hall of Fame in Charlotte, crash to sidewalk",False
generic-006556,generic,test,34571,N55305,sports,football_ncaa,"Reba McEntire will hit the road next year and she is making a stop in Indiana. The country singer will be performing on March 20 at the Ford Center in Evansville, Indiana. Sign up for our Newsletters Tickets go on sale Nov. 22. For more information and tickets, click here. READ THE FULL STORY:Reba McEntire coming to Indiana next year CHECK OUT WLKY:Live. Local. Late-Breaking. Get the top Louisville news, weather and sports from the team at WLKY...",Reba McEntire coming to Indiana next year,"Generate a news headline. Category: sports Article summary: Reba McEntire will hit the road next year and she is making a stop in Indiana. The country singer will be performing on March 20 at the Ford Center in Evansville, Indiana. Sign up for our Newsletters Tickets go on sale Nov. 22. For more information and tickets, click here. READ THE FULL STORY:Reba McEntire coming to Indiana next year CHECK OUT WLKY:Live. Local. Late-Breaking. Get the top Louisville news, weather and sports from the team at WLKY...",Reba McEntire coming to Indiana next year,78,7,True,0.0002375483,0,https://assets.msn.com/labs/mind/BBWHC8T.html,Reba McEntire to hit the road next year and she is making a stop in Indiana,False
generic-006557,generic,test,63854,N60244,news,newspolitics,"Representative Jim Jordan, a scrappy former wrestler and firebrand founder of the conservative House Freedom Caucus, has always relished a fight. So it was no surprise this week when, as President Trump's chief defender in the impeachment inquiry, he interrupted the staid tone of the first public hearing and let it rip. ""And you're their star witness?"" he thundered at William B. Taylor Jr., the top diplomat in Ukraine, after...",Jordan Brings Pugnacious Style to Impeachment Defense of Trump,"Generate a news headline. Category: news Article summary: Representative Jim Jordan, a scrappy former wrestler and firebrand founder of the conservative House Freedom Caucus, has always relished a fight. So it was no surprise this week when, as President Trump's chief defender in the impeachment inquiry, he interrupted the staid tone of the first public hearing and let it rip. ""And you're their star witness?"" he thundered at William B. Taylor Jr., the top diplomat in Ukraine, after...",Jordan Brings Pugnacious Style to Impeachment Defense of Trump,70,9,True,0.000106151856,0,https://assets.msn.com/labs/mind/BBWPnSX.html,Trump's impeachment defender interrupts first public hearing of Trump's impeachment inquiry,False
generic-006558,generic,test,44033,N51379,news,newsus,"SAN FRANCISCO (AP) The National Rifle Association has withdrawn its lawsuit against San Francisco over the city's resolution labeling the gun-rights group a ""terrorist organization."" The notice filed Thursday in the U.S. District Court of Northern California was heralded by City Attorney Dennis Herrera, who has called it a ""frivolous lawsuit"" based on a deliberate misinterpretation by the NRA. ""This was a baseless attempt to silence San...",NRA drops lawsuit over San Francisco's 'terrorist' label,"Generate a news headline. Category: news Article summary: SAN FRANCISCO (AP) The National Rifle Association has withdrawn its lawsuit against San Francisco over the city's resolution labeling the gun-rights group a ""terrorist organization."" The notice filed Thursday in the U.S. District Court of Northern California was heralded by City Attorney Dennis Herrera, who has called it a ""frivolous lawsuit"" based on a deliberate misinterpretation by the NRA. ""This was a baseless attempt to silence San...",NRA drops lawsuit over San Francisco's 'terrorist' label,67,8,True,6.594414e-05,0,https://assets.msn.com/labs/mind/BBWqZwX.html,National Rifle Association withdraws lawsuit against San Francisco over gun-rights resolution,False
generic-006559,generic,test,40884,N11289,news,newspolitics,CNN's Alex Marquardt looks at the events that led to President Donald Trump's ousting of the US ambassador to Ukraine Marie Yovanovitch for apparently thwarting his rogue foreign policy scheme.,Marie Yovanovitch called 'bad news' by Donald Trump,Generate a news headline. Category: news Article summary: CNN's Alex Marquardt looks at the events that led to President Donald Trump's ousting of the US ambassador to Ukraine Marie Yovanovitch for apparently thwarting his rogue foreign policy scheme.,Marie Yovanovitch called 'bad news' by Donald Trump,30,8,True,0.17779434,0,https://assets.msn.com/labs/mind/BBWNPoP.html,CNN's Alex Marquardt looks at the events that led to Trump's ousting of Ukraine ambassador Marie Yovanovitch,False
generic-006560,generic,test,32576,N14083,news,newsus,The Aliquippa School Board has implemented new safety measures after a 5-year-old boy fell out of a school bus at a busy intersection.,Aliquippa School Board Implements Safety Measures After 5-Year-Old Boy Falls Out Of School Bus,Generate a news headline. Category: news Article summary: The Aliquippa School Board has implemented new safety measures after a 5-year-old boy fell out of a school bus at a busy intersection.,Aliquippa School Board Implements Safety Measures After 5-Year-Old Boy Falls Out Of School Bus,23,14,True,0.0001178414,0,https://assets.msn.com/labs/mind/BBWJ6fT.html,Aliquippa School Board implements safety measures after 5-year-old falls out of school bus,False
generic-006561,generic,test,46841,N62776,sports,more_sports,"NEW HAVEN, Conn. (AP) A college gymnast from Connecticut has died following a training accident. Officials at Southern Connecticut State University say 20-year-old Melanie Coleman died Sunday at Yale New Haven Hospital, two days after suffering a spinal cord injury during practice. University President Joe Bertolino called Coleman's death a ""tragic loss."" She was a junior nursing student at the New Haven school. Coleman was a former All State...",Former All-State gymnast dies following practice accident,"Generate a news headline. Category: sports Article summary: NEW HAVEN, Conn. (AP) A college gymnast from Connecticut has died following a training accident. Officials at Southern Connecticut State University say 20-year-old Melanie Coleman died Sunday at Yale New Haven Hospital, two days after suffering a spinal cord injury during practice. University President Joe Bertolino called Coleman's death a ""tragic loss."" She was a junior nursing student at the New Haven school. Coleman was a former All State...",Former All-State gymnast dies following practice accident,69,7,True,8.131482e-05,0,https://assets.msn.com/labs/mind/BBWBm3P.html,College gymnast from Connecticut dies after training accident,False
generic-006562,generic,test,2551,N1207,news,newsscienceandtechnology,"From helping kids with homework to finding where a picture was shot, an expert offers 11 tips for speeding up and improving Google search.","11 expert tips to search Google better, faster, more strategically","Generate a news headline. Category: news Article summary: From helping kids with homework to finding where a picture was shot, an expert offers 11 tips for speeding up and improving Google search.","11 expert tips to search Google better, faster, more strategically",24,10,True,0.05570358,0,https://assets.msn.com/labs/mind/AAJJkQP.html,11 tips for speeding up Google search,False
generic-006563,generic,test,18619,N35929,news,newsus,"At least two large tanks of ethanol burned Tuesday at a NuStar Energy facility in Crockett, Calif., prompting road closures and a shelter-in-place order for residents that lasted late into the evening. Residents in Rodeo, Crockett and Hercules were finally advised that they could reopen windows and doors about 9:30 p.m. Interstate 80 reopened in both directions after being closed in the area near the NuStar facility for about six hours. It...","Tanks of ethanol burn at energy facility in the Bay Area, prompting road closures","Generate a news headline. Category: news Article summary: At least two large tanks of ethanol burned Tuesday at a NuStar Energy facility in Crockett, Calif., prompting road closures and a shelter-in-place order for residents that lasted late into the evening. Residents in Rodeo, Crockett and Hercules were finally advised that they could reopen windows and doors about 9:30 p.m. Interstate 80 reopened in both directions after being closed in the area near the NuStar facility for about six hours. It...","Tanks of ethanol burn at energy facility in the Bay Area, prompting road closures",72,14,True,8.237075e-05,0,https://assets.msn.com/labs/mind/AAIPRWy.html,"At least two large tanks of ethanol burned at NuStar Energy facility in Crockett, Calif.",False
generic-006564,generic,test,4104,N24025,news,newsus,"A man who Seattle Police say is the Washington cell leader of a neo-Nazi group isn't allowed to own any guns for one year, according to a court order.",Weapons seized from alleged neo-Nazi leader in Washington state,"Generate a news headline. Category: news Article summary: A man who Seattle Police say is the Washington cell leader of a neo-Nazi group isn't allowed to own any guns for one year, according to a court order.",Weapons seized from alleged neo-Nazi leader in Washington state,29,9,True,7.933381e-05,0,https://assets.msn.com/labs/mind/AAJ0j83.html,Seattle police say neo-Nazi man isn't allowed to own guns for one year,False
generic-006565,generic,test,44008,N52960,news,newsus,"Miami-Dade Schools Superintendent Alberto Carvalho, along with other county officials, announced Tuesday the launch of a first-of-its-kind children's savings account program.",First-Of-Its-Kind Children's Savings Account Launches In Miami-Dade,"Generate a news headline. Category: news Article summary: Miami-Dade Schools Superintendent Alberto Carvalho, along with other county officials, announced Tuesday the launch of a first-of-its-kind children's savings account program.",First-Of-Its-Kind Children's Savings Account Launches In Miami-Dade,21,7,True,8.138433e-05,0,https://assets.msn.com/labs/mind/BBWF0tf.html,Miami-Dade Schools Superintendent Alberto Carvalho Launches First-of-its-kind Children's Savings Account Program,False
generic-006566,generic,test,27968,N18910,autos,autosnews,The City of Denver is trying to get more drivers to ease off the gas pedal and drive slower. Crews were replacing speed limit signs with reduced speeds on some city streets on Tuesday.,Denver Reduces Speed Limits On More City Streets,Generate a news headline. Category: autos Article summary: The City of Denver is trying to get more drivers to ease off the gas pedal and drive slower. Crews were replacing speed limit signs with reduced speeds on some city streets on Tuesday.,Denver Reduces Speed Limits On More City Streets,34,8,True,6.5706496e-05,0,https://assets.msn.com/labs/mind/AAJUihO.html,City of Denver tries to get more drivers to ease off gas pedal and drive slower,False
generic-006567,generic,test,64422,N50924,weather,weathertopstories,"Excited skiers and snowboarders in Olympic Valley, California, began lining up two hours before first chair on Nov. 15. This is the second earliest that Squaw Valley Alpine Meadows has opened in the last 10 years.",Ski season begins at Squaw Valley Alpine Meadows,"Generate a news headline. Category: weather Article summary: Excited skiers and snowboarders in Olympic Valley, California, began lining up two hours before first chair on Nov. 15. This is the second earliest that Squaw Valley Alpine Meadows has opened in the last 10 years.",Ski season begins at Squaw Valley Alpine Meadows,36,8,True,0.00011942649,0,https://assets.msn.com/labs/mind/BBWPw4X.html,Squaw Valley Alpine Meadows opens on Nov. 15,False
generic-006568,generic,test,10582,N25495,travel,travelnews,"An American Airlines plane made an emergency landing at Greenville-Spartanburg International Airport Monday night, according to Tiffany Cherry, communications specialist with GSP. Flight 5139 took off from Omaha, Nebraska just after 6 p.m. and was bound for Charlotte, North Carolina, Cherry said. Sign up for our Newsletters According to Cherry, the pilots contacted the control tower at GSP after experiencing issues and asked to make an emergency...","Plane makes emergency landing at GSP, airport officials say","Generate a news headline. Category: travel Article summary: An American Airlines plane made an emergency landing at Greenville-Spartanburg International Airport Monday night, according to Tiffany Cherry, communications specialist with GSP. Flight 5139 took off from Omaha, Nebraska just after 6 p.m. and was bound for Charlotte, North Carolina, Cherry said. Sign up for our Newsletters According to Cherry, the pilots contacted the control tower at GSP after experiencing issues and asked to make an emergency...","Plane makes emergency landing at GSP, airport officials say",67,9,True,8.296214e-05,0,https://assets.msn.com/labs/mind/AAJRJwU.html,American Airlines plane makes emergency landing at Greenville-Spartanburg International Airport,False
generic-006569,generic,test,51232,N15236,finance,finance-real-estate,"The amount New Yorkers pay per square foot of real estate is much higher than almost anywhere else in the world, a recent report shows.",Only 1 World City Charges More Than NYC Per Foot Of Apt Space,"Generate a news headline. Category: finance Article summary: The amount New Yorkers pay per square foot of real estate is much higher than almost anywhere else in the world, a recent report shows.",Only 1 World City Charges More Than NYC Per Foot Of Apt Space,25,13,True,0.00012334458,0,https://assets.msn.com/labs/mind/BBWyzsa.html,New Yorkers pay more than anywhere else in the world,False
generic-006570,generic,test,40649,N41946,sports,football_nfl,"The Browns won on Thursday, but only in the most literal sense. Pro Bowl defensive end Myles Garrett changed everything with the swing of a helmet.",Opinion: NFL should suspend Browns' Myles Garrett for rest of season at minimum for helmet swing,"Generate a news headline. Category: sports Article summary: The Browns won on Thursday, but only in the most literal sense. Pro Bowl defensive end Myles Garrett changed everything with the swing of a helmet.",Opinion: NFL should suspend Browns' Myles Garrett for rest of season at minimum for helmet swing,26,16,True,0.00020063884,0,https://assets.msn.com/labs/mind/BBWN0CM.html,Browns vs. Browns: Myles Garrett Changes Everything With The Sweep of a Helmet,False
generic-006571,generic,test,11905,N35229,lifestyle,lifestylepets,"It looks like a dognapping case in the East Bay was an inside job, if surveillance cameras were to be believed.",Dognapping At Berkeley Humane Society Was Inside Job,"Generate a news headline. Category: lifestyle Article summary: It looks like a dognapping case in the East Bay was an inside job, if surveillance cameras were to be believed.",Dognapping At Berkeley Humane Society Was Inside Job,21,8,True,0.00019101796,0,https://assets.msn.com/labs/mind/AAJS4kQ.html,"'It's like a dognapping case in the East Bay was an inside job, if surveillance cameras were to be believed",False
generic-006572,generic,test,20992,N47517,video,news,"House Speaker Nancy Pelosi says impeachment process is about honoring the oath of office and the Constitution, and she declined to give a timeline for the process. Pelosi made the comments during her weekly news conference.","Pelosi says impeachment is about truth, not a timeline","Generate a news headline. Category: video Article summary: House Speaker Nancy Pelosi says impeachment process is about honoring the oath of office and the Constitution, and she declined to give a timeline for the process. Pelosi made the comments during her weekly news conference.","Pelosi says impeachment is about truth, not a timeline",36,9,False,9.353703e-05,0,https://assets.msn.com/labs/mind/AAIW7Fu.html,Nancy Pelosi says impeachment process is about honoring the oath of office,False
generic-006573,generic,test,38458,N21086,news,newspolitics,"Republican lawmakers have sought to hijack several impeachment depositions in a crusade for information on the whistleblower who sparked the inquiry, according to a review of the transcripts by The Daily Beast. Efforts from Republican lawmakers and their counsel to elicit information on the whistleblower both by asking leading questions and asking point-blank for the person's identity were repeatedly batted down by Democrats, and in one case the...",Transcripts Show GOP 'Terror Campaign' to Out Whistleblower,"Generate a news headline. Category: news Article summary: Republican lawmakers have sought to hijack several impeachment depositions in a crusade for information on the whistleblower who sparked the inquiry, according to a review of the transcripts by The Daily Beast. Efforts from Republican lawmakers and their counsel to elicit information on the whistleblower both by asking leading questions and asking point-blank for the person's identity were repeatedly batted down by Democrats, and in one case the...",Transcripts Show GOP 'Terror Campaign' to Out Whistleblower,68,8,True,8.61006e-05,0,https://assets.msn.com/labs/mind/BBWtUyM.html,GOP lawmakers seek to hijack impeachment depositions in crusade for information on whistleblower,False
generic-006574,generic,test,50162,N269,news,newsscienceandtechnology,"UPDATE: As of 8 a.m. Tuesday, power has been restored to most of the Consumers Energy customers affected by the outage. According to the Outage Map, less than 20 customers are still without power. The restoration time is listed for around 2:45 p.m. PREVIOUS STORY: GRAND RAPIDS, Mich. - Authorities in Grand Rapids are working to clear the scene of a crash that brought down a power pole and caused several outages on the Northeast side of the city....",Update: Power restored to Grand Rapids' NE side after driver brought down power pole,"Generate a news headline. Category: news Article summary: UPDATE: As of 8 a.m. Tuesday, power has been restored to most of the Consumers Energy customers affected by the outage. According to the Outage Map, less than 20 customers are still without power. The restoration time is listed for around 2:45 p.m. PREVIOUS STORY: GRAND RAPIDS, Mich. - Authorities in Grand Rapids are working to clear the scene of a crash that brought down a power pole and caused several outages on the Northeast side of the city....",Update: Power restored to Grand Rapids' NE side after driver brought down power pole,79,14,True,0.00020940695,0,https://assets.msn.com/labs/mind/BBWDTt7.html,Power restored to Consumers Energy customers in Grand Rapids,False
generic-006575,generic,test,58447,N8994,sports,football_nfl,"ABINGTON -- The Abington High football team has taken care of business in the league so far. Following last week's 24-6 win over Mashpee, the Green Wave (3-2, 2-0 in South Shore League Tobin Division) rolled to a 36-7 win over Carver/Sacred Heart on Friday night. Five different Green Wave players scored rushing touchdowns in the first half. That list didn't include junior Owen Reardon, who had ...",H.S. FOOTBALL: Abington spreads out the scoring in win over Carver/Sacred Heart,"Generate a news headline. Category: sports Article summary: ABINGTON -- The Abington High football team has taken care of business in the league so far. Following last week's 24-6 win over Mashpee, the Green Wave (3-2, 2-0 in South Shore League Tobin Division) rolled to a 36-7 win over Carver/Sacred Heart on Friday night. Five different Green Wave players scored rushing touchdowns in the first half. That list didn't include junior Owen Reardon, who had ...",H.S. FOOTBALL: Abington spreads out the scoring in win over Carver/Sacred Heart,68,12,True,0.00010412174,0,https://assets.msn.com/labs/mind/AAIEmJ2.html,Abington High football team takes care of business in South Shore League,False
generic-006576,generic,test,63520,N26538,news,newsus,"If you're apartment hunting, you know how hard it can be to find a bargain. So what does the low-end rent on a rental in Orlando look like these days?",Renting in Orlando: What's the cheapest apartment available right now?,"Generate a news headline. Category: news Article summary: If you're apartment hunting, you know how hard it can be to find a bargain. So what does the low-end rent on a rental in Orlando look like these days?",Renting in Orlando: What's the cheapest apartment available right now?,30,10,True,0.00017642557,0,https://assets.msn.com/labs/mind/BBWPjIy.html,Renting low-end apartments in Orlando is a great way to find a bargain,False
generic-006577,generic,test,55840,N35789,news,newsus,"Sacramento police have identified the man who held eight people hostage in a south Oak Park home during a standoff that lasted nearly a day. Eric Leyva, 27, is in custody on kidnapping charges, according to the Sacramento Police Department. His bail was set at $1 million. More charges are pending as detectives continue to investigate the case. Sign up for our Newsletters He was taken into custody Wednesday afternoon after surrendering to police....",Sacramento police name suspect in marathon hostage standoff,"Generate a news headline. Category: news Article summary: Sacramento police have identified the man who held eight people hostage in a south Oak Park home during a standoff that lasted nearly a day. Eric Leyva, 27, is in custody on kidnapping charges, according to the Sacramento Police Department. His bail was set at $1 million. More charges are pending as detectives continue to investigate the case. Sign up for our Newsletters He was taken into custody Wednesday afternoon after surrendering to police....",Sacramento police name suspect in marathon hostage standoff,74,8,False,6.885985e-05,0,https://assets.msn.com/labs/mind/AAJFkBA.html,Sacramento police identify man who held hostage in south Oak Park home,False
generic-006578,generic,test,52960,N8194,lifestyle,lifestyledidyouknow,"From dropped words to fake definitions, learn fun facts, hearsay, and scandal about our most useful language resource, and the words that make it up. The post 15 Fascinating Facts About Dictionaries That Will Make You Want to Pick One Up appeared first on Reader's Digest.",15 Fascinating Facts About Dictionaries That Will Make You Want to Pick One Up,"Generate a news headline. Category: lifestyle Article summary: From dropped words to fake definitions, learn fun facts, hearsay, and scandal about our most useful language resource, and the words that make it up. The post 15 Fascinating Facts About Dictionaries That Will Make You Want to Pick One Up appeared first on Reader's Digest.",15 Fascinating Facts About Dictionaries That Will Make You Want to Pick One Up,46,14,True,0.9999801,1,https://assets.msn.com/labs/mind/AAHpHvX.html,15 Fascinating Facts About Dictionaries That Will Make You Want to Pick One Up,True
generic-006579,generic,test,43426,N60523,news,newsus,"Top news includes a would-be predator arrested, Jimmy Carter recovering and Principal Of The Year Award. How to share news, events on Patch.","Principal Of Year, Carter Recovers, Child Predator: News Nearby","Generate a news headline. Category: news Article summary: Top news includes a would-be predator arrested, Jimmy Carter recovering and Principal Of The Year Award. How to share news, events on Patch.","Principal Of Year, Carter Recovers, Child Predator: News Nearby",23,9,True,7.628536e-05,0,https://assets.msn.com/labs/mind/BBWLICe.html,"How to share news, events on Patch",False
generic-006580,generic,test,51036,N61378,news,newsworld,"The murder of Albert Chernoff took another disturbing turn this week, as a 14-year-old girl was arrested in the murder of the local animal rescuer. The Inquirer reports Ajahnae Smaugh was arrested and charged with murder on Thursday for the death of the 59-year-old Chernoff. She was also charged tampering with evidence, obstruction of justice and possession of an instrument of crime. Smaugh turned herself into the police on Thursday. The...","Girl, 14, charged in death of local animal rescuer","Generate a news headline. Category: news Article summary: The murder of Albert Chernoff took another disturbing turn this week, as a 14-year-old girl was arrested in the murder of the local animal rescuer. The Inquirer reports Ajahnae Smaugh was arrested and charged with murder on Thursday for the death of the 59-year-old Chernoff. She was also charged tampering with evidence, obstruction of justice and possession of an instrument of crime. Smaugh turned herself into the police on Thursday. The...","Girl, 14, charged in death of local animal rescuer",71,9,True,0.0001450588,0,https://assets.msn.com/labs/mind/BBWyu1K.html,14-year-old girl arrested in murder of animal rescuer,False
generic-006581,generic,test,54183,N62695,news,newspolitics,"OKLAHOMA CITY (KFOR) As cities across the state prepare for the implementation of the new permitless less carry law, an Oklahoma representative has filed paperwork to get an emergency injunction in place. In February, Gov. Kevin Stitt signed House Bill 2597 into law. ""We want to make sure that we let Oklahomans know that we are going to protect their rights to bear arms,"" Stitt said. The law ...",Lawmaker asking Oklahoma Supreme Court to stop permitless carry from going into effect,"Generate a news headline. Category: news Article summary: OKLAHOMA CITY (KFOR) As cities across the state prepare for the implementation of the new permitless less carry law, an Oklahoma representative has filed paperwork to get an emergency injunction in place. In February, Gov. Kevin Stitt signed House Bill 2597 into law. ""We want to make sure that we let Oklahomans know that we are going to protect their rights to bear arms,"" Stitt said. The law ...",Lawmaker asking Oklahoma Supreme Court to stop permitless carry from going into effect,69,13,True,7.741273e-05,0,https://assets.msn.com/labs/mind/AAJF6cd.html,Oklahoma Gov. Kevin Stitt files paperwork to get emergency injunction in place,False
generic-006582,generic,test,52181,N15452,music,musicnews,"Bon Iver, Rufus du Sol, Stick Figure, Local Natives, San Holo, the Growlers, and more will play McDowell Mountain Music Festival (M3F Fest) in 2020.","M3F music festival lineup brings Bon Iver, Local Natives to Phoenix","Generate a news headline. Category: music Article summary: Bon Iver, Rufus du Sol, Stick Figure, Local Natives, San Holo, the Growlers, and more will play McDowell Mountain Music Festival (M3F Fest) in 2020.","M3F music festival lineup brings Bon Iver, Local Natives to Phoenix",25,11,True,9.8828015e-05,0,https://assets.msn.com/labs/mind/AAI7BBk.html,"Bon Iver, Rufus du Sol, Stick Figure, Local Natives, San Holo, Growlers and more to play McDowell Mountain",False
generic-006583,generic,test,51505,N56669,foodanddrink,restaurantsandnews,"Can't decide on a vacation spot? Maybe it's time to eat your way across America, sampling the unique dishes and unrivaled ambience at some of the nation's most iconic restaurants. From a beloved dives to the ultimate in haute cuisine from Wolfgang Puck, you need to put these eateries on your bucket list.",60 Iconic U.S. Restaurants to Try Before You Die,"Generate a news headline. Category: foodanddrink Article summary: Can't decide on a vacation spot? Maybe it's time to eat your way across America, sampling the unique dishes and unrivaled ambience at some of the nation's most iconic restaurants. From a beloved dives to the ultimate in haute cuisine from Wolfgang Puck, you need to put these eateries on your bucket list.",60 Iconic U.S. Restaurants to Try Before You Die,53,9,True,0.9999478,1,https://assets.msn.com/labs/mind/AAGrRcP.html,"Can't decide on a vacation spot? Maybe it's time to eat your way across America, sampling the unique dishes and unrivale",False
generic-006584,generic,test,44364,N60123,foodanddrink,newstrends,"LODI -- Spain's king of red grapes, Tempranillo, has found a home in Lodi, where talented growers and winemakers respect and know how to handle the variety. To celebrate International Tempranillo Day, Bokisch Vineyards is putting on the fourth annual Lodi Tour of Tempranillo Friday through Sunday. This year, 13 boutique wineries in the Lodi American Viticultural Area will showcase their ...",Tour of Tempranillo offers taste of Lodi's take on the Spanish varietal,"Generate a news headline. Category: foodanddrink Article summary: LODI -- Spain's king of red grapes, Tempranillo, has found a home in Lodi, where talented growers and winemakers respect and know how to handle the variety. To celebrate International Tempranillo Day, Bokisch Vineyards is putting on the fourth annual Lodi Tour of Tempranillo Friday through Sunday. This year, 13 boutique wineries in the Lodi American Viticultural Area will showcase their ...",Tour of Tempranillo offers taste of Lodi's take on the Spanish varietal,62,12,True,0.0020869977,0,https://assets.msn.com/labs/mind/BBWF2Cm.html,"Spain's king of red grapes, Tempranillo finds home in Lodi",False
generic-006585,generic,test,47077,N54547,sports,football_nfl,"Bloomington leaders are nearing final approval of an elaborate plan to help build one of the nation's largest water parks beside the Mall of America. The deal hinges on the city's option to hike sales taxes at the Mall of America to pay debt on the $260 million facility, if visitors who pay to raft down 10-foot-wide slides and lounge in cabanas don't generate enough revenue. The City Council ...",Bloomington sets water park tax plan in motion,"Generate a news headline. Category: sports Article summary: Bloomington leaders are nearing final approval of an elaborate plan to help build one of the nation's largest water parks beside the Mall of America. The deal hinges on the city's option to hike sales taxes at the Mall of America to pay debt on the $260 million facility, if visitors who pay to raft down 10-foot-wide slides and lounge in cabanas don't generate enough revenue. The City Council ...",Bloomington sets water park tax plan in motion,70,8,False,6.78419e-05,0,https://assets.msn.com/labs/mind/BBWIepJ.html,Bloomington to approve plan to build one of nation's largest water parks,False
generic-006586,generic,test,42049,N60853,sports,basketball_nba,Josh Jackson played 43 minutes in his G-League debut and then crammed his 6-foot-8 frame onto a commercial flight to do it again the next night.,Josh Jackson's new basketball chapter with Memphis Hustle a spectacle,Generate a news headline. Category: sports Article summary: Josh Jackson played 43 minutes in his G-League debut and then crammed his 6-foot-8 frame onto a commercial flight to do it again the next night.,Josh Jackson's new basketball chapter with Memphis Hustle a spectacle,26,10,True,0.63716215,1,https://assets.msn.com/labs/mind/BBWw1Q8.html,"Josh Jackson plays 43 minutes in G-League debut, crammed his 6-foot-8 frame onto commercial flight",False
generic-006587,generic,test,42513,N27182,finance,finance-companies,"(WWJ) - A major liquor distributor is apologizing for weeks of delayed and missing deliveries that have left bar and party store owners short of booze. Officials at Republic National Distributing Company, one of only two approved liquor distributors in the state, have been calling their 13,000 customers to apologize for stock shortages and late deliveries over the past few weeks. The company blamed the issues on a move to a new warehouse in...",Distributor Blames Booze Shortage On Move To New Warehouse,"Generate a news headline. Category: finance Article summary: (WWJ) - A major liquor distributor is apologizing for weeks of delayed and missing deliveries that have left bar and party store owners short of booze. Officials at Republic National Distributing Company, one of only two approved liquor distributors in the state, have been calling their 13,000 customers to apologize for stock shortages and late deliveries over the past few weeks. The company blamed the issues on a move to a new warehouse in...",Distributor Blames Booze Shortage On Move To New Warehouse,74,9,True,8.825553e-05,0,https://assets.msn.com/labs/mind/BBWw4ca.html,"Republic National Distributing Company calls 13,000 customers to apologize for stock shortages and late deliveries",False
generic-006588,generic,test,54740,N55801,sports,football_nfl,"All eyes were on American Heritage-Delray's Dylan Rizk on Friday night. The freshman quarterback was forced into a starting role because of a shoulder injury to senior Zachary Bohannon. However, Rizk's night would last all of three plays of a 20-15 non-district loss to Hialeah Champagnat. Rizk was taken down hard during the first series of the game and sustained an injury to the left shoulder ...","American Heritage-Delray loses another QB, game to Champagnat","Generate a news headline. Category: sports Article summary: All eyes were on American Heritage-Delray's Dylan Rizk on Friday night. The freshman quarterback was forced into a starting role because of a shoulder injury to senior Zachary Bohannon. However, Rizk's night would last all of three plays of a 20-15 non-district loss to Hialeah Champagnat. Rizk was taken down hard during the first series of the game and sustained an injury to the left shoulder ...","American Heritage-Delray loses another QB, game to Champagnat",67,8,True,7.223795e-05,0,https://assets.msn.com/labs/mind/AAJ1vPu.html,Dylan Rizk forced into starting role after shoulder injury to Zachary Bohannon,False
generic-006589,generic,test,53269,N27439,travel,traveltripideas,Been to all of Thailand's island hotspots and now crave some peace and quiet? Here's a look at 10 lovely alternative islands for travelers who hate crowds.,"10 alternative islands in Thailand if you love quiet, hate crowds",Generate a news headline. Category: travel Article summary: Been to all of Thailand's island hotspots and now crave some peace and quiet? Here's a look at 10 lovely alternative islands for travelers who hate crowds.,"10 alternative islands in Thailand if you love quiet, hate crowds",27,11,True,0.9999707,1,https://assets.msn.com/labs/mind/AAH6gpK.html,10 lovely alternative islands for travelers who hate crowds,False
generic-006590,generic,test,54537,N3008,music,musicnews,"NASHVILLE, Tenn. (AP) Country superstar Dolly Parton is still working ""9 to 5,"" and doing what she loves as she celebrated her 50th anniversary as a Grand Ole Opry member. The 73-year-old actress, singer and songwriter, who first played the Opry when she was just a teenager, played the longstanding radio show Saturday night in Nashville, Tennessee, in front of sold-out crowds. Hank Williams Jr., Lady Antebellum and Toby Keith performed in her...","Still working '9 to 5,' Dolly Parton marks 50 years at Opry","Generate a news headline. Category: music Article summary: NASHVILLE, Tenn. (AP) Country superstar Dolly Parton is still working ""9 to 5,"" and doing what she loves as she celebrated her 50th anniversary as a Grand Ole Opry member. The 73-year-old actress, singer and songwriter, who first played the Opry when she was just a teenager, played the longstanding radio show Saturday night in Nashville, Tennessee, in front of sold-out crowds. Hank Williams Jr., Lady Antebellum and Toby Keith performed in her...","Still working '9 to 5,' Dolly Parton marks 50 years at Opry",73,12,True,0.00014624682,0,https://assets.msn.com/labs/mind/AAIIqnv.html,Dolly Parton still working 9 to 5 as a Grand Ole Opry member,False
generic-006591,generic,test,58582,N13804,news,newsus,"Hoodline crunched the numbers to find the top seafood spots in Mesa. Here's a rundown of top businesses in the city, with ratings, photos and more.",Jonesing for seafood? Check out Mesa's top 5 spots,"Generate a news headline. Category: news Article summary: Hoodline crunched the numbers to find the top seafood spots in Mesa. Here's a rundown of top businesses in the city, with ratings, photos and more.",Jonesing for seafood? Check out Mesa's top 5 spots,26,9,True,0.00016182143,0,https://assets.msn.com/labs/mind/AAJuZ6k.html,Top seafood spots in Mesa,False
generic-006592,generic,test,32067,N8213,news,newspolitics,"MT. LEBANON, Pa. Army combat veteran Sean Parnell kicked off his race as a Republican running for the U.S. House here at Pamela's Diner. It's within a stone's throw of the district office of Rep. Conor Lamb, the Democrat he's challenging for the 17th Congressional District seat in 2020. ""My plan for today is [ ]",Pennsylvania race a bellwether for 2020 White House run,"Generate a news headline. Category: news Article summary: MT. LEBANON, Pa. Army combat veteran Sean Parnell kicked off his race as a Republican running for the U.S. House here at Pamela's Diner. It's within a stone's throw of the district office of Rep. Conor Lamb, the Democrat he's challenging for the 17th Congressional District seat in 2020. ""My plan for today is [ ]",Pennsylvania race a bellwether for 2020 White House run,56,9,True,7.044204e-05,0,https://assets.msn.com/labs/mind/BBWzlu7.html,Pa. Army combat veteran Sean Parnell kicks off race as Republican running for U.S. House,False
generic-006593,generic,test,29735,N28462,news,newsus,"One thing most Coloradans can agree on is that traffic in the state is less than ideal, and it appears commuters in the Denver region won't see much relief anytime soon. That's according to a new report this month by the Denver Regional Council of Governments (DRCOG). The agency used traffic trends from 2018 to predict what roads will look like in the future. Cars are traveling more and more as time goes on, the study found. On an average day in...","Denver's traffic headaches only going to get worse, new report suggests","Generate a news headline. Category: news Article summary: One thing most Coloradans can agree on is that traffic in the state is less than ideal, and it appears commuters in the Denver region won't see much relief anytime soon. That's according to a new report this month by the Denver Regional Council of Governments (DRCOG). The agency used traffic trends from 2018 to predict what roads will look like in the future. Cars are traveling more and more as time goes on, the study found. On an average day in...","Denver's traffic headaches only going to get worse, new report suggests",82,11,False,0.00011179339,0,https://assets.msn.com/labs/mind/AAIS58Q.html,DRCOG's new report predicts what roads will look like in the future,False
generic-006594,generic,test,23231,N1728,news,newsus,Newly released data reveals a dramatic shift in a section of the Rio Grande over the past year -- and offers a window into the human toll of turmoil at the border.,US border: Why drownings tripled and water rescues skyrocketed in one section of the Rio Grande,Generate a news headline. Category: news Article summary: Newly released data reveals a dramatic shift in a section of the Rio Grande over the past year -- and offers a window into the human toll of turmoil at the border.,US border: Why drownings tripled and water rescues skyrocketed in one section of the Rio Grande,32,16,True,0.00025377868,0,https://assets.msn.com/labs/mind/AAIFNnR.html,Report: Rio Grande's border has a dramatic shift over the past year -- and a window into the human toll at the border,False
generic-006595,generic,test,42441,N18884,video,animals,"At Christine Haydon's farm, a duckling was rejected by its mother, leaving the poor thing alone. Luckily, an older cat decided to adopt the small critter, and made it part of its family. The cat's patience and love for the little bird is inspiring.",Rejected duckling finds a new family member: a cat,"Generate a news headline. Category: video Article summary: At Christine Haydon's farm, a duckling was rejected by its mother, leaving the poor thing alone. Luckily, an older cat decided to adopt the small critter, and made it part of its family. The cat's patience and love for the little bird is inspiring.",Rejected duckling finds a new family member: a cat,44,9,False,0.33714315,0,https://assets.msn.com/labs/mind/BBWtpHt.html,A cat adopts a small critter at Christine Haydon's farm,False
generic-006596,generic,test,31560,N13313,travel,travel-points-rewards,"As the Thanksgiving travel season approaches, it's vital to have the right travel credit card in your purse or wallet so that you're not missing out on great travel rewards. While there are lots of terrific credit cards for travel out there, the reality is that the best one for you is the one that",The best travel credit cards of 2019,"Generate a news headline. Category: travel Article summary: As the Thanksgiving travel season approaches, it's vital to have the right travel credit card in your purse or wallet so that you're not missing out on great travel rewards. While there are lots of terrific credit cards for travel out there, the reality is that the best one for you is the one that",The best travel credit cards of 2019,55,7,True,0.9999436,1,https://assets.msn.com/labs/mind/BBUf9mo.html,The best travel credit card for you,False
generic-006597,generic,test,35152,N25430,news,newsworld,"TOKYO (AP) Japanese Emperor Naruhito thanked tens of thousands of well-wishers who gathered outside the palace Saturday to congratulate his enthronement at a ceremony organized by conservative political and business groups. Naruhito and Empress Masako greeted well-wishers from the Nijubashi bridge overlooking the crowd who shouted cheers of Banzai, or long live, for the emperor in unison, while waving Japanese ""rising sun"" flags. The royal...",Japan emperor greets at celebration hosted by conservatives,"Generate a news headline. Category: news Article summary: TOKYO (AP) Japanese Emperor Naruhito thanked tens of thousands of well-wishers who gathered outside the palace Saturday to congratulate his enthronement at a ceremony organized by conservative political and business groups. Naruhito and Empress Masako greeted well-wishers from the Nijubashi bridge overlooking the crowd who shouted cheers of Banzai, or long live, for the emperor in unison, while waving Japanese ""rising sun"" flags. The royal...",Japan emperor greets at celebration hosted by conservatives,65,8,False,8.338011e-05,0,https://assets.msn.com/labs/mind/BBWuSeg.html,Japanese Emperor Naruhito congratulates tens of thousands of well-wishers,False
generic-006598,generic,test,1604,N1895,health,wellness,Buffets can breed germs that lead to food poisoning. Choose foods that are kept at the correct temperature and left untampered by other patrons.,"The 5 worst dishes you can eat at buffet, according to food safety experts",Generate a news headline. Category: health Article summary: Buffets can breed germs that lead to food poisoning. Choose foods that are kept at the correct temperature and left untampered by other patrons.,"The 5 worst dishes you can eat at buffet, according to food safety experts",24,14,True,0.99996996,1,https://assets.msn.com/labs/mind/AAEt8YG.html,Buffets can breed germs that lead to food poisoning,False
generic-006599,generic,test,24225,N42525,travel,travelarticle,"CHICAGO Normal operations have resumed at Midway International Airport after a bag exploded on a belt while being loaded onto an outgoing Volaris flight. Volaris is a low-cost Mexican airlines. The incident happened at Gate A2 at about 12:20 p.m. Monday. A Level 1 hazmat situation was called, but has since been cleared. An airport source told WGN there's nothing to suggest a sinister motive. ...",Bag explodes while being loaded onto flight at Midway Airport,"Generate a news headline. Category: travel Article summary: CHICAGO Normal operations have resumed at Midway International Airport after a bag exploded on a belt while being loaded onto an outgoing Volaris flight. Volaris is a low-cost Mexican airlines. The incident happened at Gate A2 at about 12:20 p.m. Monday. A Level 1 hazmat situation was called, but has since been cleared. An airport source told WGN there's nothing to suggest a sinister motive. ...",Bag explodes while being loaded onto flight at Midway Airport,66,10,True,0.00013475354,0,https://assets.msn.com/labs/mind/AAJ7u4f.html,Normal operations resume at Midway International Airport after bag explodes on belt,False
generic-006600,generic,test,36168,N12139,news,newsus,"A tragedy took place on the waters of Lake Winnipesaukee after two boats collided Saturday night in Meredith. First responders were called to an area of the lake on the north side of Bear Island just after 6 p.m. They arrived to find a man dead in a 20-foot Sea Ray along with a woman suffering from head injuries. Sign up for our Newsletters At first, it appeared this was a single-boat crash, but as the investigation continued, officials believed...",2 dead after crash involving two boats on Lake Winnipesaukee,"Generate a news headline. Category: news Article summary: A tragedy took place on the waters of Lake Winnipesaukee after two boats collided Saturday night in Meredith. First responders were called to an area of the lake on the north side of Bear Island just after 6 p.m. They arrived to find a man dead in a 20-foot Sea Ray along with a woman suffering from head injuries. Sign up for our Newsletters At first, it appeared this was a single-boat crash, but as the investigation continued, officials believed...",2 dead after crash involving two boats on Lake Winnipesaukee,80,10,True,0.00019304099,0,https://assets.msn.com/labs/mind/BBWArPR.html,Two boats collide on Lake Winnipesaukee,False
generic-006601,generic,test,46067,N42799,weather,weathertopstories,"Thick smoke rose from a fire at Greta in the Hunter region of New South Wales amid dangerous fire conditions across the state on November 13. Firefighters were battling at least 65 bush and grass fires up and down the state's east coast on Wednesday after Tuesday brought ""catastrophic"" conditions. Although risks had eased, state fire commissioner Shane Fitzsimmons said it would be months before fires were contained unless there was rain and many schools remained closed after shutting down on Tuesday. Increased fire activity had been impacting NSW communities since November 8. As of Wednesday, at least three people had died and a number were missing, while hundreds of properties were damaged. Credit: George Alves via Storyful",Thick Smoke Rises From Greta Fire in New South Wales,"Generate a news headline. Category: weather Article summary: Thick smoke rose from a fire at Greta in the Hunter region of New South Wales amid dangerous fire conditions across the state on November 13. Firefighters were battling at least 65 bush and grass fires up and down the state's east coast on Wednesday after Tuesday brought ""catastrophic"" conditions. Although risks had eased, state fire commissioner Shane Fitzsimmons said it would be months before fires were contained unless there was rain and many schools remained closed after shutting down on Tuesday. Increased fire activity had been impacting NSW communities since November 8. As of Wednesday, at least three people had died and a number were missing, while hundreds of properties were damaged. Credit: George Alves via Storyful",Thick Smoke Rises From Greta Fire in New South Wales,118,10,True,8.915409e-05,0,https://assets.msn.com/labs/mind/BBWFJSI.html,Firefighters battle at least 65 bush and grass fires in Hunter region,False
generic-006602,generic,test,26215,N51760,sports,baseball_mlb_videos,The New York Yankees are 1-2 against the Houston Astros going into Game 4 of the Americal League Championship Series Thursday night at Yankee Stadium. Executive Producer for Sports Chris Scaglione breaks down what the team has to do next to even up.,What Yankees need to do to tie up ALCS,Generate a news headline. Category: sports Article summary: The New York Yankees are 1-2 against the Houston Astros going into Game 4 of the Americal League Championship Series Thursday night at Yankee Stadium. Executive Producer for Sports Chris Scaglione breaks down what the team has to do next to even up.,What Yankees need to do to tie up ALCS,43,9,True,0.008259008,0,https://assets.msn.com/labs/mind/AAIWnNk.html,New York Yankees 1-2 against Astros in Americal League Championship Series,False
generic-006603,generic,test,60775,N23271,sports,football_nfl,The New England Patriots decided to pull a on tight end Ben Watson over the last week. The Patriots re-signed the -year-old tight end Tuesday. The move came just eight,What Can Patriots Expect From Their New-Look Tight End Depth Chart?,Generate a news headline. Category: sports Article summary: The New England Patriots decided to pull a on tight end Ben Watson over the last week. The Patriots re-signed the -year-old tight end Tuesday. The move came just eight,What Can Patriots Expect From Their New-Look Tight End Depth Chart?,30,11,True,0.00011567003,0,https://assets.msn.com/labs/mind/AAIRQs1.html,Patriots re-sign Ben Watson,False
generic-006604,generic,test,59673,N13352,news,newspolitics,A panel of fisheries regulators took a first step Monday that could lead to a freeze on catching menhaden in the Chesapeake Bay. The menhaden panel of the Atlantic States Marine Fisheries Commission unanimously found Virginia was out of compliance with the sharply lower cap on the Bay catch the commission set two years ago. The finding next goes to the the full commission's policy ...,Regulators say Virginia firm caught more menhaden in Bay than allowed. Feds will decide what happens.,Generate a news headline. Category: news Article summary: A panel of fisheries regulators took a first step Monday that could lead to a freeze on catching menhaden in the Chesapeake Bay. The menhaden panel of the Atlantic States Marine Fisheries Commission unanimously found Virginia was out of compliance with the sharply lower cap on the Bay catch the commission set two years ago. The finding next goes to the the full commission's policy ...,Regulators say Virginia firm caught more menhaden in Bay than allowed. Feds will decide what happens.,66,16,True,8.9832625e-05,0,https://assets.msn.com/labs/mind/AAJv6Nz.html,Fisheries regulators take first step in catching menhaden in Chesapeake Bay,False
generic-006605,generic,test,56687,N29293,news,newscrime,"Police in Cocoa say a person was shot during a home invasion early Monday. It happened in the Arlington Apartments along Jackson Street, near West King Street. Police said three people forced their way into the home and an adult resident was shot. Police said the victim was airlifted to a hospital, but is expected to survive. Further details were not immediately available. READ MORE:Person shot during home invasion in Cocoa, police say CHECK OUT...","Person shot during home invasion in Cocoa, police say","Generate a news headline. Category: news Article summary: Police in Cocoa say a person was shot during a home invasion early Monday. It happened in the Arlington Apartments along Jackson Street, near West King Street. Police said three people forced their way into the home and an adult resident was shot. Police said the victim was airlifted to a hospital, but is expected to survive. Further details were not immediately available. READ MORE:Person shot during home invasion in Cocoa, police say CHECK OUT...","Person shot during home invasion in Cocoa, police say",75,9,True,7.685797e-05,0,https://assets.msn.com/labs/mind/AAIKTEC.html,A person shot during home invasion in Cocoa,False
generic-006606,generic,test,18573,N53358,news,newspolitics,OKLAHOMA CITY (AP) The Latest on a plan to create a bipartisan redistrict commission in Oklahoma (all times local): 3:20 p.m. The founder of a group that wants a bipartisan commission to redraw Oklahoma's legislative and congressional districts says the plan would help stop gerrymandering and prevent politicians from picking their own voters. A coalition of groups filed an initiative petition with the Oklahoma Secretary of State's Office on...,The Latest: Petition would create redistricting commission,Generate a news headline. Category: news Article summary: OKLAHOMA CITY (AP) The Latest on a plan to create a bipartisan redistrict commission in Oklahoma (all times local): 3:20 p.m. The founder of a group that wants a bipartisan commission to redraw Oklahoma's legislative and congressional districts says the plan would help stop gerrymandering and prevent politicians from picking their own voters. A coalition of groups filed an initiative petition with the Oklahoma Secretary of State's Office on...,The Latest: Petition would create redistricting commission,69,7,True,0.00018625044,0,https://assets.msn.com/labs/mind/AAJuNjl.html,The Latest on a plan to redraw Oklahoma's legislative and congressional districts,False
