seed_id,objective,objective_name,category,summary,display_label,display_order,variant,candidate_id,candidate_source,headline,is_recommended,recommendation_summary,quality_score,risk_score,audience_score,audience_signal,objective_fit_score,support_score,evidence_support_score,recommendation_score,base_objective_score,persona_adjustment,clickbait_penalty,pred_overall,persona_mean_overall,summary_support_rate,llm_overall,hidden_candidate_pool_size,hidden_candidate_source_count,roles,unified_decision_score,decision_explanation
1,editorial,Editorial,news,"There's really nothing easy about being a NASA astronaut on the International Space Station, and the same goes for spacewalking outside of the orbiting laboratory. It's hard work, and when spacewalks stretch on for hours and hours, you have to be in excellent physical condition to make it through.",Human baseline,1,original,original,human_editor,NASA's Christina Koch got a little bit messy during first all-female spacewalk,False,Original human-written headline used as the editorial reference point.,0.445802,8.189999999996811e-05,0.75,persona voted,0.6027659070833333,0.0,0.0,3.6165954425,3.3415954425,0.275,0.9999181,3.1843004,3.75,0.0,3.0,12,8,Human baseline,0.419243,Not selected because it has higher risk by 1.00; lower quality by 0.30; weaker Editorial objective fit by 0.37.
1,editorial,Editorial,news,"There's really nothing easy about being a NASA astronaut on the International Space Station, and the same goes for spacewalking outside of the orbiting laboratory. It's hard work, and when spacewalks stretch on for hours and hours, you have to be in excellent physical condition to make it through.",Low-risk alternative,3,agentic_candidate,1_c1,agentic_generator_v3_candidate,NASA Astronauts Face Challenges of Long Spacewalks on ISS,False,Selected from the hidden candidate pool for low clickbait risk while keeping predicted quality.,0.733051,0.9999088314652909,0.5,neutral fallback,0.839061779011293,0.2857142857142857,0.2857142857142857,5.034370674067758,5.034370674067758,0.0,9.116853470914066e-05,4.623830318450928,,0.2857142857142857,,12,8,Low-risk alternative,0.791311,Not selected because it has weaker Editorial objective fit by 0.13; weaker audience fit by 0.45.
1,editorial,Editorial,news,"There's really nothing easy about being a NASA astronaut on the International Space Station, and the same goes for spacewalking outside of the orbiting laboratory. It's hard work, and when spacewalks stretch on for hours and hours, you have to be in excellent physical condition to make it through.",Recommended,4,zero_shot,zero_shot,api_zero_shot_generator,NASA Astronauts on ISS Face Challenges of Long Spacewalks,True,"Prioritizes balanced, compact, publication-ready news headlines. Risk is low after folding clickbait into the safety score. Audience/persona scoring favors it. The local quality critic rates it highly.",0.746741,0.999889174294,0.95,persona voted,0.9715268386078332,0.2857142857142857,0.2857142857142857,5.829161031646999,5.104161031646999,0.725,0.000110825706,4.7216196,4.75,0.2857142857142857,5.0,12,8,GenAI baseline; Recommended,0.896713,"Prioritizes balanced, compact, publication-ready news headlines. Risk is low after folding clickbait into the safety score. Audience/persona scoring favors it. The local quality critic rates it highly."
1,growth,Growth,news,"There's really nothing easy about being a NASA astronaut on the International Space Station, and the same goes for spacewalking outside of the orbiting laboratory. It's hard work, and when spacewalks stretch on for hours and hours, you have to be in excellent physical condition to make it through.",Human baseline,1,original,original,human_editor,NASA's Christina Koch got a little bit messy during first all-female spacewalk,False,Original human-written headline used as the editorial reference point.,0.445802,8.189999999996811e-05,0.75,persona voted,0.5992607766666667,0.0,0.0,3.59556466,3.19556466,0.3999999999999999,0.9999181,3.1843004,3.75,0.0,3.0,12,8,Human baseline,0.478745,Not selected because it has higher risk by 1.00; lower quality by 0.30; weaker Growth objective fit by 0.25.
1,growth,Growth,news,"There's really nothing easy about being a NASA astronaut on the International Space Station, and the same goes for spacewalking outside of the orbiting laboratory. It's hard work, and when spacewalks stretch on for hours and hours, you have to be in excellent physical condition to make it through.",Low-risk alternative,3,agentic_candidate,1_c1,agentic_generator_v3_candidate,NASA Astronauts Face Challenges of Long Spacewalks on ISS,False,Selected from the hidden candidate pool for low clickbait risk while keeping predicted quality.,0.733051,0.9999088314652909,0.5,neutral fallback,0.7913049325946,0.2857142857142857,0.2857142857142857,4.7478295955676,4.7478295955676,0.0,9.116853470914066e-05,4.623830318450928,,0.2857142857142857,,12,8,Low-risk alternative,0.745636,Not selected because it has weaker Growth objective fit by 0.06; weaker audience fit by 0.45.
1,growth,Growth,news,"There's really nothing easy about being a NASA astronaut on the International Space Station, and the same goes for spacewalking outside of the orbiting laboratory. It's hard work, and when spacewalks stretch on for hours and hours, you have to be in excellent physical condition to make it through.",Recommended,4,zero_shot,zero_shot,api_zero_shot_generator,NASA Astronauts on ISS Face Challenges of Long Spacewalks,True,Prioritizes engaging headlines while still controlling clickbait and trust risk. Risk is low after folding clickbait into the safety score. Audience/persona scoring favors it. The local quality critic rates it highly.,0.746741,0.999889174294,0.95,persona voted,0.8500612095004837,0.2857142857142857,0.2857142857142857,5.100367257002902,4.825367257002902,0.2749999999999999,0.000110825706,4.7216196,4.75,0.2857142857142857,5.0,12,8,GenAI baseline; Recommended,0.879181,Prioritizes engaging headlines while still controlling clickbait and trust risk. Risk is low after folding clickbait into the safety score. Audience/persona scoring favors it. The local quality critic rates it highly.
1,specificity,Specificity,news,"There's really nothing easy about being a NASA astronaut on the International Space Station, and the same goes for spacewalking outside of the orbiting laboratory. It's hard work, and when spacewalks stretch on for hours and hours, you have to be in excellent physical condition to make it through.",Human baseline,1,original,original,human_editor,NASA's Christina Koch got a little bit messy during first all-female spacewalk,False,Original human-written headline used as the editorial reference point.,0.445802,8.189999999996811e-05,0.75,persona voted,0.5296796725,0.0,0.0,3.178078035,3.040578035,0.1375,0.9999181,3.1843004,3.75,0.0,3.0,12,8,Human baseline,0.447109,Not selected because it has higher risk by 1.00; lower quality by 0.30; weaker Specificity objective fit by 0.37.
1,specificity,Specificity,news,"There's really nothing easy about being a NASA astronaut on the International Space Station, and the same goes for spacewalking outside of the orbiting laboratory. It's hard work, and when spacewalks stretch on for hours and hours, you have to be in excellent physical condition to make it through.",Low-risk alternative,3,agentic_candidate,1_c1,agentic_generator_v3_candidate,NASA Astronauts Face Challenges of Long Spacewalks on ISS,False,Selected from the hidden candidate pool for low clickbait risk while keeping predicted quality.,0.733051,0.9999088314652909,0.5,neutral fallback,0.8079356129740994,0.2857142857142857,0.2857142857142857,4.847613677844596,4.847613677844596,0.0,9.116853470914066e-05,4.623830318450928,,0.2857142857142857,,12,8,Low-risk alternative,0.783473,Not selected because it has weaker Specificity objective fit by 0.09; weaker audience fit by 0.45.
1,specificity,Specificity,news,"There's really nothing easy about being a NASA astronaut on the International Space Station, and the same goes for spacewalking outside of the orbiting laboratory. It's hard work, and when spacewalks stretch on for hours and hours, you have to be in excellent physical condition to make it through.",Recommended,4,zero_shot,zero_shot,api_zero_shot_generator,NASA Astronauts on ISS Face Challenges of Long Spacewalks,True,"Prioritizes concrete, source-supported details without losing clarity. Risk is low after folding clickbait into the safety score. Audience/persona scoring favors it. The local quality critic rates it highly.",0.746741,0.999889174294,0.95,persona voted,0.896737499762526,0.2857142857142857,0.2857142857142857,5.380424998575156,4.930424998575156,0.45,0.000110825706,4.7216196,4.75,0.2857142857142857,5.0,12,8,GenAI baseline; Recommended,0.872538,"Prioritizes concrete, source-supported details without losing clarity. Risk is low after folding clickbait into the safety score. Audience/persona scoring favors it. The local quality critic rates it highly."
1,trust_safety,Trust / Safety,news,"There's really nothing easy about being a NASA astronaut on the International Space Station, and the same goes for spacewalking outside of the orbiting laboratory. It's hard work, and when spacewalks stretch on for hours and hours, you have to be in excellent physical condition to make it through.",Human baseline,1,original,original,human_editor,NASA's Christina Koch got a little bit messy during first all-female spacewalk,False,Original human-written headline used as the editorial reference point.,0.445802,8.189999999996811e-05,0.75,persona voted,0.5407798775,0.0,0.0,3.244679265,2.932179265,0.3125,0.9999181,3.1843004,3.75,0.0,3.0,12,8,Human baseline,0.354425,Not selected because it has higher risk by 1.00; lower quality by 0.30; weaker Trust / Safety objective fit by 0.43.
1,trust_safety,Trust / Safety,news,"There's really nothing easy about being a NASA astronaut on the International Space Station, and the same goes for spacewalking outside of the orbiting laboratory. It's hard work, and when spacewalks stretch on for hours and hours, you have to be in excellent physical condition to make it through.",Low-risk alternative,3,agentic_candidate,1_c1,agentic_generator_v3_candidate,NASA Astronauts Face Challenges of Long Spacewalks on ISS,False,Selected from the hidden candidate pool for low clickbait risk while keeping predicted quality.,0.733051,0.9999088314652909,0.5,neutral fallback,0.8422807101984896,0.2857142857142857,0.2857142857142857,5.053684261190938,5.053684261190938,0.0,9.116853470914066e-05,4.623830318450928,,0.2857142857142857,,12,8,Low-risk alternative,0.81334,Not selected because it has weaker Trust / Safety objective fit by 0.13; weaker audience fit by 0.45.
1,trust_safety,Trust / Safety,news,"There's really nothing easy about being a NASA astronaut on the International Space Station, and the same goes for spacewalking outside of the orbiting laboratory. It's hard work, and when spacewalks stretch on for hours and hours, you have to be in excellent physical condition to make it through.",Recommended,4,zero_shot,zero_shot,api_zero_shot_generator,NASA Astronauts on ISS Face Challenges of Long Spacewalks,True,"Prioritizes factual, clear, non-clickbait headlines for trust-sensitive surfaces. Risk is low after folding clickbait into the safety score. Audience/persona scoring favors it. The local quality critic rates it highly.",0.746741,0.999889174294,0.95,persona voted,0.9732894262156667,0.2857142857142857,0.2857142857142857,5.8397365572940005,5.102236557294001,0.7374999999999999,0.000110825706,4.7216196,4.75,0.2857142857142857,5.0,12,8,GenAI baseline; Recommended,0.911141,"Prioritizes factual, clear, non-clickbait headlines for trust-sensitive surfaces. Risk is low after folding clickbait into the safety score. Audience/persona scoring favors it. The local quality critic rates it highly."
2,editorial,Editorial,foodanddrink,"LODI -- Spain's king of red grapes, Tempranillo, has found a home in Lodi, where talented growers and winemakers respect and know how to handle the variety. To celebrate International Tempranillo Day, Bokisch Vineyards is putting on the fourth annual Lodi Tour of Tempranillo Friday through Sunday. This year, 13 boutique wineries in the Lodi American Viticultural Area will showcase their ...",GenAI baseline,2,zero_shot,zero_shot,api_zero_shot_generator,Lodi Celebrates International Tempranillo Day with Winery Tour and Tastings,False,Direct GenAI headline used as the strongest simple generation baseline.,0.857058,0.99989256635,1.0,persona voted,0.9704624905291667,0.625,0.625,5.822774943175,5.172774943175,0.65,0.00010743365,4.782557,5.0,0.625,5.0,12,8,GenAI baseline,0.942559,"Strong baseline candidate, but the selector found a better match for this objective."
2,editorial,Editorial,foodanddrink,"LODI -- Spain's king of red grapes, Tempranillo, has found a home in Lodi, where talented growers and winemakers respect and know how to handle the variety. To celebrate International Tempranillo Day, Bokisch Vineyards is putting on the fourth annual Lodi Tour of Tempranillo Friday through Sunday. This year, 13 boutique wineries in the Lodi American Viticultural Area will showcase their ...",Low-risk alternative,3,agentic_candidate,2_c2,agentic_generator_v3_candidate,Bokisch Vineyards Hosts Fourth Annual Lodi Tour of Tempranillo,False,Selected from the hidden candidate pool for low clickbait risk while keeping predicted quality.,0.933542,0.9999249235916068,0.5,neutral fallback,0.8635533284489307,0.875,0.875,5.181319970693584,5.181319970693584,0.0,7.507640839321539e-05,4.793154716491699,,0.875,,12,8,Low-risk alternative,0.867609,Not selected because it has weaker Editorial objective fit by 0.11; weaker audience fit by 0.50.
2,editorial,Editorial,foodanddrink,"LODI -- Spain's king of red grapes, Tempranillo, has found a home in Lodi, where talented growers and winemakers respect and know how to handle the variety. To celebrate International Tempranillo Day, Bokisch Vineyards is putting on the fourth annual Lodi Tour of Tempranillo Friday through Sunday. This year, 13 boutique wineries in the Lodi American Viticultural Area will showcase their ...",Recommended,4,original,original,human_editor,Tour of Tempranillo offers taste of Lodi's take on the Spanish varietal,True,"Prioritizes balanced, compact, publication-ready news headlines. Risk is low after folding clickbait into the safety score. Audience/persona scoring favors it. The local quality critic rates it highly.",0.738379,0.997913006,1.0,persona voted,0.9728311563333332,0.25,0.25,5.836986937999999,5.111986937999999,0.725,0.002086994,4.738424,5.0,0.25,4.0,12,8,Human baseline; Recommended,0.901119,"Prioritizes balanced, compact, publication-ready news headlines. Risk is low after folding clickbait into the safety score. Audience/persona scoring favors it. The local quality critic rates it highly."
2,growth,Growth,foodanddrink,"LODI -- Spain's king of red grapes, Tempranillo, has found a home in Lodi, where talented growers and winemakers respect and know how to handle the variety. To celebrate International Tempranillo Day, Bokisch Vineyards is putting on the fourth annual Lodi Tour of Tempranillo Friday through Sunday. This year, 13 boutique wineries in the Lodi American Viticultural Area will showcase their ...",Human baseline,1,original,original,human_editor,Tour of Tempranillo offers taste of Lodi's take on the Spanish varietal,False,Original human-written headline used as the editorial reference point.,0.738379,0.997913006,1.0,persona voted,0.94775726035,0.25,0.25,5.6865435621,4.8365435621,0.85,0.002086994,4.738424,5.0,0.25,4.0,12,8,Human baseline,0.918505,Not selected because it has lower quality by 0.12; less summary support by 0.38.
2,growth,Growth,foodanddrink,"LODI -- Spain's king of red grapes, Tempranillo, has found a home in Lodi, where talented growers and winemakers respect and know how to handle the variety. To celebrate International Tempranillo Day, Bokisch Vineyards is putting on the fourth annual Lodi Tour of Tempranillo Friday through Sunday. This year, 13 boutique wineries in the Lodi American Viticultural Area will showcase their ...",Low-risk alternative,3,agentic_candidate,2_c2,agentic_generator_v3_candidate,Bokisch Vineyards Hosts Fourth Annual Lodi Tour of Tempranillo,False,Selected from the hidden candidate pool for low clickbait risk while keeping predicted quality.,0.933542,0.9999249235916068,0.5,neutral fallback,0.8209453696947094,0.875,0.875,4.925672218168256,4.925672218168256,0.0,7.507640839321539e-05,4.793154716491699,,0.875,,12,8,Low-risk alternative,0.804654,Not selected because it has weaker Growth objective fit by 0.13; weaker audience fit by 0.50.
2,growth,Growth,foodanddrink,"LODI -- Spain's king of red grapes, Tempranillo, has found a home in Lodi, where talented growers and winemakers respect and know how to handle the variety. To celebrate International Tempranillo Day, Bokisch Vineyards is putting on the fourth annual Lodi Tour of Tempranillo Friday through Sunday. This year, 13 boutique wineries in the Lodi American Viticultural Area will showcase their ...",Recommended,4,zero_shot,zero_shot,api_zero_shot_generator,Lodi Celebrates International Tempranillo Day with Winery Tour and Tastings,True,Prioritizes engaging headlines while still controlling clickbait and trust risk. Risk is low after folding clickbait into the safety score. Audience/persona scoring favors it. The local quality critic rates it highly. Its main terms are supported by the article summary.,0.857058,0.99989256635,1.0,persona voted,0.9525195713704168,0.625,0.625,5.7151174282225,4.9151174282225005,0.7999999999999999,0.00010743365,4.782557,5.0,0.625,5.0,12,8,GenAI baseline; Recommended,0.949999,Prioritizes engaging headlines while still controlling clickbait and trust risk. Risk is low after folding clickbait into the safety score. Audience/persona scoring favors it. The local quality critic rates it highly. Its main terms are supported by the article summary.
2,specificity,Specificity,foodanddrink,"LODI -- Spain's king of red grapes, Tempranillo, has found a home in Lodi, where talented growers and winemakers respect and know how to handle the variety. To celebrate International Tempranillo Day, Bokisch Vineyards is putting on the fourth annual Lodi Tour of Tempranillo Friday through Sunday. This year, 13 boutique wineries in the Lodi American Viticultural Area will showcase their ...",Human baseline,1,original,original,human_editor,Tour of Tempranillo offers taste of Lodi's take on the Spanish varietal,False,Original human-written headline used as the editorial reference point.,0.738379,0.997913006,1.0,persona voted,0.9225315054499997,0.25,0.25,5.535189032699998,4.9351890326999985,0.6,0.002086994,4.738424,5.0,0.25,4.0,12,8,Human baseline,0.88634,Not selected because it has lower quality by 0.12; less summary support by 0.38.
2,specificity,Specificity,foodanddrink,"LODI -- Spain's king of red grapes, Tempranillo, has found a home in Lodi, where talented growers and winemakers respect and know how to handle the variety. To celebrate International Tempranillo Day, Bokisch Vineyards is putting on the fourth annual Lodi Tour of Tempranillo Friday through Sunday. This year, 13 boutique wineries in the Lodi American Viticultural Area will showcase their ...",Low-risk alternative,3,agentic_candidate,2_c2,agentic_generator_v3_candidate,Bokisch Vineyards Hosts Fourth Annual Lodi Tour of Tempranillo,False,Selected from the hidden candidate pool for low clickbait risk while keeping predicted quality.,0.933542,0.9999249235916068,0.5,neutral fallback,0.8547966817229583,0.875,0.875,5.12878009033775,5.12878009033775,0.0,7.507640839321539e-05,4.793154716491699,,0.875,,12,8,Low-risk alternative,0.86471,Not selected because it has weaker Specificity objective fit by 0.09; weaker audience fit by 0.50.
2,specificity,Specificity,foodanddrink,"LODI -- Spain's king of red grapes, Tempranillo, has found a home in Lodi, where talented growers and winemakers respect and know how to handle the variety. To celebrate International Tempranillo Day, Bokisch Vineyards is putting on the fourth annual Lodi Tour of Tempranillo Friday through Sunday. This year, 13 boutique wineries in the Lodi American Viticultural Area will showcase their ...",Recommended,4,zero_shot,zero_shot,api_zero_shot_generator,Lodi Celebrates International Tempranillo Day with Winery Tour and Tastings,True,"Prioritizes concrete, source-supported details without losing clarity. Risk is low after folding clickbait into the safety score. Audience/persona scoring favors it. The local quality critic rates it highly. Its main terms are supported by the article summary.",0.857058,0.99989256635,1.0,persona voted,0.9446008616429165,0.625,0.625,5.667605169857499,5.067605169857499,0.6,0.00010743365,4.782557,5.0,0.625,5.0,12,8,GenAI baseline; Recommended,0.932172,"Prioritizes concrete, source-supported details without losing clarity. Risk is low after folding clickbait into the safety score. Audience/persona scoring favors it. The local quality critic rates it highly. Its main terms are supported by the article summary."
2,trust_safety,Trust / Safety,foodanddrink,"LODI -- Spain's king of red grapes, Tempranillo, has found a home in Lodi, where talented growers and winemakers respect and know how to handle the variety. To celebrate International Tempranillo Day, Bokisch Vineyards is putting on the fourth annual Lodi Tour of Tempranillo Friday through Sunday. This year, 13 boutique wineries in the Lodi American Viticultural Area will showcase their ...",GenAI baseline,2,zero_shot,zero_shot,api_zero_shot_generator,Lodi Celebrates International Tempranillo Day with Winery Tour and Tastings,False,Direct GenAI headline used as the strongest simple generation baseline.,0.857058,0.99989256635,1.0,persona voted,0.9555591177249999,0.625,0.625,5.733354706349999,5.13335470635,0.6,0.00010743365,4.782557,5.0,0.625,5.0,12,8,GenAI baseline,0.948192,"Strong baseline candidate, but the selector found a better match for this objective."
2,trust_safety,Trust / Safety,foodanddrink,"LODI -- Spain's king of red grapes, Tempranillo, has found a home in Lodi, where talented growers and winemakers respect and know how to handle the variety. To celebrate International Tempranillo Day, Bokisch Vineyards is putting on the fourth annual Lodi Tour of Tempranillo Friday through Sunday. This year, 13 boutique wineries in the Lodi American Viticultural Area will showcase their ...",Low-risk alternative,3,agentic_candidate,2_c2,agentic_generator_v3_candidate,Bokisch Vineyards Hosts Fourth Annual Lodi Tour of Tempranillo,False,Selected from the hidden candidate pool for low clickbait risk while keeping predicted quality.,0.933542,0.9999249235916068,0.5,neutral fallback,0.8562932116476684,0.875,0.875,5.13775926988601,5.13775926988601,0.0,7.507640839321539e-05,4.793154716491699,,0.875,,12,8,Low-risk alternative,0.876295,Not selected because it has weaker Trust / Safety objective fit by 0.12; weaker audience fit by 0.50.
2,trust_safety,Trust / Safety,foodanddrink,"LODI -- Spain's king of red grapes, Tempranillo, has found a home in Lodi, where talented growers and winemakers respect and know how to handle the variety. To celebrate International Tempranillo Day, Bokisch Vineyards is putting on the fourth annual Lodi Tour of Tempranillo Friday through Sunday. This year, 13 boutique wineries in the Lodi American Viticultural Area will showcase their ...",Recommended,4,original,original,human_editor,Tour of Tempranillo offers taste of Lodi's take on the Spanish varietal,True,"Prioritizes factual, clear, non-clickbait headlines for trust-sensitive surfaces. Risk is low after folding clickbait into the safety score. Audience/persona scoring favors it. The local quality critic rates it highly.",0.738379,0.997913006,1.0,persona voted,0.9750325193333333,0.25,0.25,5.850195116,5.100195116,0.75,0.002086994,4.738424,5.0,0.25,4.0,12,8,Human baseline; Recommended,0.91579,"Prioritizes factual, clear, non-clickbait headlines for trust-sensitive surfaces. Risk is low after folding clickbait into the safety score. Audience/persona scoring favors it. The local quality critic rates it highly."
3,editorial,Editorial,travel,"Today, roller coasters have become instruments of adrenaline (or torture, depending on your perspective). They break speed records, hurl passengers through space, and some are even designed to trick riders.",Human baseline,1,original,original,human_editor,The Best Roller Coasters Around the World,False,Original human-written headline used as the editorial reference point.,0.510922,5.734000000001682e-05,0.75,persona voted,0.5598925635833333,0.4,0.4,3.3593553815,2.9343553815,0.425,0.99994266,2.7922997,3.75,0.4,3.0,12,8,Human baseline,0.43131,Not selected because it has higher risk by 1.00; lower quality by 0.33; weaker Editorial objective fit by 0.34.
3,editorial,Editorial,travel,"Today, roller coasters have become instruments of adrenaline (or torture, depending on your perspective). They break speed records, hurl passengers through space, and some are even designed to trick riders.",Low-risk alternative,3,agentic_candidate,3_c2,agentic_generator_v3_candidate,Modern Roller Coasters Break Speed Records and Defy Expectations,False,Selected from the hidden candidate pool for low clickbait risk while keeping predicted quality.,0.776213,0.9998505368712359,0.5,neutral fallback,0.7906095039089753,0.625,0.625,4.743657023453852,4.743657023453852,0.0,0.0001494631287641,4.205091953277588,,0.625,,12,8,Low-risk alternative,0.79429,Not selected because it has lower quality by 0.07; weaker Editorial objective fit by 0.10; weaker audience fit by 0.30.
3,editorial,Editorial,travel,"Today, roller coasters have become instruments of adrenaline (or torture, depending on your perspective). They break speed records, hurl passengers through space, and some are even designed to trick riders.",Recommended,4,zero_shot,zero_shot,api_zero_shot_generator,Roller Coasters Today: Speed Records and Thrilling Designs,True,"Prioritizes balanced, compact, publication-ready news headlines. Risk is low after folding clickbait into the safety score. Audience/persona scoring favors it. Its main terms are supported by the article summary.",0.841885,0.99963508063,0.8,persona voted,0.8951126858858333,0.7142857142857143,0.7142857142857143,5.370676115315,4.970676115314999,0.4,0.00036491937,4.482851,4.0,0.7142857142857143,5.0,12,8,GenAI baseline; Recommended,0.888347,"Prioritizes balanced, compact, publication-ready news headlines. Risk is low after folding clickbait into the safety score. Audience/persona scoring favors it. Its main terms are supported by the article summary."
3,growth,Growth,travel,"Today, roller coasters have become instruments of adrenaline (or torture, depending on your perspective). They break speed records, hurl passengers through space, and some are even designed to trick riders.",Human baseline,1,original,original,human_editor,The Best Roller Coasters Around the World,False,Original human-written headline used as the editorial reference point.,0.510922,5.734000000001682e-05,0.75,persona voted,0.49364989516666663,0.4,0.4,2.961899371,2.8868993709999997,0.075,0.99994266,2.7922997,3.75,0.4,3.0,12,8,Human baseline,0.463337,Not selected because it has higher risk by 1.00; lower quality by 0.33; weaker Growth objective fit by 0.41.
3,growth,Growth,travel,"Today, roller coasters have become instruments of adrenaline (or torture, depending on your perspective). They break speed records, hurl passengers through space, and some are even designed to trick riders.",Low-risk alternative,3,agentic_candidate,3_c2,agentic_generator_v3_candidate,Modern Roller Coasters Break Speed Records and Defy Expectations,False,Selected from the hidden candidate pool for low clickbait risk while keeping predicted quality.,0.776213,0.9998505368712359,0.5,neutral fallback,0.7440602575608257,0.625,0.625,4.464361545364954,4.464361545364954,0.0,0.0001494631287641,4.205091953277588,,0.625,,12,8,Low-risk alternative,0.742241,Not selected because it has lower quality by 0.07; weaker Growth objective fit by 0.16; weaker audience fit by 0.30.
3,growth,Growth,travel,"Today, roller coasters have become instruments of adrenaline (or torture, depending on your perspective). They break speed records, hurl passengers through space, and some are even designed to trick riders.",Recommended,4,zero_shot,zero_shot,api_zero_shot_generator,Roller Coasters Today: Speed Records and Thrilling Designs,True,Prioritizes engaging headlines while still controlling clickbait and trust risk. Risk is low after folding clickbait into the safety score. Audience/persona scoring favors it. Its main terms are supported by the article summary.,0.841885,0.99963508063,0.8,persona voted,0.9014537622034168,0.7142857142857143,0.7142857142857143,5.4087225732205,4.7087225732205,0.7000000000000001,0.00036491937,4.482851,4.0,0.7142857142857143,5.0,12,8,GenAI baseline; Recommended,0.880834,Prioritizes engaging headlines while still controlling clickbait and trust risk. Risk is low after folding clickbait into the safety score. Audience/persona scoring favors it. Its main terms are supported by the article summary.
3,specificity,Specificity,travel,"Today, roller coasters have become instruments of adrenaline (or torture, depending on your perspective). They break speed records, hurl passengers through space, and some are even designed to trick riders.",Human baseline,1,original,original,human_editor,The Best Roller Coasters Around the World,False,Original human-written headline used as the editorial reference point.,0.510922,5.734000000001682e-05,0.75,persona voted,0.5114452173333334,0.4,0.4,3.068671304,2.599921304,0.46875,0.99994266,2.7922997,3.75,0.4,3.0,12,8,Human baseline,0.458436,Not selected because it has higher risk by 1.00; lower quality by 0.33; weaker Specificity objective fit by 0.36.
3,specificity,Specificity,travel,"Today, roller coasters have become instruments of adrenaline (or torture, depending on your perspective). They break speed records, hurl passengers through space, and some are even designed to trick riders.",Low-risk alternative,3,agentic_candidate,3_c2,agentic_generator_v3_candidate,Modern Roller Coasters Break Speed Records and Defy Expectations,False,Selected from the hidden candidate pool for low clickbait risk while keeping predicted quality.,0.776213,0.9998505368712359,0.5,neutral fallback,0.7567776698982925,0.625,0.625,4.5406660193897554,4.5406660193897554,0.0,0.0001494631287641,4.205091953277588,,0.625,,12,8,Low-risk alternative,0.773391,Not selected because it has lower quality by 0.07; weaker Specificity objective fit by 0.11; weaker audience fit by 0.30.
3,specificity,Specificity,travel,"Today, roller coasters have become instruments of adrenaline (or torture, depending on your perspective). They break speed records, hurl passengers through space, and some are even designed to trick riders.",Recommended,4,zero_shot,zero_shot,api_zero_shot_generator,Roller Coasters Today: Speed Records and Thrilling Designs,True,"Prioritizes concrete, source-supported details without losing clarity. Risk is low after folding clickbait into the safety score. Audience/persona scoring favors it. Its main terms are supported by the article summary.",0.841885,0.99963508063,0.8,persona voted,0.8696438190234405,0.7142857142857143,0.7142857142857143,5.2178629141406425,4.8116129141406425,0.40625,0.00036491937,4.482851,4.0,0.7142857142857143,5.0,12,8,GenAI baseline; Recommended,0.87385,"Prioritizes concrete, source-supported details without losing clarity. Risk is low after folding clickbait into the safety score. Audience/persona scoring favors it. Its main terms are supported by the article summary."
3,trust_safety,Trust / Safety,travel,"Today, roller coasters have become instruments of adrenaline (or torture, depending on your perspective). They break speed records, hurl passengers through space, and some are even designed to trick riders.",Human baseline,1,original,original,human_editor,The Best Roller Coasters Around the World,False,Original human-written headline used as the editorial reference point.,0.510922,5.734000000001682e-05,0.75,persona voted,0.47167473849999997,0.4,0.4,2.830048431,2.405048431,0.425,0.99994266,2.7922997,3.75,0.4,3.0,12,8,Human baseline,0.360132,Not selected because it has higher risk by 1.00; lower quality by 0.33; weaker Trust / Safety objective fit by 0.45.
3,trust_safety,Trust / Safety,travel,"Today, roller coasters have become instruments of adrenaline (or torture, depending on your perspective). They break speed records, hurl passengers through space, and some are even designed to trick riders.",Low-risk alternative,3,agentic_candidate,3_c2,agentic_generator_v3_candidate,Modern Roller Coasters Break Speed Records and Defy Expectations,False,Selected from the hidden candidate pool for low clickbait risk while keeping predicted quality.,0.776213,0.9998505368712359,0.5,neutral fallback,0.7987252416690657,0.625,0.625,4.792351450014394,4.792351450014394,0.0,0.0001494631287641,4.205091953277588,,0.625,,12,8,Low-risk alternative,0.817557,Not selected because it has lower quality by 0.07; weaker Trust / Safety objective fit by 0.13; weaker audience fit by 0.30.
3,trust_safety,Trust / Safety,travel,"Today, roller coasters have become instruments of adrenaline (or torture, depending on your perspective). They break speed records, hurl passengers through space, and some are even designed to trick riders.",Recommended,4,zero_shot,zero_shot,api_zero_shot_generator,Roller Coasters Today: Speed Records and Thrilling Designs,True,"Prioritizes factual, clear, non-clickbait headlines for trust-sensitive surfaces. Risk is low after folding clickbait into the safety score. Audience/persona scoring favors it. Its main terms are supported by the article summary.",0.841885,0.99963508063,0.8,persona voted,0.9260024067716667,0.7142857142857143,0.7142857142857143,5.55601444063,4.98101444063,0.5750000000000001,0.00036491937,4.482851,4.0,0.7142857142857143,5.0,12,8,GenAI baseline; Recommended,0.907638,"Prioritizes factual, clear, non-clickbait headlines for trust-sensitive surfaces. Risk is low after folding clickbait into the safety score. Audience/persona scoring favors it. Its main terms are supported by the article summary."
4,editorial,Editorial,sports,"The Seattle Seahawks once again rallied for a win, this time over the previously unbeaten 49ers. And this Seattle team is for real, writes Mike Jones.",Human baseline,1,original,original,human_editor,We always believe': Win over 49ers proves Seattle Seahawks' mindset is more than just lip service,False,Original human-written headline used as the editorial reference point.,0.606416,0.99975212867,0.75,persona voted,0.7465245041669445,0.2857142857142857,0.2857142857142857,4.479147025001667,4.304147025001667,0.175,0.00024787133,3.719298,3.75,0.2857142857142857,4.0,12,8,Human baseline,0.761315,Not selected because it has lower quality by 0.20; weaker Editorial objective fit by 0.22; weaker audience fit by 0.25.
4,editorial,Editorial,sports,"The Seattle Seahawks once again rallied for a win, this time over the previously unbeaten 49ers. And this Seattle team is for real, writes Mike Jones.",Low-risk alternative,3,generic_sft,generic_sft,generic_sft_generator,Seattle Seahawks win over 49ers,False,Selected from the hidden candidate pool for low clickbait risk while keeping predicted quality.,0.964614,0.99992341142,0.6,persona voted,0.8740198678961111,1.0,1.0,5.2441192073766665,5.044119207376666,0.2,7.658858e-05,4.7472425,3.0,1.0,4.0,12,8,Low-risk alternative,0.896101,Not selected because it has weaker Editorial objective fit by 0.09; weaker audience fit by 0.40.
4,editorial,Editorial,sports,"The Seattle Seahawks once again rallied for a win, this time over the previously unbeaten 49ers. And this Seattle team is for real, writes Mike Jones.",Recommended,4,zero_shot,zero_shot,api_zero_shot_generator,Seattle Seahawks Defeat Unbeaten 49ers in a Thrilling Comeback Victory,True,"Prioritizes balanced, compact, publication-ready news headlines. Risk is low after folding clickbait into the safety score. Audience/persona scoring favors it. The local quality critic rates it highly. Its main terms are supported by the article summary.",0.810055,0.999895945344,1.0,persona voted,0.9676086887786667,0.5,0.5,5.805652132672,5.080652132672,0.725,0.000104054656,4.714679,5.0,0.5,5.0,12,8,GenAI baseline; Recommended,0.925395,"Prioritizes balanced, compact, publication-ready news headlines. Risk is low after folding clickbait into the safety score. Audience/persona scoring favors it. The local quality critic rates it highly. Its main terms are supported by the article summary."
4,growth,Growth,sports,"The Seattle Seahawks once again rallied for a win, this time over the previously unbeaten 49ers. And this Seattle team is for real, writes Mike Jones.",Human baseline,1,original,original,human_editor,We always believe': Win over 49ers proves Seattle Seahawks' mindset is more than just lip service,False,Original human-written headline used as the editorial reference point.,0.606416,0.99975212867,0.75,persona voted,0.7688221078390834,0.2857142857142857,0.2857142857142857,4.6129326470345005,4.0379326470345,0.575,0.00024787133,3.719298,3.75,0.2857142857142857,4.0,12,8,Human baseline,0.769701,Not selected because it has lower quality by 0.20; weaker Growth objective fit by 0.17; weaker audience fit by 0.25.
4,growth,Growth,sports,"The Seattle Seahawks once again rallied for a win, this time over the previously unbeaten 49ers. And this Seattle team is for real, writes Mike Jones.",Low-risk alternative,3,generic_sft,generic_sft,generic_sft_generator,Seattle Seahawks win over 49ers,False,Selected from the hidden candidate pool for low clickbait risk while keeping predicted quality.,0.964614,0.99992341142,0.6,persona voted,0.7691298514995001,1.0,1.0,4.614779108997,4.789779108997,-0.175,7.658858e-05,4.7472425,3.0,1.0,4.0,12,8,Low-risk alternative,0.821877,Not selected because it has weaker Growth objective fit by 0.17; weaker audience fit by 0.40.
4,growth,Growth,sports,"The Seattle Seahawks once again rallied for a win, this time over the previously unbeaten 49ers. And this Seattle team is for real, writes Mike Jones.",Recommended,4,zero_shot,zero_shot,api_zero_shot_generator,Seattle Seahawks Defeat Unbeaten 49ers in a Thrilling Comeback Victory,True,Prioritizes engaging headlines while still controlling clickbait and trust risk. Risk is low after folding clickbait into the safety score. Audience/persona scoring favors it. The local quality critic rates it highly. Its main terms are supported by the article summary.,0.810055,0.999895945344,1.0,persona voted,0.9407829868117332,0.5,0.5,5.644697920870399,4.7946979208704,0.85,0.000104054656,4.714679,5.0,0.5,5.0,12,8,GenAI baseline; Recommended,0.934728,Prioritizes engaging headlines while still controlling clickbait and trust risk. Risk is low after folding clickbait into the safety score. Audience/persona scoring favors it. The local quality critic rates it highly. Its main terms are supported by the article summary.
4,specificity,Specificity,sports,"The Seattle Seahawks once again rallied for a win, this time over the previously unbeaten 49ers. And this Seattle team is for real, writes Mike Jones.",Human baseline,1,original,original,human_editor,We always believe': Win over 49ers proves Seattle Seahawks' mindset is more than just lip service,False,Original human-written headline used as the editorial reference point.,0.606416,0.99975212867,0.75,persona voted,0.6999205657296149,0.2857142857142857,0.2857142857142857,4.19952339437769,4.06827339437769,0.1312499999999999,0.00024787133,3.719298,3.75,0.2857142857142857,4.0,12,8,Human baseline,0.721852,Not selected because it has lower quality by 0.20; weaker Specificity objective fit by 0.23; weaker audience fit by 0.25.
4,specificity,Specificity,sports,"The Seattle Seahawks once again rallied for a win, this time over the previously unbeaten 49ers. And this Seattle team is for real, writes Mike Jones.",Low-risk alternative,3,generic_sft,generic_sft,generic_sft_generator,Seattle Seahawks win over 49ers,False,Selected from the hidden candidate pool for low clickbait risk while keeping predicted quality.,0.964614,0.99992341142,0.6,persona voted,0.9186862472453888,1.0,1.0,5.512117483472333,5.080867483472333,0.43125,7.658858e-05,4.7472425,3.0,1.0,4.0,12,8,Low-risk alternative,0.912782,Not selected because it has weaker audience fit by 0.40.
4,specificity,Specificity,sports,"The Seattle Seahawks once again rallied for a win, this time over the previously unbeaten 49ers. And this Seattle team is for real, writes Mike Jones.",Recommended,4,zero_shot,zero_shot,api_zero_shot_generator,Seattle Seahawks Defeat Unbeaten 49ers in a Thrilling Comeback Victory,True,"Prioritizes concrete, source-supported details without losing clarity. Risk is low after folding clickbait into the safety score. Audience/persona scoring favors it. The local quality critic rates it highly. Its main terms are supported by the article summary.",0.810055,0.999895945344,1.0,persona voted,0.9281939059007999,0.5,0.5,5.569163435404799,4.969163435404799,0.6,0.000104054656,4.714679,5.0,0.5,5.0,12,8,GenAI baseline; Recommended,0.910688,"Prioritizes concrete, source-supported details without losing clarity. Risk is low after folding clickbait into the safety score. Audience/persona scoring favors it. The local quality critic rates it highly. Its main terms are supported by the article summary."
4,trust_safety,Trust / Safety,sports,"The Seattle Seahawks once again rallied for a win, this time over the previously unbeaten 49ers. And this Seattle team is for real, writes Mike Jones.",Human baseline,1,original,original,human_editor,We always believe': Win over 49ers proves Seattle Seahawks' mindset is more than just lip service,False,Original human-written headline used as the editorial reference point.,0.606416,0.99975212867,0.75,persona voted,0.7862120585561111,0.2857142857142857,0.2857142857142857,4.717272351336667,4.417272351336667,0.3,0.00024787133,3.719298,3.75,0.2857142857142857,4.0,12,8,Human baseline,0.80158,Not selected because it has lower quality by 0.20; weaker Trust / Safety objective fit by 0.19; weaker audience fit by 0.25.
4,trust_safety,Trust / Safety,sports,"The Seattle Seahawks once again rallied for a win, this time over the previously unbeaten 49ers. And this Seattle team is for real, writes Mike Jones.",Low-risk alternative,3,generic_sft,generic_sft,generic_sft_generator,Seattle Seahawks win over 49ers,False,Selected from the hidden candidate pool for low clickbait risk while keeping predicted quality.,0.964614,0.99992341142,0.6,persona voted,0.8654733080144444,1.0,1.0,5.192839848086667,5.067839848086667,0.125,7.658858e-05,4.7472425,3.0,1.0,4.0,12,8,Low-risk alternative,0.902452,Not selected because it has weaker Trust / Safety objective fit by 0.11; weaker audience fit by 0.40.
4,trust_safety,Trust / Safety,sports,"The Seattle Seahawks once again rallied for a win, this time over the previously unbeaten 49ers. And this Seattle team is for real, writes Mike Jones.",Recommended,4,zero_shot,zero_shot,api_zero_shot_generator,Seattle Seahawks Defeat Unbeaten 49ers in a Thrilling Comeback Victory,True,"Prioritizes factual, clear, non-clickbait headlines for trust-sensitive surfaces. Risk is low after folding clickbait into the safety score. Audience/persona scoring favors it. The local quality critic rates it highly. Its main terms are supported by the article summary.",0.810055,0.999895945344,1.0,persona voted,0.9716909308906668,0.5,0.5,5.830145585344001,5.080145585344001,0.75,0.000104054656,4.714679,5.0,0.5,5.0,12,8,GenAI baseline; Recommended,0.937318,"Prioritizes factual, clear, non-clickbait headlines for trust-sensitive surfaces. Risk is low after folding clickbait into the safety score. Audience/persona scoring favors it. The local quality critic rates it highly. Its main terms are supported by the article summary."
5,editorial,Editorial,sports,Listed starters for the Cyclones and Longhorns in their 2019 Big 12 Conference matchup at Jack Trice Stadium in Ames.,Human baseline,1,original,original,human_editor,Depth charts: Projected starters for Iowa State vs. No. 23 Texas,False,Original human-written headline used as the editorial reference point.,0.712614,0.99984323453,1.0,persona voted,0.9717590827108332,0.1428571428571428,0.1428571428571428,5.830554496264999,5.1055544962649995,0.725,0.00015676547,4.7839804,5.0,0.1428571428571428,5.0,12,8,Human baseline,0.892315,Not selected because it has lower quality by 0.22; less summary support by 0.71.
5,editorial,Editorial,sports,Listed starters for the Cyclones and Longhorns in their 2019 Big 12 Conference matchup at Jack Trice Stadium in Ames.,Low-risk alternative,3,agentic_candidate,5_c4,agentic_generator_v3_candidate,Ames Hosts 2019 Big 12 Clash Between Cyclones and Longhorns,False,Selected from the hidden candidate pool for low clickbait risk while keeping predicted quality.,0.854788,0.9999079206245369,0.5,neutral fallback,0.8550303050102229,0.625,0.625,5.130181830061337,5.130181830061337,0.0,9.20793754630722e-05,4.766345977783203,,0.625,,12,8,Low-risk alternative,0.83791,Not selected because it has lower quality by 0.07; weaker Editorial objective fit by 0.12; weaker audience fit by 0.50.
5,editorial,Editorial,sports,Listed starters for the Cyclones and Longhorns in their 2019 Big 12 Conference matchup at Jack Trice Stadium in Ames.,Recommended,4,zero_shot,zero_shot,api_zero_shot_generator,Cyclones and Longhorns Announce Starters for 2019 Big 12 Matchup,True,"Prioritizes balanced, compact, publication-ready news headlines. Risk is low after folding clickbait into the safety score. Audience/persona scoring favors it. The local quality critic rates it highly. Its main terms are supported by the article summary.",0.929002,0.99990067627,1.0,persona voted,0.9718641623558334,0.8571428571428571,0.8571428571428571,5.831184974135001,5.181184974135,0.65,9.932373e-05,4.7989936,5.0,0.8571428571428571,4.0,12,8,GenAI baseline; Recommended,0.968092,"Prioritizes balanced, compact, publication-ready news headlines. Risk is low after folding clickbait into the safety score. Audience/persona scoring favors it. The local quality critic rates it highly. Its main terms are supported by the article summary."
5,growth,Growth,sports,Listed starters for the Cyclones and Longhorns in their 2019 Big 12 Conference matchup at Jack Trice Stadium in Ames.,Human baseline,1,original,original,human_editor,Depth charts: Projected starters for Iowa State vs. No. 23 Texas,False,Original human-written headline used as the editorial reference point.,0.712614,0.99984323453,1.0,persona voted,0.9322797956809167,0.1428571428571428,0.1428571428571428,5.5936787740855,4.818678774085501,0.7749999999999999,0.00015676547,4.7839804,5.0,0.1428571428571428,5.0,12,8,Human baseline,0.907806,Not selected because it has lower quality by 0.22; less summary support by 0.71.
5,growth,Growth,sports,Listed starters for the Cyclones and Longhorns in their 2019 Big 12 Conference matchup at Jack Trice Stadium in Ames.,Low-risk alternative,3,agentic_candidate,5_c4,agentic_generator_v3_candidate,Ames Hosts 2019 Big 12 Clash Between Cyclones and Longhorns,False,Selected from the hidden candidate pool for low clickbait risk while keeping predicted quality.,0.854788,0.9999079206245369,0.5,neutral fallback,0.8088165969406571,0.625,0.625,4.852899581643943,4.852899581643943,0.0,9.20793754630722e-05,4.766345977783203,,0.625,,12,8,Low-risk alternative,0.781324,Not selected because it has lower quality by 0.07; weaker Growth objective fit by 0.13; weaker audience fit by 0.50.
5,growth,Growth,sports,Listed starters for the Cyclones and Longhorns in their 2019 Big 12 Conference matchup at Jack Trice Stadium in Ames.,Recommended,4,zero_shot,zero_shot,api_zero_shot_generator,Cyclones and Longhorns Announce Starters for 2019 Big 12 Matchup,True,Prioritizes engaging headlines while still controlling clickbait and trust risk. Risk is low after folding clickbait into the safety score. Audience/persona scoring favors it. The local quality critic rates it highly. Its main terms are supported by the article summary.,0.929002,0.99990067627,1.0,persona voted,0.9410104532824167,0.8571428571428571,0.8571428571428571,5.6460627196945,4.9210627196945005,0.7249999999999999,9.932373e-05,4.7989936,5.0,0.8571428571428571,4.0,12,8,GenAI baseline; Recommended,0.964534,Prioritizes engaging headlines while still controlling clickbait and trust risk. Risk is low after folding clickbait into the safety score. Audience/persona scoring favors it. The local quality critic rates it highly. Its main terms are supported by the article summary.
5,specificity,Specificity,sports,Listed starters for the Cyclones and Longhorns in their 2019 Big 12 Conference matchup at Jack Trice Stadium in Ames.,Human baseline,1,original,original,human_editor,Depth charts: Projected starters for Iowa State vs. No. 23 Texas,False,Original human-written headline used as the editorial reference point.,0.712614,0.99984323453,1.0,persona voted,0.9206636725183213,0.1428571428571428,0.1428571428571428,5.523982035109928,4.942732035109928,0.5812499999999999,0.00015676547,4.7839804,5.0,0.1428571428571428,5.0,12,8,Human baseline,0.878059,Not selected because it has lower quality by 0.22; less summary support by 0.71.
5,specificity,Specificity,sports,Listed starters for the Cyclones and Longhorns in their 2019 Big 12 Conference matchup at Jack Trice Stadium in Ames.,Low-risk alternative,3,agentic_candidate,5_c4,agentic_generator_v3_candidate,Ames Hosts 2019 Big 12 Clash Between Cyclones and Longhorns,False,Selected from the hidden candidate pool for low clickbait risk while keeping predicted quality.,0.854788,0.9999079206245369,0.5,neutral fallback,0.8415360830624196,0.625,0.625,5.049216498374517,5.049216498374517,0.0,9.20793754630722e-05,4.766345977783203,,0.625,,12,8,Low-risk alternative,0.835114,Not selected because it has lower quality by 0.07; weaker Specificity objective fit by 0.11; weaker audience fit by 0.50.
5,specificity,Specificity,sports,Listed starters for the Cyclones and Longhorns in their 2019 Big 12 Conference matchup at Jack Trice Stadium in Ames.,Recommended,4,zero_shot,zero_shot,api_zero_shot_generator,Cyclones and Longhorns Announce Starters for 2019 Big 12 Matchup,True,"Prioritizes concrete, source-supported details without losing clarity. Risk is low after folding clickbait into the safety score. Audience/persona scoring favors it. The local quality critic rates it highly. Its main terms are supported by the article summary.",0.929002,0.99990067627,1.0,persona voted,0.953751196625012,0.8571428571428571,0.8571428571428571,5.722507179750072,5.141257179750072,0.5812499999999999,9.932373e-05,4.7989936,5.0,0.8571428571428571,4.0,12,8,GenAI baseline; Recommended,0.957874,"Prioritizes concrete, source-supported details without losing clarity. Risk is low after folding clickbait into the safety score. Audience/persona scoring favors it. The local quality critic rates it highly. Its main terms are supported by the article summary."
5,trust_safety,Trust / Safety,sports,Listed starters for the Cyclones and Longhorns in their 2019 Big 12 Conference matchup at Jack Trice Stadium in Ames.,GenAI baseline,2,zero_shot,zero_shot,api_zero_shot_generator,Cyclones and Longhorns Announce Starters for 2019 Big 12 Matchup,False,Direct GenAI headline used as the strongest simple generation baseline.,0.929002,0.99990067627,1.0,persona voted,0.9563250483783334,0.8571428571428571,0.8571428571428571,5.737950290270001,5.137950290270001,0.6,9.932373e-05,4.7989936,5.0,0.8571428571428571,4.0,12,8,GenAI baseline,0.969931,"Strong baseline candidate, but the selector found a better match for this objective."
5,trust_safety,Trust / Safety,sports,Listed starters for the Cyclones and Longhorns in their 2019 Big 12 Conference matchup at Jack Trice Stadium in Ames.,Low-risk alternative,3,agentic_candidate,5_c4,agentic_generator_v3_candidate,Ames Hosts 2019 Big 12 Clash Between Cyclones and Longhorns,False,Selected from the hidden candidate pool for low clickbait risk while keeping predicted quality.,0.854788,0.9999079206245369,0.5,neutral fallback,0.8520162519259126,0.625,0.625,5.112097511555476,5.112097511555476,0.0,9.20793754630722e-05,4.766345977783203,,0.625,,12,8,Low-risk alternative,0.851807,Not selected because it has weaker Trust / Safety objective fit by 0.12; weaker audience fit by 0.50.
5,trust_safety,Trust / Safety,sports,Listed starters for the Cyclones and Longhorns in their 2019 Big 12 Conference matchup at Jack Trice Stadium in Ames.,Recommended,4,original,original,human_editor,Depth charts: Projected starters for Iowa State vs. No. 23 Texas,True,"Prioritizes factual, clear, non-clickbait headlines for trust-sensitive surfaces. Risk is low after folding clickbait into the safety score. Audience/persona scoring favors it. The local quality critic rates it highly.",0.712614,0.99984323453,1.0,persona voted,0.9740103467550001,0.1428571428571428,0.1428571428571428,5.8440620805300005,5.0940620805300005,0.75,0.00015676547,4.7839804,5.0,0.1428571428571428,5.0,12,8,Human baseline; Recommended,0.908531,"Prioritizes factual, clear, non-clickbait headlines for trust-sensitive surfaces. Risk is low after folding clickbait into the safety score. Audience/persona scoring favors it. The local quality critic rates it highly."
6,editorial,Editorial,health,A local airman returned home to the Miami Valley on Friday and was greeted by dozens of family and friends.,Human baseline,1,original,original,human_editor,Local Airman returns from 6 Months in Afghanistan,False,Original human-written headline used as the editorial reference point.,0.748129,0.999915834785,0.85,persona voted,0.8915979803987498,0.4,0.4,5.349587882392499,4.924587882392499,0.425,8.4165215e-05,4.4866333,4.25,0.4,4.0,12,8,Human baseline,0.862224,Not selected because it has lower quality by 0.13; weaker Editorial objective fit by 0.10; weaker audience fit by 0.15.
6,editorial,Editorial,health,A local airman returned home to the Miami Valley on Friday and was greeted by dozens of family and friends.,Low-risk alternative,3,specificity_sft,specificity_sft,specificity_sft_generator,Airman returns home to Miami Valley,False,Selected from the hidden candidate pool for low clickbait risk while keeping predicted quality.,0.907536,0.999908698876,0.7,persona voted,0.9283125944896665,0.8,0.8,5.569875566937999,5.194875566937999,0.375,9.1301124e-05,4.768115,3.5,0.8,4.0,12,8,Low-risk alternative,0.904693,Not selected because it has weaker Editorial objective fit by 0.06; weaker audience fit by 0.30.
6,editorial,Editorial,health,A local airman returned home to the Miami Valley on Friday and was greeted by dozens of family and friends.,Recommended,4,zero_shot,zero_shot,api_zero_shot_generator,Local airman returns home to Miami Valley to warm welcome from family and friends,True,"Prioritizes balanced, compact, publication-ready news headlines. Risk is low after folding clickbait into the safety score. Audience/persona scoring favors it. The local quality critic rates it highly. Its main terms are supported by the article summary.",0.880303,0.999900604256,1.0,persona voted,0.9919413595213332,0.7,0.7,5.951648157127999,5.2266481571279995,0.725,9.9395744e-05,4.787882,5.0,0.7,5.0,12,8,GenAI baseline; Recommended,0.956067,"Prioritizes balanced, compact, publication-ready news headlines. Risk is low after folding clickbait into the safety score. Audience/persona scoring favors it. The local quality critic rates it highly. Its main terms are supported by the article summary."
6,growth,Growth,health,A local airman returned home to the Miami Valley on Friday and was greeted by dozens of family and friends.,Human baseline,1,original,original,human_editor,Local Airman returns from 6 Months in Afghanistan,False,Original human-written headline used as the editorial reference point.,0.748129,0.999915834785,0.85,persona voted,0.8784896261957917,0.4,0.4,5.27093775717475,4.62093775717475,0.65,8.4165215e-05,4.4866333,4.25,0.4,4.0,12,8,Human baseline,0.863062,Not selected because it has lower quality by 0.13; weaker Growth objective fit by 0.09; weaker audience fit by 0.15.
6,growth,Growth,health,A local airman returned home to the Miami Valley on Friday and was greeted by dozens of family and friends.,Low-risk alternative,3,specificity_sft,specificity_sft,specificity_sft_generator,Airman returns home to Miami Valley,False,Selected from the hidden candidate pool for low clickbait risk while keeping predicted quality.,0.907536,0.999908698876,0.7,persona voted,0.8237806641011002,0.8,0.8,4.942683984606601,4.942683984606601,0.0,9.1301124e-05,4.768115,3.5,0.8,4.0,12,8,Low-risk alternative,0.849,Not selected because it has weaker Growth objective fit by 0.15; weaker audience fit by 0.30.
6,growth,Growth,health,A local airman returned home to the Miami Valley on Friday and was greeted by dozens of family and friends.,Recommended,4,zero_shot,zero_shot,api_zero_shot_generator,Local airman returns home to Miami Valley to warm welcome from family and friends,True,Prioritizes engaging headlines while still controlling clickbait and trust risk. Risk is low after folding clickbait into the safety score. Audience/persona scoring favors it. The local quality critic rates it highly. Its main terms are supported by the article summary.,0.880303,0.999900604256,1.0,persona voted,0.9723278019149332,0.7,0.7,5.833966811489599,4.9839668114896,0.85,9.9395744e-05,4.787882,5.0,0.7,5.0,12,8,GenAI baseline; Recommended,0.961754,Prioritizes engaging headlines while still controlling clickbait and trust risk. Risk is low after folding clickbait into the safety score. Audience/persona scoring favors it. The local quality critic rates it highly. Its main terms are supported by the article summary.
6,specificity,Specificity,health,A local airman returned home to the Miami Valley on Friday and was greeted by dozens of family and friends.,Human baseline,1,original,original,human_editor,Local Airman returns from 6 Months in Afghanistan,False,Original human-written headline used as the editorial reference point.,0.748129,0.999915834785,0.85,persona voted,0.8762313767755415,0.4,0.4,5.257388260653249,4.769888260653249,0.4875,8.4165215e-05,4.4866333,4.25,0.4,4.0,12,8,Human baseline,0.85373,Not selected because it has lower quality by 0.13; weaker Specificity objective fit by 0.08; weaker audience fit by 0.15.
6,specificity,Specificity,health,A local airman returned home to the Miami Valley on Friday and was greeted by dozens of family and friends.,Low-risk alternative,3,specificity_sft,specificity_sft,specificity_sft_generator,Airman returns home to Miami Valley,False,Selected from the hidden candidate pool for low clickbait risk while keeping predicted quality.,0.907536,0.999908698876,0.7,persona voted,0.9223820165823664,0.8,0.8,5.534292099494198,5.121792099494199,0.4125,9.1301124e-05,4.768115,3.5,0.8,4.0,12,8,Low-risk alternative,0.907319,Not selected because it has weaker audience fit by 0.30.
6,specificity,Specificity,health,A local airman returned home to the Miami Valley on Friday and was greeted by dozens of family and friends.,Recommended,4,zero_shot,zero_shot,api_zero_shot_generator,Local airman returns home to Miami Valley to warm welcome from family and friends,True,"Prioritizes concrete, source-supported details without losing clarity. Risk is low after folding clickbait into the safety score. Audience/persona scoring favors it. The local quality critic rates it highly. Its main terms are supported by the article summary.",0.880303,0.999900604256,1.0,persona voted,0.955015911152533,0.7,0.7,5.730095466915198,5.130095466915199,0.6,9.9395744e-05,4.787882,5.0,0.7,5.0,12,8,GenAI baseline; Recommended,0.943833,"Prioritizes concrete, source-supported details without losing clarity. Risk is low after folding clickbait into the safety score. Audience/persona scoring favors it. The local quality critic rates it highly. Its main terms are supported by the article summary."
6,trust_safety,Trust / Safety,health,A local airman returned home to the Miami Valley on Friday and was greeted by dozens of family and friends.,Human baseline,1,original,original,human_editor,Local Airman returns from 6 Months in Afghanistan,False,Original human-written headline used as the editorial reference point.,0.748129,0.999915834785,0.85,persona voted,0.9301502074641665,0.4,0.4,5.580901244784999,4.9684012447849994,0.6124999999999999,8.4165215e-05,4.4866333,4.25,0.4,4.0,12,8,Human baseline,0.887939,Not selected because it has lower quality by 0.13; weaker Trust / Safety objective fit by 0.05; weaker audience fit by 0.15.
6,trust_safety,Trust / Safety,health,A local airman returned home to the Miami Valley on Friday and was greeted by dozens of family and friends.,Low-risk alternative,3,specificity_sft,specificity_sft,specificity_sft_generator,Airman returns home to Miami Valley,False,Selected from the hidden candidate pool for low clickbait risk while keeping predicted quality.,0.907536,0.999908698876,0.7,persona voted,0.9290751073126667,0.8,0.8,5.574450643876,5.149450643876,0.425,9.1301124e-05,4.768115,3.5,0.8,4.0,12,8,Low-risk alternative,0.913044,Not selected because it has weaker Trust / Safety objective fit by 0.06; weaker audience fit by 0.30.
6,trust_safety,Trust / Safety,health,A local airman returned home to the Miami Valley on Friday and was greeted by dozens of family and friends.,Recommended,4,zero_shot,zero_shot,api_zero_shot_generator,Local airman returns home to Miami Valley to warm welcome from family and friends,True,"Prioritizes factual, clear, non-clickbait headlines for trust-sensitive surfaces. Risk is low after folding clickbait into the safety score. Audience/persona scoring favors it. The local quality critic rates it highly. Its main terms are supported by the article summary.",0.880303,0.999900604256,1.0,persona voted,0.9842730890426666,0.7,0.7,5.905638534256,5.168138534256,0.7374999999999999,9.9395744e-05,4.787882,5.0,0.7,5.0,12,8,GenAI baseline; Recommended,0.960911,"Prioritizes factual, clear, non-clickbait headlines for trust-sensitive surfaces. Risk is low after folding clickbait into the safety score. Audience/persona scoring favors it. The local quality critic rates it highly. Its main terms are supported by the article summary."
7,editorial,Editorial,news,"Students at Hartford's new Weaver campus are working to erase stark lines dividing the building's two school communities, the public school drawing students from the neighborhoods and the magnet arts school that mostly serves the suburbs. Working with staff and administrators, they're trying to counteract some of the unintended consequences of relocating and reorganizing three high schools ...",Human baseline,1,original,original,human_editor,"Hartford's Weaver forging a new identity at campus shared by public, magnet students",False,Original human-written headline used as the editorial reference point.,0.864728,0.99986128943,0.95,persona voted,0.9320492066191667,0.7,0.7,5.592295239715,5.092295239715,0.4999999999999999,0.00013871057,4.676628,4.75,0.7,5.0,12,8,Human baseline,0.928132,Not selected because it has weaker Editorial objective fit by 0.05.
7,editorial,Editorial,news,"Students at Hartford's new Weaver campus are working to erase stark lines dividing the building's two school communities, the public school drawing students from the neighborhoods and the magnet arts school that mostly serves the suburbs. Working with staff and administrators, they're trying to counteract some of the unintended consequences of relocating and reorganizing three high schools ...",Low-risk alternative,3,agentic_candidate,7_c2,agentic_generator_v3_candidate,Efforts Underway to Bridge Divides at Hartford's Weaver Campus,False,Selected from the hidden candidate pool for low clickbait risk while keeping predicted quality.,0.718424,0.9999246119477903,0.5,neutral fallback,0.790247925114454,0.4285714285714285,0.4285714285714285,4.741487550686724,4.741487550686724,0.0,7.538805220974609e-05,4.213235855102539,,0.4285714285714285,,12,8,Low-risk alternative,0.773992,Not selected because it has lower quality by 0.18; weaker Editorial objective fit by 0.19; weaker audience fit by 0.45.
7,editorial,Editorial,news,"Students at Hartford's new Weaver campus are working to erase stark lines dividing the building's two school communities, the public school drawing students from the neighborhoods and the magnet arts school that mostly serves the suburbs. Working with staff and administrators, they're trying to counteract some of the unintended consequences of relocating and reorganizing three high schools ...",Recommended,4,zero_shot,zero_shot,api_zero_shot_generator,Students at Hartford's Weaver campus aim to unite two school communities,True,"Prioritizes balanced, compact, publication-ready news headlines. Risk is low after folding clickbait into the safety score. Audience/persona scoring favors it. The local quality critic rates it highly. Its main terms are supported by the article summary.",0.900757,0.9995973785,0.95,persona voted,0.9840318582083333,0.7777777777777778,0.7777777777777778,5.90419114925,5.17919114925,0.725,0.0004026215,4.7673125,4.75,0.7777777777777778,5.0,12,8,GenAI baseline; Recommended,0.953672,"Prioritizes balanced, compact, publication-ready news headlines. Risk is low after folding clickbait into the safety score. Audience/persona scoring favors it. The local quality critic rates it highly. Its main terms are supported by the article summary."
7,growth,Growth,news,"Students at Hartford's new Weaver campus are working to erase stark lines dividing the building's two school communities, the public school drawing students from the neighborhoods and the magnet arts school that mostly serves the suburbs. Working with staff and administrators, they're trying to counteract some of the unintended consequences of relocating and reorganizing three high schools ...",GenAI baseline,2,zero_shot,zero_shot,api_zero_shot_generator,Students at Hartford's Weaver campus aim to unite two school communities,False,Direct GenAI headline used as the strongest simple generation baseline.,0.900757,0.9995973785,0.95,persona voted,0.9083048512458336,0.7777777777777778,0.7777777777777778,5.449829107475002,4.924829107475001,0.525,0.0004026215,4.7673125,4.75,0.7777777777777778,5.0,12,8,GenAI baseline,0.9351,"Strong baseline candidate, but the selector found a better match for this objective."
7,growth,Growth,news,"Students at Hartford's new Weaver campus are working to erase stark lines dividing the building's two school communities, the public school drawing students from the neighborhoods and the magnet arts school that mostly serves the suburbs. Working with staff and administrators, they're trying to counteract some of the unintended consequences of relocating and reorganizing three high schools ...",Low-risk alternative,3,agentic_candidate,7_c2,agentic_generator_v3_candidate,Efforts Underway to Bridge Divides at Hartford's Weaver Campus,False,Selected from the hidden candidate pool for low clickbait risk while keeping predicted quality.,0.718424,0.9999246119477903,0.5,neutral fallback,0.7439517668826133,0.4285714285714285,0.4285714285714285,4.46371060129568,4.46371060129568,0.0,7.538805220974609e-05,4.213235855102539,,0.4285714285714285,,12,8,Low-risk alternative,0.727776,Not selected because it has lower quality by 0.15; weaker Growth objective fit by 0.19; weaker audience fit by 0.45.
7,growth,Growth,news,"Students at Hartford's new Weaver campus are working to erase stark lines dividing the building's two school communities, the public school drawing students from the neighborhoods and the magnet arts school that mostly serves the suburbs. Working with staff and administrators, they're trying to counteract some of the unintended consequences of relocating and reorganizing three high schools ...",Recommended,4,original,original,human_editor,"Hartford's Weaver forging a new identity at campus shared by public, magnet students",True,Prioritizes engaging headlines while still controlling clickbait and trust risk. Risk is low after folding clickbait into the safety score. Audience/persona scoring favors it. The local quality critic rates it highly. Its main terms are supported by the article summary.,0.864728,0.99986128943,0.95,persona voted,0.9361988502167501,0.7,0.7,5.617193101300501,4.817193101300501,0.7999999999999999,0.00013871057,4.676628,4.75,0.7,5.0,12,8,Human baseline; Recommended,0.934514,Prioritizes engaging headlines while still controlling clickbait and trust risk. Risk is low after folding clickbait into the safety score. Audience/persona scoring favors it. The local quality critic rates it highly. Its main terms are supported by the article summary.
7,specificity,Specificity,news,"Students at Hartford's new Weaver campus are working to erase stark lines dividing the building's two school communities, the public school drawing students from the neighborhoods and the magnet arts school that mostly serves the suburbs. Working with staff and administrators, they're trying to counteract some of the unintended consequences of relocating and reorganizing three high schools ...",Human baseline,1,original,original,human_editor,"Hartford's Weaver forging a new identity at campus shared by public, magnet students",False,Original human-written headline used as the editorial reference point.,0.864728,0.99986128943,0.95,persona voted,0.9122128267072499,0.7,0.7,5.473276960243499,4.992026960243499,0.4812499999999999,0.00013871057,4.676628,4.75,0.7,5.0,12,8,Human baseline,0.914893,Kept as the editorial reference; the recommendation has a stronger combined decision score.
7,specificity,Specificity,news,"Students at Hartford's new Weaver campus are working to erase stark lines dividing the building's two school communities, the public school drawing students from the neighborhoods and the magnet arts school that mostly serves the suburbs. Working with staff and administrators, they're trying to counteract some of the unintended consequences of relocating and reorganizing three high schools ...",Low-risk alternative,3,agentic_candidate,7_c2,agentic_generator_v3_candidate,Efforts Underway to Bridge Divides at Hartford's Weaver Campus,False,Selected from the hidden candidate pool for low clickbait risk while keeping predicted quality.,0.718424,0.9999246119477903,0.5,neutral fallback,0.7496760996677297,0.4285714285714285,0.4285714285714285,4.498056598006379,4.498056598006379,0.0,7.538805220974609e-05,4.213235855102539,,0.4285714285714285,,12,8,Low-risk alternative,0.75287,Not selected because it has lower quality by 0.18; weaker Specificity objective fit by 0.20; weaker audience fit by 0.45.
7,specificity,Specificity,news,"Students at Hartford's new Weaver campus are working to erase stark lines dividing the building's two school communities, the public school drawing students from the neighborhoods and the magnet arts school that mostly serves the suburbs. Working with staff and administrators, they're trying to counteract some of the unintended consequences of relocating and reorganizing three high schools ...",Recommended,4,zero_shot,zero_shot,api_zero_shot_generator,Students at Hartford's Weaver campus aim to unite two school communities,True,"Prioritizes concrete, source-supported details without losing clarity. Risk is low after folding clickbait into the safety score. Audience/persona scoring favors it. The local quality critic rates it highly. Its main terms are supported by the article summary.",0.900757,0.9995973785,0.95,persona voted,0.9463611593134259,0.7777777777777778,0.7777777777777778,5.678166955880555,5.096916955880555,0.5812499999999999,0.0004026215,4.7673125,4.75,0.7777777777777778,5.0,12,8,GenAI baseline; Recommended,0.941029,"Prioritizes concrete, source-supported details without losing clarity. Risk is low after folding clickbait into the safety score. Audience/persona scoring favors it. The local quality critic rates it highly. Its main terms are supported by the article summary."
7,trust_safety,Trust / Safety,news,"Students at Hartford's new Weaver campus are working to erase stark lines dividing the building's two school communities, the public school drawing students from the neighborhoods and the magnet arts school that mostly serves the suburbs. Working with staff and administrators, they're trying to counteract some of the unintended consequences of relocating and reorganizing three high schools ...",Human baseline,1,original,original,human_editor,"Hartford's Weaver forging a new identity at campus shared by public, magnet students",False,Original human-written headline used as the editorial reference point.,0.864728,0.99986128943,0.95,persona voted,0.9503306365716666,0.7,0.7,5.70198381943,5.08948381943,0.6124999999999999,0.00013871057,4.676628,4.75,0.7,5.0,12,8,Human baseline,0.941936,Kept as the editorial reference; the recommendation has a stronger combined decision score.
7,trust_safety,Trust / Safety,news,"Students at Hartford's new Weaver campus are working to erase stark lines dividing the building's two school communities, the public school drawing students from the neighborhoods and the magnet arts school that mostly serves the suburbs. Working with staff and administrators, they're trying to counteract some of the unintended consequences of relocating and reorganizing three high schools ...",Low-risk alternative,3,agentic_candidate,7_c2,agentic_generator_v3_candidate,Efforts Underway to Bridge Divides at Hartford's Weaver Campus,False,Selected from the hidden candidate pool for low clickbait risk while keeping predicted quality.,0.718424,0.9999246119477903,0.5,neutral fallback,0.7983993530110941,0.4285714285714285,0.4285714285714285,4.790396118066565,4.790396118066565,0.0,7.538805220974609e-05,4.213235855102539,,0.4285714285714285,,12,8,Low-risk alternative,0.800181,Not selected because it has lower quality by 0.18; weaker Trust / Safety objective fit by 0.18; weaker audience fit by 0.45.
7,trust_safety,Trust / Safety,news,"Students at Hartford's new Weaver campus are working to erase stark lines dividing the building's two school communities, the public school drawing students from the neighborhoods and the magnet arts school that mostly serves the suburbs. Working with staff and administrators, they're trying to counteract some of the unintended consequences of relocating and reorganizing three high schools ...",Recommended,4,zero_shot,zero_shot,api_zero_shot_generator,Students at Hartford's Weaver campus aim to unite two school communities,True,"Prioritizes factual, clear, non-clickbait headlines for trust-sensitive surfaces. Risk is low after folding clickbait into the safety score. Audience/persona scoring favors it. The local quality critic rates it highly. Its main terms are supported by the article summary.",0.900757,0.9995973785,0.95,persona voted,0.9794310730833332,0.7777777777777778,0.7777777777777778,5.8765864384999995,5.1390864385,0.7374999999999999,0.0004026215,4.7673125,4.75,0.7777777777777778,5.0,12,8,GenAI baseline; Recommended,0.958472,"Prioritizes factual, clear, non-clickbait headlines for trust-sensitive surfaces. Risk is low after folding clickbait into the safety score. Audience/persona scoring favors it. The local quality critic rates it highly. Its main terms are supported by the article summary."
8,editorial,Editorial,sports,"Considering that Domingue is slated to be an unrestricted free agent this summer, finding an opportunity to play regularly (even if it isn't necessarily at the NHL level to start with) would be ideal.",Human baseline,1,original,original,human_editor,Louis Domingue changes agents amid attempt to play at NHL level again,False,Original human-written headline used as the editorial reference point.,0.538986,0.99992121923,0.8,persona voted,0.6780311741024999,0.4,0.4,4.068187044615,3.743187044615,0.325,7.878077e-05,2.992755,4.0,0.4,3.0,12,8,Human baseline,0.728133,Not selected because it has lower quality by 0.19; weaker Editorial objective fit by 0.26; weaker audience fit by 0.20.
8,editorial,Editorial,sports,"Considering that Domingue is slated to be an unrestricted free agent this summer, finding an opportunity to play regularly (even if it isn't necessarily at the NHL level to start with) would be ideal.",Recommended,4,zero_shot,zero_shot,api_zero_shot_generator,Domingue Seeks Regular Playing Opportunity Ahead of Free Agency,True,"Prioritizes balanced, compact, publication-ready news headlines. Risk is low after folding clickbait into the safety score. Audience/persona scoring favors it.",0.730336,0.99989619331,1.0,persona voted,0.9418204877758333,0.375,0.375,5.650922926654999,4.925922926655,0.725,0.00010380669,4.413111,5.0,0.375,5.0,12,8,GenAI baseline; Low-risk alternative; Recommended,0.891047,"Prioritizes balanced, compact, publication-ready news headlines. Risk is low after folding clickbait into the safety score. Audience/persona scoring favors it."
8,growth,Growth,sports,"Considering that Domingue is slated to be an unrestricted free agent this summer, finding an opportunity to play regularly (even if it isn't necessarily at the NHL level to start with) would be ideal.",Human baseline,1,original,original,human_editor,Louis Domingue changes agents amid attempt to play at NHL level again,False,Original human-written headline used as the editorial reference point.,0.538986,0.99992121923,0.8,persona voted,0.6494710327884167,0.4,0.4,3.8968261967305,3.4968261967305,0.3999999999999999,7.878077e-05,2.992755,4.0,0.4,3.0,12,8,Human baseline,0.729572,Not selected because it has lower quality by 0.19; weaker Growth objective fit by 0.27; weaker audience fit by 0.20.
8,growth,Growth,sports,"Considering that Domingue is slated to be an unrestricted free agent this summer, finding an opportunity to play regularly (even if it isn't necessarily at the NHL level to start with) would be ideal.",Recommended,4,zero_shot,zero_shot,api_zero_shot_generator,Domingue Seeks Regular Playing Opportunity Ahead of Free Agency,True,Prioritizes engaging headlines while still controlling clickbait and trust risk. Risk is low after folding clickbait into the safety score. Audience/persona scoring favors it.,0.730336,0.99989619331,1.0,persona voted,0.9157627212764167,0.375,0.375,5.4945763276585,4.6445763276585,0.85,0.00010380669,4.413111,5.0,0.375,5.0,12,8,GenAI baseline; Low-risk alternative; Recommended,0.907292,Prioritizes engaging headlines while still controlling clickbait and trust risk. Risk is low after folding clickbait into the safety score. Audience/persona scoring favors it.
8,specificity,Specificity,sports,"Considering that Domingue is slated to be an unrestricted free agent this summer, finding an opportunity to play regularly (even if it isn't necessarily at the NHL level to start with) would be ideal.",Human baseline,1,original,original,human_editor,Louis Domingue changes agents amid attempt to play at NHL level again,False,Original human-written headline used as the editorial reference point.,0.538986,0.99992121923,0.8,persona voted,0.6248152864422499,0.4,0.4,3.7488917186535,3.4301417186534997,0.31875,7.878077e-05,2.992755,4.0,0.4,3.0,12,8,Human baseline,0.672851,Not selected because it has lower quality by 0.19; weaker Specificity objective fit by 0.26; weaker audience fit by 0.20.
8,specificity,Specificity,sports,"Considering that Domingue is slated to be an unrestricted free agent this summer, finding an opportunity to play regularly (even if it isn't necessarily at the NHL level to start with) would be ideal.",Recommended,4,zero_shot,zero_shot,api_zero_shot_generator,Domingue Seeks Regular Playing Opportunity Ahead of Free Agency,True,"Prioritizes concrete, source-supported details without losing clarity. Risk is low after folding clickbait into the safety score. Audience/persona scoring favors it.",0.730336,0.99989619331,1.0,persona voted,0.88607992449825,0.375,0.375,5.3164795469895,4.7164795469895004,0.6,0.00010380669,4.413111,5.0,0.375,5.0,12,8,GenAI baseline; Low-risk alternative; Recommended,0.867821,"Prioritizes concrete, source-supported details without losing clarity. Risk is low after folding clickbait into the safety score. Audience/persona scoring favors it."
8,trust_safety,Trust / Safety,sports,"Considering that Domingue is slated to be an unrestricted free agent this summer, finding an opportunity to play regularly (even if it isn't necessarily at the NHL level to start with) would be ideal.",Human baseline,1,original,original,human_editor,Louis Domingue changes agents amid attempt to play at NHL level again,False,Original human-written headline used as the editorial reference point.,0.538986,0.99992121923,0.8,persona voted,0.699963708205,0.4,0.4,4.19978224923,3.77478224923,0.425,7.878077e-05,2.992755,4.0,0.4,3.0,12,8,Human baseline,0.771661,Not selected because it has lower quality by 0.19; weaker Trust / Safety objective fit by 0.25; weaker audience fit by 0.20.
8,trust_safety,Trust / Safety,sports,"Considering that Domingue is slated to be an unrestricted free agent this summer, finding an opportunity to play regularly (even if it isn't necessarily at the NHL level to start with) would be ideal.",Recommended,4,zero_shot,zero_shot,api_zero_shot_generator,Domingue Seeks Regular Playing Opportunity Ahead of Free Agency,True,"Prioritizes factual, clear, non-clickbait headlines for trust-sensitive surfaces. Risk is low after folding clickbait into the safety score. Audience/persona scoring favors it.",0.730336,0.99989619331,1.0,persona voted,0.9516358222183333,0.375,0.375,5.70981493331,4.95981493331,0.75,0.00010380669,4.413111,5.0,0.375,5.0,12,8,GenAI baseline; Low-risk alternative; Recommended,0.909392,"Prioritizes factual, clear, non-clickbait headlines for trust-sensitive surfaces. Risk is low after folding clickbait into the safety score. Audience/persona scoring favors it."
9,editorial,Editorial,news,A driver was fatally shot in St. Paul on Sunday night and police are searching for the person responsible.,Human baseline,1,original,original,human_editor,Driver dies after being shot in St. Paul's Summit-U area,False,Original human-written headline used as the editorial reference point.,0.697811,0.99992211841,0.8,persona voted,0.8643680732841666,0.25,0.25,5.186208439705,4.861208439705,0.325,7.788159e-05,4.4486494,4.0,0.25,4.0,12,8,Human baseline,0.830306,Not selected because it has lower quality by 0.18; weaker Editorial objective fit by 0.10; weaker audience fit by 0.15.
9,editorial,Editorial,news,A driver was fatally shot in St. Paul on Sunday night and police are searching for the person responsible.,Low-risk alternative,3,agentic_candidate,9_c3,agentic_generator_v3_candidate,Fatal Shooting of Driver Sparks Police Search in St. Paul,False,Selected from the hidden candidate pool for low clickbait risk while keeping predicted quality.,0.774186,0.9999334149179049,0.5,neutral fallback,0.838513182539221,0.4285714285714285,0.4285714285714285,5.031079095235326,5.031079095235326,0.0,6.658508209511638e-05,4.611534118652344,,0.4285714285714285,,12,8,Low-risk alternative,0.805577,Not selected because it has lower quality by 0.11; weaker Editorial objective fit by 0.12; weaker audience fit by 0.45.
9,editorial,Editorial,news,A driver was fatally shot in St. Paul on Sunday night and police are searching for the person responsible.,Recommended,4,zero_shot,zero_shot,api_zero_shot_generator,"Driver Fatally Shot in St. Paul, Police Investigate Incident",True,"Prioritizes balanced, compact, publication-ready news headlines. Risk is low after folding clickbait into the safety score. Audience/persona scoring favors it. The local quality critic rates it highly. Its main terms are supported by the article summary.",0.879988,0.99992290567,0.95,persona voted,0.9603677554724999,0.7142857142857143,0.7142857142857143,5.762206532834999,5.137206532834999,0.6249999999999999,7.709433e-05,4.755019,4.75,0.7142857142857143,4.0,12,8,GenAI baseline; Recommended,0.940568,"Prioritizes balanced, compact, publication-ready news headlines. Risk is low after folding clickbait into the safety score. Audience/persona scoring favors it. The local quality critic rates it highly. Its main terms are supported by the article summary."
9,growth,Growth,news,A driver was fatally shot in St. Paul on Sunday night and police are searching for the person responsible.,Human baseline,1,original,original,human_editor,Driver dies after being shot in St. Paul's Summit-U area,False,Original human-written headline used as the editorial reference point.,0.697811,0.99992211841,0.8,persona voted,0.8229139600739169,0.25,0.25,4.937483760443501,4.537483760443501,0.3999999999999999,7.788159e-05,4.4486494,4.0,0.25,4.0,12,8,Human baseline,0.821311,Not selected because it has lower quality by 0.18; weaker Growth objective fit by 0.13; weaker audience fit by 0.15.
9,growth,Growth,news,A driver was fatally shot in St. Paul on Sunday night and police are searching for the person responsible.,Low-risk alternative,3,agentic_candidate,9_c3,agentic_generator_v3_candidate,Fatal Shooting of Driver Sparks Police Search in St. Paul,False,Selected from the hidden candidate pool for low clickbait risk while keeping predicted quality.,0.774186,0.9999334149179049,0.5,neutral fallback,0.7905005297133659,0.4285714285714285,0.4285714285714285,4.743003178280196,4.743003178280196,0.0,6.658508209511638e-05,4.611534118652344,,0.4285714285714285,,12,8,Low-risk alternative,0.755683,Not selected because it has lower quality by 0.11; weaker Growth objective fit by 0.16; weaker audience fit by 0.45.
9,growth,Growth,news,A driver was fatally shot in St. Paul on Sunday night and police are searching for the person responsible.,Recommended,4,zero_shot,zero_shot,api_zero_shot_generator,"Driver Fatally Shot in St. Paul, Police Investigate Incident",True,Prioritizes engaging headlines while still controlling clickbait and trust risk. Risk is low after folding clickbait into the safety score. Audience/persona scoring favors it. The local quality critic rates it highly. Its main terms are supported by the article summary.,0.879988,0.99992290567,0.95,persona voted,0.9521613161640833,0.7142857142857143,0.7142857142857143,5.7129678969845,4.8629678969845,0.85,7.709433e-05,4.755019,4.75,0.7142857142857143,4.0,12,8,GenAI baseline; Recommended,0.94313,Prioritizes engaging headlines while still controlling clickbait and trust risk. Risk is low after folding clickbait into the safety score. Audience/persona scoring favors it. The local quality critic rates it highly. Its main terms are supported by the article summary.
9,specificity,Specificity,news,A driver was fatally shot in St. Paul on Sunday night and police are searching for the person responsible.,Human baseline,1,original,original,human_editor,Driver dies after being shot in St. Paul's Summit-U area,False,Original human-written headline used as the editorial reference point.,0.697811,0.99992211841,0.8,persona voted,0.8425184000474165,0.25,0.25,5.055110400284499,4.6863604002844985,0.36875,7.788159e-05,4.4486494,4.0,0.25,4.0,12,8,Human baseline,0.818465,Not selected because it has lower quality by 0.18; weaker Specificity objective fit by 0.08; weaker audience fit by 0.15.
9,specificity,Specificity,news,A driver was fatally shot in St. Paul on Sunday night and police are searching for the person responsible.,Low-risk alternative,3,agentic_candidate,9_c3,agentic_generator_v3_candidate,Fatal Shooting of Driver Sparks Police Search in St. Paul,False,Selected from the hidden candidate pool for low clickbait risk while keeping predicted quality.,0.774186,0.9999334149179049,0.5,neutral fallback,0.8155581462897575,0.4285714285714285,0.4285714285714285,4.893348877738545,4.893348877738545,0.0,6.658508209511638e-05,4.611534118652344,,0.4285714285714285,,12,8,Low-risk alternative,0.799247,Not selected because it has lower quality by 0.11; weaker Specificity objective fit by 0.11; weaker audience fit by 0.45.
9,specificity,Specificity,news,A driver was fatally shot in St. Paul on Sunday night and police are searching for the person responsible.,Recommended,4,zero_shot,zero_shot,api_zero_shot_generator,"Driver Fatally Shot in St. Paul, Police Investigate Incident",True,"Prioritizes concrete, source-supported details without losing clarity. Risk is low after folding clickbait into the safety score. Audience/persona scoring favors it. The local quality critic rates it highly. Its main terms are supported by the article summary.",0.879988,0.99992290567,0.95,persona voted,0.9273156184014407,0.7142857142857143,0.7142857142857143,5.563893710408644,5.063893710408644,0.5,7.709433e-05,4.755019,4.75,0.7142857142857143,4.0,12,8,GenAI baseline; Recommended,0.926277,"Prioritizes concrete, source-supported details without losing clarity. Risk is low after folding clickbait into the safety score. Audience/persona scoring favors it. The local quality critic rates it highly. Its main terms are supported by the article summary."
9,trust_safety,Trust / Safety,news,A driver was fatally shot in St. Paul on Sunday night and police are searching for the person responsible.,Human baseline,1,original,original,human_editor,Driver dies after being shot in St. Paul's Summit-U area,False,Original human-written headline used as the editorial reference point.,0.697811,0.99992211841,0.8,persona voted,0.8928697792350001,0.25,0.25,5.35721867541,4.932218675410001,0.425,7.788159e-05,4.4486494,4.0,0.25,4.0,12,8,Human baseline,0.85789,Not selected because it has lower quality by 0.18; weaker Trust / Safety objective fit by 0.06; weaker audience fit by 0.15.
9,trust_safety,Trust / Safety,news,A driver was fatally shot in St. Paul on Sunday night and police are searching for the person responsible.,Low-risk alternative,3,agentic_candidate,9_c3,agentic_generator_v3_candidate,Fatal Shooting of Driver Sparks Police Search in St. Paul,False,Selected from the hidden candidate pool for low clickbait risk while keeping predicted quality.,0.774186,0.9999334149179049,0.5,neutral fallback,0.8404917477339041,0.4285714285714285,0.4285714285714285,5.0429504864034245,5.0429504864034245,0.0,6.658508209511638e-05,4.611534118652344,,0.4285714285714285,,12,8,Low-risk alternative,0.825331,Not selected because it has lower quality by 0.11; weaker Trust / Safety objective fit by 0.11; weaker audience fit by 0.45.
9,trust_safety,Trust / Safety,news,A driver was fatally shot in St. Paul on Sunday night and police are searching for the person responsible.,Recommended,4,zero_shot,zero_shot,api_zero_shot_generator,"Driver Fatally Shot in St. Paul, Police Investigate Incident",True,"Prioritizes factual, clear, non-clickbait headlines for trust-sensitive surfaces. Risk is low after folding clickbait into the safety score. Audience/persona scoring favors it. The local quality critic rates it highly. Its main terms are supported by the article summary.",0.879988,0.99992290567,0.95,persona voted,0.9491560076116666,0.7142857142857143,0.7142857142857143,5.69493604567,5.11993604567,0.5750000000000001,7.709433e-05,4.755019,4.75,0.7142857142857143,4.0,12,8,GenAI baseline; Recommended,0.946301,"Prioritizes factual, clear, non-clickbait headlines for trust-sensitive surfaces. Risk is low after folding clickbait into the safety score. Audience/persona scoring favors it. The local quality critic rates it highly. Its main terms are supported by the article summary."
10,editorial,Editorial,sports,The playoffs begin next week across Oklahoma. Here is a complete list of the first-round playoff pairings for each class. Class 6A-I Moore at Edmond Santa Fe Jenks at Mustang Norman at Owasso Tulsa Union at Broken Arrow Class 6A-II Sapulpa at Stillwater Choctaw at Muskogee Midwest City at Bixby Tulsa Washington at Del City Class 5A Woodward at Noble Tulsa Kelley at Collinsville Pryor ...,GenAI baseline,2,zero_shot,zero_shot,api_zero_shot_generator,Oklahoma Playoffs Begin Next Week with First-Round Pairings Announced,False,Direct GenAI headline used as the strongest simple generation baseline.,0.938138,0.99992719407,0.85,persona voted,0.9219833003391668,0.8888888888888888,0.8888888888888888,5.531899802035,5.206899802035,0.325,7.280593e-05,4.796221,4.25,0.8888888888888888,5.0,12,8,GenAI baseline; Low-risk alternative,0.936326,"Strong baseline candidate, but the selector found a better match for this objective."
10,editorial,Editorial,sports,The playoffs begin next week across Oklahoma. Here is a complete list of the first-round playoff pairings for each class. Class 6A-I Moore at Edmond Santa Fe Jenks at Mustang Norman at Owasso Tulsa Union at Broken Arrow Class 6A-II Sapulpa at Stillwater Choctaw at Muskogee Midwest City at Bixby Tulsa Washington at Del City Class 5A Woodward at Noble Tulsa Kelley at Collinsville Pryor ...,Recommended,4,original,original,human_editor,High school football: First-round playoff pairings,True,"Prioritizes balanced, compact, publication-ready news headlines. Risk is low after folding clickbait into the safety score. Audience/persona scoring favors it. Its main terms are supported by the article summary.",0.79575,0.99987904372,0.9,persona voted,0.9486553678099998,0.5714285714285714,0.5714285714285714,5.691932206859999,4.966932206859999,0.725,0.00012095628,4.4594393,4.5,0.5714285714285714,4.0,12,8,Human baseline; Recommended,0.900646,"Prioritizes balanced, compact, publication-ready news headlines. Risk is low after folding clickbait into the safety score. Audience/persona scoring favors it. Its main terms are supported by the article summary."
10,growth,Growth,sports,The playoffs begin next week across Oklahoma. Here is a complete list of the first-round playoff pairings for each class. Class 6A-I Moore at Edmond Santa Fe Jenks at Mustang Norman at Owasso Tulsa Union at Broken Arrow Class 6A-II Sapulpa at Stillwater Choctaw at Muskogee Midwest City at Bixby Tulsa Washington at Del City Class 5A Woodward at Noble Tulsa Kelley at Collinsville Pryor ...,Human baseline,1,original,original,human_editor,High school football: First-round playoff pairings,False,Original human-written headline used as the editorial reference point.,0.79575,0.99987904372,0.9,persona voted,0.7879898417170002,0.5714285714285714,0.5714285714285714,4.727939050302001,4.677939050302001,0.05,0.00012095628,4.4594393,4.5,0.5714285714285714,4.0,12,8,Human baseline,0.86031,Not selected because it has lower quality by 0.14; weaker Growth objective fit by 0.17; less summary support by 0.32.
10,growth,Growth,sports,The playoffs begin next week across Oklahoma. Here is a complete list of the first-round playoff pairings for each class. Class 6A-I Moore at Edmond Santa Fe Jenks at Mustang Norman at Owasso Tulsa Union at Broken Arrow Class 6A-II Sapulpa at Stillwater Choctaw at Muskogee Midwest City at Bixby Tulsa Washington at Del City Class 5A Woodward at Noble Tulsa Kelley at Collinsville Pryor ...,Recommended,4,zero_shot,zero_shot,api_zero_shot_generator,Oklahoma Playoffs Begin Next Week with First-Round Pairings Announced,True,Prioritizes engaging headlines while still controlling clickbait and trust risk. Risk is low after folding clickbait into the safety score. Audience/persona scoring favors it. The local quality critic rates it highly. Its main terms are supported by the article summary.,0.938138,0.99992719407,0.85,persona voted,0.9592862788207498,0.8888888888888888,0.8888888888888888,5.755717672924499,4.955717672924499,0.7999999999999999,7.280593e-05,4.796221,4.25,0.8888888888888888,5.0,12,8,GenAI baseline; Low-risk alternative; Recommended,0.934806,Prioritizes engaging headlines while still controlling clickbait and trust risk. Risk is low after folding clickbait into the safety score. Audience/persona scoring favors it. The local quality critic rates it highly. Its main terms are supported by the article summary.
10,specificity,Specificity,sports,The playoffs begin next week across Oklahoma. Here is a complete list of the first-round playoff pairings for each class. Class 6A-I Moore at Edmond Santa Fe Jenks at Mustang Norman at Owasso Tulsa Union at Broken Arrow Class 6A-II Sapulpa at Stillwater Choctaw at Muskogee Midwest City at Bixby Tulsa Washington at Del City Class 5A Woodward at Noble Tulsa Kelley at Collinsville Pryor ...,Human baseline,1,original,original,human_editor,High school football: First-round playoff pairings,False,Original human-written headline used as the editorial reference point.,0.79575,0.99987904372,0.9,persona voted,0.8984729706599522,0.5714285714285714,0.5714285714285714,5.390837823959713,4.828337823959713,0.5625,0.00012095628,4.4594393,4.5,0.5714285714285714,4.0,12,8,Human baseline,0.88302,Not selected because it has lower quality by 0.14; less summary support by 0.30.
10,specificity,Specificity,sports,The playoffs begin next week across Oklahoma. Here is a complete list of the first-round playoff pairings for each class. Class 6A-I Moore at Edmond Santa Fe Jenks at Mustang Norman at Owasso Tulsa Union at Broken Arrow Class 6A-II Sapulpa at Stillwater Choctaw at Muskogee Midwest City at Bixby Tulsa Washington at Del City Class 5A Woodward at Noble Tulsa Kelley at Collinsville Pryor ...,GenAI baseline,2,zero_shot,zero_shot,api_zero_shot_generator,Oklahoma Playoffs Begin Next Week with First-Round Pairings Announced,False,Direct GenAI headline used as the strongest simple generation baseline.,0.938138,0.99992719407,0.85,persona voted,0.9127361683515463,0.8888888888888888,0.8888888888888888,5.4764170101092775,5.157667010109278,0.31875,7.280593e-05,4.796221,4.25,0.8888888888888888,5.0,12,8,GenAI baseline; Low-risk alternative,0.927162,"Strong baseline candidate, but the selector found a better match for this objective."
10,specificity,Specificity,sports,The playoffs begin next week across Oklahoma. Here is a complete list of the first-round playoff pairings for each class. Class 6A-I Moore at Edmond Santa Fe Jenks at Mustang Norman at Owasso Tulsa Union at Broken Arrow Class 6A-II Sapulpa at Stillwater Choctaw at Muskogee Midwest City at Bixby Tulsa Washington at Del City Class 5A Woodward at Noble Tulsa Kelley at Collinsville Pryor ...,Recommended,4,generic_sft,generic_sft,generic_sft_generator,Oklahoma's first-round playoff pairings begin next week,True,"Prioritizes concrete, source-supported details without losing clarity. Risk is low after folding clickbait into the safety score. The local quality critic rates it highly. Its main terms are supported by the article summary.",0.934072,0.999911951934,0.75,persona voted,0.9296365108950501,0.875,0.875,5.5778190653703,5.1465690653703,0.43125,8.8048066e-05,4.7969427,3.75,0.875,3.0,12,8,Recommended,0.923545,"Prioritizes concrete, source-supported details without losing clarity. Risk is low after folding clickbait into the safety score. The local quality critic rates it highly. Its main terms are supported by the article summary."
10,trust_safety,Trust / Safety,sports,The playoffs begin next week across Oklahoma. Here is a complete list of the first-round playoff pairings for each class. Class 6A-I Moore at Edmond Santa Fe Jenks at Mustang Norman at Owasso Tulsa Union at Broken Arrow Class 6A-II Sapulpa at Stillwater Choctaw at Muskogee Midwest City at Bixby Tulsa Washington at Del City Class 5A Woodward at Noble Tulsa Kelley at Collinsville Pryor ...,GenAI baseline,2,zero_shot,zero_shot,api_zero_shot_generator,Oklahoma Playoffs Begin Next Week with First-Round Pairings Announced,False,Direct GenAI headline used as the strongest simple generation baseline.,0.938138,0.99992719407,0.85,persona voted,0.9118225156783333,0.8888888888888888,0.8888888888888888,5.47093509407,5.15843509407,0.3125,7.280593e-05,4.796221,4.25,0.8888888888888888,5.0,12,8,GenAI baseline; Low-risk alternative,0.94128,"Strong baseline candidate, but the selector found a better match for this objective."
10,trust_safety,Trust / Safety,sports,The playoffs begin next week across Oklahoma. Here is a complete list of the first-round playoff pairings for each class. Class 6A-I Moore at Edmond Santa Fe Jenks at Mustang Norman at Owasso Tulsa Union at Broken Arrow Class 6A-II Sapulpa at Stillwater Choctaw at Muskogee Midwest City at Bixby Tulsa Washington at Del City Class 5A Woodward at Noble Tulsa Kelley at Collinsville Pryor ...,Recommended,4,original,original,human_editor,High school football: First-round playoff pairings,True,"Prioritizes factual, clear, non-clickbait headlines for trust-sensitive surfaces. Risk is low after folding clickbait into the safety score. Audience/persona scoring favors it. Its main terms are supported by the article summary.",0.79575,0.99987904372,0.9,persona voted,0.9561022722866667,0.5714285714285714,0.5714285714285714,5.73661363372,4.99911363372,0.7374999999999999,0.00012095628,4.4594393,4.5,0.5714285714285714,4.0,12,8,Human baseline; Recommended,0.914903,"Prioritizes factual, clear, non-clickbait headlines for trust-sensitive surfaces. Risk is low after folding clickbait into the safety score. Audience/persona scoring favors it. Its main terms are supported by the article summary."
