objective,objective_description,seed_id,category,selected_variant,selected_candidate_id,selected_source,selected_headline,selected_score,selected_base_score,selected_persona_adjustment,runner_up_variant,runner_up_candidate_id,runner_up_headline,runner_up_score,score_margin,clickbait_penalty,pred_faithfulness,pred_clarity,pred_specificity,pred_attractiveness,pred_non_clickbait,pred_overall,pairwise_reward,summary_support_rate,llm_overall,persona_signal_available,persona_mean_overall,persona_best_rate,persona_consensus_best_rate,target_persona_overall,target_persona_secondary,base_selected_variant,base_selected_candidate_id,base_selected_headline,base_selected_score,base_llm_overall,selection_changed
trust_safety,"Trust-sensitive selector: preserve the original safety objective, then boost candidates preferred by trust-sensitive readers.",1,news,zero_shot,zero_shot,api_zero_shot_generator,NASA Astronauts on ISS Face Challenges of Long Spacewalks,5.57471168822,5.12471168822,0.45,generic_sft,generic_sft,NASA astronauts need to be in good physical condition to make spacewalks,5.3846596828,0.19005200542000011,0.00010971178,4.85689,4.885587,4.633436,4.1384172,4.9065876,4.7633214,0.6962812,0.2857142857142857,5.0,True,4.75,1.0,1.0,4.0,4.0,zero_shot,zero_shot,NASA Astronauts on ISS Face Challenges of Long Spacewalks,5.12471168822,5.0,False
trust_safety,"Trust-sensitive selector: preserve the original safety objective, then boost candidates preferred by trust-sensitive readers.",2,foodanddrink,original,original,human_editor,Tour of Tempranillo offers taste of Lodi's take on the Spanish varietal,5.844597060099999,5.107097060099999,0.7374999999999999,zero_shot,zero_shot,Lodi Celebrates International Tempranillo Day with Winery Tour and Tastings,5.759337975925001,0.08525908417499828,0.0002376439,4.844817,4.879711,4.609014,4.1512947,4.907283,4.737482,0.60379404,0.25,5.0,True,4.5,0.75,1.0,5.0,5.0,zero_shot,zero_shot,Lodi Celebrates International Tempranillo Day with Winery Tour and Tastings,5.146837975925001,5.0,True
trust_safety,"Trust-sensitive selector: preserve the original safety objective, then boost candidates preferred by trust-sensitive readers.",3,travel,zero_shot,zero_shot,api_zero_shot_generator,Roller Coasters Today: Speed Records and Thrilling Designs,5.4271709122,4.9896709122,0.4375,agentic_selected,agentic_selected,Roller Coasters: Thrilling Speed Records and Innovative Designs,5.195263936970001,0.23190697522999937,0.0004820778,4.6609154,4.7772074,4.2046022,3.9334552,4.8035665,4.497764,1.0881518,0.7142857142857143,4.0,True,4.0,0.75,1.0,4.0,4.0,generic_sft,generic_sft,"Roller coasters break speed records, hurl passengers through space",5.131146959670001,4.0,True
trust_safety,"Trust-sensitive selector: preserve the original safety objective, then boost candidates preferred by trust-sensitive readers.",4,sports,zero_shot,zero_shot,api_zero_shot_generator,Seattle Seahawks Defeat Unbeaten 49ers in a Thrilling Comeback Victory,5.844948443640001,5.094948443640001,0.75,agentic_selected,agentic_selected,Mike Jones Highlights Seahawks' Impressive Victory Over 49ers,5.244051401805,0.600897041835001,0.00014257236,4.842174,4.857371,4.6551003,4.1187735,4.89145,4.7449236,0.53802186,0.5,5.0,True,5.0,1.0,1.0,5.0,5.0,agentic_candidate,4_c2,Mike Jones Highlights Seahawks' Impressive Victory Over 49ers,5.119051436439622,,True
trust_safety,"Trust-sensitive selector: preserve the original safety objective, then boost candidates preferred by trust-sensitive readers.",5,sports,original,original,human_editor,Depth charts: Projected starters for Iowa State vs. No. 23 Texas,5.85400996329,5.10400996329,0.75,zero_shot,zero_shot,Cyclones and Longhorns Announce Starters for 2019 Big 12 Matchup,5.573092654660001,0.2809173086299994,0.00014219871,4.8615875,4.869842,4.756526,4.1565304,4.900281,4.8028927,0.39811862,0.1428571428571428,5.0,True,5.0,1.0,1.0,5.0,5.0,agentic_candidate,5_c1,Cyclones and Longhorns Announce Starters for 2019 Big 12 Matchup,5.148092675222142,,True
trust_safety,"Trust-sensitive selector: preserve the original safety objective, then boost candidates preferred by trust-sensitive readers.",6,health,zero_shot,zero_shot,api_zero_shot_generator,Local airman returns home to Miami Valley to warm welcome from family and friends,5.7412579015,5.1787579015,0.5625,agentic_selected,agentic_selected,Local Airman Returns Home to Miami Valley to Warm Welcome,5.594436829859999,0.1468210716400007,0.0002580485,4.86919,4.876531,4.752138,4.228689,4.9000688,4.8059835,1.1079931,0.7,5.0,True,4.75,0.75,1.0,4.0,5.0,zero_shot,zero_shot,Local airman returns home to Miami Valley to warm welcome from family and friends,5.1787579015,5.0,False
trust_safety,"Trust-sensitive selector: preserve the original safety objective, then boost candidates preferred by trust-sensitive readers.",7,news,zero_shot,zero_shot,api_zero_shot_generator,Students at Hartford's Weaver campus aim to unite two school communities,5.8787151162,5.153715116200001,0.725,original,original,"Hartford's Weaver forging a new identity at campus shared by public, magnet students",5.575989371030001,0.30272574516999917,0.0012563798,4.8656015,4.8846827,4.7064734,4.2446003,4.9081917,4.796686,0.88689506,0.7777777777777778,5.0,True,4.75,0.5,1.0,5.0,5.0,generic_sft,generic_sft,Hartford's new Weaver campus works to erase stark lines,5.154613525819999,4.0,True
trust_safety,"Trust-sensitive selector: preserve the original safety objective, then boost candidates preferred by trust-sensitive readers.",8,sports,zero_shot,zero_shot,api_zero_shot_generator,Domingue Seeks Regular Playing Opportunity Ahead of Free Agency,5.434420433816,4.996920433816,0.4375,agentic_selected,agentic_selected,Domingue Seeking Regular Playing Opportunity Ahead of Free Agency,5.18164022412,0.25278020969600057,0.000104090184,4.685709,4.804673,4.266836,3.9646938,4.8533516,4.484534,0.79117244,0.375,5.0,True,4.5,0.75,1.0,4.0,4.0,zero_shot,zero_shot,Domingue Seeks Regular Playing Opportunity Ahead of Free Agency,4.996920433816,5.0,False
trust_safety,"Trust-sensitive selector: preserve the original safety objective, then boost candidates preferred by trust-sensitive readers.",9,news,zero_shot,zero_shot,api_zero_shot_generator,"Driver Fatally Shot in St. Paul, Police Investigate Incident",5.8883004703,5.1383004703,0.75,agentic_candidate,9_c1,Driver Fatally Shot in St. Paul on Sunday Night,5.73092056599562,0.15737990430437954,8.47197e-05,4.8682165,4.8818855,4.7116127,4.1531453,4.9036126,4.786676,0.7247644,0.7142857142857143,4.0,True,5.0,1.0,1.0,5.0,5.0,zero_shot,zero_shot,"Driver Fatally Shot in St. Paul, Police Investigate Incident",5.1383004703,4.0,False
trust_safety,"Trust-sensitive selector: preserve the original safety objective, then boost candidates preferred by trust-sensitive readers.",10,sports,original,original,human_editor,High school football: First-round playoff pairings,5.738157601129999,5.0006576011299995,0.7374999999999999,zero_shot,zero_shot,Oklahoma Playoffs Begin Next Week with First-Round Pairings Announced,5.4820166201600005,0.2561409809699988,0.00011913487,4.689581,4.788183,4.321847,3.8507566,4.8412733,4.451434,0.82741046,0.5714285714285714,4.0,True,4.75,0.75,1.0,5.0,5.0,zero_shot,zero_shot,Oklahoma Playoffs Begin Next Week with First-Round Pairings Announced,5.1695166201600005,5.0,True
trust_safety,"Trust-sensitive selector: preserve the original safety objective, then boost candidates preferred by trust-sensitive readers.",11,lifestyle,zero_shot,zero_shot,api_zero_shot_generator,"Decade Features Multiple Princesses, New Queen, King, and Future King of Pop",5.900567522,5.150567522,0.75,round2_final,round2_final,"Decade Includes Several Princesses, New Queen, and Future King of Pop",5.4395094860999995,0.4610580359000007,0.002337608,4.8420553,4.877178,4.6663065,4.1543655,4.9031057,4.738538,1.0308505,0.8888888888888888,5.0,True,5.0,1.0,1.0,5.0,5.0,zero_shot,zero_shot,"Decade Features Multiple Princesses, New Queen, King, and Future King of Pop",5.150567522,5.0,False
trust_safety,"Trust-sensitive selector: preserve the original safety objective, then boost candidates preferred by trust-sensitive readers.",12,sports,zero_shot,zero_shot,api_zero_shot_generator,Celtics' Javonte Green steps up during close game after Hayward's injury,5.375327884605,4.800327884605,0.5750000000000001,agentic_selected,agentic_selected,Javonte Green Contributes as Celtics Thrive Without Gordon Hayward,5.27202089503,0.10330698957500051,0.000115679395,4.5111322,4.695771,3.9509983,3.5719318,4.782935,4.187411,0.26856154,0.5,5.0,True,4.5,1.0,1.0,4.0,5.0,agentic_candidate,12_c3,Javonte Green Contributes as Celtics Thrive Without Gordon Hayward,4.9720209653271015,,True
trust_safety,"Trust-sensitive selector: preserve the original safety objective, then boost candidates preferred by trust-sensitive readers.",13,travel,zero_shot,zero_shot,api_zero_shot_generator,"Game wardens investigate fatal ATV crash in Montville, killing 30-year-old Rachel Curtis",5.92437864427,5.17437864427,0.75,agentic_selected,agentic_selected,Game Wardens Investigate Fatal ATV Crash Near Belfast,5.295831885880001,0.6285467583899988,0.00010517573,4.8718805,4.8740177,4.7483654,4.2091203,4.9044576,4.8170466,1.0475426,0.8333333333333334,5.0,True,5.0,1.0,1.0,5.0,5.0,zero_shot,zero_shot,"Game wardens investigate fatal ATV crash in Montville, killing 30-year-old Rachel Curtis",5.17437864427,5.0,False
trust_safety,"Trust-sensitive selector: preserve the original safety objective, then boost candidates preferred by trust-sensitive readers.",14,finance,zero_shot,zero_shot,api_zero_shot_generator,Critics urge Procter & Gamble to address deforestation and use recycled materials,5.8926697862,5.1676697862,0.725,generic_sft,generic_sft,Critics say Procter & Gamble contributes to deforestation and should use recycled materials for paper products,5.762145715903334,0.13052407029666568,0.0003393238,4.8579364,4.879862,4.725152,4.187755,4.899428,4.7936535,1.0651855,0.7777777777777778,5.0,True,4.75,0.5,1.0,5.0,5.0,zero_shot,zero_shot,Critics urge Procter & Gamble to address deforestation and use recycled materials,5.1676697862,5.0,False
trust_safety,"Trust-sensitive selector: preserve the original safety objective, then boost candidates preferred by trust-sensitive readers.",15,news,zero_shot,zero_shot,api_zero_shot_generator,Plant Officials Inform Workers of Tentative Contract Agreement Less Than 12 Hours Later,5.724481216780001,5.161981216780001,0.5625,agentic_selected,agentic_selected,Plant Officials Inform Workers of Contract Agreement within 12 Hours,5.28459029493,0.4398909218500009,8.371322e-05,4.8667674,4.875832,4.738467,4.1820374,4.9032965,4.802994,0.9535592,0.8181818181818182,4.0,True,3.75,0.75,1.0,4.0,5.0,zero_shot,zero_shot,Plant Officials Inform Workers of Tentative Contract Agreement Less Than 12 Hours Later,5.161981216780001,4.0,False
trust_safety,"Trust-sensitive selector: preserve the original safety objective, then boost candidates preferred by trust-sensitive readers.",16,travel,zero_shot,zero_shot,api_zero_shot_generator,Tampa Theatre Hosts Halloween Film Festival with Live Shows and Talks,5.911241991660001,5.161241991660001,0.75,agentic_selected,agentic_selected,Halloween Film Festival at Tampa Theatre Includes Live Podcast and Rocky Horror Talk,5.7773265875,0.13391540416000058,0.00013053334,4.8726864,4.878105,4.7250147,4.1733713,4.9064894,4.804549,0.92228675,0.6666666666666666,4.0,True,5.0,1.0,1.0,5.0,5.0,agentic_selected,agentic_selected,Halloween Film Festival at Tampa Theatre Includes Live Podcast and Rocky Horror Talk,5.1773265875000005,5.0,True
trust_safety,"Trust-sensitive selector: preserve the original safety objective, then boost candidates preferred by trust-sensitive readers.",17,news,zero_shot,zero_shot,api_zero_shot_generator,"Texas Officials, Including Gov. Abbott, Criticize Austin's Homelessness Policies",5.7633356008400005,5.163335600840001,0.6,agentic_selected,agentic_selected,Gov. Greg Abbott and State Officials Address Growing Homeless Encampments in Austin,5.46454044067,0.2987951601700001,0.00015072916,4.863575,4.881174,4.7241697,4.1800904,4.90353,4.7982917,0.9834556,0.7777777777777778,5.0,True,4.25,0.0,0.0,5.0,5.0,agentic_candidate,17_c2,Gov. Greg Abbott and State Officials Address Growing Homeless Encampments in Austin,5.164540513556858,,True
trust_safety,"Trust-sensitive selector: preserve the original safety objective, then boost candidates preferred by trust-sensitive readers.",18,news,zero_shot,zero_shot,api_zero_shot_generator,Trump Undergoes Medical Tests at Walter Reed as Part of Annual Physical,5.68716969333,5.12466969333,0.5625,agentic_selected,agentic_selected,Trump Undergoes Medical Tests at Walter Reed for Annual Physical,5.54489835331,0.14227134002000064,0.00020652267,4.873452,4.883783,4.729767,4.1638136,4.909898,4.7917175,0.52792716,0.8888888888888888,5.0,True,4.75,0.75,1.0,4.0,5.0,zero_shot,zero_shot,Trump Undergoes Medical Tests at Walter Reed as Part of Annual Physical,5.12466969333,5.0,False
trust_safety,"Trust-sensitive selector: preserve the original safety objective, then boost candidates preferred by trust-sensitive readers.",19,health,zero_shot,zero_shot,api_zero_shot_generator,Study finds pre-breakfast exercise increases fat loss without affecting weight loss,5.80693727713,5.05693727713,0.75,generic_sft,generic_sft,"Exercise before breakfast leads to more fat loss, but not weight loss",5.52544330679,0.28149397034000057,0.00017534287,4.7775145,4.8160925,4.4637985,4.0121813,4.851274,4.6390686,0.8112627,0.4545454545454545,5.0,True,5.0,1.0,1.0,5.0,5.0,agentic_selected,agentic_selected,Study Finds Morning Exercise More Effective for Fat Loss,5.10902192007,3.0,True
trust_safety,"Trust-sensitive selector: preserve the original safety objective, then boost candidates preferred by trust-sensitive readers.",20,sports,original,original,human_editor,"Giovani Bernard suffers knee injury vs. Ravens, eventually returns",5.85814759652,5.1206475965200005,0.7374999999999999,agentic_selected,agentic_selected,Cincinnati Bengals' Giovani Bernard Returns After Knee Injury Against Ravens,5.74956993541,0.10857766111,0.00010583348,4.8671856,4.8726406,4.7239027,4.111574,4.8980556,4.789406,0.5754412,0.625,5.0,True,4.5,0.75,1.0,5.0,5.0,agentic_candidate,20_c2,Cincinnati Bengals' Giovani Bernard Returns After Knee Injury Against Ravens,5.137069942368544,,True
trust_safety,"Trust-sensitive selector: preserve the original safety objective, then boost candidates preferred by trust-sensitive readers.",21,lifestyle,zero_shot,zero_shot,api_zero_shot_generator,Worcester's School Committee election shows limited progress on racial representation,5.877026726985,5.127026726985,0.75,agentic_selected,agentic_selected,Worcester Voters Elect One Person of Color to School Committee,5.430934402490001,0.446092324494999,8.7827015e-05,4.8474674,4.886293,4.6169806,4.1111956,4.9086347,4.7437043,0.76580524,0.3333333333333333,4.0,True,5.0,1.0,1.0,5.0,5.0,agentic_selected,agentic_selected,Worcester Voters Elect One Person of Color to School Committee,5.130934402490001,5.0,True
trust_safety,"Trust-sensitive selector: preserve the original safety objective, then boost candidates preferred by trust-sensitive readers.",22,news,original,original,human_editor,"South Jersey, Group 3 final preview: Ocean City at Clearview",5.762793024900001,5.025293024900001,0.7374999999999999,agentic_selected,agentic_selected,Ocean City and Clearview Meet Again in South Jersey Group 3 Final,5.68843303449,0.07435999041000052,8.39721e-05,4.7464275,4.820442,4.436021,3.9260626,4.867396,4.5517797,0.58896697,0.875,5.0,True,4.75,0.75,1.0,5.0,5.0,agentic_candidate,22_c1,Ocean City and Clearview Meet Again in South Jersey Group 3 Final,5.0884331196037245,,True
trust_safety,"Trust-sensitive selector: preserve the original safety objective, then boost candidates preferred by trust-sensitive readers.",23,finance,zero_shot,zero_shot,api_zero_shot_generator,Buy Microsoft at semiannual value level or above weekly moving average,5.902919192964,5.152919192964,0.75,generic_sft,generic_sft,"Microsoft sells its semiannual value at $131.71, or buy at Friday's close if the stock is above $138.17",5.47897482124,0.42394437172400057,0.000102207036,4.8672523,4.885198,4.698696,4.1858406,4.913401,4.7785983,0.8519098,1.0,5.0,True,5.0,1.0,1.0,5.0,5.0,zero_shot,zero_shot,Buy Microsoft at semiannual value level or above weekly moving average,5.152919192964,5.0,False
trust_safety,"Trust-sensitive selector: preserve the original safety objective, then boost candidates preferred by trust-sensitive readers.",24,news,original,original,human_editor,Tractor-trailer wedges itself under Waterbury bridge Monday morning,5.89453418455,5.1570341845500005,0.7374999999999999,generic_sft,generic_sft,tractor-trailer found stuck under railroad bridge,5.540212217160001,0.35432196738999977,0.00014434945,4.8724136,4.8837204,4.7109866,4.13931,4.9091887,4.7820897,0.87613744,0.8888888888888888,5.0,True,4.75,0.75,1.0,5.0,5.0,original,original,Tractor-trailer wedges itself under Waterbury bridge Monday morning,5.1570341845500005,5.0,False
trust_safety,"Trust-sensitive selector: preserve the original safety objective, then boost candidates preferred by trust-sensitive readers.",25,lifestyle,zero_shot,zero_shot,api_zero_shot_generator,Adam's Corner and Fisher House Offer Support for Military Families,5.907981793509999,5.17048179351,0.7374999999999999,agentic_selected,agentic_selected,Adam's Corner and Fisher House Support Military Families with Housing and Child Care,5.7882372955,0.11974449800999931,0.00015656649,4.860915,4.876834,4.7388115,4.220605,4.900556,4.8045473,1.0685761,0.75,5.0,True,4.75,0.75,1.0,5.0,5.0,agentic_selected,agentic_selected,Adam's Corner and Fisher House Support Military Families with Housing and Child Care,5.1757372955,5.0,True
trust_safety,"Trust-sensitive selector: preserve the original safety objective, then boost candidates preferred by trust-sensitive readers.",26,news,agentic_selected,agentic_selected,agentic_selector_v3,Sacramento Man Welcomes Healdsburg Couple and Their 18 Dogs,5.5818477709,5.1568477709,0.425,zero_shot,zero_shot,"Sacramento man houses Healdsburg couple and their 18 dogs, including puppies",5.57189737084,0.009950400059999254,0.0008985651,4.866089,4.8775806,4.733493,4.1717005,4.902401,4.7908545,0.91725016,0.8571428571428571,4.0,True,3.75,0.0,0.0,4.0,5.0,agentic_selected,agentic_selected,Sacramento Man Welcomes Healdsburg Couple and Their 18 Dogs,5.1568477709,4.0,False
trust_safety,"Trust-sensitive selector: preserve the original safety objective, then boost candidates preferred by trust-sensitive readers.",27,sports,original,original,human_editor,At-track photos: 2019 Kansas playoff weekend,5.884670042700001,5.134670042700001,0.75,zero_shot,zero_shot,Photos from NASCAR Cup and Xfinity Series Playoff Weekend at Kansas Speedway,5.573162062630001,0.31150798007,0.0001453723,4.867891,4.8736835,4.741886,4.102025,4.9073687,4.7948303,0.66523105,0.6666666666666666,3.0,True,5.0,1.0,1.0,5.0,5.0,agentic_selected,agentic_selected,Kansas Speedway Hosts NASCAR Cup and Xfinity Series Playoff Events,5.15362206198,4.0,True
trust_safety,"Trust-sensitive selector: preserve the original safety objective, then boost candidates preferred by trust-sensitive readers.",28,sports,zero_shot,zero_shot,api_zero_shot_generator,Frank Vogel aims to maximize opportunity with the Lakers,5.398960067136,4.973960067136,0.42500000000000004,agentic_selected,agentic_selected,Lakers' Frank Vogel Aims to Maximize Coaching Situation,5.124751271139999,0.27420879599600045,9.8102864e-05,4.7266884,4.7963667,4.4022474,4.0383606,4.8327017,4.5715523,0.3407422,0.5,4.0,True,4.25,0.5,1.0,4.0,4.0,zero_shot,zero_shot,Frank Vogel aims to maximize opportunity with the Lakers,4.973960067136,4.0,False
trust_safety,"Trust-sensitive selector: preserve the original safety objective, then boost candidates preferred by trust-sensitive readers.",29,finance,zero_shot,zero_shot,api_zero_shot_generator,Rhode Island's October unemployment rate remains steady at 3.6 percent,5.70508506899,5.15508506899,0.55,agentic_selected,agentic_selected,October Unemployment in Rhode Island Remains Stable at 3.6 Percent,5.578412891339999,0.1266721776500006,0.00011166501,4.8671584,4.883402,4.695332,4.216015,4.908441,4.790327,0.89587474,0.625,5.0,True,4.5,0.5,1.0,4.0,5.0,zero_shot,zero_shot,Rhode Island's October unemployment rate remains steady at 3.6 percent,5.15508506899,5.0,False
trust_safety,"Trust-sensitive selector: preserve the original safety objective, then boost candidates preferred by trust-sensitive readers.",30,finance,original,original,human_editor,What apartments will $900 rent you in Pleasant Valley right now?,5.8365371233,5.0865371233,0.75,zero_shot,zero_shot,Apartment Rentals in Pleasant Valley Available for $900/Month,5.443386616160001,0.39315050713999966,0.0002843067,4.8501854,4.875641,4.69662,4.19974,4.9019804,4.753765,0.3136295,0.5,5.0,True,5.0,1.0,1.0,5.0,5.0,zero_shot,zero_shot,Apartment Rentals in Pleasant Valley Available for $900/Month,5.143386616160001,5.0,True
trust_safety,"Trust-sensitive selector: preserve the original safety objective, then boost candidates preferred by trust-sensitive readers.",31,autos,zero_shot,zero_shot,api_zero_shot_generator,"Duane Roots' 1,500hp Charger Hellcat Features E90 Fuel and Nitrous Boost",5.920291807525,5.182791807525001,0.7374999999999999,agentic_selected,agentic_selected,"Duane Roots' 1,500hp Hemi Charger Hellcat Features E90 and Nitrous",5.60555493988,0.3147368676450002,0.000120912475,4.8692675,4.879922,4.735708,4.221343,4.900066,4.799885,1.1563072,0.8,5.0,True,4.75,0.75,1.0,5.0,5.0,zero_shot,zero_shot,"Duane Roots' 1,500hp Charger Hellcat Features E90 Fuel and Nitrous Boost",5.182791807525001,5.0,False
trust_safety,"Trust-sensitive selector: preserve the original safety objective, then boost candidates preferred by trust-sensitive readers.",32,autos,zero_shot,zero_shot,api_zero_shot_generator,Interstate 70 reopens near Hoke Road after rollover crash cleared,5.884399812510001,5.146899812510001,0.7374999999999999,agentic_selected,agentic_selected,Interstate 70 Reopens Near Hoke Road After Rollover Crash,5.74940540934,0.13499440317000033,9.699749e-05,4.8693485,4.870487,4.755722,4.1884713,4.898173,4.812114,0.8013591,0.7777777777777778,5.0,True,5.0,0.75,1.0,5.0,5.0,agentic_selected,agentic_selected,Interstate 70 Reopens Near Hoke Road After Rollover Crash,5.149405409340001,5.0,True
trust_safety,"Trust-sensitive selector: preserve the original safety objective, then boost candidates preferred by trust-sensitive readers.",33,autos,zero_shot,zero_shot,api_zero_shot_generator,State Highway Patrol Attempts to Stop Vehicle for Traffic Violation in Wapakoneta,5.58964218052,5.1646421805200005,0.425,agentic_selected,agentic_selected,State Highway Patrol Attempts to Stop Vehicle on Park Road,5.416136144596,0.17350603592400038,6.896948e-05,4.8689156,4.880374,4.725061,4.111355,4.906823,4.7886887,0.9651711,0.6666666666666666,5.0,True,3.25,0.0,0.0,4.0,5.0,agentic_candidate,33_c1,State Highway Patrol Attempts to Stop Vehicle on Park Road,5.16613616290415,,True
trust_safety,"Trust-sensitive selector: preserve the original safety objective, then boost candidates preferred by trust-sensitive readers.",34,sports,zero_shot,zero_shot,api_zero_shot_generator,"Dolphins Prepare for NFL Draft, Showcase Top College Prospects in Week 11",5.7425599511200005,5.142559951120001,0.6,agentic_selected,agentic_selected,Week 11 College Football Highlights Key Prospects for Dolphins' Draft Strategy,5.572114274740001,0.17044567637999908,9.520888e-05,4.8663654,4.86875,4.759097,4.2058034,4.89913,4.815244,0.767103,0.7777777777777778,5.0,True,4.25,0.0,0.0,5.0,5.0,agentic_selected,agentic_selected,Week 11 College Football Highlights Key Prospects for Dolphins' Draft Strategy,5.147114274740002,4.0,True
trust_safety,"Trust-sensitive selector: preserve the original safety objective, then boost candidates preferred by trust-sensitive readers.",35,sports,zero_shot,zero_shot,api_zero_shot_generator,Yankees' James Paxton acknowledges tipping pitches after Astros matchup in April,5.913413035970001,5.163413035970001,0.75,agentic_selected,agentic_selected,Astros' Reputation for Sign Stealing Noted by Yankees Before Game 2,5.400753444379999,0.5126595915900012,7.452403e-05,4.873251,4.874934,4.73592,4.145009,4.9033737,4.8052397,0.9459625,0.6,5.0,True,5.0,1.0,1.0,5.0,5.0,zero_shot,zero_shot,Yankees' James Paxton acknowledges tipping pitches after Astros matchup in April,5.163413035970001,5.0,False
trust_safety,"Trust-sensitive selector: preserve the original safety objective, then boost candidates preferred by trust-sensitive readers.",36,health,zero_shot,zero_shot,api_zero_shot_generator,Scientists to Intentionally Infect Healthy Individuals for Virus Research,5.581251816700001,5.143751816700001,0.4375,agentic_selected,agentic_selected,Scientists Intentionally Infect Healthy Individuals to Study Virus Progression,5.4651662176,0.11608559910000071,0.0001258933,4.841586,4.880216,4.5911946,4.1265326,4.9057817,4.7299995,1.0034614,0.5714285714285714,5.0,True,4.0,0.75,1.0,4.0,4.0,agentic_candidate,36_c1,Scientists Intentionally Infect Healthy Individuals to Study Virus Progression,5.165166274656076,,True
trust_safety,"Trust-sensitive selector: preserve the original safety objective, then boost candidates preferred by trust-sensitive readers.",37,lifestyle,specificity_sft,specificity_sft,specificity_sft_generator,"Wedding gowns made from quilted Northern toilet paper, tape, glue, and a needle and thread",5.242208323333333,4.942208323333333,0.3,zero_shot,zero_shot,Wedding Gowns Created from Quilted Northern Toilet Paper and Craft Supplies,4.745524490000001,0.4966838333333321,0.19242851,4.8530674,4.8752346,4.7028103,4.2189713,4.896714,4.777454,0.9573439,1.0,5.0,True,4.0,0.0,0.0,4.0,4.0,specificity_sft,specificity_sft,"Wedding gowns made from quilted Northern toilet paper, tape, glue, and a needle and thread",4.942208323333333,5.0,False
trust_safety,"Trust-sensitive selector: preserve the original safety objective, then boost candidates preferred by trust-sensitive readers.",38,sports,zero_shot,zero_shot,api_zero_shot_generator,Voting Open for Grand Rapids Area's Top Player from Postseason Openers,5.703684887440001,4.953684887440001,0.75,agentic_selected,agentic_selected,Vote for Grand Rapids' Top Player from Last Week's Playoff Openers,5.4608514583000005,0.24283342914000006,8.158256e-05,4.6672597,4.803702,4.1319947,3.7943518,4.8557367,4.346362,0.5620171,0.7777777777777778,5.0,True,5.0,1.0,1.0,5.0,5.0,agentic_selected,agentic_selected,Vote for Grand Rapids' Top Player from Last Week's Playoff Openers,5.035851458300001,4.0,True
trust_safety,"Trust-sensitive selector: preserve the original safety objective, then boost candidates preferred by trust-sensitive readers.",39,sports,original,original,human_editor,Hawaii angler lands rare giant ulua,5.7576502317700005,5.020150231770001,0.7374999999999999,generic_sft,generic_sft,Hawaii man fulfills dream of fishing with ulua weighing 100 pounds,5.578471518550001,0.17917871321999979,0.00011230423,4.774253,4.832794,4.479459,4.083324,4.859459,4.6276655,0.38218936,0.3333333333333333,4.0,True,4.75,0.75,1.0,5.0,5.0,zero_shot,zero_shot,"Hawaii Man Catches Over 100-Pound Ulua, Fulfilling Fisherman's Dream",5.162144474000001,5.0,True
trust_safety,"Trust-sensitive selector: preserve the original safety objective, then boost candidates preferred by trust-sensitive readers.",40,autos,zero_shot,zero_shot,api_zero_shot_generator,"Head-on collision on U.S. 127 leaves one dead, two injured",5.79406928292,5.06906928292,0.725,original,original,"1 dead, 2 injured in U.S. 127 head-on collision near Camden, state patrol says",5.714083648670001,0.07998563424999894,8.697308e-05,4.841213,4.8792343,4.5813694,4.0077066,4.9062624,4.697812,0.26808536,0.75,5.0,True,4.75,0.5,1.0,5.0,5.0,agentic_selected,agentic_selected,State Patrol Investigates Fatal Collision on U.S. 127 Near Camden,5.09680221583,4.0,True
trust_safety,"Trust-sensitive selector: preserve the original safety objective, then boost candidates preferred by trust-sensitive readers.",41,finance,original,original,human_editor,"Online petition to keep divisive Braves tomahawk chop nears 60,000",5.599809449580001,5.024809449580001,0.5750000000000001,agentic_selected,agentic_selected,Kevin Mooneyhan Reflects on Loss in Game 5 and Tomahawk Chop,5.24121497977,0.35859446981000165,9.038092e-05,4.80822,4.871195,4.5366626,4.107171,4.899358,4.686382,0.038991705,0.2222222222222222,4.0,True,4.5,1.0,1.0,4.0,5.0,agentic_candidate,41_c1,Kevin Mooneyhan Reflects on Loss in Game 5 and Tomahawk Chop,5.116214981133817,,True
trust_safety,"Trust-sensitive selector: preserve the original safety objective, then boost candidates preferred by trust-sensitive readers.",42,weather,original,original,human_editor,"Fort Collins, CSU hosting event to celebrate 20 years of climate action",5.79476577811,5.04476577811,0.75,zero_shot,zero_shot,Fort Collins marks 20 years of climate action with free event,5.627178235059999,0.16758754305000156,9.096689e-05,4.765394,4.8334045,4.451536,4.0018845,4.8769703,4.5796113,0.63773555,0.5555555555555556,4.0,True,5.0,1.0,1.0,5.0,5.0,agentic_candidate,42_c1,Fort Collins Marks 20th Anniversary of Climate Action with Free Lincoln Center Event,5.174070956223296,,True
trust_safety,"Trust-sensitive selector: preserve the original safety objective, then boost candidates preferred by trust-sensitive readers.",43,news,generic_sft,generic_sft,generic_sft_generator,Trump equates hate crime allegation to current impeachment process,5.697795295010001,5.097795295010001,0.6,original,original,Trump equates the Smollett case to impeachment inquiry,5.5391357318,0.15865956321000052,0.00014193199,4.815591,4.8549495,4.561731,3.9935536,4.8893175,4.6720505,0.77742577,0.875,4.0,True,4.5,0.0,0.0,5.0,5.0,specificity_sft,specificity_sft,Trump equates case of hate crime allegation made by actor Jussie Smollett to current impeachment process,5.132435464766667,4.0,True
trust_safety,"Trust-sensitive selector: preserve the original safety objective, then boost candidates preferred by trust-sensitive readers.",44,finance,agentic_selected,agentic_selected,agentic_selector_v3,Current Low-End Rental Prices in Zilker for Apartment Hunters,5.352491240039999,5.052491240039999,0.3,zero_shot,zero_shot,Low-End Rental Prices in Zilker Trending for Apartment Hunters,5.349373396900001,0.0031178431399982998,8.164996e-05,4.7985144,4.862555,4.4716196,4.052878,4.9006634,4.643513,0.4329515,0.625,4.0,True,4.0,0.0,0.0,4.0,4.0,agentic_selected,agentic_selected,Current Low-End Rental Prices in Zilker for Apartment Hunters,5.052491240039999,4.0,False
trust_safety,"Trust-sensitive selector: preserve the original safety objective, then boost candidates preferred by trust-sensitive readers.",45,health,generic_sft,generic_sft,generic_sft_generator,"CBD can be found in food, drinks, and even skincare products",5.56557165825,5.14057165825,0.425,zero_shot,zero_shot,"CBD is increasingly available in food, drinks, and skincare products",5.51814024186,0.04743141638999937,0.00053148175,4.837046,4.8740225,4.602432,4.1628723,4.8941855,4.7423697,1.0298139,1.0,5.0,True,3.5,0.0,0.0,4.0,5.0,specificity_sft,specificity_sft,CBD marketed as a natural solution to aches and pains,5.1445438472200005,4.0,True
trust_safety,"Trust-sensitive selector: preserve the original safety objective, then boost candidates preferred by trust-sensitive readers.",46,foodanddrink,zero_shot,zero_shot,api_zero_shot_generator,Eat the Frog Fitness and MOOYAH Burgers to Open at Hill Center Brentwood,5.740185454670001,5.1651854546700005,0.5750000000000001,agentic_selected,agentic_selected,Eat the Frog Fitness and MOOYAH to Open in Hill Center Brentwood,5.57939095143,0.16079450324000089,0.00037937533,4.869565,4.8769255,4.7471604,4.2171974,4.90184,4.7993045,0.9708569,0.8888888888888888,5.0,True,4.0,1.0,1.0,4.0,5.0,zero_shot,zero_shot,Eat the Frog Fitness and MOOYAH Burgers to Open at Hill Center Brentwood,5.1651854546700005,5.0,False
trust_safety,"Trust-sensitive selector: preserve the original safety objective, then boost candidates preferred by trust-sensitive readers.",47,news,zero_shot,zero_shot,api_zero_shot_generator,Unrepaired sinkhole in Lebanon causes stress for resident Debbie Carpenter,5.92054100596,5.17054100596,0.75,agentic_selected,agentic_selected,Unrepaired Sinkhole on Elm Street Causes Stress for Local Resident,5.580486204620001,0.3400548013399991,8.932404e-05,4.871096,4.8859186,4.7231927,4.1752353,4.908931,4.790562,1.0000964,0.625,5.0,True,5.0,1.0,1.0,5.0,5.0,zero_shot,zero_shot,Unrepaired sinkhole in Lebanon causes stress for resident Debbie Carpenter,5.17054100596,5.0,False
trust_safety,"Trust-sensitive selector: preserve the original safety objective, then boost candidates preferred by trust-sensitive readers.",48,travel,agentic_selected,agentic_selected,agentic_selector_v3,Texas Parks and Wildlife Highlights Bobwhite Quail Hunting Experience,5.221880463905001,5.096880463905001,0.125,zero_shot,zero_shot,Hunting bobwhite quail remains a cherished tradition in Texas,5.113857694,0.10802276990500115,0.000103086095,4.82013,4.862571,4.56825,4.073179,4.8955917,4.677417,0.7091484,0.875,4.0,True,3.0,0.0,0.0,3.0,4.0,agentic_selected,agentic_selected,Texas Parks and Wildlife Highlights Bobwhite Quail Hunting Experience,5.096880463905001,4.0,False
trust_safety,"Trust-sensitive selector: preserve the original safety objective, then boost candidates preferred by trust-sensitive readers.",49,health,zero_shot,zero_shot,api_zero_shot_generator,Maximizing Gym Workouts in 20 to 30 Minutes for Targeted Muscle Training,5.51769902088,5.06769902088,0.45,agentic_selected,agentic_selected,Maximizing Gym Time: Effective Workouts in 20 to 30 Minutes,5.10076137846,0.41693764242000064,0.00047140912,4.8204083,4.8729286,4.5805435,4.189252,4.8954954,4.7268085,0.3871842,0.2857142857142857,4.0,True,4.75,1.0,1.0,4.0,4.0,zero_shot,zero_shot,Maximizing Gym Workouts in 20 to 30 Minutes for Targeted Muscle Training,5.06769902088,4.0,False
trust_safety,"Trust-sensitive selector: preserve the original safety objective, then boost candidates preferred by trust-sensitive readers.",50,foodanddrink,zero_shot,zero_shot,api_zero_shot_generator,Vice Officers Raid Building Linked to Design District Massage Parlor,5.621077580280001,5.17107758028,0.45,agentic_candidate,50_c2,Design District Massage Parlor Raided by Vice Officers,5.442694129562005,0.17838345071799555,8.189972e-05,4.8693085,4.870652,4.74751,4.168494,4.89659,4.80634,1.0557768,0.7777777777777778,5.0,True,4.25,1.0,1.0,4.0,4.0,agentic_candidate,50_c1,Vice Officers Raid Building Linked to Design District Massage Parlor,5.171077677648281,,True
trust_safety,"Trust-sensitive selector: preserve the original safety objective, then boost candidates preferred by trust-sensitive readers.",51,news,original,original,human_editor,Trudeau's Liberals take early lead after first Canadian polls close,5.659148173330001,5.109148173330001,0.55,generic_sft,generic_sft,Liberals take early lead after polls close in four provinces,5.53502340622,0.12412476711000142,8.835067e-05,4.839115,4.86683,4.6184187,4.0837,4.8966727,4.717333,0.69380844,0.5,4.0,True,4.0,0.5,1.0,4.0,5.0,zero_shot,zero_shot,Canada's Liberals Lead After Polls Close Amid Scandals and Conservative Challenge,5.11635939941,5.0,True
trust_safety,"Trust-sensitive selector: preserve the original safety objective, then boost candidates preferred by trust-sensitive readers.",52,finance,specificity_sft,specificity_sft,specificity_sft_generator,Councilmember: 'We can't allow massive rent increases and unjust evictions to happen anymore',5.70003132104,5.10003132104,0.6,agentic_selected,agentic_selected,Councilmember Opposes Massive Rent Increases and Unjust Evictions,5.447937328655,0.2520939923850003,0.00040453396,4.798704,4.8721566,4.5452347,4.136256,4.8894053,4.6700115,0.85177875,0.8181818181818182,4.0,True,4.75,0.0,0.0,5.0,5.0,agentic_selected,agentic_selected,Councilmember Opposes Massive Rent Increases and Unjust Evictions,5.147937328655,5.0,True
trust_safety,"Trust-sensitive selector: preserve the original safety objective, then boost candidates preferred by trust-sensitive readers.",53,finance,original,original,human_editor,Fosun buys Thomas Cook brand for 11 million,5.631049356179999,5.068549356179999,0.5625,agentic_selected,agentic_selected,Fosun Acquires Thomas Cook Brand for $14.2 Million,5.53300919869,0.09804015748999895,9.182782e-05,4.819683,4.857773,4.5811896,4.1027045,4.8849516,4.690258,0.45608944,0.8333333333333334,4.0,True,4.0,0.75,1.0,4.0,5.0,agentic_selected,agentic_selected,Fosun Acquires Thomas Cook Brand for $14.2 Million,5.1080091986900005,4.0,True
trust_safety,"Trust-sensitive selector: preserve the original safety objective, then boost candidates preferred by trust-sensitive readers.",54,news,zero_shot,zero_shot,api_zero_shot_generator,Dogs Available for Adoption at Centers in Seattle Area,5.7002964216,5.1377964216,0.5625,agentic_selected,agentic_selected,Seattle Adoption Centers Feature Listings of Dogs for New Homes,5.58842849203,0.1118679295699998,0.0001294084,4.8661137,4.880831,4.735577,4.1713324,4.907694,4.8001213,0.6944825,0.6666666666666666,5.0,True,4.25,0.75,1.0,4.0,5.0,agentic_selected,agentic_selected,Seattle Adoption Centers Feature Listings of Dogs for New Homes,5.16342849203,5.0,True
trust_safety,"Trust-sensitive selector: preserve the original safety objective, then boost candidates preferred by trust-sensitive readers.",55,health,zero_shot,zero_shot,api_zero_shot_generator,Becoming a dentist is a long and costly process in health care,5.5423370926999995,4.9798370926999995,0.5625,generic_sft,generic_sft,"A dentist is a long, costly, and demanding endeavor",5.0909342765800005,0.451402816119999,0.0011291433,4.6953263,4.821965,4.1301565,3.9660337,4.856329,4.4960775,0.68528366,0.8571428571428571,5.0,True,4.25,0.75,1.0,4.0,5.0,zero_shot,zero_shot,Becoming a dentist is a long and costly process in health care,4.9798370926999995,5.0,False
trust_safety,"Trust-sensitive selector: preserve the original safety objective, then boost candidates preferred by trust-sensitive readers.",56,news,zero_shot,zero_shot,api_zero_shot_generator,"Gilroy mother accused of drowning daughter says she ""just snapped"" in dispatcher call",5.598802234000001,5.148802234000001,0.45,round1_final,round1_final,"Gilroy mother accused of drowning daughter says she ""just snapped"" in dispatcher call",5.148802234000001,0.4500000000000002,0.012287869,4.86632,4.8825445,4.7010736,4.077816,4.9070215,4.7724047,0.95839393,0.7272727272727273,5.0,True,4.25,0.5,0.0,4.0,5.0,zero_shot,zero_shot,"Gilroy mother accused of drowning daughter says she ""just snapped"" in dispatcher call",5.148802234000001,5.0,False
trust_safety,"Trust-sensitive selector: preserve the original safety objective, then boost candidates preferred by trust-sensitive readers.",57,news,original,original,human_editor,Debbie Wasserman Schultz defends calling Ken Cuccinelli a white supremacist,5.886625446100001,5.136625446100001,0.75,zero_shot,zero_shot,Rep. Debbie Wasserman Schultz Defends Calling USCIS Director Cuccinelli a White Supremacist,5.569710405029999,0.31691504107000235,0.0026361109,4.867338,4.88085,4.7331944,4.13597,4.904441,4.7915273,0.71504617,0.7777777777777778,5.0,True,5.0,1.0,1.0,5.0,5.0,agentic_candidate,57_c3,Debbie Wasserman Schultz Stands by Controversial Remarks on Ken Cuccinelli,5.147075253422372,,True
trust_safety,"Trust-sensitive selector: preserve the original safety objective, then boost candidates preferred by trust-sensitive readers.",58,lifestyle,zero_shot,zero_shot,api_zero_shot_generator,Effective Cleaning Products That Save Time and Avoid Harsh Chemicals,5.681382763680001,5.131382763680001,0.55,agentic_selected,agentic_selected,Harsh Chemical-Free Cleaning Solutions for a Fresh Home,5.24135665716,0.4400261065200013,0.00033350632,4.8421755,4.882513,4.5877056,4.1642113,4.9036837,4.7372227,0.884678,0.6666666666666666,5.0,True,4.25,0.5,1.0,4.0,5.0,zero_shot,zero_shot,Effective Cleaning Products That Save Time and Avoid Harsh Chemicals,5.131382763680001,5.0,False
trust_safety,"Trust-sensitive selector: preserve the original safety objective, then boost candidates preferred by trust-sensitive readers.",59,health,original,original,human_editor,Patient dies in ER at WellSpan York Hospital what we know now,5.02793999514,4.46543999514,0.5625,zero_shot,zero_shot,"Details are limited following patient tragedy, name withheld",4.611890780040001,0.41604921509999837,0.00019373636,4.1352086,4.4897366,3.3884594,3.5549226,4.5453844,3.7056592,0.111417115,0.375,3.0,True,4.5,0.75,1.0,4.0,5.0,agentic_selected,agentic_selected,Patient's Identity Remains Confidential Amid Ongoing Investigation,4.478565322060001,4.0,True
trust_safety,"Trust-sensitive selector: preserve the original safety objective, then boost candidates preferred by trust-sensitive readers.",60,news,zero_shot,zero_shot,api_zero_shot_generator,Sky Valley Education Center teachers evacuate students after fluorescent lights catch fire,5.93073047411,5.18073047411,0.75,agentic_selected,agentic_selected,Sky Valley Education Center Teachers Evacuate Students After Fluorescent Lights Catch Fire,5.780730474109999,0.15000000000000036,0.00021150589,4.8692775,4.8744884,4.7548566,4.213519,4.8997016,4.805964,1.1293716,0.75,5.0,True,5.0,1.0,1.0,5.0,5.0,zero_shot,zero_shot,Sky Valley Education Center teachers evacuate students after fluorescent lights catch fire,5.18073047411,5.0,False
trust_safety,"Trust-sensitive selector: preserve the original safety objective, then boost candidates preferred by trust-sensitive readers.",61,foodanddrink,original,original,human_editor,San Francisco chefs find nostalgia in Japanese milk bread,5.528005935200001,4.778005935200001,0.75,zero_shot,zero_shot,San Francisco Chefs Embrace Milk Bread Amid Sourdough Tradition,5.080912862599999,0.4470930726000022,0.0037775198,4.4460154,4.663471,3.9355755,3.6388848,4.7497473,4.136075,0.52201355,0.75,4.0,True,5.0,1.0,1.0,5.0,5.0,zero_shot,zero_shot,San Francisco Chefs Embrace Milk Bread Amid Sourdough Tradition,4.780912862599999,5.0,True
trust_safety,"Trust-sensitive selector: preserve the original safety objective, then boost candidates preferred by trust-sensitive readers.",62,news,zero_shot,zero_shot,api_zero_shot_generator,Authorities discover additional preserved fetuses at Dr. Ulrich Klopfer's home,5.91927203521,5.16927203521,0.75,agentic_candidate,62_c1,"Family Discovers 2,246 Preserved Fetuses at Dr. Ulrich Klopfer's Illinois Home",5.1714284546091225,0.7478435806008772,0.00010570479,4.8700995,4.883072,4.735978,4.1576424,4.905344,4.805813,0.9952254,0.625,5.0,True,4.75,1.0,1.0,5.0,5.0,agentic_candidate,62_c1,"Family Discovers 2,246 Preserved Fetuses at Dr. Ulrich Klopfer's Illinois Home",5.1714284546091225,,True
trust_safety,"Trust-sensitive selector: preserve the original safety objective, then boost candidates preferred by trust-sensitive readers.",63,foodanddrink,original,original,human_editor,30 Vintage Christmas Desserts Inspired by Grandma,4.918404210000001,4.168404210000001,0.75,zero_shot,zero_shot,30 Vintage Christmas Desserts Inspired by Grandma for Your Holiday Feast,4.775968209999999,0.14243600000000178,0.99997723,4.8638744,4.877678,4.734375,4.238392,4.9040976,4.7942643,1.026293,1.0,5.0,True,5.0,1.0,1.0,5.0,5.0,zero_shot,zero_shot,30 Vintage Christmas Desserts Inspired by Grandma for Your Holiday Feast,4.17596821,4.0,True
trust_safety,"Trust-sensitive selector: preserve the original safety objective, then boost candidates preferred by trust-sensitive readers.",64,lifestyle,agentic_selected,agentic_selected,agentic_selector_v3,Fire Causes Major Damage at St. Bernadette School in South Seattle,5.58347093499,5.15847093499,0.425,zero_shot,zero_shot,St. Bernadette Catholic School Cancels Classes After Overnight Fire Damage,5.47817591368,0.1052950213099999,8.850001e-05,4.869769,4.886978,4.707058,4.1724143,4.9117393,4.7876844,0.89028645,0.875,4.0,True,3.75,0.0,0.0,4.0,5.0,zero_shot,zero_shot,St. Bernadette Catholic School Cancels Classes After Overnight Fire Damage,5.16567591368,5.0,True
trust_safety,"Trust-sensitive selector: preserve the original safety objective, then boost candidates preferred by trust-sensitive readers.",65,travel,zero_shot,zero_shot,api_zero_shot_generator,Volunteers Spread Holiday Cheer to Seniors Through Senior Santa Program in Brevard County,5.9229410421,5.1729410421,0.75,agentic_selected,agentic_selected,Brevard County TRIAD's Senior Santa Program Delivers Cheer to Seniors,5.6028500421,0.3200909999999997,0.0028900579,4.869133,4.875537,4.743514,4.206662,4.9011846,4.804123,1.0836372,0.8181818181818182,5.0,True,5.0,1.0,1.0,5.0,5.0,agentic_selected,agentic_selected,Brevard County TRIAD's Senior Santa Program Delivers Cheer to Seniors,5.1778500421,4.0,True
trust_safety,"Trust-sensitive selector: preserve the original safety objective, then boost candidates preferred by trust-sensitive readers.",66,sports,original,original,human_editor,Penn State's James Franklin gives student in Michigan State shirt his instead,5.642394401000001,5.0673944010000005,0.5750000000000001,zero_shot,zero_shot,James Franklin Gives Penn State Shirt to Student Wearing Spartans Gear,5.48482943936,0.15756496164000033,0.023882871,4.8364882,4.8736763,4.609929,3.9936118,4.9055223,4.697749,0.49297142,0.6363636363636364,4.0,True,4.25,1.0,1.0,4.0,5.0,generic_sft,generic_sft,Penn State freshman Megan McNeely wears T-shirt for Spartans,5.106812538900001,4.0,True
trust_safety,"Trust-sensitive selector: preserve the original safety objective, then boost candidates preferred by trust-sensitive readers.",67,sports,zero_shot,zero_shot,api_zero_shot_generator,Les Miles prepares for reunion with Oklahoma State this weekend,5.4457311143,5.1457311143,0.3,agentic_selected,agentic_selected,Les Miles Prepares for Reunion with Oklahoma State This Weekend,5.4457311143,0.0,0.0003313017,4.865306,4.8729496,4.743598,4.175773,4.9021225,4.8074474,0.80353546,0.8571428571428571,5.0,True,4.0,0.0,0.0,4.0,4.0,agentic_candidate,67_c1,Les Miles Prepares for Reunion with Oklahoma State This Weekend,5.145731251221149,,True
trust_safety,"Trust-sensitive selector: preserve the original safety objective, then boost candidates preferred by trust-sensitive readers.",68,news,zero_shot,zero_shot,api_zero_shot_generator,Kentucky Representatives and Mitch McConnell Respond After Vote,5.41906617008,5.10656617008,0.3125,generic_sft,generic_sft,Kentucky's Mitch McConnell has strong words in Senate,5.340019852625001,0.07904631745499913,8.595392e-05,4.8200636,4.8662596,4.652108,4.0009046,4.8991914,4.73971,0.70406544,0.7142857142857143,5.0,True,4.25,0.25,0.0,4.0,4.0,zero_shot,zero_shot,Kentucky Representatives and Mitch McConnell Respond After Vote,5.10656617008,5.0,False
trust_safety,"Trust-sensitive selector: preserve the original safety objective, then boost candidates preferred by trust-sensitive readers.",69,lifestyle,original,original,human_editor,13 Things You Never Knew About Manatees,4.860089039999999,4.122589039999999,0.7374999999999999,zero_shot,zero_shot,13 Fascinating Facts About Manatees You May Not Know,4.44648217,0.41360686999999885,0.99997973,4.8581495,4.8798637,4.7049007,4.176492,4.9085135,4.778804,0.6029211,1.0,4.0,True,4.75,0.75,1.0,5.0,5.0,specificity_sft,specificity_sft,Manatees: What's the sweetest sea creature?,4.2381223,3.0,True
trust_safety,"Trust-sensitive selector: preserve the original safety objective, then boost candidates preferred by trust-sensitive readers.",70,sports,zero_shot,zero_shot,api_zero_shot_generator,Rafael Nadal Withdraws from Paris Masters Due to Abdominal Injury,5.8789218858000005,5.141421885800001,0.7374999999999999,generic_sft,generic_sft,Rafael Nadal pulls out of Paris Masters with abdominal injury,5.738474941520001,0.14044694427999982,0.0001246982,4.8567114,4.872182,4.666294,4.137989,4.897718,4.768574,0.88480824,0.75,5.0,True,4.75,0.75,1.0,5.0,5.0,zero_shot,zero_shot,Rafael Nadal Withdraws from Paris Masters Due to Abdominal Injury,5.141421885800001,5.0,False
trust_safety,"Trust-sensitive selector: preserve the original safety objective, then boost candidates preferred by trust-sensitive readers.",71,finance,agentic_candidate,71_c2,agentic_generator_v3_candidate,"8,000 Square-Foot Scottsdale Mansion Sold in Metro Phoenix",5.564259968593251,5.139259968593251,0.425,zero_shot,zero_shot,Scottsdale Mansion Among Metro Phoenix's Priciest Home Sales This Week,5.562936566000001,0.0013234025932495896,7.679621921852231e-05,4.864199638366699,4.878684997558594,4.744028091430664,4.190246105194092,4.905894756317139,4.801574230194092,0.7174867391586304,1.0,,True,3.75,0.0,0.0,4.0,5.0,agentic_candidate,71_c1,Scottsdale Mansion Among Priciest Homes Sold This Week,5.149064760096372,,True
trust_safety,"Trust-sensitive selector: preserve the original safety objective, then boost candidates preferred by trust-sensitive readers.",72,health,agentic_selected,agentic_selected,agentic_selector_v3,Connor Murphy Highlights Photo Manipulation Strategies in 2016 YouTube Video,5.586541955,5.161541955000001,0.425,agentic_candidate,72_c3,Connor Murphy Highlights Photo Manipulation Strategies in 2016 YouTube Video,5.161541971378029,0.4249999836219711,0.009011355,4.8709254,4.8676662,4.7573037,4.2035065,4.891799,4.8112397,1.0537984,0.6666666666666666,5.0,True,3.5,0.0,0.0,4.0,5.0,agentic_candidate,72_c3,Connor Murphy Highlights Photo Manipulation Strategies in 2016 YouTube Video,5.161541971378029,,True
trust_safety,"Trust-sensitive selector: preserve the original safety objective, then boost candidates preferred by trust-sensitive readers.",73,lifestyle,zero_shot,zero_shot,api_zero_shot_generator,Spooky Wedding Shoot Offers Dark Inspiration for Halloween Lovers,4.77442311,4.14942311,0.625,agentic_selected,agentic_selected,Spooky Wedding Shoot Offers Halloween Inspiration for Your Big Day,4.582533530000001,0.1918895799999989,0.99993205,4.860353,4.8771334,4.7326155,4.2223315,4.9039516,4.7998986,0.8534025,0.75,5.0,True,4.25,0.5,0.0,5.0,5.0,agentic_candidate,73_c1,Spooky Wedding Shoot Offers Halloween Inspiration for Your Big Day,4.157533562183381,,True
trust_safety,"Trust-sensitive selector: preserve the original safety objective, then boost candidates preferred by trust-sensitive readers.",74,news,zero_shot,zero_shot,api_zero_shot_generator,3 On Your Side shares tips to identify scam phone calls,5.678572139300001,4.928572139300001,0.75,agentic_selected,agentic_selected,3 On Your Side Warns of Social Security Administration Scam Calls,5.4087819787499996,0.26979016055000127,0.0011284407,4.628233,4.7576857,4.1133575,3.7259629,4.8321676,4.376608,0.6588421,0.625,5.0,True,5.0,1.0,1.0,5.0,5.0,agentic_candidate,74_c2,3 On Your Side Warns of Social Security Administration Scam Calls,4.983781983266818,,True
trust_safety,"Trust-sensitive selector: preserve the original safety objective, then boost candidates preferred by trust-sensitive readers.",75,travel,zero_shot,zero_shot,api_zero_shot_generator,Milwaukee scooter program resumes operations after brief winter weather break,5.923377575425001,5.173377575425001,0.75,agentic_selected,agentic_selected,Milwaukee's Scooter Program Resumes Operations After Halloween Snowstorm,5.76824117794,0.15513639748500108,6.8424575e-05,4.8764324,4.884158,4.7082515,4.173363,4.9100366,4.7975254,1.0220531,0.6,5.0,True,5.0,1.0,1.0,5.0,5.0,zero_shot,zero_shot,Milwaukee scooter program resumes operations after brief winter weather break,5.173377575425001,5.0,False
trust_safety,"Trust-sensitive selector: preserve the original safety objective, then boost candidates preferred by trust-sensitive readers.",76,news,zero_shot,zero_shot,api_zero_shot_generator,Steny Hoyer discusses impeachment decision after diplomats' testimony on Morning Joe,5.747147818410001,5.184647818410001,0.5625,agentic_selected,agentic_selected,Steny Hoyer Discusses Impeachment Decision After Hearing with Kent and Taylor,5.60039157907,0.14675623934000104,7.842159e-05,4.8717422,4.877677,4.7465363,4.163328,4.9024897,4.8027105,1.1509342,0.8,5.0,True,4.0,0.75,1.0,4.0,5.0,zero_shot,zero_shot,Steny Hoyer discusses impeachment decision after diplomats' testimony on Morning Joe,5.184647818410001,5.0,False
trust_safety,"Trust-sensitive selector: preserve the original safety objective, then boost candidates preferred by trust-sensitive readers.",77,sports,original,original,human_editor,49ers offense still at less than full strength ahead of game vs. Arizona,5.847229136564,5.097229136564,0.75,specificity_sft,specificity_sft,Garoppolo and 49ers offense could operate at less than full strength Sunday against Arizona,5.41289465151,0.4343344850539994,7.8045436e-05,4.851741,4.882155,4.6408024,4.0501547,4.910471,4.7381153,0.42958242,0.7,5.0,True,4.75,1.0,1.0,5.0,5.0,agentic_selected,agentic_selected,49ers' Jimmy Garoppolo Faces Offensive Challenges Ahead of Arizona Matchup,5.11510688305,4.0,True
trust_safety,"Trust-sensitive selector: preserve the original safety objective, then boost candidates preferred by trust-sensitive readers.",78,weather,original,original,human_editor,"Mild but changeable winter weather predicted for much of U.S., federal forecasters say",5.8897559717100005,5.1397559717100005,0.75,zero_shot,zero_shot,Federal forecasters predict milder-than-average winter for much of the U.S,5.58456570455,0.3051902671600004,0.00011046329,4.85059,4.8793077,4.635537,4.083265,4.905862,4.7285147,0.88456595,0.5,5.0,True,4.75,1.0,1.0,5.0,5.0,zero_shot,zero_shot,Federal forecasters predict milder-than-average winter for much of the U.S,5.15956570455,5.0,True
trust_safety,"Trust-sensitive selector: preserve the original safety objective, then boost candidates preferred by trust-sensitive readers.",79,sports,original,original,human_editor,Michigan injury report: Here's who is expected to play at Penn State,5.6371648263,5.0621648263,0.5750000000000001,zero_shot,zero_shot,Michigan Wolverines Release Pregame Injury Report Ahead of Penn State Game,5.5629260149599995,0.07423881134000077,0.0010306137,4.8357944,4.880579,4.6144447,4.0627604,4.905884,4.7251134,0.1955221,0.5555555555555556,5.0,True,4.25,1.0,1.0,4.0,5.0,zero_shot,zero_shot,Michigan Wolverines Release Pregame Injury Report Ahead of Penn State Game,5.13792601496,5.0,True
trust_safety,"Trust-sensitive selector: preserve the original safety objective, then boost candidates preferred by trust-sensitive readers.",80,finance,zero_shot,zero_shot,api_zero_shot_generator,20 Countries Identified as Frequent Tax Havens by Oxfam Research,5.881244486460001,5.131244486460001,0.75,agentic_selected,agentic_selected,Top 20 Countries Identified as Tax Havens by Oxfam Research,5.69469965675,0.18654482971000075,0.00075416354,4.8382416,4.879306,4.666025,4.178813,4.911183,4.759884,0.8088341,0.7142857142857143,5.0,True,4.5,1.0,1.0,5.0,5.0,zero_shot,zero_shot,20 Countries Identified as Frequent Tax Havens by Oxfam Research,5.131244486460001,5.0,False
trust_safety,"Trust-sensitive selector: preserve the original safety objective, then boost candidates preferred by trust-sensitive readers.",81,health,zero_shot,zero_shot,api_zero_shot_generator,Aaron Archer loses 40 pounds through HIIT workouts and calorie tracking,5.9223087026500005,5.1723087026500005,0.75,agentic_selected,agentic_selected,Aaron Archer Loses 40 Pounds Through HIIT and Weight Training,5.753441575589999,0.1688671270600013,0.00032062735,4.868296,4.881296,4.7414865,4.182453,4.902417,4.8084497,1.0417798,0.7777777777777778,5.0,True,5.0,1.0,1.0,5.0,5.0,zero_shot,zero_shot,Aaron Archer loses 40 pounds through HIIT workouts and calorie tracking,5.1723087026500005,5.0,False
trust_safety,"Trust-sensitive selector: preserve the original safety objective, then boost candidates preferred by trust-sensitive readers.",82,news,original,original,human_editor,3 former LMPD officers plead guilty to federal charges of falsifying overtime records,5.8714774399700005,5.1214774399700005,0.75,agentic_selected,agentic_selected,Louisville Police Officers Plead Guilty to Overtime Fraud Scheme,5.445014733554,0.42646270641600026,0.00014007403,4.8470597,4.8791556,4.639016,4.122882,4.90399,4.7541695,0.71863914,0.6,5.0,True,5.0,1.0,1.0,5.0,5.0,agentic_selected,agentic_selected,Louisville Police Officers Plead Guilty to Overtime Fraud Scheme,5.145014733554,4.0,True
trust_safety,"Trust-sensitive selector: preserve the original safety objective, then boost candidates preferred by trust-sensitive readers.",83,autos,original,original,human_editor,Crashes causing backups near I-265 and I-65 in Louisville,5.326607343230001,4.589107343230001,0.7374999999999999,zero_shot,zero_shot,Crashes near I-265 and I-65 in Louisville cause traffic backups,5.235352454089999,0.0912548891400018,8.631277e-05,4.1670837,4.5142965,3.5260632,3.378468,4.6499033,3.7571003,0.71923566,1.0,5.0,True,4.25,0.75,1.0,5.0,5.0,agentic_candidate,83_c1,Two Crashes Cause Major Traffic Issues Near I-265 and I-65 in Louisville,4.67510779920558,,True
trust_safety,"Trust-sensitive selector: preserve the original safety objective, then boost candidates preferred by trust-sensitive readers.",84,sports,generic_sft,generic_sft,generic_sft_generator,Head coach may have doomed his team - and his kicker - with questionable call,5.88668096416,5.14918096416,0.7374999999999999,zero_shot,zero_shot,Head coach's questionable call puts team and kicker at risk,5.44808274565,0.43859821851000014,0.00011507584,4.854831,4.8644133,4.7297854,4.1555433,4.8926744,4.7816753,0.9370012,1.0,3.0,True,4.75,0.75,1.0,5.0,5.0,generic_sft,generic_sft,Head coach may have doomed his team - and his kicker - with questionable call,5.14918096416,3.0,False
trust_safety,"Trust-sensitive selector: preserve the original safety objective, then boost candidates preferred by trust-sensitive readers.",85,weather,zero_shot,zero_shot,api_zero_shot_generator,"Video Captures Snow Progression in Point Place, Ohio, Amid Frozen Clock",5.894906379746001,5.144906379746001,0.75,agentic_selected,agentic_selected,"Video Showcases Snow Progression in Point Place, Ohio on Nov. 12",5.44731202944,0.4475943503060007,8.4385254e-05,4.8770037,4.875555,4.737275,4.1956143,4.9041095,4.7919927,0.74117935,0.7,5.0,True,5.0,1.0,1.0,5.0,5.0,generic_sft,generic_sft,"Brachiosaurus creates video showing snow in Point Place, Ohio",5.153369947730001,4.0,True
trust_safety,"Trust-sensitive selector: preserve the original safety objective, then boost candidates preferred by trust-sensitive readers.",86,foodanddrink,round2_final,round2_final,critic_guided_rewriter_round2,Hash Kitchen in Phoenix Offers 60-Ingredient Bloody Mary Bar,5.5762144226,5.1512144226,0.425,agentic_selected,agentic_selected,Hash Kitchen in Phoenix Features Arizona's Largest Bloody Mary Bar,5.527628795500001,0.048585627099998696,0.0008069474,4.863878,4.8778596,4.699691,4.1857424,4.901242,4.7804437,0.9055655,0.75,4.0,True,4.0,0.0,0.0,4.0,5.0,round1_final,round1_final,Hash Kitchen in Phoenix Offers 60-Ingredient Bloody Mary Bar,5.1512144226,,True
trust_safety,"Trust-sensitive selector: preserve the original safety objective, then boost candidates preferred by trust-sensitive readers.",87,news,zero_shot,zero_shot,api_zero_shot_generator,"Great white shark over 2,000 pounds spotted off US East Coast",5.747251167830001,5.134751167830001,0.6124999999999999,agentic_selected,agentic_selected,"Great White Shark Weighing Over 2,000 Pounds Spotted Off US East Coast",5.57069060998,0.17656055785000113,0.00012210217,4.8678536,4.879323,4.750188,4.1565466,4.902688,4.8026195,0.6604203,0.8,5.0,True,5.0,0.25,0.0,5.0,5.0,agentic_candidate,87_c1,"Great White Shark Weighing Over 2,000 Pounds Spotted Off US East Coast",5.145690622649273,,True
trust_safety,"Trust-sensitive selector: preserve the original safety objective, then boost candidates preferred by trust-sensitive readers.",88,sports,zero_shot,zero_shot,api_zero_shot_generator,Bengals Continue Search for Future Quarterback After Finley's Performance,5.91274496487,5.16274496487,0.75,agentic_selected,agentic_selected,Bengals Assess Quarterback Options Following Finley's Performance,5.57359054185,0.3391544230200001,0.00011189013,4.8724475,4.8749914,4.7517853,4.1762333,4.9025106,4.8057785,0.92947865,0.5,5.0,True,5.0,1.0,1.0,5.0,5.0,zero_shot,zero_shot,Bengals Continue Search for Future Quarterback After Finley's Performance,5.16274496487,5.0,False
trust_safety,"Trust-sensitive selector: preserve the original safety objective, then boost candidates preferred by trust-sensitive readers.",89,lifestyle,original,original,human_editor,Photographer tends a picture-perfect garden in Oakdale,5.7878553450200005,5.0378553450200005,0.75,round2_final,round2_final,Michelle Mero Riedel Cultivates a Garden in Oakdale,5.352950532,0.43490481302000017,0.00048158498,4.7790747,4.8427114,4.400676,4.0248413,4.8802514,4.584903,0.5402175,0.5,4.0,True,5.0,1.0,1.0,5.0,5.0,round2_final,round2_final,Michelle Mero Riedel Cultivates a Garden in Oakdale,5.102950532,4.0,True
trust_safety,"Trust-sensitive selector: preserve the original safety objective, then boost candidates preferred by trust-sensitive readers.",90,foodanddrink,agentic_selected,agentic_selected,agentic_selector_v3,Food52 Celebrates Enduring Popularity of Nancy Silverton's Chopped Salad Recipe,5.425115156500001,5.1251151565000015,0.3,agentic_candidate,90_c3,Food52 Celebrates Enduring Popularity of Nancy Silverton's Chopped Salad Recipe,5.125115143600851,0.30000001289915,0.0071497685,4.831656,4.8680973,4.5847206,4.1103516,4.9009495,4.7131777,0.97226155,0.4444444444444444,5.0,True,4.0,0.0,0.0,4.0,4.0,agentic_selected,agentic_selected,Food52 Celebrates Enduring Popularity of Nancy Silverton's Chopped Salad Recipe,5.1251151565000015,5.0,False
trust_safety,"Trust-sensitive selector: preserve the original safety objective, then boost candidates preferred by trust-sensitive readers.",91,news,original,original,human_editor,"SoCal Man Who Donated $900K to Trump Will Plead Guilty to Hiding Work as Foreign Agent, Illegal Campaign Contributions",5.766995243266666,5.016995243266666,0.75,agentic_selected,agentic_selected,Imaad Shah Zuberi to Plead Guilty to Concealing Foreign Agent Work and Campaign Violations,5.523499615454,0.2434956278126661,0.0001530934,4.8355207,4.8670053,4.5822563,3.9451928,4.900224,4.678533,0.645795,0.5625,5.0,True,5.0,1.0,1.0,5.0,5.0,agentic_candidate,91_c2,Imaad Shah Zuberi to Plead Guilty to Concealing Foreign Agent Work and Campaign Violations,5.098499679433008,,True
trust_safety,"Trust-sensitive selector: preserve the original safety objective, then boost candidates preferred by trust-sensitive readers.",92,sports,zero_shot,zero_shot,api_zero_shot_generator,Monty Williams praises Juwan Howard's coaching curiosity in first year at Michigan,5.38654226,4.96154226,0.425,generic_sft,generic_sft,Michigan coach Juwan Howard asks questions about coaching,5.259345035180001,0.12719722481999884,0.16910745,4.864789,4.8688564,4.747952,4.233318,4.896329,4.8048215,0.6726893,0.7,5.0,True,3.75,0.0,0.0,4.0,5.0,generic_sft,generic_sft,Michigan coach Juwan Howard asks questions about coaching,5.134345035180001,4.0,True
trust_safety,"Trust-sensitive selector: preserve the original safety objective, then boost candidates preferred by trust-sensitive readers.",93,news,original,original,human_editor,Last month hottest October on record: EU climate service,5.844619332940001,5.094619332940001,0.75,zero_shot,zero_shot,"October 2023 recorded as the hottest October globally, exceeding previous records",5.5798687526,0.2647505803400003,0.00016850406,4.8091354,4.8561077,4.505973,3.9723685,4.894776,4.620138,0.80882037,1.0,4.0,True,5.0,1.0,1.0,5.0,5.0,zero_shot,zero_shot,"October 2023 recorded as the hottest October globally, exceeding previous records",5.1548687526000005,5.0,True
trust_safety,"Trust-sensitive selector: preserve the original safety objective, then boost candidates preferred by trust-sensitive readers.",94,health,original,original,human_editor,69 Texas Nursing Homes Make U.S. News 'Best' Ratings,5.883698639540001,5.133698639540001,0.75,agentic_selected,agentic_selected,U.S. News & World Report Releases 2019-20 Nursing Home Ratings,5.59117139182,0.2925272477200016,0.00013434046,4.8664885,4.883072,4.697624,4.1407995,4.9113417,4.782112,0.6745827,0.5714285714285714,5.0,True,5.0,1.0,1.0,5.0,5.0,agentic_candidate,94_c1,U.S. News & World Report Releases 2019-20 Nursing Home Ratings,5.166171400205349,,True
trust_safety,"Trust-sensitive selector: preserve the original safety objective, then boost candidates preferred by trust-sensitive readers.",95,weather,zero_shot,zero_shot,api_zero_shot_generator,Intense storm brings 50-mph winds and large waves to Great Lakes shores,5.90304226293,5.15304226293,0.75,agentic_selected,agentic_selected,Waves Hit Lake Superior and Lake Michigan Amid Severe Storm This Week,5.4550137351,0.44802852783,0.00025831707,4.8717513,4.870765,4.7508698,4.198122,4.8980236,4.811575,0.85953,0.9,5.0,True,5.0,1.0,1.0,5.0,5.0,agentic_selected,agentic_selected,Waves Hit Lake Superior and Lake Michigan Amid Severe Storm This Week,5.1550137351,4.0,True
trust_safety,"Trust-sensitive selector: preserve the original safety objective, then boost candidates preferred by trust-sensitive readers.",96,travel,agentic_selected,agentic_selected,agentic_selector_v3,"Next Month, Explore the City on Your Own Moped",5.233059853,4.6205598530000005,0.6124999999999999,zero_shot,zero_shot,Mopeds available for rent next month for personal exploration,5.1632421633400005,0.0698176896599998,0.07577143,4.3774357,4.630973,3.7570436,3.7095432,4.700727,4.0113673,0.33239943,0.7142857142857143,5.0,True,5.0,0.75,1.0,5.0,4.0,zero_shot,zero_shot,Mopeds available for rent next month for personal exploration,4.7257421633400005,4.0,True
trust_safety,"Trust-sensitive selector: preserve the original safety objective, then boost candidates preferred by trust-sensitive readers.",97,weather,original,original,human_editor,Minnesota Farms Report Low Yields After 'Extremely Challenging' Weather Conditions,5.73829670093,4.98829670093,0.75,agentic_selected,agentic_selected,"Wet Weather Challenges Farmers in West-Central Minnesota, as Shown in Graceville Video",5.40823681204,0.33005988889000015,9.124907e-05,4.6538987,4.7874503,4.123337,3.8787072,4.8435993,4.378188,1.0392492,0.4,4.0,True,5.0,1.0,1.0,5.0,5.0,zero_shot,zero_shot,Minnesota farmer faces challenges with low crop production amid early November snow,5.07233726567,5.0,True
trust_safety,"Trust-sensitive selector: preserve the original safety objective, then boost candidates preferred by trust-sensitive readers.",98,lifestyle,agentic_selected,agentic_selected,agentic_selector_v3,Wall of Faces Campaign Seeks Photos of 11 Missing Detroit Veterans,5.589726810749999,5.1647268107499995,0.425,zero_shot,zero_shot,Campaign seeks missing photos of 11 Detroit veterans from Vietnam Memorial,5.580541519715,0.00918529103499921,8.430925e-05,4.8708825,4.8792934,4.7368174,4.1816397,4.9042587,4.806503,0.9564009,0.875,5.0,True,3.75,0.0,0.0,4.0,5.0,agentic_candidate,98_c1,Wall of Faces Campaign Seeks Photos of 11 Missing Detroit Veterans,5.1647268130880555,,True
trust_safety,"Trust-sensitive selector: preserve the original safety objective, then boost candidates preferred by trust-sensitive readers.",99,news,original,original,human_editor,State auditor again issues subpoena to Clay County in citizen-mandated audit,5.91316706384,5.17566706384,0.7374999999999999,zero_shot,zero_shot,Missouri Auditor Issues Subpoena for Clay County Audit Documents,5.485765172043,0.4274018917969995,6.786616e-05,4.8736835,4.8804865,4.7281256,4.124632,4.9060726,4.7997074,1.0552989,0.9,5.0,True,4.75,0.75,1.0,5.0,5.0,agentic_selected,agentic_selected,Missouri Auditor Nicole Galloway Issues Subpoena to Clay County Officials,5.175768723060001,5.0,True
trust_safety,"Trust-sensitive selector: preserve the original safety objective, then boost candidates preferred by trust-sensitive readers.",100,travel,original,original,human_editor,"Boca Raton's Mizner Park jazzes up plaza with new restaurants, stores, bars and entertainment",5.815779858069999,5.065779858069999,0.75,agentic_selected,agentic_selected,Mizner Park in Boca Raton to Revitalize Retail Mix with New Tenants,5.484072514049999,0.3317073440199998,0.00021566793,4.786108,4.840303,4.5023937,4.0616093,4.8793497,4.652202,0.69447446,0.7272727272727273,5.0,True,5.0,1.0,1.0,5.0,5.0,generic_sft,generic_sft,Boca Raton shopping plaza in need of a refresh after losing tenants,5.097908240100001,3.0,True
growth,"Growth selector: preserve the original growth objective, then boost candidates that growth-oriented readers find engaging.",1,news,zero_shot,zero_shot,api_zero_shot_generator,NASA Astronauts on ISS Face Challenges of Long Spacewalks,5.710660720877,4.860660720877,0.85,agentic_selected,agentic_selected,NASA Astronauts Face Challenges During Spacewalks on the ISS,5.035714596531,0.6749461243459995,0.00010971178,4.85689,4.885587,4.633436,4.1384172,4.9065876,4.7633214,0.6962812,0.2857142857142857,5.0,True,4.75,1.0,1.0,5.0,5.0,zero_shot,zero_shot,NASA Astronauts on ISS Face Challenges of Long Spacewalks,4.860660720877,5.0,False
growth,"Growth selector: preserve the original growth objective, then boost candidates that growth-oriented readers find engaging.",2,foodanddrink,zero_shot,zero_shot,api_zero_shot_generator,Lodi Celebrates International Tempranillo Day with Winery Tour and Tastings,5.73710058707375,4.9371005870737505,0.7999999999999999,original,original,Tour of Tempranillo offers taste of Lodi's take on the Spanish varietal,5.463824627635001,0.2732759594387497,0.000101894075,4.8683696,4.883463,4.7181835,4.250622,4.9066567,4.805086,0.7908407,0.625,5.0,True,4.75,0.25,0.0,5.0,5.0,zero_shot,zero_shot,Lodi Celebrates International Tempranillo Day with Winery Tour and Tastings,4.9371005870737505,5.0,False
growth,"Growth selector: preserve the original growth objective, then boost candidates that growth-oriented readers find engaging.",3,travel,zero_shot,zero_shot,api_zero_shot_generator,Roller Coasters Today: Speed Records and Thrilling Designs,5.34502683277,4.72002683277,0.625,agentic_selected,agentic_selected,Roller Coasters: Thrilling Speed Records and Innovative Designs,5.1699406756895,0.17508615708050002,0.0004820778,4.6609154,4.7772074,4.2046022,3.9334552,4.8035665,4.497764,1.0881518,0.7142857142857143,4.0,True,4.0,0.75,1.0,4.0,5.0,generic_sft,generic_sft,"Roller coasters break speed records, hurl passengers through space",4.8973090798845,4.0,True
growth,"Growth selector: preserve the original growth objective, then boost candidates that growth-oriented readers find engaging.",4,sports,zero_shot,zero_shot,api_zero_shot_generator,Seattle Seahawks Defeat Unbeaten 49ers in a Thrilling Comeback Victory,5.4920905566739995,4.817090556674,0.675,agentic_candidate,4_c2,Mike Jones Highlights Seahawks' Impressive Victory Over 49ers,4.876349660902633,0.6157408957713661,0.00014257236,4.842174,4.857371,4.6551003,4.1187735,4.89145,4.7449236,0.53802186,0.5,5.0,True,5.0,1.0,1.0,5.0,4.0,agentic_candidate,4_c2,Mike Jones Highlights Seahawks' Impressive Victory Over 49ers,4.876349660902633,,True
growth,"Growth selector: preserve the original growth objective, then boost candidates that growth-oriented readers find engaging.",5,sports,original,original,human_editor,Depth charts: Projected starters for Iowa State vs. No. 23 Texas,5.678899419451501,4.828899419451501,0.85,zero_shot,zero_shot,Cyclones and Longhorns Announce Starters for 2019 Big 12 Matchup,5.331349289131001,0.3475501303204993,0.00014219871,4.8615875,4.869842,4.756526,4.1565304,4.900281,4.8028927,0.39811862,0.1428571428571428,5.0,True,5.0,1.0,1.0,5.0,5.0,generic_sft,generic_sft,Cyclones and Longhorns Listed starters for 2019 Big 12 Conference matchup at Jack Trice Stadium,4.933964624162,3.0,True
growth,"Growth selector: preserve the original growth objective, then boost candidates that growth-oriented readers find engaging.",6,health,zero_shot,zero_shot,api_zero_shot_generator,Local airman returns home to Miami Valley to warm welcome from family and friends,5.772668633025001,4.997668633025,0.7749999999999999,agentic_selected,agentic_selected,Local Airman Returns Home to Miami Valley to Warm Welcome,5.381207584451001,0.39146104857399955,0.0002580485,4.86919,4.876531,4.752138,4.228689,4.9000688,4.8059835,1.1079931,0.7,5.0,True,4.75,0.75,1.0,5.0,5.0,zero_shot,zero_shot,Local airman returns home to Miami Valley to warm welcome from family and friends,4.997668633025,5.0,False
growth,"Growth selector: preserve the original growth objective, then boost candidates that growth-oriented readers find engaging.",7,news,zero_shot,zero_shot,api_zero_shot_generator,Students at Hartford's Weaver campus aim to unite two school communities,5.80143999907,4.951439999070001,0.85,original,original,"Hartford's Weaver forging a new identity at campus shared by public, magnet students",5.6727405071105,0.12869949195949992,0.0012563798,4.8656015,4.8846827,4.7064734,4.2446003,4.9081917,4.796686,0.88689506,0.7777777777777778,5.0,True,4.75,0.5,1.0,5.0,5.0,specificity_sft,specificity_sft,Hartford's new Weaver campus works to erase stark lines dividing the building's two school communities,4.959987712194001,4.0,True
growth,"Growth selector: preserve the original growth objective, then boost candidates that growth-oriented readers find engaging.",8,sports,zero_shot,zero_shot,api_zero_shot_generator,Domingue Seeks Regular Playing Opportunity Ahead of Free Agency,5.4733341964356,4.6983341964356,0.7749999999999999,agentic_selected,agentic_selected,Domingue Seeking Regular Playing Opportunity Ahead of Free Agency,4.854298552192001,0.6190356442435991,0.000104090184,4.685709,4.804673,4.266836,3.9646938,4.8533516,4.484534,0.79117244,0.375,5.0,True,4.5,0.75,1.0,5.0,5.0,zero_shot,zero_shot,Domingue Seeks Regular Playing Opportunity Ahead of Free Agency,4.6983341964356,5.0,False
growth,"Growth selector: preserve the original growth objective, then boost candidates that growth-oriented readers find engaging.",9,news,zero_shot,zero_shot,api_zero_shot_generator,"Driver Fatally Shot in St. Paul, Police Investigate Incident",5.6628174581050015,4.887817458105001,0.7749999999999999,agentic_candidate,9_c1,Driver Fatally Shot in St. Paul on Sunday Night,5.602912930851744,0.059904527253257456,8.47197e-05,4.8682165,4.8818855,4.7116127,4.1531453,4.9036126,4.786676,0.7247644,0.7142857142857143,4.0,True,5.0,1.0,1.0,5.0,5.0,zero_shot,zero_shot,"Driver Fatally Shot in St. Paul, Police Investigate Incident",4.887817458105001,4.0,False
growth,"Growth selector: preserve the original growth objective, then boost candidates that growth-oriented readers find engaging.",10,sports,zero_shot,zero_shot,api_zero_shot_generator,Oklahoma Playoffs Begin Next Week with First-Round Pairings Announced,5.770152797556001,4.970152797556001,0.7999999999999999,agentic_selected,agentic_selected,Oklahoma Playoffs: First-Round Pairings for All Classes Announced,5.337570486417501,0.4325823111384999,7.894984e-05,4.868193,4.868157,4.7516747,4.1983604,4.90096,4.814538,1.032315,0.8888888888888888,5.0,True,4.25,0.25,0.0,5.0,5.0,zero_shot,zero_shot,Oklahoma Playoffs Begin Next Week with First-Round Pairings Announced,4.970152797556001,5.0,False
growth,"Growth selector: preserve the original growth objective, then boost candidates that growth-oriented readers find engaging.",11,lifestyle,zero_shot,zero_shot,api_zero_shot_generator,"Decade Features Multiple Princesses, New Queen, King, and Future King of Pop",5.7846956272,4.9346956272,0.85,round1_final,round1_final,"Decade Includes Several Princesses, New Queen, and Future King of Pop",4.903673352135001,0.881022275064999,0.002337608,4.8420553,4.877178,4.6663065,4.1543655,4.9031057,4.738538,1.0308505,0.8888888888888888,5.0,True,5.0,1.0,1.0,5.0,5.0,zero_shot,zero_shot,"Decade Features Multiple Princesses, New Queen, King, and Future King of Pop",4.9346956272,5.0,False
growth,"Growth selector: preserve the original growth objective, then boost candidates that growth-oriented readers find engaging.",12,sports,zero_shot,zero_shot,api_zero_shot_generator,Celtics' Javonte Green steps up during close game after Hayward's injury,5.1881651402117495,4.33816514021175,0.85,agentic_selected,agentic_selected,Javonte Green Contributes as Celtics Thrive Without Gordon Hayward,5.1610257029605,0.027139437251249454,0.000115679395,4.5111322,4.695771,3.9509983,3.5719318,4.782935,4.187411,0.26856154,0.5,5.0,True,4.5,1.0,1.0,5.0,5.0,agentic_candidate,12_c3,Javonte Green Contributes as Celtics Thrive Without Gordon Hayward,4.586025753446666,,True
growth,"Growth selector: preserve the original growth objective, then boost candidates that growth-oriented readers find engaging.",13,travel,zero_shot,zero_shot,api_zero_shot_generator,"Game wardens investigate fatal ATV crash in Montville, killing 30-year-old Rachel Curtis",5.828368268494501,4.978368268494501,0.85,round1_final,round1_final,"Game wardens investigate fatal ATV crash in Montville, killing 30-year-old Rachel Curtis",4.978368268494501,0.8499999999999996,0.00010517573,4.8718805,4.8740177,4.7483654,4.2091203,4.9044576,4.8170466,1.0475426,0.8333333333333334,5.0,True,5.0,1.0,1.0,5.0,5.0,zero_shot,zero_shot,"Game wardens investigate fatal ATV crash in Montville, killing 30-year-old Rachel Curtis",4.978368268494501,5.0,False
growth,"Growth selector: preserve the original growth objective, then boost candidates that growth-oriented readers find engaging.",14,finance,zero_shot,zero_shot,api_zero_shot_generator,Critics urge Procter & Gamble to address deforestation and use recycled materials,5.493268646670001,4.96826864667,0.525,generic_sft,generic_sft,Critics say Procter & Gamble contributes to deforestation and should use recycled materials for paper products,5.194384748899499,0.2988838977705015,0.0003393238,4.8579364,4.879862,4.725152,4.187755,4.899428,4.7936535,1.0651855,0.7777777777777778,5.0,True,4.75,0.5,1.0,4.0,4.0,generic_sft,generic_sft,Critics say Procter & Gamble contributes to deforestation and should use recycled materials for paper products,4.9693847488994995,4.0,True
growth,"Growth selector: preserve the original growth objective, then boost candidates that growth-oriented readers find engaging.",15,news,round1_final,round1_final,critic_guided_rewriter_round1,Plant Officials Inform Workers of Tentative Contract Agreement Less Than 12 Hours Later,4.947600190373,4.947600190373,0.0,round2_final,round2_final,Plant Officials Inform Workers of Tentative Contract Agreement Less Than 12 Hours Later,4.947600190373,0.0,8.371322e-05,4.8667674,4.875832,4.738467,4.1820374,4.9032965,4.802994,0.9535592,0.8181818181818182,,False,,0.0,0.0,,,zero_shot,zero_shot,Plant Officials Inform Workers of Tentative Contract Agreement Less Than 12 Hours Later,4.947600190373,4.0,True
growth,"Growth selector: preserve the original growth objective, then boost candidates that growth-oriented readers find engaging.",16,travel,zero_shot,zero_shot,api_zero_shot_generator,Tampa Theatre Hosts Halloween Film Festival with Live Shows and Talks,5.787267458331,4.937267458331,0.85,agentic_selected,agentic_selected,Halloween Film Festival at Tampa Theatre Includes Live Podcast and Rocky Horror Talk,5.542839916125001,0.24442754220599916,0.00013053334,4.8726864,4.878105,4.7250147,4.1733713,4.9064894,4.804549,0.92228675,0.6666666666666666,4.0,True,5.0,1.0,1.0,5.0,5.0,agentic_selected,agentic_selected,Halloween Film Festival at Tampa Theatre Includes Live Podcast and Rocky Horror Talk,4.967839916125,5.0,True
growth,"Growth selector: preserve the original growth objective, then boost candidates that growth-oriented readers find engaging.",17,news,agentic_selected,agentic_selected,agentic_selector_v3,Gov. Greg Abbott and State Officials Address Growing Homeless Encampments in Austin,5.351427615734501,4.9514276157345005,0.39999999999999997,zero_shot,zero_shot,"Texas Officials, Including Gov. Abbott, Criticize Austin's Homelessness Policies",5.350627994794,0.0007996209405005672,0.00011856933,4.8706903,4.8797646,4.7427063,4.1844306,4.900996,4.806328,0.9586054,0.6,5.0,True,3.5,0.0,0.0,4.0,4.0,generic_sft,generic_sft,Texas Gov. Greg Abbott targets left-leaning homelessness policies,4.95578190151,5.0,True
growth,"Growth selector: preserve the original growth objective, then boost candidates that growth-oriented readers find engaging.",18,news,zero_shot,zero_shot,api_zero_shot_generator,Trump Undergoes Medical Tests at Walter Reed as Part of Annual Physical,5.707565509065501,4.857565509065501,0.85,agentic_selected,agentic_selected,Trump Undergoes Medical Tests at Walter Reed for Annual Physical,4.920169938858501,0.7873955702069999,0.00020652267,4.873452,4.883783,4.729767,4.1638136,4.909898,4.7917175,0.52792716,0.8888888888888888,5.0,True,4.75,0.75,1.0,5.0,5.0,zero_shot,zero_shot,Trump Undergoes Medical Tests at Walter Reed as Part of Annual Physical,4.857565509065501,5.0,False
growth,"Growth selector: preserve the original growth objective, then boost candidates that growth-oriented readers find engaging.",19,health,zero_shot,zero_shot,api_zero_shot_generator,Study finds pre-breakfast exercise increases fat loss without affecting weight loss,5.6241873999955,4.7741873999955,0.85,agentic_selected,agentic_selected,Study Finds Morning Exercise More Effective for Fat Loss,5.194837859524499,0.4293495404710006,0.00017534287,4.7775145,4.8160925,4.4637985,4.0121813,4.851274,4.6390686,0.8112627,0.4545454545454545,5.0,True,5.0,1.0,1.0,5.0,5.0,agentic_selected,agentic_selected,Study Finds Morning Exercise More Effective for Fat Loss,4.869837859524499,3.0,True
growth,"Growth selector: preserve the original growth objective, then boost candidates that growth-oriented readers find engaging.",20,sports,original,original,human_editor,"Giovani Bernard suffers knee injury vs. Ravens, eventually returns",5.468294158282001,4.843294158282001,0.625,agentic_selected,agentic_selected,Cincinnati Bengals' Giovani Bernard Returns After Knee Injury Against Ravens,5.4565524136435,0.011741744638500862,0.00010583348,4.8671856,4.8726406,4.7239027,4.111574,4.8980556,4.789406,0.5754412,0.625,5.0,True,4.5,0.75,1.0,4.0,5.0,zero_shot,zero_shot,Bengals' Giovani Bernard suffers knee injury during Week 10 game against Ravens,4.883915970068,5.0,True
growth,"Growth selector: preserve the original growth objective, then boost candidates that growth-oriented readers find engaging.",21,lifestyle,zero_shot,zero_shot,api_zero_shot_generator,Worcester's School Committee election shows limited progress on racial representation,5.71068706854475,4.860687068544751,0.85,agentic_selected,agentic_selected,Worcester Voters Elect One Person of Color to School Committee,5.0493425133715,0.6613445551732502,8.7827015e-05,4.8474674,4.886293,4.6169806,4.1111956,4.9086347,4.7437043,0.76580524,0.3333333333333333,4.0,True,5.0,1.0,1.0,5.0,5.0,agentic_selected,agentic_selected,Worcester Voters Elect One Person of Color to School Committee,4.8743425133715,5.0,True
growth,"Growth selector: preserve the original growth objective, then boost candidates that growth-oriented readers find engaging.",22,news,zero_shot,zero_shot,api_zero_shot_generator,Ocean City Faces Clearview in South Jersey Group 3 Sectional Final,5.245677925311001,4.670677925311001,0.575,original,original,"South Jersey, Group 3 final preview: Ocean City at Clearview",5.141882238765001,0.10379568654599947,9.597054e-05,4.7030582,4.773589,4.387124,3.9006839,4.8326674,4.4856577,0.6730204,0.8888888888888888,5.0,True,4.75,0.25,0.0,4.0,5.0,agentic_selected,agentic_selected,Ocean City and Clearview Meet Again in South Jersey Group 3 Final,4.801159986571501,5.0,True
growth,"Growth selector: preserve the original growth objective, then boost candidates that growth-oriented readers find engaging.",23,finance,zero_shot,zero_shot,api_zero_shot_generator,Buy Microsoft at semiannual value level or above weekly moving average,5.7735971425374,4.9235971425374006,0.85,agentic_selected,agentic_selected,Investors Urged to Buy Microsoft on Weakness or Above Key Moving Average,5.096969562552,0.6766275799854,0.000102207036,4.8672523,4.885198,4.698696,4.1858406,4.913401,4.7785983,0.8519098,1.0,5.0,True,5.0,1.0,1.0,5.0,5.0,zero_shot,zero_shot,Buy Microsoft at semiannual value level or above weekly moving average,4.9235971425374006,5.0,False
growth,"Growth selector: preserve the original growth objective, then boost candidates that growth-oriented readers find engaging.",24,news,zero_shot,zero_shot,api_zero_shot_generator,"Tractor-trailer gets stuck under railroad bridge in Waterbury, causing delays",5.663996614245001,4.863996614245001,0.7999999999999999,original,original,Tractor-trailer wedges itself under Waterbury bridge Monday morning,5.5396577756925,0.12433883855250105,0.0001619593,4.8421774,4.8654547,4.618211,4.069107,4.892273,4.710967,0.887894,0.8,5.0,True,4.25,0.25,0.0,5.0,5.0,original,original,Tractor-trailer wedges itself under Waterbury bridge Monday morning,4.9146577756925,5.0,True
growth,"Growth selector: preserve the original growth objective, then boost candidates that growth-oriented readers find engaging.",25,lifestyle,agentic_selected,agentic_selected,agentic_selector_v3,Adam's Corner and Fisher House Support Military Families with Housing and Child Care,5.794199657925001,4.994199657925001,0.7999999999999999,zero_shot,zero_shot,Adam's Corner and Fisher House Offer Support for Military Families,5.4331941217285005,0.3610055361965001,0.0003617345,4.8610916,4.874755,4.749033,4.2165117,4.8979807,4.8077536,1.1241388,0.9,5.0,True,5.0,0.25,0.0,5.0,5.0,agentic_selected,agentic_selected,Adam's Corner and Fisher House Support Military Families with Housing and Child Care,4.994199657925001,5.0,False
growth,"Growth selector: preserve the original growth objective, then boost candidates that growth-oriented readers find engaging.",26,news,zero_shot,zero_shot,api_zero_shot_generator,"Sacramento man houses Healdsburg couple and their 18 dogs, including puppies",5.387077095893999,4.912077095893999,0.475,original,original,Sacramento Man Takes Wildfire Evacuees And Their 18 Dogs,5.0966940199495,0.29038307594449897,0.00040606316,4.850172,4.865766,4.6800814,4.112383,4.8919134,4.755479,0.98499274,0.7777777777777778,5.0,True,4.0,0.0,0.0,4.0,4.0,generic_sft,generic_sft,"Sacramento man opens doors to 18 dogs, 11 of which are five-week-old puppies",4.9430845252595,4.0,True
growth,"Growth selector: preserve the original growth objective, then boost candidates that growth-oriented readers find engaging.",27,sports,original,original,human_editor,At-track photos: 2019 Kansas playoff weekend,5.637738499695001,4.862738499695,0.7749999999999999,zero_shot,zero_shot,Photos from NASCAR Cup and Xfinity Series Playoff Weekend at Kansas Speedway,5.310362149820501,0.32737634987449926,0.0001453723,4.867891,4.8736835,4.741886,4.102025,4.9073687,4.7948303,0.66523105,0.6666666666666666,3.0,True,5.0,1.0,1.0,5.0,5.0,agentic_candidate,27_c1,Photos from NASCAR Cup and Xfinity Series Playoff Weekend at Kansas Speedway,4.9103622477756295,,True
growth,"Growth selector: preserve the original growth objective, then boost candidates that growth-oriented readers find engaging.",28,sports,zero_shot,zero_shot,api_zero_shot_generator,Frank Vogel aims to maximize opportunity with the Lakers,5.1135365639976005,4.6635365639976,0.44999999999999996,specificity_sft,specificity_sft,"Lakers' Frank Vogel is aware of the great situation he's in with the Lakers, and wants to make the best of it",4.712855736550001,0.4006808274475997,9.8102864e-05,4.7266884,4.7963667,4.4022474,4.0383606,4.8327017,4.5715523,0.3407422,0.5,4.0,True,4.25,0.5,1.0,4.0,4.0,specificity_sft,specificity_sft,"Lakers' Frank Vogel is aware of the great situation he's in with the Lakers, and wants to make the best of it",4.712855736550001,4.0,True
growth,"Growth selector: preserve the original growth objective, then boost candidates that growth-oriented readers find engaging.",29,finance,zero_shot,zero_shot,api_zero_shot_generator,Rhode Island's October unemployment rate remains steady at 3.6 percent,5.7914057752465,4.9414057752465,0.85,agentic_selected,agentic_selected,October Unemployment in Rhode Island Remains Stable at 3.6 Percent,5.335281196469001,0.4561245787774988,0.00011166501,4.8671584,4.883402,4.695332,4.216015,4.908441,4.790327,0.89587474,0.625,5.0,True,4.5,0.5,1.0,5.0,5.0,zero_shot,zero_shot,Rhode Island's October unemployment rate remains steady at 3.6 percent,4.9414057752465,5.0,False
growth,"Growth selector: preserve the original growth objective, then boost candidates that growth-oriented readers find engaging.",30,finance,original,original,human_editor,What apartments will $900 rent you in Pleasant Valley right now?,5.6647134426550005,4.814713442655001,0.85,agentic_selected,agentic_selected,Exploring $900 Monthly Apartment Options in Pleasant Valley Neighborhoods,5.2944894172820005,0.37022402537300003,0.0002843067,4.8501854,4.875641,4.69662,4.19974,4.9019804,4.753765,0.3136295,0.5,5.0,True,5.0,1.0,1.0,5.0,5.0,zero_shot,zero_shot,Apartment Rentals in Pleasant Valley Available for $900/Month,4.911957539155999,5.0,True
growth,"Growth selector: preserve the original growth objective, then boost candidates that growth-oriented readers find engaging.",31,autos,zero_shot,zero_shot,api_zero_shot_generator,"Duane Roots' 1,500hp Charger Hellcat Features E90 Fuel and Nitrous Boost",5.45221189563375,5.00221189563375,0.44999999999999996,agentic_candidate,31_c3,"Duane Roots' Charger Hellcat Runs on E90, Nitrous, and 18 psi Boost",5.170645164632152,0.28156673100159857,0.000120912475,4.8692675,4.879922,4.735708,4.221343,4.900066,4.799885,1.1563072,0.8,5.0,True,4.75,0.75,1.0,4.0,4.0,zero_shot,zero_shot,"Duane Roots' 1,500hp Charger Hellcat Features E90 Fuel and Nitrous Boost",5.00221189563375,5.0,False
growth,"Growth selector: preserve the original growth objective, then boost candidates that growth-oriented readers find engaging.",32,autos,zero_shot,zero_shot,api_zero_shot_generator,Interstate 70 reopens near Hoke Road after rollover crash cleared,5.696664200878502,4.921664200878501,0.7749999999999999,generic_sft,generic_sft,Interstate 70 reopens near Hoke Road after rollover crash leaves all westbound lanes closed,5.340325831431001,0.3563383694475002,9.699749e-05,4.8693485,4.870487,4.755722,4.1884713,4.898173,4.812114,0.8013591,0.7777777777777778,5.0,True,5.0,0.75,1.0,5.0,5.0,generic_sft,generic_sft,Interstate 70 reopens near Hoke Road after rollover crash leaves all westbound lanes closed,4.940325831431001,5.0,True
growth,"Growth selector: preserve the original growth objective, then boost candidates that growth-oriented readers find engaging.",33,autos,agentic_candidate,33_c1,agentic_generator_v3_candidate,State Highway Patrol Attempts to Stop Vehicle on Park Road,4.927450058261092,4.927450058261092,0.0,zero_shot,zero_shot,State Highway Patrol Attempts to Stop Vehicle for Traffic Violation in Wapakoneta,4.924090970682,0.0033590875790920904,6.66624036966823e-05,4.871664047241211,4.880549430847168,4.732801914215088,4.11810302734375,4.907153606414795,4.791432857513428,0.9600104689598083,0.875,,False,,0.0,0.0,,,agentic_candidate,33_c1,State Highway Patrol Attempts to Stop Vehicle on Park Road,4.927450058261092,,False
growth,"Growth selector: preserve the original growth objective, then boost candidates that growth-oriented readers find engaging.",34,sports,zero_shot,zero_shot,api_zero_shot_generator,"Dolphins Prepare for NFL Draft, Showcase Top College Prospects in Week 11",5.395855676892,4.920855676892001,0.475,original,original,Do some couch scouting for Dolphins draft: Here are top prospects to watch this weekend,5.335801896000001,0.060053780891998976,9.520888e-05,4.8663654,4.86875,4.759097,4.2058034,4.89913,4.815244,0.767103,0.7777777777777778,5.0,True,4.25,0.0,0.0,4.0,4.0,agentic_candidate,34_c2,Week 11 College Football Highlights Key Prospects for Dolphins' Draft Strategy,4.925861443034956,,True
growth,"Growth selector: preserve the original growth objective, then boost candidates that growth-oriented readers find engaging.",35,sports,zero_shot,zero_shot,api_zero_shot_generator,Yankees' James Paxton acknowledges tipping pitches after Astros matchup in April,5.7834153865895,4.9334153865895,0.85,round1_final,round1_final,Yankees' James Paxton acknowledges tipping pitches after Astros matchup in April,4.9334153865895,0.8499999999999996,7.452403e-05,4.873251,4.874934,4.73592,4.145009,4.9033737,4.8052397,0.9459625,0.6,5.0,True,5.0,1.0,1.0,5.0,5.0,zero_shot,zero_shot,Yankees' James Paxton acknowledges tipping pitches after Astros matchup in April,4.9334153865895,5.0,False
growth,"Growth selector: preserve the original growth objective, then boost candidates that growth-oriented readers find engaging.",36,health,zero_shot,zero_shot,api_zero_shot_generator,Scientists to Intentionally Infect Healthy Individuals for Virus Research,5.531032817345,4.906032817345,0.625,agentic_selected,agentic_selected,Scientists Intentionally Infect Healthy Individuals to Study Virus Progression,5.360516889160001,0.17051592818499905,0.0001258933,4.841586,4.880216,4.5911946,4.1265326,4.9057817,4.7299995,1.0034614,0.5714285714285714,5.0,True,4.0,0.75,1.0,4.0,5.0,agentic_candidate,36_c1,Scientists Intentionally Infect Healthy Individuals to Study Virus Progression,4.960516975107021,,True
growth,"Growth selector: preserve the original growth objective, then boost candidates that growth-oriented readers find engaging.",37,lifestyle,zero_shot,zero_shot,api_zero_shot_generator,Wedding Gowns Created from Quilted Northern Toilet Paper and Craft Supplies,5.472420574,4.622420574,0.85,round2_final,round2_final,Wedding Gowns Created Using Quilted Northern Toilet Paper and Craft Supplies,5.389585255000001,0.08283531899999907,0.99576026,4.8642673,4.8818917,4.7142906,4.227195,4.905998,4.7907057,1.0097103,0.6666666666666666,5.0,True,4.5,1.0,1.0,5.0,5.0,specificity_sft,specificity_sft,"Wedding gowns made from quilted Northern toilet paper, tape, glue, and a needle and thread",4.8714992465,5.0,True
growth,"Growth selector: preserve the original growth objective, then boost candidates that growth-oriented readers find engaging.",38,sports,zero_shot,zero_shot,api_zero_shot_generator,Voting Open for Grand Rapids Area's Top Player from Postseason Openers,5.338199961104001,4.563199961104001,0.7749999999999999,original,original,Vote for Grand Rapids Player of the Week 10,4.731626510550001,0.6065734505540004,8.158256e-05,4.6672597,4.803702,4.1319947,3.7943518,4.8557367,4.346362,0.5620171,0.7777777777777778,5.0,True,5.0,1.0,1.0,5.0,5.0,agentic_selected,agentic_selected,Vote for Grand Rapids' Top Player from Last Week's Playoff Openers,4.678161555705,4.0,True
growth,"Growth selector: preserve the original growth objective, then boost candidates that growth-oriented readers find engaging.",39,sports,zero_shot,zero_shot,api_zero_shot_generator,"Hawaii Man Catches Over 100-Pound Ulua, Fulfilling Fisherman's Dream",5.7777374919,4.9777374919,0.7999999999999999,agentic_selected,agentic_selected,"Hawaii Man Catches 100-Pound Ulua, Realizing Fishermen's Dream",5.361839648094501,0.41589784380549855,0.000214966,4.866301,4.8728333,4.761167,4.2478056,4.8919516,4.811717,0.975702,0.5,5.0,True,4.5,0.25,0.0,5.0,5.0,zero_shot,zero_shot,"Hawaii Man Catches Over 100-Pound Ulua, Fulfilling Fisherman's Dream",4.9777374919,5.0,False
growth,"Growth selector: preserve the original growth objective, then boost candidates that growth-oriented readers find engaging.",40,autos,zero_shot,zero_shot,api_zero_shot_generator,"Head-on collision on U.S. 127 leaves one dead, two injured",5.565212871422,4.7152128714220005,0.85,original,original,"1 dead, 2 injured in U.S. 127 head-on collision near Camden, state patrol says",5.173013118784501,0.39219975263749873,8.697308e-05,4.841213,4.8792343,4.5813694,4.0077066,4.9062624,4.697812,0.26808536,0.75,5.0,True,4.75,0.5,1.0,5.0,5.0,generic_sft,generic_sft,State patrol working to determine who went left of center in head-on collision along U.S. 127 south of Camden,4.7844225444869,4.0,True
growth,"Growth selector: preserve the original growth objective, then boost candidates that growth-oriented readers find engaging.",41,finance,original,original,human_editor,"Online petition to keep divisive Braves tomahawk chop nears 60,000",5.538016877678,4.688016877678001,0.85,agentic_selected,agentic_selected,Kevin Mooneyhan Reflects on Loss in Game 5 and Tomahawk Chop,5.026462775919501,0.5115541017584997,9.038092e-05,4.80822,4.871195,4.5366626,4.107171,4.899358,4.686382,0.038991705,0.2222222222222222,4.0,True,4.5,1.0,1.0,5.0,5.0,agentic_selected,agentic_selected,Kevin Mooneyhan Reflects on Loss in Game 5 and Tomahawk Chop,4.851462775919501,5.0,True
growth,"Growth selector: preserve the original growth objective, then boost candidates that growth-oriented readers find engaging.",42,weather,original,original,human_editor,"Fort Collins, CSU hosting event to celebrate 20 years of climate action",5.5126690765885,4.7376690765885,0.7749999999999999,zero_shot,zero_shot,Fort Collins marks 20 years of climate action with free event,5.480579365271,0.03208971131750005,9.096689e-05,4.765394,4.8334045,4.451536,4.0018845,4.8769703,4.5796113,0.63773555,0.5555555555555556,4.0,True,5.0,1.0,1.0,5.0,5.0,agentic_candidate,42_c1,Fort Collins Marks 20th Anniversary of Climate Action with Free Lincoln Center Event,4.972849813172798,,True
growth,"Growth selector: preserve the original growth objective, then boost candidates that growth-oriented readers find engaging.",43,news,zero_shot,zero_shot,api_zero_shot_generator,Trump Compares Jussie Smollett Hate Crime Allegation to Impeachment Process,5.6545340690999994,4.8545340691,0.7999999999999999,agentic_selected,agentic_selected,Trump Calls Jussie Smollett's Hate Crime Allegation a 'Scam,5.3391445481250015,0.31538952097499795,0.002652174,4.8514423,4.87381,4.6614323,4.0659275,4.899412,4.7372503,0.7884085,0.8888888888888888,5.0,True,4.5,0.25,0.0,5.0,5.0,specificity_sft,specificity_sft,Trump equates case of hate crime allegation made by actor Jussie Smollett to current impeachment process,4.921623351335,4.0,True
growth,"Growth selector: preserve the original growth objective, then boost candidates that growth-oriented readers find engaging.",44,finance,zero_shot,zero_shot,api_zero_shot_generator,Low-End Rental Prices in Zilker Trending for Apartment Hunters,5.351704461665,4.701704461665,0.65,agentic_selected,agentic_selected,Current Low-End Rental Prices in Zilker for Apartment Hunters,4.956747442514001,0.3949570191509997,0.0001268381,4.7901707,4.863282,4.4689283,4.0419664,4.901345,4.64237,0.30979225,0.625,4.0,True,4.0,0.25,0.0,4.0,5.0,agentic_selected,agentic_selected,Current Low-End Rental Prices in Zilker for Apartment Hunters,4.731747442514001,4.0,True
growth,"Growth selector: preserve the original growth objective, then boost candidates that growth-oriented readers find engaging.",45,health,zero_shot,zero_shot,api_zero_shot_generator,"CBD is increasingly available in food, drinks, and skincare products",5.419670583651,4.844670583651,0.575,agentic_selected,agentic_selected,"CBD Gains Popularity in Food, Drinks, and Skincare Products",5.371936200114001,0.04773438353699966,0.00073071814,4.774933,4.8484483,4.4282274,4.1133795,4.8682046,4.6507316,0.9842398,0.7142857142857143,5.0,True,3.75,0.25,0.0,4.0,5.0,specificity_sft,specificity_sft,CBD marketed as a natural solution to aches and pains,4.925331700527001,4.0,True
growth,"Growth selector: preserve the original growth objective, then boost candidates that growth-oriented readers find engaging.",46,foodanddrink,zero_shot,zero_shot,api_zero_shot_generator,Eat the Frog Fitness and MOOYAH Burgers to Open at Hill Center Brentwood,5.5904936186345005,4.9654936186345005,0.625,agentic_selected,agentic_selected,Eat the Frog Fitness and MOOYAH to Open in Hill Center Brentwood,5.339159573500501,0.2513340451339996,0.00037937533,4.869565,4.8769255,4.7471604,4.2171974,4.90184,4.7993045,0.9708569,0.8888888888888888,5.0,True,4.0,1.0,1.0,4.0,5.0,zero_shot,zero_shot,Eat the Frog Fitness and MOOYAH Burgers to Open at Hill Center Brentwood,4.9654936186345005,5.0,False
growth,"Growth selector: preserve the original growth objective, then boost candidates that growth-oriented readers find engaging.",47,news,zero_shot,zero_shot,api_zero_shot_generator,Unrepaired sinkhole in Lebanon causes stress for resident Debbie Carpenter,5.729700131586,4.954700131586001,0.7749999999999999,agentic_selected,agentic_selected,Unrepaired Sinkhole on Elm Street Causes Stress for Local Resident,5.243839093717001,0.48586103786899937,8.932404e-05,4.871096,4.8859186,4.7231927,4.1752353,4.908931,4.790562,1.0000964,0.625,5.0,True,5.0,1.0,1.0,5.0,5.0,zero_shot,zero_shot,Unrepaired sinkhole in Lebanon causes stress for resident Debbie Carpenter,4.954700131586001,5.0,False
growth,"Growth selector: preserve the original growth objective, then boost candidates that growth-oriented readers find engaging.",48,travel,zero_shot,zero_shot,api_zero_shot_generator,Hunting bobwhite quail remains a cherished tradition in Texas,5.162239207,4.537239207,0.625,agentic_candidate,48_c2,Texas Parks and Wildlife Highlights Bobwhite Quail Hunting Experience,4.816149012792812,0.34609019420718745,0.49349636,4.776138,4.844921,4.4186406,4.0320415,4.8849716,4.6169615,0.45559114,0.7142857142857143,5.0,True,4.0,1.0,1.0,4.0,5.0,agentic_selected,agentic_selected,Texas Parks and Wildlife Highlights Bobwhite Quail Hunting Experience,4.81614911986675,4.0,True
growth,"Growth selector: preserve the original growth objective, then boost candidates that growth-oriented readers find engaging.",49,health,zero_shot,zero_shot,api_zero_shot_generator,Maximizing Gym Workouts in 20 to 30 Minutes for Targeted Muscle Training,5.646815251808,4.796815251808001,0.85,agentic_selected,agentic_selected,Maximizing Gym Time: Effective Workouts in 20 to 30 Minutes,4.838101032411001,0.8087142193969994,0.00047140912,4.8204083,4.8729286,4.5805435,4.189252,4.8954954,4.7268085,0.3871842,0.2857142857142857,4.0,True,4.75,1.0,1.0,5.0,5.0,zero_shot,zero_shot,Maximizing Gym Workouts in 20 to 30 Minutes for Targeted Muscle Training,4.796815251808001,4.0,False
growth,"Growth selector: preserve the original growth objective, then boost candidates that growth-oriented readers find engaging.",50,foodanddrink,zero_shot,zero_shot,api_zero_shot_generator,Vice Officers Raid Building Linked to Design District Massage Parlor,5.588787270098001,4.963787270098001,0.625,agentic_candidate,50_c2,Design District Massage Parlor Raided by Vice Officers,5.283250403509011,0.30553686658898993,8.189972e-05,4.8693085,4.870652,4.74751,4.168494,4.89659,4.80634,1.0557768,0.7777777777777778,5.0,True,4.25,1.0,1.0,4.0,5.0,agentic_candidate,50_c1,Vice Officers Raid Building Linked to Design District Massage Parlor,4.963787405654148,,True
growth,"Growth selector: preserve the original growth objective, then boost candidates that growth-oriented readers find engaging.",51,news,zero_shot,zero_shot,api_zero_shot_generator,Canada's Liberals Lead After Polls Close Amid Scandals and Conservative Challenge,5.399918702743501,4.824918702743501,0.575,original,original,Trudeau's Liberals take early lead after first Canadian polls close,5.2056100252655,0.19430867747800118,6.892359e-05,4.8370476,4.866744,4.5847235,4.0247912,4.898322,4.6979356,0.80291533,0.7,5.0,True,4.0,0.25,0.0,4.0,5.0,original,original,Trudeau's Liberals take early lead after first Canadian polls close,4.8306100252655,4.0,True
growth,"Growth selector: preserve the original growth objective, then boost candidates that growth-oriented readers find engaging.",52,finance,zero_shot,zero_shot,api_zero_shot_generator,Councilmember calls for action against rent increases and evictions,5.454091533893999,4.729091533894,0.7249999999999999,agentic_selected,agentic_selected,Councilmember Opposes Massive Rent Increases and Unjust Evictions,5.3302853140292505,0.12380621986474871,7.838316e-05,4.742735,4.8465996,4.3750243,4.025638,4.8697195,4.563474,0.63719344,0.5714285714285714,5.0,True,4.25,0.25,0.0,5.0,5.0,agentic_selected,agentic_selected,Councilmember Opposes Massive Rent Increases and Unjust Evictions,4.93028531402925,5.0,True
growth,"Growth selector: preserve the original growth objective, then boost candidates that growth-oriented readers find engaging.",53,finance,agentic_selected,agentic_selected,agentic_selector_v3,Fosun Acquires Thomas Cook Brand for $14.2 Million,5.324511793541501,4.8495117935415015,0.475,generic_sft,generic_sft,Fosun snaps up Thomas Cook for 11 million ($14.2 million),5.3195650779234995,0.00494671561800164,7.786131e-05,4.8470736,4.8729234,4.6568193,4.1663427,4.899345,4.7560873,0.5918751,0.8333333333333334,4.0,True,4.0,0.0,0.0,4.0,4.0,agentic_selected,agentic_selected,Fosun Acquires Thomas Cook Brand for $14.2 Million,4.8495117935415015,4.0,False
growth,"Growth selector: preserve the original growth objective, then boost candidates that growth-oriented readers find engaging.",54,news,original,original,human_editor,5 delightful doggies to adopt now in Seattle,4.950639451,4.150639451,0.7999999999999999,agentic_selected,agentic_selected,Seattle Adoption Centers Feature Listings of Dogs for New Homes,4.949448403660501,0.0011910473394989296,0.9999646,4.607476,4.735552,4.1742597,3.9257455,4.783374,4.393335,0.12597498,0.2,5.0,True,4.25,0.25,0.0,5.0,5.0,agentic_selected,agentic_selected,Seattle Adoption Centers Feature Listings of Dogs for New Homes,4.949448403660501,5.0,True
growth,"Growth selector: preserve the original growth objective, then boost candidates that growth-oriented readers find engaging.",55,health,zero_shot,zero_shot,api_zero_shot_generator,Becoming a dentist is a long and costly process in health care,4.9301294718449995,4.655129471844999,0.27499999999999997,agentic_selected,agentic_selected,Becoming a Dentist: A Long and Costly Journey in Health Care,4.65638059787,0.27374887397499936,0.0011291433,4.6953263,4.821965,4.1301565,3.9660337,4.856329,4.4960775,0.68528366,0.8571428571428571,5.0,True,4.25,0.75,1.0,4.0,3.0,zero_shot,zero_shot,Becoming a dentist is a long and costly process in health care,4.655129471844999,5.0,False
growth,"Growth selector: preserve the original growth objective, then boost candidates that growth-oriented readers find engaging.",56,news,zero_shot,zero_shot,api_zero_shot_generator,"Gilroy mother accused of drowning daughter says she ""just snapped"" in dispatcher call",5.70198740185,4.9019874018500005,0.7999999999999999,generic_sft,generic_sft,"Gilroy mother accused of drowning 2-year-old daughter tells dispatcher she ""just snapped""",5.1637472545000005,0.5382401473499998,0.012287869,4.86632,4.8825445,4.7010736,4.077816,4.9070215,4.7724047,0.95839393,0.7272727272727273,5.0,True,4.25,0.5,0.0,5.0,5.0,zero_shot,zero_shot,"Gilroy mother accused of drowning daughter says she ""just snapped"" in dispatcher call",4.9019874018500005,5.0,False
growth,"Growth selector: preserve the original growth objective, then boost candidates that growth-oriented readers find engaging.",57,news,original,original,human_editor,Debbie Wasserman Schultz defends calling Ken Cuccinelli a white supremacist,5.733029775185001,4.883029775185001,0.85,agentic_selected,agentic_selected,Debbie Wasserman Schultz Stands by Controversial Remarks on Ken Cuccinelli,5.4706466701875005,0.2623831049975003,0.0026361109,4.867338,4.88085,4.7331944,4.13597,4.904441,4.7915273,0.71504617,0.7777777777777778,5.0,True,5.0,1.0,1.0,5.0,5.0,generic_sft,generic_sft,Rep. Debbie Wasserman Schultz stands by remarks from USCIS Director Ken Cuccinelli,4.9142004439410005,4.0,True
growth,"Growth selector: preserve the original growth objective, then boost candidates that growth-oriented readers find engaging.",58,lifestyle,zero_shot,zero_shot,api_zero_shot_generator,Effective Cleaning Products That Save Time and Avoid Harsh Chemicals,5.345031242788,4.895031242788,0.44999999999999996,round1_final,round1_final,Effective Cleaning Products That Save Time and Avoid Harsh Chemicals,4.895031242788,0.4500000000000002,0.00033350632,4.8421755,4.882513,4.5877056,4.1642113,4.9036837,4.7372227,0.884678,0.6666666666666666,5.0,True,4.25,0.5,1.0,4.0,4.0,zero_shot,zero_shot,Effective Cleaning Products That Save Time and Avoid Harsh Chemicals,4.895031242788,5.0,False
growth,"Growth selector: preserve the original growth objective, then boost candidates that growth-oriented readers find engaging.",59,health,specificity_sft,specificity_sft,specificity_sft_generator,"Patient's name has not been released, but there's a breakdown of what we do know",5.1040652799999995,4.30406528,0.7999999999999999,original,original,Patient dies in ER at WellSpan York Hospital what we know now,4.591897455274,0.5121678247259993,0.9999627,4.7181587,4.826149,4.2262745,3.9405432,4.847687,4.500238,0.6719245,0.9090909090909092,4.0,True,4.25,0.25,0.0,5.0,5.0,specificity_sft,specificity_sft,"Patient's name has not been released, but there's a breakdown of what we do know",4.30406528,4.0,False
growth,"Growth selector: preserve the original growth objective, then boost candidates that growth-oriented readers find engaging.",60,news,zero_shot,zero_shot,api_zero_shot_generator,Sky Valley Education Center teachers evacuate students after fluorescent lights catch fire,5.8467627279385,4.9967627279385,0.85,agentic_selected,agentic_selected,Sky Valley Education Center Teachers Evacuate Students After Fluorescent Lights Catch Fire,5.7967627279385,0.04999999999999982,0.00021150589,4.8692775,4.8744884,4.7548566,4.213519,4.8997016,4.805964,1.1293716,0.75,5.0,True,5.0,1.0,1.0,5.0,5.0,agentic_candidate,60_c1,Sky Valley Education Center Teachers Evacuate Students After Fluorescent Lights Catch Fire,4.996762754440716,,True
growth,"Growth selector: preserve the original growth objective, then boost candidates that growth-oriented readers find engaging.",61,foodanddrink,original,original,human_editor,San Francisco chefs find nostalgia in Japanese milk bread,5.23837659807,4.388376598070001,0.85,zero_shot,zero_shot,San Francisco Chefs Embrace Milk Bread Amid Sourdough Tradition,4.799239451910001,0.4391371461599993,0.0037775198,4.4460154,4.663471,3.9355755,3.6388848,4.7497473,4.136075,0.52201355,0.75,4.0,True,5.0,1.0,1.0,5.0,5.0,zero_shot,zero_shot,San Francisco Chefs Embrace Milk Bread Amid Sourdough Tradition,4.399239451910001,5.0,True
growth,"Growth selector: preserve the original growth objective, then boost candidates that growth-oriented readers find engaging.",62,news,zero_shot,zero_shot,api_zero_shot_generator,Authorities discover additional preserved fetuses at Dr. Ulrich Klopfer's home,5.724042248323501,4.949042248323501,0.7749999999999999,agentic_selected,agentic_selected,"Family Discovers 2,246 Preserved Fetuses at Dr. Ulrich Klopfer's Illinois Home",5.5381940138340005,0.18584823448950072,0.00010570479,4.8700995,4.883072,4.735978,4.1576424,4.905344,4.805813,0.9952254,0.625,5.0,True,4.75,1.0,1.0,5.0,5.0,agentic_candidate,62_c1,"Family Discovers 2,246 Preserved Fetuses at Dr. Ulrich Klopfer's Illinois Home",4.963194068314625,,True
growth,"Growth selector: preserve the original growth objective, then boost candidates that growth-oriented readers find engaging.",63,foodanddrink,original,original,human_editor,30 Vintage Christmas Desserts Inspired by Grandma,5.4811052895,4.631105289500001,0.85,zero_shot,zero_shot,30 Vintage Christmas Desserts Inspired by Grandma for Your Holiday Feast,5.4506609395,0.030444350000000675,0.99997723,4.8638744,4.877678,4.734375,4.238392,4.9040976,4.7942643,1.026293,1.0,5.0,True,5.0,1.0,1.0,5.0,5.0,zero_shot,zero_shot,30 Vintage Christmas Desserts Inspired by Grandma for Your Holiday Feast,4.6506609395,4.0,True
growth,"Growth selector: preserve the original growth objective, then boost candidates that growth-oriented readers find engaging.",64,lifestyle,zero_shot,zero_shot,api_zero_shot_generator,St. Bernadette Catholic School Cancels Classes After Overnight Fire Damage,5.546616110788,4.971616110788,0.575,generic_sft,generic_sft,St. Bernadette Catholic School cancels classes after fire causes major damage to primary building,5.288916344451501,0.2576997663364997,0.00042242632,4.8634167,4.8801756,4.739897,4.2284603,4.9062757,4.8095293,0.9882413,0.8888888888888888,5.0,True,4.0,0.25,0.0,4.0,5.0,zero_shot,zero_shot,St. Bernadette Catholic School Cancels Classes After Overnight Fire Damage,4.971616110788,5.0,False
growth,"Growth selector: preserve the original growth objective, then boost candidates that growth-oriented readers find engaging.",65,travel,zero_shot,zero_shot,api_zero_shot_generator,Volunteers Spread Holiday Cheer to Seniors Through Senior Santa Program in Brevard County,5.757346229734999,4.982346229735,0.7749999999999999,agentic_selected,agentic_selected,Brevard County TRIAD's Senior Santa Program Delivers Cheer to Seniors,5.322565703235001,0.4347805264999982,0.0028900579,4.869133,4.875537,4.743514,4.206662,4.9011846,4.804123,1.0836372,0.8181818181818182,5.0,True,5.0,1.0,1.0,5.0,5.0,agentic_selected,agentic_selected,Brevard County TRIAD's Senior Santa Program Delivers Cheer to Seniors,4.997565703235001,4.0,True
growth,"Growth selector: preserve the original growth objective, then boost candidates that growth-oriented readers find engaging.",66,sports,original,original,human_editor,Penn State's James Franklin gives student in Michigan State shirt his instead,5.60074592915,4.750745929150001,0.85,zero_shot,zero_shot,James Franklin Gives Penn State Shirt to Student Wearing Spartans Gear,5.103382922176,0.49736300697400004,0.023882871,4.8364882,4.8736763,4.609929,3.9936118,4.9055223,4.697749,0.49297142,0.6363636363636364,4.0,True,4.25,1.0,1.0,5.0,5.0,generic_sft,generic_sft,Penn State freshman Megan McNeely wears T-shirt for Spartans,4.808671999615,4.0,True
growth,"Growth selector: preserve the original growth objective, then boost candidates that growth-oriented readers find engaging.",67,sports,zero_shot,zero_shot,api_zero_shot_generator,Les Miles prepares for reunion with Oklahoma State this weekend,5.490429356405001,4.915429356405001,0.575,agentic_selected,agentic_selected,Les Miles Prepares for Reunion with Oklahoma State This Weekend,5.490429356405001,0.0,0.0003313017,4.865306,4.8729496,4.743598,4.175773,4.9021225,4.8074474,0.80353546,0.8571428571428571,5.0,True,4.0,0.0,0.0,4.0,5.0,agentic_candidate,67_c1,Les Miles Prepares for Reunion with Oklahoma State This Weekend,4.915429555648007,,True
growth,"Growth selector: preserve the original growth objective, then boost candidates that growth-oriented readers find engaging.",68,news,zero_shot,zero_shot,api_zero_shot_generator,Kentucky Representatives and Mitch McConnell Respond After Vote,5.607701814128,4.807701814128,0.7999999999999999,generic_sft,generic_sft,Kentucky's Mitch McConnell has strong words in Senate,5.10661828916875,0.5010835249592498,8.595392e-05,4.8200636,4.8662596,4.652108,4.0009046,4.8991914,4.73971,0.70406544,0.7142857142857143,5.0,True,4.25,0.25,0.0,5.0,5.0,zero_shot,zero_shot,Kentucky Representatives and Mitch McConnell Respond After Vote,4.807701814128,5.0,False
growth,"Growth selector: preserve the original growth objective, then boost candidates that growth-oriented readers find engaging.",69,lifestyle,zero_shot,zero_shot,api_zero_shot_generator,13 Fascinating Facts About Manatees You May Not Know,5.275975204999999,4.550975204999999,0.7249999999999999,original,original,13 Things You Never Knew About Manatees,5.0438901695,0.23208503549999904,0.9999776,4.8592625,4.879689,4.7151227,4.199384,4.9045563,4.7891426,0.7143781,0.75,5.0,True,4.25,0.25,0.0,5.0,5.0,zero_shot,zero_shot,13 Fascinating Facts About Manatees You May Not Know,4.550975204999999,5.0,False
growth,"Growth selector: preserve the original growth objective, then boost candidates that growth-oriented readers find engaging.",70,sports,generic_sft,generic_sft,generic_sft_generator,Rafael Nadal pulls out of Paris Masters with abdominal injury,5.306230670032,4.9062306700319995,0.39999999999999997,zero_shot,zero_shot,Rafael Nadal Withdraws from Paris Masters Due to Abdominal Injury,5.17618786363,0.13004280640199983,0.00011622848,4.8506756,4.864719,4.6659174,4.143898,4.8907847,4.7626534,0.9154998,0.875,5.0,True,4.75,0.0,0.0,4.0,4.0,generic_sft,generic_sft,Rafael Nadal pulls out of Paris Masters with abdominal injury,4.9062306700319995,5.0,False
growth,"Growth selector: preserve the original growth objective, then boost candidates that growth-oriented readers find engaging.",71,finance,zero_shot,zero_shot,api_zero_shot_generator,Scottsdale Mansion Among Metro Phoenix's Priciest Home Sales This Week,5.397429647,4.947429647,0.44999999999999996,round1_final,round1_final,Scottsdale Mansion Among Metro Phoenix's Priciest Home Sales This Week,4.947429647,0.4500000000000002,0.0407836,4.865999,4.876877,4.7508526,4.1984715,4.9038534,4.807577,0.98203886,0.5555555555555556,5.0,True,4.0,0.75,1.0,4.0,4.0,zero_shot,zero_shot,Scottsdale Mansion Among Metro Phoenix's Priciest Home Sales This Week,4.947429647,5.0,False
growth,"Growth selector: preserve the original growth objective, then boost candidates that growth-oriented readers find engaging.",72,health,generic_sft,generic_sft,generic_sft_generator,Connor Murphy's YouTube video shows how people can manipulate their appearance for photos,4.984611095000001,4.5846110950000005,0.39999999999999997,agentic_candidate,72_c3,Connor Murphy Highlights Photo Manipulation Strategies in 2016 YouTube Video,4.97364568063058,0.010965414369421111,0.9999666,4.8532567,4.86878,4.70872,4.1702304,4.892683,4.780955,0.9613098,0.8181818181818182,5.0,True,4.0,0.25,0.0,4.0,4.0,agentic_candidate,72_c3,Connor Murphy Highlights Photo Manipulation Strategies in 2016 YouTube Video,4.97364568063058,,True
growth,"Growth selector: preserve the original growth objective, then boost candidates that growth-oriented readers find engaging.",73,lifestyle,zero_shot,zero_shot,api_zero_shot_generator,Spooky Wedding Shoot Offers Dark Inspiration for Halloween Lovers,5.064918197499999,4.589918197499999,0.475,agentic_selected,agentic_selected,Spooky Wedding Shoot Offers Halloween Inspiration for Your Big Day,4.837119860000001,0.22779833749999767,0.99993205,4.860353,4.8771334,4.7326155,4.2223315,4.9039516,4.7998986,0.8534025,0.75,5.0,True,4.25,0.5,0.0,4.0,4.0,agentic_selected,agentic_selected,Spooky Wedding Shoot Offers Halloween Inspiration for Your Big Day,4.612119860000002,5.0,True
growth,"Growth selector: preserve the original growth objective, then boost candidates that growth-oriented readers find engaging.",74,news,zero_shot,zero_shot,api_zero_shot_generator,3 On Your Side shares tips to identify scam phone calls,5.387120830755,4.537120830755001,0.85,agentic_selected,agentic_selected,3 On Your Side Warns of Social Security Administration Scam Calls,5.0125246768125,0.3745961539425,0.0011284407,4.628233,4.7576857,4.1133575,3.7259629,4.8321676,4.376608,0.6588421,0.625,5.0,True,5.0,1.0,1.0,5.0,5.0,agentic_candidate,74_c2,3 On Your Side Warns of Social Security Administration Scam Calls,4.612524685297103,,True
growth,"Growth selector: preserve the original growth objective, then boost candidates that growth-oriented readers find engaging.",75,travel,zero_shot,zero_shot,api_zero_shot_generator,Milwaukee scooter program resumes operations after brief winter weather break,5.7310141413987505,4.95601414139875,0.7749999999999999,agentic_selected,agentic_selected,Milwaukee's Scooter Program Resumes Operations After Halloween Snowstorm,5.345938664279001,0.38507547711974954,6.8424575e-05,4.8764324,4.884158,4.7082515,4.173363,4.9100366,4.7975254,1.0220531,0.6,5.0,True,5.0,1.0,1.0,5.0,5.0,zero_shot,zero_shot,Milwaukee scooter program resumes operations after brief winter weather break,4.95601414139875,5.0,False
growth,"Growth selector: preserve the original growth objective, then boost candidates that growth-oriented readers find engaging.",76,news,zero_shot,zero_shot,api_zero_shot_generator,Steny Hoyer discusses impeachment decision after diplomats' testimony on Morning Joe,5.6081771524435,4.9831771524435,0.625,agentic_selected,agentic_selected,Steny Hoyer Discusses Impeachment Decision After Hearing with Kent and Taylor,5.3560198406745005,0.25215731176899947,7.842159e-05,4.8717422,4.877677,4.7465363,4.163328,4.9024897,4.8027105,1.1509342,0.8,5.0,True,4.0,0.75,1.0,4.0,5.0,zero_shot,zero_shot,Steny Hoyer discusses impeachment decision after diplomats' testimony on Morning Joe,4.9831771524435,5.0,False
growth,"Growth selector: preserve the original growth objective, then boost candidates that growth-oriented readers find engaging.",77,sports,zero_shot,zero_shot,api_zero_shot_generator,49ers offense shows potential injuries ahead of game against Arizona,5.387938690675001,4.812938690675001,0.575,specificity_sft,specificity_sft,Garoppolo and 49ers offense could operate at less than full strength Sunday against Arizona,5.248119927028501,0.1398187636464998,7.25695e-05,4.857478,4.878561,4.678378,4.0896854,4.908947,4.7633314,0.50335,0.5555555555555556,4.0,True,4.0,0.0,0.0,4.0,5.0,generic_sft,generic_sft,49ers quarterback Jimmy Garoppolo and 49ers offense could operate at significantly less than full strength Sunday,4.862898446282501,4.0,True
growth,"Growth selector: preserve the original growth objective, then boost candidates that growth-oriented readers find engaging.",78,weather,original,original,human_editor,"Mild but changeable winter weather predicted for much of U.S., federal forecasters say",5.5021609178485,4.8771609178485,0.625,agentic_selected,agentic_selected,Federal Forecasters Predict Milder-Than-Average Winter Nationwide,5.4932367096621,0.008924208186400051,0.00011046329,4.85059,4.8793077,4.635537,4.083265,4.905862,4.7285147,0.88456595,0.5,5.0,True,4.75,1.0,1.0,4.0,5.0,specificity_sft,specificity_sft,U.S. forecasters predict milder-than-average winter across much of country,4.9396034891694995,4.0,True
growth,"Growth selector: preserve the original growth objective, then boost candidates that growth-oriented readers find engaging.",79,sports,original,original,human_editor,Michigan injury report: Here's who is expected to play at Penn State,5.350672145205001,4.725672145205001,0.625,zero_shot,zero_shot,Michigan Wolverines Release Pregame Injury Report Ahead of Penn State Game,5.289464051736,0.061208093469001135,0.0010306137,4.8357944,4.880579,4.6144447,4.0627604,4.905884,4.7251134,0.1955221,0.5555555555555556,5.0,True,4.25,1.0,1.0,4.0,5.0,agentic_candidate,79_c2,Injury Report: Michigan Wolverines Prepare for No. 7 Penn State Matchup,4.895879615665763,,True
growth,"Growth selector: preserve the original growth objective, then boost candidates that growth-oriented readers find engaging.",80,finance,zero_shot,zero_shot,api_zero_shot_generator,20 Countries Identified as Frequent Tax Havens by Oxfam Research,5.7500081527610005,4.900008152761001,0.85,agentic_selected,agentic_selected,Top 20 Countries Identified as Tax Havens by Oxfam Research,5.6245203789625,0.1254877737985005,0.00075416354,4.8382416,4.879306,4.666025,4.178813,4.911183,4.759884,0.8088341,0.7142857142857143,5.0,True,4.5,1.0,1.0,5.0,5.0,zero_shot,zero_shot,20 Countries Identified as Frequent Tax Havens by Oxfam Research,4.900008152761001,5.0,False
growth,"Growth selector: preserve the original growth objective, then boost candidates that growth-oriented readers find engaging.",81,health,zero_shot,zero_shot,api_zero_shot_generator,Aaron Archer loses 40 pounds through HIIT workouts and calorie tracking,5.6421448904275,4.9671448904275,0.675,agentic_selected,agentic_selected,Aaron Archer Loses 40 Pounds Through HIIT and Weight Training,5.5536272327065,0.08851765772099984,0.00032062735,4.868296,4.881296,4.7414865,4.182453,4.902417,4.8084497,1.0417798,0.7777777777777778,5.0,True,5.0,1.0,1.0,5.0,4.0,zero_shot,zero_shot,Aaron Archer loses 40 pounds through HIIT workouts and calorie tracking,4.9671448904275,5.0,False
growth,"Growth selector: preserve the original growth objective, then boost candidates that growth-oriented readers find engaging.",82,news,original,original,human_editor,3 former LMPD officers plead guilty to federal charges of falsifying overtime records,5.7077797770895,4.8577797770895,0.85,zero_shot,zero_shot,Three former Louisville officers ordered to pay restitution for overtime fraud,5.439904024120501,0.26787575296899924,0.00014007403,4.8470597,4.8791556,4.639016,4.122882,4.90399,4.7541695,0.71863914,0.6,5.0,True,5.0,1.0,1.0,5.0,5.0,agentic_candidate,82_c2,Louisville Police Officers Plead Guilty to Overtime Fraud Scheme,4.888021209590444,,True
growth,"Growth selector: preserve the original growth objective, then boost candidates that growth-oriented readers find engaging.",83,autos,agentic_selected,agentic_selected,agentic_selector_v3,Two Crashes Cause Major Traffic Issues Near I-265 and I-65 in Louisville,5.0614653227519995,4.261465322752,0.7999999999999999,zero_shot,zero_shot,Crashes near I-265 and I-65 in Louisville cause traffic backups,4.6203863269315,0.44107899582049903,0.00011404928,4.280794,4.5717835,3.6833408,3.4440892,4.6949935,3.8966374,0.71715355,0.7777777777777778,5.0,True,4.25,0.25,0.0,5.0,5.0,agentic_candidate,83_c1,Two Crashes Cause Major Traffic Issues Near I-265 and I-65 in Louisville,4.2614653408345475,,True
growth,"Growth selector: preserve the original growth objective, then boost candidates that growth-oriented readers find engaging.",84,sports,generic_sft,generic_sft,generic_sft_generator,Head coach may have doomed his team - and his kicker - with questionable call,5.778131948455998,4.928131948455999,0.85,zero_shot,zero_shot,Head coach's questionable call puts team and kicker at risk,5.459216777477502,0.31891517097849675,0.00011507584,4.854831,4.8644133,4.7297854,4.1555433,4.8926744,4.7816753,0.9370012,1.0,3.0,True,4.75,0.75,1.0,5.0,5.0,generic_sft,generic_sft,Head coach may have doomed his team - and his kicker - with questionable call,4.928131948455999,3.0,False
growth,"Growth selector: preserve the original growth objective, then boost candidates that growth-oriented readers find engaging.",85,weather,zero_shot,zero_shot,api_zero_shot_generator,"Video Captures Snow Progression in Point Place, Ohio, Amid Frozen Clock",5.7611988451611005,4.911198845161101,0.85,agentic_selected,agentic_selected,"Video Showcases Snow Progression in Point Place, Ohio on Nov. 12",5.137457315304,0.6237415298571003,8.4385254e-05,4.8770037,4.875555,4.737275,4.1956143,4.9041095,4.7919927,0.74117935,0.7,5.0,True,5.0,1.0,1.0,5.0,5.0,generic_sft,generic_sft,"Brachiosaurus creates video showing snow in Point Place, Ohio",4.9350184977055,4.0,True
growth,"Growth selector: preserve the original growth objective, then boost candidates that growth-oriented readers find engaging.",86,foodanddrink,round2_final,round2_final,critic_guided_rewriter_round2,Hash Kitchen in Phoenix Offers 60-Ingredient Bloody Mary Bar,5.331056528410001,4.931056528410001,0.39999999999999997,agentic_selected,agentic_selected,Hash Kitchen in Phoenix Features Arizona's Largest Bloody Mary Bar,5.260562889925001,0.0704936384849999,0.0008069474,4.863878,4.8778596,4.699691,4.1857424,4.901242,4.7804437,0.9055655,0.75,4.0,True,4.0,0.0,0.0,4.0,4.0,round1_final,round1_final,Hash Kitchen in Phoenix Offers 60-Ingredient Bloody Mary Bar,4.931056528410001,,True
growth,"Growth selector: preserve the original growth objective, then boost candidates that growth-oriented readers find engaging.",87,news,zero_shot,zero_shot,api_zero_shot_generator,"Great white shark over 2,000 pounds spotted off US East Coast",5.608181674240501,4.883181674240501,0.7249999999999999,agentic_selected,agentic_selected,"Great White Shark Weighing Over 2,000 Pounds Spotted Off US East Coast",5.309696502593001,0.2984851716475001,0.00012210217,4.8678536,4.879323,4.750188,4.1565466,4.902688,4.8026195,0.6604203,0.8,5.0,True,5.0,0.25,0.0,5.0,5.0,agentic_selected,agentic_selected,"Great White Shark Weighing Over 2,000 Pounds Spotted Off US East Coast",4.909696502593,5.0,True
growth,"Growth selector: preserve the original growth objective, then boost candidates that growth-oriented readers find engaging.",88,sports,zero_shot,zero_shot,api_zero_shot_generator,Bengals Continue Search for Future Quarterback After Finley's Performance,5.7940117484545,4.944011748454501,0.85,agentic_selected,agentic_selected,Bengals Assess Quarterback Options Following Finley's Performance,5.319849635747501,0.47416211270699904,0.00011189013,4.8724475,4.8749914,4.7517853,4.1762333,4.9025106,4.8057785,0.92947865,0.5,5.0,True,5.0,1.0,1.0,5.0,5.0,zero_shot,zero_shot,Bengals Continue Search for Future Quarterback After Finley's Performance,4.944011748454501,5.0,False
growth,"Growth selector: preserve the original growth objective, then boost candidates that growth-oriented readers find engaging.",89,lifestyle,original,original,human_editor,Photographer tends a picture-perfect garden in Oakdale,5.570133225257,4.720133225257,0.85,agentic_selected,agentic_selected,Professional Photographer Michelle Mero Riedel Showcases Her Tidy Oakdale Garden,5.168324244,0.40180898125700004,0.00048158498,4.7790747,4.8427114,4.400676,4.0248413,4.8802514,4.584903,0.5402175,0.5,4.0,True,5.0,1.0,1.0,5.0,5.0,round2_final,round2_final,Michelle Mero Riedel Cultivates a Garden in Oakdale,4.90623205295,4.0,True
growth,"Growth selector: preserve the original growth objective, then boost candidates that growth-oriented readers find engaging.",90,foodanddrink,zero_shot,zero_shot,api_zero_shot_generator,Food52 Highlights Chopped Salad Popularized by Nancy Silverton at Pizzeria Mozza,5.28955662,4.61455662,0.675,agentic_selected,agentic_selected,Food52 Celebrates Enduring Popularity of Nancy Silverton's Chopped Salad Recipe,5.285979881025001,0.0035767389749992162,0.9984445,4.862514,4.884901,4.6752124,4.1656303,4.9104657,4.7652254,1.1179762,0.7777777777777778,4.0,True,4.5,1.0,1.0,5.0,4.0,agentic_selected,agentic_selected,Food52 Celebrates Enduring Popularity of Nancy Silverton's Chopped Salad Recipe,4.885979881025,5.0,True
growth,"Growth selector: preserve the original growth objective, then boost candidates that growth-oriented readers find engaging.",91,news,original,original,human_editor,"SoCal Man Who Donated $900K to Trump Will Plead Guilty to Hiding Work as Foreign Agent, Illegal Campaign Contributions",5.55262572231,4.7026257223100005,0.85,agentic_candidate,91_c2,Imaad Shah Zuberi to Plead Guilty to Concealing Foreign Agent Work and Campaign Violations,4.751649994207765,0.8009757281022356,0.0001530934,4.8355207,4.8670053,4.5822563,3.9451928,4.900224,4.678533,0.645795,0.5625,5.0,True,5.0,1.0,1.0,5.0,5.0,agentic_candidate,91_c2,Imaad Shah Zuberi to Plead Guilty to Concealing Foreign Agent Work and Campaign Violations,4.751649994207765,,True
growth,"Growth selector: preserve the original growth objective, then boost candidates that growth-oriented readers find engaging.",92,sports,zero_shot,zero_shot,api_zero_shot_generator,Monty Williams praises Juwan Howard's coaching curiosity in first year at Michigan,5.2497244825000005,4.8497244825,0.39999999999999997,original,original,How Suns coach Monty Williams helped Michigan's Juwan Howard become a coach,5.10962467563,0.14009980687000034,0.16910745,4.864789,4.8688564,4.747952,4.233318,4.896329,4.8048215,0.6726893,0.7,5.0,True,3.75,0.0,0.0,4.0,4.0,generic_sft,generic_sft,Michigan coach Juwan Howard asks questions about coaching,4.910454058213,4.0,True
growth,"Growth selector: preserve the original growth objective, then boost candidates that growth-oriented readers find engaging.",93,news,zero_shot,zero_shot,api_zero_shot_generator,"October 2023 recorded as the hottest October globally, exceeding previous records",5.737969281309999,4.937969281309999,0.7999999999999999,original,original,Last month hottest October on record: EU climate service,5.460298122578999,0.2776711587309997,0.0040724734,4.8704553,4.8782578,4.7238293,4.192252,4.908657,4.794442,0.90127516,0.625,5.0,True,4.25,0.0,0.0,5.0,5.0,zero_shot,zero_shot,"October 2023 recorded as the hottest October globally, exceeding previous records",4.937969281309999,5.0,False
growth,"Growth selector: preserve the original growth objective, then boost candidates that growth-oriented readers find engaging.",94,health,original,original,human_editor,69 Texas Nursing Homes Make U.S. News 'Best' Ratings,5.721395990839,4.871395990839001,0.85,generic_sft,generic_sft,U.S. News & World Report: Best nursing homes in 2019-20,5.3497530198300005,0.3716429710089999,0.00013434046,4.8664885,4.883072,4.697624,4.1407995,4.9113417,4.782112,0.6745827,0.5714285714285714,5.0,True,5.0,1.0,1.0,5.0,5.0,agentic_selected,agentic_selected,U.S. News & World Report Releases 2019-20 Nursing Home Ratings,4.937372266637,4.0,True
growth,"Growth selector: preserve the original growth objective, then boost candidates that growth-oriented readers find engaging.",95,weather,zero_shot,zero_shot,api_zero_shot_generator,Intense storm brings 50-mph winds and large waves to Great Lakes shores,5.6110503040254995,4.9360503040255,0.675,agentic_candidate,95_c2,Waves Hit Lake Superior and Lake Michigan Amid Severe Storm This Week,4.936982374428771,0.6740679295967285,0.00025831707,4.8717513,4.870765,4.7508698,4.198122,4.8980236,4.811575,0.85953,0.9,5.0,True,5.0,1.0,1.0,5.0,4.0,agentic_candidate,95_c2,Waves Hit Lake Superior and Lake Michigan Amid Severe Storm This Week,4.936982374428771,,True
growth,"Growth selector: preserve the original growth objective, then boost candidates that growth-oriented readers find engaging.",96,travel,agentic_selected,agentic_selected,agentic_selector_v3,"Next Month, Explore the City on Your Own Moped",5.142591380500001,4.292591380500001,0.85,zero_shot,zero_shot,Mopeds available for rent next month for personal exploration,4.648022485169001,0.4945688953309997,0.07577143,4.3774357,4.630973,3.7570436,3.7095432,4.700727,4.0113673,0.33239943,0.7142857142857143,5.0,True,5.0,0.75,1.0,5.0,5.0,generic_sft,generic_sft,You'll be able to see it from your own moped driven by you next month,4.452353895499999,3.0,True
growth,"Growth selector: preserve the original growth objective, then boost candidates that growth-oriented readers find engaging.",97,weather,original,original,human_editor,Minnesota Farms Report Low Yields After 'Extremely Challenging' Weather Conditions,5.5299676178255,4.6799676178255005,0.85,zero_shot,zero_shot,Minnesota farmer faces challenges with low crop production amid early November snow,5.3869144044845,0.14305321334100007,9.124907e-05,4.6538987,4.7874503,4.123337,3.8787072,4.8435993,4.378188,1.0392492,0.4,4.0,True,5.0,1.0,1.0,5.0,5.0,zero_shot,zero_shot,Minnesota farmer faces challenges with low crop production amid early November snow,4.8119144044845,5.0,True
growth,"Growth selector: preserve the original growth objective, then boost candidates that growth-oriented readers find engaging.",98,lifestyle,agentic_selected,agentic_selected,agentic_selector_v3,Wall of Faces Campaign Seeks Photos of 11 Missing Detroit Veterans,5.5241049717625,4.9491049717625,0.575,zero_shot,zero_shot,Campaign seeks missing photos of 11 Detroit veterans from Vietnam Memorial,5.324085679400252,0.20001929236224836,8.430925e-05,4.8708825,4.8792934,4.7368174,4.1816397,4.9042587,4.806503,0.9564009,0.875,5.0,True,3.75,0.0,0.0,4.0,5.0,agentic_selected,agentic_selected,Wall of Faces Campaign Seeks Photos of 11 Missing Detroit Veterans,4.9491049717625,5.0,False
growth,"Growth selector: preserve the original growth objective, then boost candidates that growth-oriented readers find engaging.",99,news,zero_shot,zero_shot,api_zero_shot_generator,Missouri Auditor Issues Subpoena for Clay County Audit Documents,5.735875896715051,4.935875896715051,0.7999999999999999,original,original,State auditor again issues subpoena to Clay County in citizen-mandated audit,5.4730394318440005,0.26283646487105017,5.9537957e-05,4.8752003,4.8834267,4.7047853,4.112383,4.9090424,4.7937565,1.03368,0.875,4.0,True,4.25,0.25,0.0,5.0,5.0,agentic_selected,agentic_selected,Missouri Auditor Nicole Galloway Issues Subpoena to Clay County Officials,4.9488455250709995,5.0,True
growth,"Growth selector: preserve the original growth objective, then boost candidates that growth-oriented readers find engaging.",100,travel,original,original,human_editor,"Boca Raton's Mizner Park jazzes up plaza with new restaurants, stores, bars and entertainment",5.634773173224499,4.784773173224499,0.85,zero_shot,zero_shot,Mizner Park to Revitalize Retail Mix with New Tenants and Pop-Up Shops,5.091020077707,0.5437530955174985,0.00021566793,4.786108,4.840303,4.5023937,4.0616093,4.8793497,4.652202,0.69447446,0.7272727272727273,5.0,True,5.0,1.0,1.0,5.0,5.0,generic_sft,generic_sft,Boca Raton shopping plaza in need of a refresh after losing tenants,4.812394983535,3.0,True
editorial,"Editorial selector: preserve balanced editorial scoring, then boost candidates preferred by editorial reviewers and busy readers.",1,news,zero_shot,zero_shot,api_zero_shot_generator,NASA Astronauts on ISS Face Challenges of Long Spacewalks,5.76108600411,5.13608600411,0.6249999999999999,generic_sft,generic_sft,NASA astronauts need to be in good physical condition to make spacewalks,5.4512331414,0.3098528627099997,0.00010971178,4.85689,4.885587,4.633436,4.1384172,4.9065876,4.7633214,0.6962812,0.2857142857142857,5.0,True,4.75,1.0,1.0,5.0,4.0,zero_shot,zero_shot,NASA Astronauts on ISS Face Challenges of Long Spacewalks,5.13608600411,5.0,False
editorial,"Editorial selector: preserve balanced editorial scoring, then boost candidates preferred by editorial reviewers and busy readers.",2,foodanddrink,zero_shot,zero_shot,api_zero_shot_generator,Lodi Celebrates International Tempranillo Day with Winery Tour and Tastings,5.7921197629625,5.192119762962499,0.6000000000000001,original,original,Tour of Tempranillo offers taste of Lodi's take on the Spanish varietal,5.79075092405,0.0013688389124997258,0.000101894075,4.8683696,4.883463,4.7181835,4.250622,4.9066567,4.805086,0.7908407,0.625,5.0,True,4.75,0.25,0.0,5.0,5.0,zero_shot,zero_shot,Lodi Celebrates International Tempranillo Day with Winery Tour and Tastings,5.192119762962499,5.0,False
editorial,"Editorial selector: preserve balanced editorial scoring, then boost candidates preferred by editorial reviewers and busy readers.",3,travel,zero_shot,zero_shot,api_zero_shot_generator,Roller Coasters Today: Speed Records and Thrilling Designs,5.4817985161000005,4.9817985161000005,0.5,agentic_selected,agentic_selected,Roller Coasters: Thrilling Speed Records and Innovative Designs,5.189284938485,0.29251357761500074,0.0004820778,4.6609154,4.7772074,4.2046022,3.9334552,4.8035665,4.497764,1.0881518,0.7142857142857143,4.0,True,4.0,0.75,1.0,4.0,5.0,generic_sft,generic_sft,"Roller coasters break speed records, hurl passengers through space",5.156112579835,4.0,True
editorial,"Editorial selector: preserve balanced editorial scoring, then boost candidates preferred by editorial reviewers and busy readers.",4,sports,zero_shot,zero_shot,api_zero_shot_generator,Seattle Seahawks Defeat Unbeaten 49ers in a Thrilling Comeback Victory,5.826141952819999,5.101141952819999,0.725,agentic_candidate,4_c2,Mike Jones Highlights Seahawks' Impressive Victory Over 49ers,5.144332029350335,0.6818099234696637,0.00014257236,4.842174,4.857371,4.6551003,4.1187735,4.89145,4.7449236,0.53802186,0.5,5.0,True,5.0,1.0,1.0,5.0,5.0,agentic_candidate,4_c2,Mike Jones Highlights Seahawks' Impressive Victory Over 49ers,5.144332029350335,,True
editorial,"Editorial selector: preserve balanced editorial scoring, then boost candidates preferred by editorial reviewers and busy readers.",5,sports,original,original,human_editor,Depth charts: Projected starters for Iowa State vs. No. 23 Texas,5.841665398645,5.116665398645,0.725,zero_shot,zero_shot,Cyclones and Longhorns Announce Starters for 2019 Big 12 Matchup,5.51708000233,0.3245853963149994,0.00014219871,4.8615875,4.869842,4.756526,4.1565304,4.900281,4.8028927,0.39811862,0.1428571428571428,5.0,True,5.0,1.0,1.0,5.0,5.0,agentic_candidate,5_c1,Cyclones and Longhorns Announce Starters for 2019 Big 12 Matchup,5.19208006263434,,True
editorial,"Editorial selector: preserve balanced editorial scoring, then boost candidates preferred by editorial reviewers and busy readers.",6,health,zero_shot,zero_shot,api_zero_shot_generator,Local airman returns home to Miami Valley to warm welcome from family and friends,5.964849360750001,5.239849360750001,0.725,generic_sft,generic_sft,"Airman returns home to Miami Valley, greeted by family and friends",5.648923788155,0.31592557259500076,0.0002580485,4.86919,4.876531,4.752138,4.228689,4.9000688,4.8059835,1.1079931,0.7,5.0,True,4.75,0.75,1.0,5.0,5.0,zero_shot,zero_shot,Local airman returns home to Miami Valley to warm welcome from family and friends,5.239849360750001,5.0,False
editorial,"Editorial selector: preserve balanced editorial scoring, then boost candidates preferred by editorial reviewers and busy readers.",7,news,zero_shot,zero_shot,api_zero_shot_generator,Students at Hartford's Weaver campus aim to unite two school communities,5.877186479100001,5.202186479100001,0.675,agentic_selected,agentic_selected,Weaver Campus Students Address Divisions of Public and Magnet Arts Schools,5.498222564335,0.37896391476500035,0.0012563798,4.8656015,4.8846827,4.7064734,4.2446003,4.9081917,4.796686,0.88689506,0.7777777777777778,5.0,True,4.75,0.5,1.0,5.0,5.0,round1_final,round1_final,Students at Hartford's Weaver campus aim to unite two school communities,5.2021864851,,True
editorial,"Editorial selector: preserve balanced editorial scoring, then boost candidates preferred by editorial reviewers and busy readers.",8,sports,zero_shot,zero_shot,api_zero_shot_generator,Domingue Seeks Regular Playing Opportunity Ahead of Free Agency,5.550294370908001,4.975294370908001,0.575,agentic_selected,agentic_selected,Domingue Seeking Regular Playing Opportunity Ahead of Free Agency,5.14689532206,0.4033990488480015,0.000104090184,4.685709,4.804673,4.266836,3.9646938,4.8533516,4.484534,0.79117244,0.375,5.0,True,4.5,0.75,1.0,5.0,4.0,zero_shot,zero_shot,Domingue Seeks Regular Playing Opportunity Ahead of Free Agency,4.975294370908001,5.0,False
editorial,"Editorial selector: preserve balanced editorial scoring, then boost candidates preferred by editorial reviewers and busy readers.",9,news,zero_shot,zero_shot,api_zero_shot_generator,"Driver Fatally Shot in St. Paul, Police Investigate Incident",5.88559701515,5.1605970151500005,0.725,agentic_candidate,9_c1,Driver Fatally Shot in St. Paul on Sunday Night,5.803628778891289,0.08196823625871108,8.47197e-05,4.8682165,4.8818855,4.7116127,4.1531453,4.9036126,4.786676,0.7247644,0.7142857142857143,4.0,True,5.0,1.0,1.0,5.0,5.0,zero_shot,zero_shot,"Driver Fatally Shot in St. Paul, Police Investigate Incident",5.1605970151500005,4.0,False
editorial,"Editorial selector: preserve balanced editorial scoring, then boost candidates preferred by editorial reviewers and busy readers.",10,sports,original,original,human_editor,High school football: First-round playoff pairings,5.6897955665649995,4.964795566565,0.725,zero_shot,zero_shot,Oklahoma Playoffs Begin Next Week with First-Round Pairings Announced,5.54563844508,0.1441571214849997,0.00011913487,4.689581,4.788183,4.321847,3.8507566,4.8412733,4.451434,0.82741046,0.5714285714285714,4.0,True,4.75,0.75,1.0,5.0,5.0,zero_shot,zero_shot,Oklahoma Playoffs Begin Next Week with First-Round Pairings Announced,5.22063844508,5.0,True
editorial,"Editorial selector: preserve balanced editorial scoring, then boost candidates preferred by editorial reviewers and busy readers.",11,lifestyle,zero_shot,zero_shot,api_zero_shot_generator,"Decade Features Multiple Princesses, New Queen, King, and Future King of Pop",5.914008451,5.189008451,0.725,round2_final,round2_final,"Decade Includes Several Princesses, New Queen, and Future King of Pop",5.43972029305,0.47428815795000023,0.002337608,4.8420553,4.877178,4.6663065,4.1543655,4.9031057,4.738538,1.0308505,0.8888888888888888,5.0,True,5.0,1.0,1.0,5.0,5.0,zero_shot,zero_shot,"Decade Features Multiple Princesses, New Queen, King, and Future King of Pop",5.189008451,5.0,False
editorial,"Editorial selector: preserve balanced editorial scoring, then boost candidates preferred by editorial reviewers and busy readers.",12,sports,zero_shot,zero_shot,api_zero_shot_generator,Celtics' Javonte Green steps up during close game after Hayward's injury,5.229189911302499,4.679189911302499,0.5499999999999999,agentic_candidate,12_c3,Javonte Green Contributes as Celtics Thrive Without Gordon Hayward,4.9031104532426975,0.32607945805980165,0.000115679395,4.5111322,4.695771,3.9509983,3.5719318,4.782935,4.187411,0.26856154,0.5,5.0,True,4.5,1.0,1.0,4.0,5.0,agentic_candidate,12_c3,Javonte Green Contributes as Celtics Thrive Without Gordon Hayward,4.9031104532426975,,True
editorial,"Editorial selector: preserve balanced editorial scoring, then boost candidates preferred by editorial reviewers and busy readers.",13,travel,zero_shot,zero_shot,api_zero_shot_generator,"Game wardens investigate fatal ATV crash in Montville, killing 30-year-old Rachel Curtis",5.9520182471349985,5.227018247134999,0.725,round1_final,round1_final,"Game wardens investigate fatal ATV crash in Montville, killing 30-year-old Rachel Curtis",5.227018247134999,0.7249999999999996,0.00010517573,4.8718805,4.8740177,4.7483654,4.2091203,4.9044576,4.8170466,1.0475426,0.8333333333333334,5.0,True,5.0,1.0,1.0,5.0,5.0,zero_shot,zero_shot,"Game wardens investigate fatal ATV crash in Montville, killing 30-year-old Rachel Curtis",5.227018247134999,5.0,False
editorial,"Editorial selector: preserve balanced editorial scoring, then boost candidates preferred by editorial reviewers and busy readers.",14,finance,zero_shot,zero_shot,api_zero_shot_generator,Critics urge Procter & Gamble to address deforestation and use recycled materials,5.942560263099999,5.217560263099999,0.725,generic_sft,generic_sft,Critics say Procter & Gamble contributes to deforestation and should use recycled materials for paper products,5.8451623496183345,0.09739791348166449,0.0003393238,4.8579364,4.879862,4.725152,4.187755,4.899428,4.7936535,1.0651855,0.7777777777777778,5.0,True,4.75,0.5,1.0,5.0,5.0,zero_shot,zero_shot,Critics urge Procter & Gamble to address deforestation and use recycled materials,5.217560263099999,5.0,False
editorial,"Editorial selector: preserve balanced editorial scoring, then boost candidates preferred by editorial reviewers and busy readers.",15,news,zero_shot,zero_shot,api_zero_shot_generator,Plant Officials Inform Workers of Tentative Contract Agreement Less Than 12 Hours Later,5.704445628389999,5.204445628389999,0.5,agentic_selected,agentic_selected,Plant Officials Inform Workers of Contract Agreement within 12 Hours,5.3004091374649995,0.4040364909249998,8.371322e-05,4.8667674,4.875832,4.738467,4.1820374,4.9032965,4.802994,0.9535592,0.8181818181818182,4.0,True,3.75,0.75,1.0,4.0,5.0,zero_shot,zero_shot,Plant Officials Inform Workers of Tentative Contract Agreement Less Than 12 Hours Later,5.204445628389999,4.0,False
editorial,"Editorial selector: preserve balanced editorial scoring, then boost candidates preferred by editorial reviewers and busy readers.",16,travel,zero_shot,zero_shot,api_zero_shot_generator,Tampa Theatre Hosts Halloween Film Festival with Live Shows and Talks,5.922720955829999,5.1977209558299995,0.725,agentic_selected,agentic_selected,Halloween Film Festival at Tampa Theatre Includes Live Podcast and Rocky Horror Talk,5.871575013749999,0.051145942079999784,0.00013053334,4.8726864,4.878105,4.7250147,4.1733713,4.9064894,4.804549,0.92228675,0.6666666666666666,4.0,True,5.0,1.0,1.0,5.0,5.0,agentic_selected,agentic_selected,Halloween Film Festival at Tampa Theatre Includes Live Podcast and Rocky Horror Talk,5.221575013749999,5.0,True
editorial,"Editorial selector: preserve balanced editorial scoring, then boost candidates preferred by editorial reviewers and busy readers.",17,news,zero_shot,zero_shot,api_zero_shot_generator,"Texas Officials, Including Gov. Abbott, Criticize Austin's Homelessness Policies",5.53095304542,5.20595304542,0.325,agentic_selected,agentic_selected,Gov. Greg Abbott and State Officials Address Growing Homeless Encampments in Austin,5.3079338003349985,0.22301924508500193,0.00015072916,4.863575,4.881174,4.7241697,4.1800904,4.90353,4.7982917,0.9834556,0.7777777777777778,5.0,True,4.25,0.0,0.0,4.0,4.0,agentic_candidate,17_c2,Gov. Greg Abbott and State Officials Address Growing Homeless Encampments in Austin,5.2079338352887135,,True
editorial,"Editorial selector: preserve balanced editorial scoring, then boost candidates preferred by editorial reviewers and busy readers.",18,news,zero_shot,zero_shot,api_zero_shot_generator,Trump Undergoes Medical Tests at Walter Reed as Part of Annual Physical,5.764406232665,5.139406232665,0.6249999999999999,agentic_selected,agentic_selected,Trump Undergoes Medical Tests at Walter Reed for Annual Physical,5.555275099654999,0.2091311330100014,0.00020652267,4.873452,4.883783,4.729767,4.1638136,4.909898,4.7917175,0.52792716,0.8888888888888888,5.0,True,4.75,0.75,1.0,5.0,4.0,zero_shot,zero_shot,Trump Undergoes Medical Tests at Walter Reed as Part of Annual Physical,5.139406232665,5.0,False
editorial,"Editorial selector: preserve balanced editorial scoring, then boost candidates preferred by editorial reviewers and busy readers.",19,health,zero_shot,zero_shot,api_zero_shot_generator,Study finds pre-breakfast exercise increases fat loss without affecting weight loss,5.677085918564999,5.052085918564999,0.6249999999999999,generic_sft,generic_sft,"Exercise before breakfast leads to more fat loss, but not weight loss",5.581669393394999,0.0954165251700001,0.00017534287,4.7775145,4.8160925,4.4637985,4.0121813,4.851274,4.6390686,0.8112627,0.4545454545454545,5.0,True,5.0,1.0,1.0,5.0,4.0,agentic_selected,agentic_selected,Study Finds Morning Exercise More Effective for Fat Loss,5.133517755035,3.0,True
editorial,"Editorial selector: preserve balanced editorial scoring, then boost candidates preferred by editorial reviewers and busy readers.",20,sports,agentic_selected,agentic_selected,agentic_selector_v3,Cincinnati Bengals' Giovani Bernard Returns After Knee Injury Against Ravens,5.808817582705,5.158817582705,0.65,original,original,"Giovani Bernard suffers knee injury vs. Ravens, eventually returns",5.80439146326,0.004426119445000154,9.898959e-05,4.8719716,4.870617,4.756279,4.134099,4.897561,4.811598,0.69360685,0.7,5.0,True,4.75,0.25,0.0,5.0,5.0,zero_shot,zero_shot,Bengals' Giovani Bernard suffers knee injury during Week 10 game against Ravens,5.15907249724,5.0,True
editorial,"Editorial selector: preserve balanced editorial scoring, then boost candidates preferred by editorial reviewers and busy readers.",21,lifestyle,zero_shot,zero_shot,api_zero_shot_generator,Worcester's School Committee election shows limited progress on racial representation,5.8608827674925,5.1358827674925,0.725,agentic_selected,agentic_selected,Worcester Voters Elect One Person of Color to School Committee,5.246247931244999,0.6146348362475011,8.7827015e-05,4.8474674,4.886293,4.6169806,4.1111956,4.9086347,4.7437043,0.76580524,0.3333333333333333,4.0,True,5.0,1.0,1.0,5.0,5.0,agentic_selected,agentic_selected,Worcester Voters Elect One Person of Color to School Committee,5.146247931244999,5.0,True
editorial,"Editorial selector: preserve balanced editorial scoring, then boost candidates preferred by editorial reviewers and busy readers.",22,news,original,original,human_editor,"South Jersey, Group 3 final preview: Ocean City at Clearview",5.716524454449999,4.9915244544499995,0.725,agentic_selected,agentic_selected,Ocean City and Clearview Meet Again in South Jersey Group 3 Final,5.686723857245001,0.02980059720499817,8.39721e-05,4.7464275,4.820442,4.436021,3.9260626,4.867396,4.5517797,0.58896697,0.875,5.0,True,4.75,0.75,1.0,5.0,5.0,agentic_selected,agentic_selected,Ocean City and Clearview Meet Again in South Jersey Group 3 Final,5.086723857245,5.0,True
editorial,"Editorial selector: preserve balanced editorial scoring, then boost candidates preferred by editorial reviewers and busy readers.",23,finance,zero_shot,zero_shot,api_zero_shot_generator,Buy Microsoft at semiannual value level or above weekly moving average,5.910505511481999,5.185505511481999,0.725,round1_final,round1_final,Buy Microsoft at semiannual value level or above weekly moving average,5.185505511481999,0.7249999999999996,0.000102207036,4.8672523,4.885198,4.698696,4.1858406,4.913401,4.7785983,0.8519098,1.0,5.0,True,5.0,1.0,1.0,5.0,5.0,zero_shot,zero_shot,Buy Microsoft at semiannual value level or above weekly moving average,5.185505511481999,5.0,False
editorial,"Editorial selector: preserve balanced editorial scoring, then boost candidates preferred by editorial reviewers and busy readers.",24,news,original,original,human_editor,Tractor-trailer wedges itself under Waterbury bridge Monday morning,5.907633546274999,5.1826335462749995,0.725,zero_shot,zero_shot,"Tractor-trailer gets stuck under railroad bridge in Waterbury, causing delays",5.46304296035,0.444590585924999,0.00014434945,4.8724136,4.8837204,4.7109866,4.13931,4.9091887,4.7820897,0.87613744,0.8888888888888888,5.0,True,4.75,0.75,1.0,5.0,5.0,original,original,Tractor-trailer wedges itself under Waterbury bridge Monday morning,5.1826335462749995,5.0,False
editorial,"Editorial selector: preserve balanced editorial scoring, then boost candidates preferred by editorial reviewers and busy readers.",25,lifestyle,zero_shot,zero_shot,api_zero_shot_generator,Adam's Corner and Fisher House Offer Support for Military Families,5.952770381754999,5.227770381755,0.725,agentic_selected,agentic_selected,Adam's Corner and Fisher House Support Military Families with Housing and Child Care,5.8864698977500005,0.06630048400499877,0.00015656649,4.860915,4.876834,4.7388115,4.220605,4.900556,4.8045473,1.0685761,0.75,5.0,True,4.75,0.75,1.0,5.0,5.0,agentic_selected,agentic_selected,Adam's Corner and Fisher House Support Military Families with Housing and Child Care,5.23646989775,5.0,True
editorial,"Editorial selector: preserve balanced editorial scoring, then boost candidates preferred by editorial reviewers and busy readers.",26,news,agentic_selected,agentic_selected,agentic_selector_v3,Sacramento Man Welcomes Healdsburg Couple and Their 18 Dogs,5.620575461449999,5.195575461449999,0.425,zero_shot,zero_shot,"Sacramento man houses Healdsburg couple and their 18 dogs, including puppies",5.60052196942,0.020053492029998843,0.0008985651,4.866089,4.8775806,4.733493,4.1717005,4.902401,4.7908545,0.91725016,0.8571428571428571,4.0,True,3.75,0.0,0.0,4.0,5.0,agentic_selected,agentic_selected,Sacramento Man Welcomes Healdsburg Couple and Their 18 Dogs,5.195575461449999,4.0,False
editorial,"Editorial selector: preserve balanced editorial scoring, then boost candidates preferred by editorial reviewers and busy readers.",27,sports,original,original,human_editor,At-track photos: 2019 Kansas playoff weekend,5.871308926349999,5.14630892635,0.725,agentic_selected,agentic_selected,Kansas Speedway Hosts NASCAR Cup and Xfinity Series Playoff Events,5.504816802989999,0.3664921233600005,0.0001453723,4.867891,4.8736835,4.741886,4.102025,4.9073687,4.7948303,0.66523105,0.6666666666666666,3.0,True,5.0,1.0,1.0,5.0,5.0,agentic_selected,agentic_selected,Kansas Speedway Hosts NASCAR Cup and Xfinity Series Playoff Events,5.179816802989999,4.0,True
editorial,"Editorial selector: preserve balanced editorial scoring, then boost candidates preferred by editorial reviewers and busy readers.",28,sports,zero_shot,zero_shot,api_zero_shot_generator,Frank Vogel aims to maximize opportunity with the Lakers,5.530034573568001,4.955034573568001,0.575,round1_final,round1_final,Frank Vogel aims to maximize opportunity with the Lakers,4.955034573568001,0.5750000000000002,9.8102864e-05,4.7266884,4.7963667,4.4022474,4.0383606,4.8327017,4.5715523,0.3407422,0.5,4.0,True,4.25,0.5,1.0,5.0,4.0,zero_shot,zero_shot,Frank Vogel aims to maximize opportunity with the Lakers,4.955034573568001,4.0,False
editorial,"Editorial selector: preserve balanced editorial scoring, then boost candidates preferred by editorial reviewers and busy readers.",29,finance,zero_shot,zero_shot,api_zero_shot_generator,Rhode Island's October unemployment rate remains steady at 3.6 percent,5.7463309284949995,5.196330928495,0.5499999999999999,agentic_selected,agentic_selected,October Unemployment in Rhode Island Remains Stable at 3.6 Percent,5.51644430567,0.22988662282499917,0.00011166501,4.8671584,4.883402,4.695332,4.216015,4.908441,4.790327,0.89587474,0.625,5.0,True,4.5,0.5,1.0,4.0,5.0,zero_shot,zero_shot,Rhode Island's October unemployment rate remains steady at 3.6 percent,5.196330928495,5.0,False
editorial,"Editorial selector: preserve balanced editorial scoring, then boost candidates preferred by editorial reviewers and busy readers.",30,finance,original,original,human_editor,What apartments will $900 rent you in Pleasant Valley right now?,5.82414588165,5.09914588165,0.725,zero_shot,zero_shot,Apartment Rentals in Pleasant Valley Available for $900/Month,5.502791073079999,0.32135480857000065,0.0002843067,4.8501854,4.875641,4.69662,4.19974,4.9019804,4.753765,0.3136295,0.5,5.0,True,5.0,1.0,1.0,5.0,5.0,zero_shot,zero_shot,Apartment Rentals in Pleasant Valley Available for $900/Month,5.177791073079999,5.0,True
editorial,"Editorial selector: preserve balanced editorial scoring, then boost candidates preferred by editorial reviewers and busy readers.",31,autos,zero_shot,zero_shot,api_zero_shot_generator,"Duane Roots' 1,500hp Charger Hellcat Features E90 Fuel and Nitrous Boost",5.968106998762499,5.243106998762499,0.725,agentic_candidate,31_c3,"Duane Roots' Charger Hellcat Runs on E90, Nitrous, and 18 psi Boost",5.663649512732809,0.30445748602969047,0.000120912475,4.8692675,4.879922,4.735708,4.221343,4.900066,4.799885,1.1563072,0.8,5.0,True,4.75,0.75,1.0,5.0,5.0,zero_shot,zero_shot,"Duane Roots' 1,500hp Charger Hellcat Features E90 Fuel and Nitrous Boost",5.243106998762499,5.0,False
editorial,"Editorial selector: preserve balanced editorial scoring, then boost candidates preferred by editorial reviewers and busy readers.",32,autos,zero_shot,zero_shot,api_zero_shot_generator,Interstate 70 reopens near Hoke Road after rollover crash cleared,5.910154501255,5.185154501255,0.725,agentic_selected,agentic_selected,Interstate 70 Reopens Near Hoke Road After Rollover Crash,5.73935315467,0.1708013465849998,9.699749e-05,4.8693485,4.870487,4.755722,4.1884713,4.898173,4.812114,0.8013591,0.7777777777777778,5.0,True,5.0,0.75,1.0,5.0,5.0,generic_sft,generic_sft,Interstate 70 reopens near Hoke Road after rollover crash leaves all westbound lanes closed,5.19435720633,5.0,True
editorial,"Editorial selector: preserve balanced editorial scoring, then boost candidates preferred by editorial reviewers and busy readers.",33,autos,zero_shot,zero_shot,api_zero_shot_generator,State Highway Patrol Attempts to Stop Vehicle for Traffic Violation in Wapakoneta,5.29135153026,5.19135153026,0.1,agentic_candidate,33_c1,State Highway Patrol Attempts to Stop Vehicle on Park Road,5.194248166395846,0.09710336386415364,6.896948e-05,4.8689156,4.880374,4.725061,4.111355,4.906823,4.7886887,0.9651711,0.6666666666666666,5.0,True,3.25,0.0,0.0,3.0,4.0,agentic_candidate,33_c1,State Highway Patrol Attempts to Stop Vehicle on Park Road,5.194248166395846,,True
editorial,"Editorial selector: preserve balanced editorial scoring, then boost candidates preferred by editorial reviewers and busy readers.",34,sports,agentic_selected,agentic_selected,agentic_selector_v3,Week 11 College Football Highlights Key Prospects for Dolphins' Draft Strategy,5.51190933237,5.18690933237,0.325,zero_shot,zero_shot,"Dolphins Prepare for NFL Draft, Showcase Top College Prospects in Week 11",5.508208775560001,0.003700556809999256,0.00030527526,4.870524,4.8753424,4.7403135,4.2088346,4.9021077,4.813654,0.7947781,0.5555555555555556,4.0,True,4.0,0.0,0.0,4.0,4.0,agentic_selected,agentic_selected,Week 11 College Football Highlights Key Prospects for Dolphins' Draft Strategy,5.18690933237,4.0,False
editorial,"Editorial selector: preserve balanced editorial scoring, then boost candidates preferred by editorial reviewers and busy readers.",35,sports,zero_shot,zero_shot,api_zero_shot_generator,Yankees' James Paxton acknowledges tipping pitches after Astros matchup in April,5.921848517984999,5.196848517984999,0.725,round1_final,round1_final,Yankees' James Paxton acknowledges tipping pitches after Astros matchup in April,5.196848517984999,0.7249999999999996,7.452403e-05,4.873251,4.874934,4.73592,4.145009,4.9033737,4.8052397,0.9459625,0.6,5.0,True,5.0,1.0,1.0,5.0,5.0,zero_shot,zero_shot,Yankees' James Paxton acknowledges tipping pitches after Astros matchup in April,5.196848517984999,5.0,False
editorial,"Editorial selector: preserve balanced editorial scoring, then boost candidates preferred by editorial reviewers and busy readers.",36,health,zero_shot,zero_shot,api_zero_shot_generator,Scientists to Intentionally Infect Healthy Individuals for Virus Research,5.56630865835,5.166308658349999,0.4,agentic_selected,agentic_selected,Scientists Intentionally Infect Healthy Individuals to Study Virus Progression,5.5354490038,0.030859654549999505,0.0001258933,4.841586,4.880216,4.5911946,4.1265326,4.9057817,4.7299995,1.0034614,0.5714285714285714,5.0,True,4.0,0.75,1.0,4.0,4.0,agentic_candidate,36_c1,Scientists Intentionally Infect Healthy Individuals to Study Virus Progression,5.210449083620915,,True
editorial,"Editorial selector: preserve balanced editorial scoring, then boost candidates preferred by editorial reviewers and busy readers.",37,lifestyle,specificity_sft,specificity_sft,specificity_sft_generator,"Wedding gowns made from quilted Northern toilet paper, tape, glue, and a needle and thread",5.400397853333334,5.0753978533333335,0.325,zero_shot,zero_shot,Wedding Gowns Created from Quilted Northern Toilet Paper and Craft Supplies,5.2952184,0.10517945333333323,0.19242851,4.8530674,4.8752346,4.7028103,4.2189713,4.896714,4.777454,0.9573439,1.0,5.0,True,4.0,0.0,0.0,4.0,4.0,specificity_sft,specificity_sft,"Wedding gowns made from quilted Northern toilet paper, tape, glue, and a needle and thread",5.0753978533333335,5.0,False
editorial,"Editorial selector: preserve balanced editorial scoring, then boost candidates preferred by editorial reviewers and busy readers.",38,sports,zero_shot,zero_shot,api_zero_shot_generator,Voting Open for Grand Rapids Area's Top Player from Postseason Openers,5.600446903719999,4.8754469037199994,0.725,original,original,Vote for Grand Rapids Player of the Week 10,5.154036774,0.4464101297199994,8.158256e-05,4.6672597,4.803702,4.1319947,3.7943518,4.8557367,4.346362,0.5620171,0.7777777777777778,5.0,True,5.0,1.0,1.0,5.0,5.0,agentic_selected,agentic_selected,Vote for Grand Rapids' Top Player from Last Week's Playoff Openers,4.986536696149999,4.0,True
editorial,"Editorial selector: preserve balanced editorial scoring, then boost candidates preferred by editorial reviewers and busy readers.",39,sports,original,original,human_editor,Hawaii angler lands rare giant ulua,5.733869751884999,5.008869751884999,0.725,zero_shot,zero_shot,"Hawaii Man Catches Over 100-Pound Ulua, Fulfilling Fisherman's Dream",5.722976986999999,0.010892764884999906,0.00011230423,4.774253,4.832794,4.479459,4.083324,4.859459,4.6276655,0.38218936,0.3333333333333333,4.0,True,4.75,0.75,1.0,5.0,5.0,zero_shot,zero_shot,"Hawaii Man Catches Over 100-Pound Ulua, Fulfilling Fisherman's Dream",5.222976986999999,5.0,True
editorial,"Editorial selector: preserve balanced editorial scoring, then boost candidates preferred by editorial reviewers and busy readers.",40,autos,zero_shot,zero_shot,api_zero_shot_generator,"Head-on collision on U.S. 127 leaves one dead, two injured",5.58007398746,5.03007398746,0.5499999999999999,original,original,"1 dead, 2 injured in U.S. 127 head-on collision near Camden, state patrol says",5.500243739335,0.07983024812499995,8.697308e-05,4.841213,4.8792343,4.5813694,4.0077066,4.9062624,4.697812,0.26808536,0.75,5.0,True,4.75,0.5,1.0,4.0,5.0,agentic_selected,agentic_selected,State Patrol Investigates Fatal Collision on U.S. 127 Near Camden,5.081635899915,4.0,True
editorial,"Editorial selector: preserve balanced editorial scoring, then boost candidates preferred by editorial reviewers and busy readers.",41,finance,original,original,human_editor,"Online petition to keep divisive Braves tomahawk chop nears 60,000",5.6707679852899995,4.99576798529,0.675,agentic_selected,agentic_selected,Kevin Mooneyhan Reflects on Loss in Game 5 and Tomahawk Chop,5.328876124885,0.3418918604049992,9.038092e-05,4.80822,4.871195,4.5366626,4.107171,4.899358,4.686382,0.038991705,0.2222222222222222,4.0,True,4.5,1.0,1.0,5.0,5.0,agentic_selected,agentic_selected,Kevin Mooneyhan Reflects on Loss in Game 5 and Tomahawk Chop,5.128876124885,5.0,True
editorial,"Editorial selector: preserve balanced editorial scoring, then boost candidates preferred by editorial reviewers and busy readers.",42,weather,original,original,human_editor,"Fort Collins, CSU hosting event to celebrate 20 years of climate action",5.750873894055,5.0258738940550005,0.725,zero_shot,zero_shot,Fort Collins marks 20 years of climate action with free event,5.67694981253,0.07392408152499996,9.096689e-05,4.765394,4.8334045,4.451536,4.0018845,4.8769703,4.5796113,0.63773555,0.5555555555555556,4.0,True,5.0,1.0,1.0,5.0,5.0,agentic_candidate,42_c1,Fort Collins Marks 20th Anniversary of Climate Action with Free Lincoln Center Event,5.224005378242873,,True
editorial,"Editorial selector: preserve balanced editorial scoring, then boost candidates preferred by editorial reviewers and busy readers.",43,news,zero_shot,zero_shot,api_zero_shot_generator,Trump Compares Jussie Smollett Hate Crime Allegation to Impeachment Process,5.634941523,5.134941523,0.49999999999999994,generic_sft,generic_sft,Trump equates hate crime allegation to current impeachment process,5.560885094504999,0.07405642849500094,0.002652174,4.8514423,4.87381,4.6614323,4.0659275,4.899412,4.7372503,0.7884085,0.8888888888888888,5.0,True,4.5,0.25,0.0,5.0,4.0,specificity_sft,specificity_sft,Trump equates case of hate crime allegation made by actor Jussie Smollett to current impeachment process,5.145896360716668,4.0,True
editorial,"Editorial selector: preserve balanced editorial scoring, then boost candidates preferred by editorial reviewers and busy readers.",44,finance,agentic_selected,agentic_selected,agentic_selector_v3,Current Low-End Rental Prices in Zilker for Apartment Hunters,5.35204053002,5.02704053002,0.325,zero_shot,zero_shot,Low-End Rental Prices in Zilker Trending for Apartment Hunters,5.3289851834499995,0.023055346570000523,8.164996e-05,4.7985144,4.862555,4.4716196,4.052878,4.9006634,4.643513,0.4329515,0.625,4.0,True,4.0,0.0,0.0,4.0,4.0,agentic_selected,agentic_selected,Current Low-End Rental Prices in Zilker for Apartment Hunters,5.02704053002,4.0,False
editorial,"Editorial selector: preserve balanced editorial scoring, then boost candidates preferred by editorial reviewers and busy readers.",45,health,generic_sft,generic_sft,generic_sft_generator,"CBD can be found in food, drinks, and even skincare products",5.550461029125,5.175461029125,0.375,agentic_selected,agentic_selected,"CBD Gains Popularity in Food, Drinks, and Skincare Products",5.488692208019999,0.061768821105000704,0.00053148175,4.837046,4.8740225,4.602432,4.1628723,4.8941855,4.7423697,1.0298139,1.0,5.0,True,3.5,0.0,0.0,4.0,5.0,specificity_sft,specificity_sft,CBD marketed as a natural solution to aches and pains,5.17843524361,4.0,True
editorial,"Editorial selector: preserve balanced editorial scoring, then boost candidates preferred by editorial reviewers and busy readers.",46,foodanddrink,zero_shot,zero_shot,api_zero_shot_generator,Eat the Frog Fitness and MOOYAH Burgers to Open at Hill Center Brentwood,5.716362757334999,5.216362757334999,0.5,agentic_selected,agentic_selected,Eat the Frog Fitness and MOOYAH to Open in Hill Center Brentwood,5.621758615714999,0.09460414162000053,0.00037937533,4.869565,4.8769255,4.7471604,4.2171974,4.90184,4.7993045,0.9708569,0.8888888888888888,5.0,True,4.0,1.0,1.0,4.0,5.0,zero_shot,zero_shot,Eat the Frog Fitness and MOOYAH Burgers to Open at Hill Center Brentwood,5.216362757334999,5.0,False
editorial,"Editorial selector: preserve balanced editorial scoring, then boost candidates preferred by editorial reviewers and busy readers.",47,news,zero_shot,zero_shot,api_zero_shot_generator,Unrepaired sinkhole in Lebanon causes stress for resident Debbie Carpenter,5.93595276798,5.21095276798,0.725,agentic_selected,agentic_selected,Unrepaired Sinkhole on Elm Street Causes Stress for Local Resident,5.50740410631,0.42854866166999983,8.932404e-05,4.871096,4.8859186,4.7231927,4.1752353,4.908931,4.790562,1.0000964,0.625,5.0,True,5.0,1.0,1.0,5.0,5.0,zero_shot,zero_shot,Unrepaired sinkhole in Lebanon causes stress for resident Debbie Carpenter,5.21095276798,5.0,False
editorial,"Editorial selector: preserve balanced editorial scoring, then boost candidates preferred by editorial reviewers and busy readers.",48,travel,zero_shot,zero_shot,api_zero_shot_generator,Hunting bobwhite quail remains a cherished tradition in Texas,5.2574913510000005,4.7574913510000005,0.5,agentic_selected,agentic_selected,Texas Parks and Wildlife Highlights Bobwhite Quail Hunting Experience,5.196491971952498,0.06099937904750252,0.49349636,4.776138,4.844921,4.4186406,4.0320415,4.8849716,4.6169615,0.45559114,0.7142857142857143,5.0,True,4.0,1.0,1.0,4.0,5.0,agentic_selected,agentic_selected,Texas Parks and Wildlife Highlights Bobwhite Quail Hunting Experience,5.096491971952498,4.0,True
editorial,"Editorial selector: preserve balanced editorial scoring, then boost candidates preferred by editorial reviewers and busy readers.",49,health,zero_shot,zero_shot,api_zero_shot_generator,Maximizing Gym Workouts in 20 to 30 Minutes for Targeted Muscle Training,5.700813130439999,5.075813130439999,0.6249999999999999,agentic_selected,agentic_selected,Maximizing Gym Time: Effective Workouts in 20 to 30 Minutes,5.15635693223,0.5444561982099998,0.00047140912,4.8204083,4.8729286,4.5805435,4.189252,4.8954954,4.7268085,0.3871842,0.2857142857142857,4.0,True,4.75,1.0,1.0,5.0,4.0,zero_shot,zero_shot,Maximizing Gym Workouts in 20 to 30 Minutes for Targeted Muscle Training,5.075813130439999,4.0,False
editorial,"Editorial selector: preserve balanced editorial scoring, then boost candidates preferred by editorial reviewers and busy readers.",50,foodanddrink,zero_shot,zero_shot,api_zero_shot_generator,Vice Officers Raid Building Linked to Design District Massage Parlor,5.8924723951399995,5.21747239514,0.675,agentic_candidate,50_c2,Design District Massage Parlor Raided by Vice Officers,5.48452510337811,0.4079472917618894,8.189972e-05,4.8693085,4.870652,4.74751,4.168494,4.89659,4.80634,1.0557768,0.7777777777777778,5.0,True,4.25,1.0,1.0,5.0,5.0,agentic_candidate,50_c1,Vice Officers Raid Building Linked to Design District Massage Parlor,5.217472504099715,,True
editorial,"Editorial selector: preserve balanced editorial scoring, then boost candidates preferred by editorial reviewers and busy readers.",51,news,original,original,human_editor,Trudeau's Liberals take early lead after first Canadian polls close,5.612096485665,5.112096485665,0.5,generic_sft,generic_sft,Liberals take early lead after polls close in four provinces,5.577367608109999,0.03472887755500054,8.835067e-05,4.839115,4.86683,4.6184187,4.0837,4.8966727,4.717333,0.69380844,0.5,4.0,True,4.0,0.5,1.0,4.0,5.0,original,original,Trudeau's Liberals take early lead after first Canadian polls close,5.112096485665,4.0,False
editorial,"Editorial selector: preserve balanced editorial scoring, then boost candidates preferred by editorial reviewers and busy readers.",52,finance,specificity_sft,specificity_sft,specificity_sft_generator,Councilmember: 'We can't allow massive rent increases and unjust evictions to happen anymore',5.67138080052,5.12138080052,0.5499999999999999,agentic_selected,agentic_selected,Councilmember Opposes Massive Rent Increases and Unjust Evictions,5.512001804327499,0.1593789961925003,0.00040453396,4.798704,4.8721566,4.5452347,4.136256,4.8894053,4.6700115,0.85177875,0.8181818181818182,4.0,True,4.75,0.0,0.0,5.0,4.0,agentic_selected,agentic_selected,Councilmember Opposes Massive Rent Increases and Unjust Evictions,5.187001804327499,5.0,True
editorial,"Editorial selector: preserve balanced editorial scoring, then boost candidates preferred by editorial reviewers and busy readers.",53,finance,original,original,human_editor,Fosun buys Thomas Cook brand for 11 million,5.56436441209,5.06436441209,0.5,agentic_selected,agentic_selected,Fosun Acquires Thomas Cook Brand for $14.2 Million,5.5496295643449995,0.014734847745000224,9.182782e-05,4.819683,4.857773,4.5811896,4.1027045,4.8849516,4.690258,0.45608944,0.8333333333333334,4.0,True,4.0,0.75,1.0,4.0,5.0,agentic_selected,agentic_selected,Fosun Acquires Thomas Cook Brand for $14.2 Million,5.124629564345,4.0,True
editorial,"Editorial selector: preserve balanced editorial scoring, then boost candidates preferred by editorial reviewers and busy readers.",54,news,zero_shot,zero_shot,api_zero_shot_generator,Dogs Available for Adoption at Centers in Seattle Area,5.889338275799999,5.1643382758,0.725,agentic_selected,agentic_selected,Seattle Adoption Centers Feature Listings of Dogs for New Homes,5.5316984890150005,0.35763978678499875,0.0001294084,4.8661137,4.880831,4.735577,4.1713324,4.907694,4.8001213,0.6944825,0.6666666666666666,5.0,True,4.25,0.75,1.0,5.0,5.0,agentic_selected,agentic_selected,Seattle Adoption Centers Feature Listings of Dogs for New Homes,5.206698489015,5.0,True
editorial,"Editorial selector: preserve balanced editorial scoring, then boost candidates preferred by editorial reviewers and busy readers.",55,health,zero_shot,zero_shot,api_zero_shot_generator,Becoming a dentist is a long and costly process in health care,5.613139942349999,4.938139942349999,0.675,agentic_selected,agentic_selected,Becoming a Dentist: A Long and Costly Journey in Health Care,4.9753566441,0.6377832982499996,0.0011291433,4.6953263,4.821965,4.1301565,3.9660337,4.856329,4.4960775,0.68528366,0.8571428571428571,5.0,True,4.25,0.75,1.0,5.0,5.0,zero_shot,zero_shot,Becoming a dentist is a long and costly process in health care,4.938139942349999,5.0,False
editorial,"Editorial selector: preserve balanced editorial scoring, then boost candidates preferred by editorial reviewers and busy readers.",56,news,zero_shot,zero_shot,api_zero_shot_generator,"Gilroy mother accused of drowning daughter says she ""just snapped"" in dispatcher call",5.497535200000001,5.1725352,0.325,generic_sft,generic_sft,"Gilroy mother accused of drowning 2-year-old daughter tells dispatcher she ""just snapped""",5.277639845,0.21989535500000024,0.012287869,4.86632,4.8825445,4.7010736,4.077816,4.9070215,4.7724047,0.95839393,0.7272727272727273,5.0,True,4.25,0.5,0.0,4.0,4.0,zero_shot,zero_shot,"Gilroy mother accused of drowning daughter says she ""just snapped"" in dispatcher call",5.1725352,5.0,False
editorial,"Editorial selector: preserve balanced editorial scoring, then boost candidates preferred by editorial reviewers and busy readers.",57,news,original,original,human_editor,Debbie Wasserman Schultz defends calling Ken Cuccinelli a white supremacist,5.883442400049999,5.158442400049999,0.725,zero_shot,zero_shot,Rep. Debbie Wasserman Schultz Defends Calling USCIS Director Cuccinelli a White Supremacist,5.597817347514998,0.2856250525350008,0.0026361109,4.867338,4.88085,4.7331944,4.13597,4.904441,4.7915273,0.71504617,0.7777777777777778,5.0,True,5.0,1.0,1.0,5.0,5.0,generic_sft,generic_sft,Rep. Debbie Wasserman Schultz stands by remarks from USCIS Director Ken Cuccinelli,5.178337401129999,4.0,True
editorial,"Editorial selector: preserve balanced editorial scoring, then boost candidates preferred by editorial reviewers and busy readers.",58,lifestyle,zero_shot,zero_shot,api_zero_shot_generator,Effective Cleaning Products That Save Time and Avoid Harsh Chemicals,5.83051735684,5.15551735684,0.675,round1_final,round1_final,Effective Cleaning Products That Save Time and Avoid Harsh Chemicals,5.15551735684,0.6749999999999998,0.00033350632,4.8421755,4.882513,4.5877056,4.1642113,4.9036837,4.7372227,0.884678,0.6666666666666666,5.0,True,4.25,0.5,1.0,5.0,5.0,zero_shot,zero_shot,Effective Cleaning Products That Save Time and Avoid Harsh Chemicals,5.15551735684,5.0,False
editorial,"Editorial selector: preserve balanced editorial scoring, then boost candidates preferred by editorial reviewers and busy readers.",59,health,original,original,human_editor,Patient dies in ER at WellSpan York Hospital what we know now,5.093849229069999,4.368849229069999,0.725,specificity_sft,specificity_sft,"Patient's name has not been released, but there's a breakdown of what we do know",4.851926723333334,0.24192250573666474,0.00019373636,4.1352086,4.4897366,3.3884594,3.5549226,4.5453844,3.7056592,0.111417115,0.375,3.0,True,4.5,0.75,1.0,5.0,5.0,specificity_sft,specificity_sft,"Patient's name has not been released, but there's a breakdown of what we do know",4.4269267233333345,4.0,True
editorial,"Editorial selector: preserve balanced editorial scoring, then boost candidates preferred by editorial reviewers and busy readers.",60,news,zero_shot,zero_shot,api_zero_shot_generator,Sky Valley Education Center teachers evacuate students after fluorescent lights catch fire,5.965147402054999,5.240147402054999,0.725,agentic_selected,agentic_selected,Sky Valley Education Center Teachers Evacuate Students After Fluorescent Lights Catch Fire,5.890147402055,0.07499999999999929,0.00021150589,4.8692775,4.8744884,4.7548566,4.213519,4.8997016,4.805964,1.1293716,0.75,5.0,True,5.0,1.0,1.0,5.0,5.0,agentic_candidate,60_c1,Sky Valley Education Center Teachers Evacuate Students After Fluorescent Lights Catch Fire,5.240147409439668,,True
editorial,"Editorial selector: preserve balanced editorial scoring, then boost candidates preferred by editorial reviewers and busy readers.",61,foodanddrink,original,original,human_editor,San Francisco chefs find nostalgia in Japanese milk bread,5.4229654776,4.6979654776,0.725,zero_shot,zero_shot,San Francisco Chefs Embrace Milk Bread Amid Sourdough Tradition,5.029592606299999,0.3933728713000013,0.0037775198,4.4460154,4.663471,3.9355755,3.6388848,4.7497473,4.136075,0.52201355,0.75,4.0,True,5.0,1.0,1.0,5.0,5.0,zero_shot,zero_shot,San Francisco Chefs Embrace Milk Bread Amid Sourdough Tradition,4.7045926062999985,5.0,True
editorial,"Editorial selector: preserve balanced editorial scoring, then boost candidates preferred by editorial reviewers and busy readers.",62,news,zero_shot,zero_shot,api_zero_shot_generator,Authorities discover additional preserved fetuses at Dr. Ulrich Klopfer's home,5.882895912605,5.207895912605,0.675,generic_sft,generic_sft,"Dr. Klopfer's family finds 2,246 preserved fetuses at Illinois home",5.292557998464999,0.5903379141400009,0.00010570479,4.8700995,4.883072,4.735978,4.1576424,4.905344,4.805813,0.9952254,0.625,5.0,True,4.75,1.0,1.0,5.0,5.0,agentic_candidate,62_c1,"Family Discovers 2,246 Preserved Fetuses at Dr. Ulrich Klopfer's Illinois Home",5.217616945848567,,True
editorial,"Editorial selector: preserve balanced editorial scoring, then boost candidates preferred by editorial reviewers and busy readers.",63,foodanddrink,original,original,human_editor,30 Vintage Christmas Desserts Inspired by Grandma,5.4506275749999995,4.725627575,0.725,zero_shot,zero_shot,30 Vintage Christmas Desserts Inspired by Grandma for Your Holiday Feast,5.390087104999999,0.06054047000000029,0.99997723,4.8638744,4.877678,4.734375,4.238392,4.9040976,4.7942643,1.026293,1.0,5.0,True,5.0,1.0,1.0,5.0,5.0,zero_shot,zero_shot,30 Vintage Christmas Desserts Inspired by Grandma for Your Holiday Feast,4.740087104999999,4.0,True
editorial,"Editorial selector: preserve balanced editorial scoring, then boost candidates preferred by editorial reviewers and busy readers.",64,lifestyle,agentic_selected,agentic_selected,agentic_selector_v3,Fire Causes Major Damage at St. Bernadette School in South Seattle,5.615991922495,5.190991922495,0.425,zero_shot,zero_shot,St. Bernadette Catholic School Cancels Classes After Overnight Fire Damage,5.54452709184,0.07146483065499964,8.850001e-05,4.869769,4.886978,4.707058,4.1724143,4.9117393,4.7876844,0.89028645,0.875,4.0,True,3.75,0.0,0.0,4.0,5.0,zero_shot,zero_shot,St. Bernadette Catholic School Cancels Classes After Overnight Fire Damage,5.21952709184,5.0,True
editorial,"Editorial selector: preserve balanced editorial scoring, then boost candidates preferred by editorial reviewers and busy readers.",65,travel,zero_shot,zero_shot,api_zero_shot_generator,Volunteers Spread Holiday Cheer to Seniors Through Senior Santa Program in Brevard County,5.953704091049999,5.228704091049999,0.725,agentic_selected,agentic_selected,Brevard County TRIAD's Senior Santa Program Delivers Cheer to Seniors,5.514341931050001,0.43936215999999817,0.0028900579,4.869133,4.875537,4.743514,4.206662,4.9011846,4.804123,1.0836372,0.8181818181818182,5.0,True,5.0,1.0,1.0,5.0,5.0,agentic_selected,agentic_selected,Brevard County TRIAD's Senior Santa Program Delivers Cheer to Seniors,5.23934193105,4.0,True
editorial,"Editorial selector: preserve balanced editorial scoring, then boost candidates preferred by editorial reviewers and busy readers.",66,sports,original,original,human_editor,Penn State's James Franklin gives student in Michigan State shirt his instead,5.4523980925,5.0523980925,0.4,agentic_selected,agentic_selected,Megan McNeely Receives Penn State T-Shirt from Coach Franklin on Campus,5.444630624999999,0.007767467500000791,0.023882871,4.8364882,4.8736763,4.609929,3.9936118,4.9055223,4.697749,0.49297142,0.6363636363636364,4.0,True,4.25,1.0,1.0,4.0,4.0,generic_sft,generic_sft,Penn State freshman Megan McNeely wears T-shirt for Spartans,5.10011939445,4.0,True
editorial,"Editorial selector: preserve balanced editorial scoring, then boost candidates preferred by editorial reviewers and busy readers.",67,sports,zero_shot,zero_shot,api_zero_shot_generator,Les Miles prepares for reunion with Oklahoma State this weekend,5.505473663150001,5.180473663150001,0.325,agentic_selected,agentic_selected,Les Miles Prepares for Reunion with Oklahoma State This Weekend,5.505473663150001,0.0,0.0003313017,4.865306,4.8729496,4.743598,4.175773,4.9021225,4.8074474,0.80353546,0.8571428571428571,5.0,True,4.0,0.0,0.0,4.0,4.0,agentic_candidate,67_c1,Les Miles Prepares for Reunion with Oklahoma State This Weekend,5.180473836651072,,True
editorial,"Editorial selector: preserve balanced editorial scoring, then boost candidates preferred by editorial reviewers and busy readers.",68,news,zero_shot,zero_shot,api_zero_shot_generator,Kentucky Representatives and Mitch McConnell Respond After Vote,5.424315889040001,5.0993158890400005,0.325,generic_sft,generic_sft,Kentucky's Mitch McConnell has strong words in Senate,5.2826972713125,0.1416186177275005,8.595392e-05,4.8200636,4.8662596,4.652108,4.0009046,4.8991914,4.73971,0.70406544,0.7142857142857143,5.0,True,4.25,0.25,0.0,4.0,4.0,zero_shot,zero_shot,Kentucky Representatives and Mitch McConnell Respond After Vote,5.0993158890400005,5.0,False
editorial,"Editorial selector: preserve balanced editorial scoring, then boost candidates preferred by editorial reviewers and busy readers.",69,lifestyle,original,original,human_editor,13 Things You Never Knew About Manatees,5.3685139799999995,4.64351398,0.725,zero_shot,zero_shot,13 Fascinating Facts About Manatees You May Not Know,5.091506125,0.277007854999999,0.99997973,4.8581495,4.8798637,4.7049007,4.176492,4.9085135,4.778804,0.6029211,1.0,4.0,True,4.75,0.75,1.0,5.0,5.0,zero_shot,zero_shot,13 Fascinating Facts About Manatees You May Not Know,4.666506125000001,5.0,True
editorial,"Editorial selector: preserve balanced editorial scoring, then boost candidates preferred by editorial reviewers and busy readers.",70,sports,zero_shot,zero_shot,api_zero_shot_generator,Rafael Nadal Withdraws from Paris Masters Due to Abdominal Injury,5.891787436899999,5.166787436899999,0.725,generic_sft,generic_sft,Rafael Nadal pulls out of Paris Masters with abdominal injury,5.818460340760001,0.0733270961399981,0.0001246982,4.8567114,4.872182,4.666294,4.137989,4.897718,4.768574,0.88480824,0.75,5.0,True,4.75,0.75,1.0,5.0,5.0,generic_sft,generic_sft,Rafael Nadal pulls out of Paris Masters with abdominal injury,5.16846034076,5.0,True
editorial,"Editorial selector: preserve balanced editorial scoring, then boost candidates preferred by editorial reviewers and busy readers.",71,finance,agentic_candidate,71_c2,agentic_generator_v3_candidate,"8,000 Square-Foot Scottsdale Mansion Sold in Metro Phoenix",5.597110574640101,5.172110574640101,0.425,zero_shot,zero_shot,Scottsdale Mansion Among Metro Phoenix's Priciest Home Sales This Week,5.5942320090000015,0.00287856564009914,7.679621921852231e-05,4.864199638366699,4.878684997558594,4.744028091430664,4.190246105194092,4.905894756317139,4.801574230194092,0.7174867391586304,1.0,,True,3.75,0.0,0.0,4.0,5.0,agentic_candidate,71_c1,Scottsdale Mansion Among Priciest Homes Sold This Week,5.194927146378904,,True
editorial,"Editorial selector: preserve balanced editorial scoring, then boost candidates preferred by editorial reviewers and busy readers.",72,health,agentic_selected,agentic_selected,agentic_selector_v3,Connor Murphy Highlights Photo Manipulation Strategies in 2016 YouTube Video,5.4957605625,5.2207605625,0.275,agentic_candidate,72_c3,Connor Murphy Highlights Photo Manipulation Strategies in 2016 YouTube Video,5.22076057633385,0.27499998616614985,0.009011355,4.8709254,4.8676662,4.7573037,4.2035065,4.891799,4.8112397,1.0537984,0.6666666666666666,5.0,True,3.5,0.0,0.0,4.0,4.0,agentic_candidate,72_c3,Connor Murphy Highlights Photo Manipulation Strategies in 2016 YouTube Video,5.22076057633385,,True
editorial,"Editorial selector: preserve balanced editorial scoring, then boost candidates preferred by editorial reviewers and busy readers.",73,lifestyle,agentic_selected,agentic_selected,agentic_selector_v3,Spooky Wedding Shoot Offers Halloween Inspiration for Your Big Day,5.086380075,4.711380075,0.375,zero_shot,zero_shot,Spooky Wedding Shoot Offers Dark Inspiration for Halloween Lovers,5.020141419999999,0.06623865500000115,0.9999497,4.8607883,4.8744373,4.7453947,4.234141,4.9008274,4.8009343,0.9349276,0.8888888888888888,5.0,True,3.75,0.0,0.0,4.0,5.0,agentic_selected,agentic_selected,Spooky Wedding Shoot Offers Halloween Inspiration for Your Big Day,4.711380075,5.0,False
editorial,"Editorial selector: preserve balanced editorial scoring, then boost candidates preferred by editorial reviewers and busy readers.",74,news,zero_shot,zero_shot,api_zero_shot_generator,3 On Your Side shares tips to identify scam phone calls,5.5745467046499995,4.84954670465,0.725,agentic_selected,agentic_selected,3 On Your Side Warns of Social Security Administration Scam Calls,5.2452492543750004,0.329297450274999,0.0011284407,4.628233,4.7576857,4.1133575,3.7259629,4.8321676,4.376608,0.6588421,0.625,5.0,True,5.0,1.0,1.0,5.0,5.0,agentic_candidate,74_c2,3 On Your Side Warns of Social Security Administration Scam Calls,4.920249260371202,,True
editorial,"Editorial selector: preserve balanced editorial scoring, then boost candidates preferred by editorial reviewers and busy readers.",75,travel,zero_shot,zero_shot,api_zero_shot_generator,Milwaukee scooter program resumes operations after brief winter weather break,5.9370418427125,5.2120418427125,0.725,agentic_selected,agentic_selected,Milwaukee's Scooter Program Resumes Operations After Halloween Snowstorm,5.85277280897,0.08426903374249939,6.8424575e-05,4.8764324,4.884158,4.7082515,4.173363,4.9100366,4.7975254,1.0220531,0.6,5.0,True,5.0,1.0,1.0,5.0,5.0,zero_shot,zero_shot,Milwaukee scooter program resumes operations after brief winter weather break,5.2120418427125,5.0,False
editorial,"Editorial selector: preserve balanced editorial scoring, then boost candidates preferred by editorial reviewers and busy readers.",76,news,zero_shot,zero_shot,api_zero_shot_generator,Steny Hoyer discusses impeachment decision after diplomats' testimony on Morning Joe,5.633418184205,5.233418184205,0.4,agentic_selected,agentic_selected,Steny Hoyer Discusses Impeachment Decision After Hearing with Kent and Taylor,5.539022689534999,0.09439549467000141,7.842159e-05,4.8717422,4.877677,4.7465363,4.163328,4.9024897,4.8027105,1.1509342,0.8,5.0,True,4.0,0.75,1.0,4.0,4.0,zero_shot,zero_shot,Steny Hoyer discusses impeachment decision after diplomats' testimony on Morning Joe,5.233418184205,5.0,False
editorial,"Editorial selector: preserve balanced editorial scoring, then boost candidates preferred by editorial reviewers and busy readers.",77,sports,original,original,human_editor,49ers offense still at less than full strength ahead of game vs. Arizona,5.803526660281999,5.078526660281999,0.725,specificity_sft,specificity_sft,Garoppolo and 49ers offense could operate at less than full strength Sunday against Arizona,5.452231600754999,0.3512950595269997,7.8045436e-05,4.851741,4.882155,4.6408024,4.0501547,4.910471,4.7381153,0.42958242,0.7,5.0,True,4.75,1.0,1.0,5.0,5.0,specificity_sft,specificity_sft,Garoppolo and 49ers offense could operate at less than full strength Sunday against Arizona,5.127231600754999,4.0,True
editorial,"Editorial selector: preserve balanced editorial scoring, then boost candidates preferred by editorial reviewers and busy readers.",78,weather,original,original,human_editor,"Mild but changeable winter weather predicted for much of U.S., federal forecasters say",5.875778400855,5.150778400855001,0.725,zero_shot,zero_shot,Federal forecasters predict milder-than-average winter for much of the U.S,5.672038407274999,0.20373999358000106,0.00011046329,4.85059,4.8793077,4.635537,4.083265,4.905862,4.7285147,0.88456595,0.5,5.0,True,4.75,1.0,1.0,5.0,5.0,zero_shot,zero_shot,Federal forecasters predict milder-than-average winter for much of the U.S,5.1970384072749995,5.0,True
editorial,"Editorial selector: preserve balanced editorial scoring, then boost candidates preferred by editorial reviewers and busy readers.",79,sports,zero_shot,zero_shot,api_zero_shot_generator,Michigan Wolverines Release Pregame Injury Report Ahead of Penn State Game,5.58873221248,5.16373221248,0.425,original,original,Michigan injury report: Here's who is expected to play at Penn State,5.585201028149999,0.0035311843300007695,8.819504e-05,4.867448,4.870308,4.7596817,4.141307,4.8961763,4.8169174,0.7215235,0.7,5.0,True,4.0,0.0,0.0,4.0,5.0,agentic_candidate,79_c2,Injury Report: Michigan Wolverines Prepare for No. 7 Penn State Matchup,5.166426394839072,,True
editorial,"Editorial selector: preserve balanced editorial scoring, then boost candidates preferred by editorial reviewers and busy readers.",80,finance,zero_shot,zero_shot,api_zero_shot_generator,20 Countries Identified as Frequent Tax Havens by Oxfam Research,5.66201468323,5.16201468323,0.5,agentic_selected,agentic_selected,Top 20 Countries Identified as Tax Havens by Oxfam Research,5.524903807375,0.13711087585499993,0.00075416354,4.8382416,4.879306,4.666025,4.178813,4.911183,4.759884,0.8088341,0.7142857142857143,5.0,True,4.5,1.0,1.0,4.0,5.0,zero_shot,zero_shot,20 Countries Identified as Frequent Tax Havens by Oxfam Research,5.16201468323,5.0,False
editorial,"Editorial selector: preserve balanced editorial scoring, then boost candidates preferred by editorial reviewers and busy readers.",81,health,zero_shot,zero_shot,api_zero_shot_generator,Aaron Archer loses 40 pounds through HIIT workouts and calorie tracking,5.944590306324999,5.219590306324999,0.725,agentic_selected,agentic_selected,Aaron Archer Loses 40 Pounds Through HIIT and Weight Training,5.837495752795,0.10709455352999875,0.00032062735,4.868296,4.881296,4.7414865,4.182453,4.902417,4.8084497,1.0417798,0.7777777777777778,5.0,True,5.0,1.0,1.0,5.0,5.0,zero_shot,zero_shot,Aaron Archer loses 40 pounds through HIIT workouts and calorie tracking,5.219590306324999,5.0,False
editorial,"Editorial selector: preserve balanced editorial scoring, then boost candidates preferred by editorial reviewers and busy readers.",82,news,original,original,human_editor,3 former LMPD officers plead guilty to federal charges of falsifying overtime records,5.858299978985,5.133299978985001,0.725,agentic_selected,agentic_selected,Louisville Police Officers Plead Guilty to Overtime Fraud Scheme,5.486380746777001,0.3719192322079996,0.00014007403,4.8470597,4.8791556,4.639016,4.122882,4.90399,4.7541695,0.71863914,0.6,5.0,True,5.0,1.0,1.0,5.0,5.0,agentic_candidate,82_c2,Louisville Police Officers Plead Guilty to Overtime Fraud Scheme,5.161380755976278,,True
editorial,"Editorial selector: preserve balanced editorial scoring, then boost candidates preferred by editorial reviewers and busy readers.",83,autos,original,original,human_editor,Crashes causing backups near I-265 and I-65 in Louisville,5.155864152614999,4.480864152614999,0.675,zero_shot,zero_shot,Crashes near I-265 and I-65 in Louisville cause traffic backups,5.129474067045001,0.026390085569998334,8.631277e-05,4.1670837,4.5142965,3.5260632,3.378468,4.6499033,3.7571003,0.71923566,1.0,5.0,True,4.25,0.75,1.0,5.0,5.0,agentic_candidate,83_c1,Two Crashes Cause Major Traffic Issues Near I-265 and I-65 in Louisville,4.571806269006629,,True
editorial,"Editorial selector: preserve balanced editorial scoring, then boost candidates preferred by editorial reviewers and busy readers.",84,sports,generic_sft,generic_sft,generic_sft_generator,Head coach may have doomed his team - and his kicker - with questionable call,5.863049952079999,5.188049952079999,0.675,zero_shot,zero_shot,Head coach's questionable call puts team and kicker at risk,5.483735712824999,0.37931423925499974,0.00011507584,4.854831,4.8644133,4.7297854,4.1555433,4.8926744,4.7816753,0.9370012,1.0,3.0,True,4.75,0.75,1.0,5.0,5.0,generic_sft,generic_sft,Head coach may have doomed his team - and his kicker - with questionable call,5.188049952079999,3.0,False
editorial,"Editorial selector: preserve balanced editorial scoring, then boost candidates preferred by editorial reviewers and busy readers.",85,weather,zero_shot,zero_shot,api_zero_shot_generator,"Video Captures Snow Progression in Point Place, Ohio, Amid Frozen Clock",5.902690919872999,5.177690919872999,0.725,agentic_selected,agentic_selected,"Video Showcases Snow Progression in Point Place, Ohio on Nov. 12",5.50415587972,0.398535040152999,8.4385254e-05,4.8770037,4.875555,4.737275,4.1956143,4.9041095,4.7919927,0.74117935,0.7,5.0,True,5.0,1.0,1.0,5.0,5.0,generic_sft,generic_sft,"Brachiosaurus creates video showing snow in Point Place, Ohio",5.192437068865,4.0,True
editorial,"Editorial selector: preserve balanced editorial scoring, then boost candidates preferred by editorial reviewers and busy readers.",86,foodanddrink,round2_final,round2_final,critic_guided_rewriter_round2,Hash Kitchen in Phoenix Offers 60-Ingredient Bloody Mary Bar,5.6142457512999995,5.1892457513,0.425,agentic_selected,agentic_selected,Hash Kitchen in Phoenix Features Arizona's Largest Bloody Mary Bar,5.553036857749999,0.06120889355000081,0.0008069474,4.863878,4.8778596,4.699691,4.1857424,4.901242,4.7804437,0.9055655,0.75,4.0,True,4.0,0.0,0.0,4.0,5.0,round1_final,round1_final,Hash Kitchen in Phoenix Offers 60-Ingredient Bloody Mary Bar,5.1892457513,,True
editorial,"Editorial selector: preserve balanced editorial scoring, then boost candidates preferred by editorial reviewers and busy readers.",87,news,zero_shot,zero_shot,api_zero_shot_generator,"Great white shark over 2,000 pounds spotted off US East Coast",5.808580113915001,5.158580113915001,0.65,agentic_selected,agentic_selected,"Great White Shark Weighing Over 2,000 Pounds Spotted Off US East Coast",5.50299515899,0.30558495492500093,0.00012210217,4.8678536,4.879323,4.750188,4.1565466,4.902688,4.8026195,0.6604203,0.8,5.0,True,5.0,0.25,0.0,5.0,5.0,agentic_selected,agentic_selected,"Great White Shark Weighing Over 2,000 Pounds Spotted Off US East Coast",5.17799515899,5.0,True
editorial,"Editorial selector: preserve balanced editorial scoring, then boost candidates preferred by editorial reviewers and busy readers.",88,sports,zero_shot,zero_shot,api_zero_shot_generator,Bengals Continue Search for Future Quarterback After Finley's Performance,5.928456317434999,5.203456317434999,0.725,agentic_selected,agentic_selected,Bengals Assess Quarterback Options Following Finley's Performance,5.506542494925,0.42191382250999876,0.00011189013,4.8724475,4.8749914,4.7517853,4.1762333,4.9025106,4.8057785,0.92947865,0.5,5.0,True,5.0,1.0,1.0,5.0,5.0,zero_shot,zero_shot,Bengals Continue Search for Future Quarterback After Finley's Performance,5.203456317434999,5.0,False
editorial,"Editorial selector: preserve balanced editorial scoring, then boost candidates preferred by editorial reviewers and busy readers.",89,lifestyle,original,original,human_editor,Photographer tends a picture-perfect garden in Oakdale,5.736243957509999,5.01124395751,0.725,round2_final,round2_final,Michelle Mero Riedel Cultivates a Garden in Oakdale,5.360403271000001,0.37584068650999836,0.00048158498,4.7790747,4.8427114,4.400676,4.0248413,4.8802514,4.584903,0.5402175,0.5,4.0,True,5.0,1.0,1.0,5.0,5.0,round2_final,round2_final,Michelle Mero Riedel Cultivates a Garden in Oakdale,5.160403271000001,4.0,True
editorial,"Editorial selector: preserve balanced editorial scoring, then boost candidates preferred by editorial reviewers and busy readers.",90,foodanddrink,agentic_selected,agentic_selected,agentic_selector_v3,Food52 Celebrates Enduring Popularity of Nancy Silverton's Chopped Salad Recipe,5.57295467325,5.14795467325,0.425,zero_shot,zero_shot,Food52 Highlights Chopped Salad Popularized by Nancy Silverton at Pizzeria Mozza,5.3908212749999995,0.1821333982500004,0.0071497685,4.831656,4.8680973,4.5847206,4.1103516,4.9009495,4.7131777,0.97226155,0.4444444444444444,5.0,True,4.0,0.0,0.0,4.0,5.0,agentic_selected,agentic_selected,Food52 Celebrates Enduring Popularity of Nancy Silverton's Chopped Salad Recipe,5.14795467325,5.0,False
editorial,"Editorial selector: preserve balanced editorial scoring, then boost candidates preferred by editorial reviewers and busy readers.",91,news,original,original,human_editor,"SoCal Man Who Donated $900K to Trump Will Plead Guilty to Hiding Work as Foreign Agent, Illegal Campaign Contributions",5.648764024966666,4.923764024966666,0.725,agentic_selected,agentic_selected,Imaad Shah Zuberi to Plead Guilty to Concealing Foreign Agent Work and Campaign Violations,5.4354987387269995,0.21326528623966645,0.0001530934,4.8355207,4.8670053,4.5822563,3.9451928,4.900224,4.678533,0.645795,0.5625,5.0,True,5.0,1.0,1.0,5.0,5.0,agentic_candidate,91_c2,Imaad Shah Zuberi to Plead Guilty to Concealing Foreign Agent Work and Campaign Violations,5.060498773985454,,True
editorial,"Editorial selector: preserve balanced editorial scoring, then boost candidates preferred by editorial reviewers and busy readers.",92,sports,zero_shot,zero_shot,api_zero_shot_generator,Monty Williams praises Juwan Howard's coaching curiosity in first year at Michigan,5.237021550000001,5.08702155,0.15000000000000002,agentic_candidate,92_c1,Monty Williams Praises Juwan Howard's Coaching Curiosity,5.143244423810392,0.09377712618960832,0.16910745,4.864789,4.8688564,4.747952,4.233318,4.896329,4.8048215,0.6726893,0.7,5.0,True,3.75,0.0,0.0,3.0,4.0,generic_sft,generic_sft,Michigan coach Juwan Howard asks questions about coaching,5.172148758590001,4.0,True
editorial,"Editorial selector: preserve balanced editorial scoring, then boost candidates preferred by editorial reviewers and busy readers.",93,news,original,original,human_editor,Last month hottest October on record: EU climate service,5.7996288934699995,5.07462889347,0.725,zero_shot,zero_shot,"October 2023 recorded as the hottest October globally, exceeding previous records",5.6209352323,0.17869366116999963,0.00016850406,4.8091354,4.8561077,4.505973,3.9723685,4.894776,4.620138,0.80882037,1.0,4.0,True,5.0,1.0,1.0,5.0,5.0,zero_shot,zero_shot,"October 2023 recorded as the hottest October globally, exceeding previous records",5.1959352323,5.0,True
editorial,"Editorial selector: preserve balanced editorial scoring, then boost candidates preferred by editorial reviewers and busy readers.",94,health,original,original,human_editor,69 Texas Nursing Homes Make U.S. News 'Best' Ratings,5.87374271477,5.14874271477,0.725,zero_shot,zero_shot,U.S. News & World Report announces 2019-20 best nursing homes ratings,5.65122740252,0.22251531224999965,0.00013434046,4.8664885,4.883072,4.697624,4.1407995,4.9113417,4.782112,0.6745827,0.5714285714285714,5.0,True,5.0,1.0,1.0,5.0,5.0,agentic_selected,agentic_selected,U.S. News & World Report Releases 2019-20 Nursing Home Ratings,5.200647445909999,4.0,True
editorial,"Editorial selector: preserve balanced editorial scoring, then boost candidates preferred by editorial reviewers and busy readers.",95,weather,zero_shot,zero_shot,api_zero_shot_generator,Intense storm brings 50-mph winds and large waves to Great Lakes shores,5.9203930664649995,5.195393066465,0.725,agentic_selected,agentic_selected,Waves Hit Lake Superior and Lake Michigan Amid Severe Storm This Week,5.47096651855,0.4494265479149995,0.00025831707,4.8717513,4.870765,4.7508698,4.198122,4.8980236,4.811575,0.85953,0.9,5.0,True,5.0,1.0,1.0,5.0,5.0,agentic_selected,agentic_selected,Waves Hit Lake Superior and Lake Michigan Amid Severe Storm This Week,5.19596651855,4.0,True
editorial,"Editorial selector: preserve balanced editorial scoring, then boost candidates preferred by editorial reviewers and busy readers.",96,travel,agentic_selected,agentic_selected,agentic_selector_v3,"Next Month, Explore the City on Your Own Moped",5.305954134499999,4.5809541345,0.725,zero_shot,zero_shot,Mopeds available for rent next month for personal exploration,5.022130776669999,0.28382335783000023,0.07577143,4.3774357,4.630973,3.7570436,3.7095432,4.700727,4.0113673,0.33239943,0.7142857142857143,5.0,True,5.0,0.75,1.0,5.0,5.0,zero_shot,zero_shot,Mopeds available for rent next month for personal exploration,4.647130776669999,4.0,True
editorial,"Editorial selector: preserve balanced editorial scoring, then boost candidates preferred by editorial reviewers and busy readers.",97,weather,original,original,human_editor,Minnesota Farms Report Low Yields After 'Extremely Challenging' Weather Conditions,5.678755225465,4.953755225465001,0.725,zero_shot,zero_shot,Minnesota farmer faces challenges with low crop production amid early November snow,5.396629032835,0.28212619262999983,9.124907e-05,4.6538987,4.7874503,4.123337,3.8787072,4.8435993,4.378188,1.0392492,0.4,4.0,True,5.0,1.0,1.0,5.0,5.0,zero_shot,zero_shot,Minnesota farmer faces challenges with low crop production amid early November snow,5.071629032835,5.0,True
editorial,"Editorial selector: preserve balanced editorial scoring, then boost candidates preferred by editorial reviewers and busy readers.",98,lifestyle,zero_shot,zero_shot,api_zero_shot_generator,Campaign seeks missing photos of 11 Detroit veterans from Vietnam Memorial,5.613628369857499,5.188628369857499,0.425,agentic_selected,agentic_selected,Wall of Faces Campaign Seeks Photos of 11 Missing Detroit Veterans,5.481327510375,0.13230085948249837,7.4930285e-05,4.871791,4.88062,4.734021,4.1671333,4.905659,4.8084974,0.8567625,0.875,5.0,True,4.0,0.0,0.0,4.0,5.0,agentic_selected,agentic_selected,Wall of Faces Campaign Seeks Photos of 11 Missing Detroit Veterans,5.206327510375,5.0,True
editorial,"Editorial selector: preserve balanced editorial scoring, then boost candidates preferred by editorial reviewers and busy readers.",99,news,original,original,human_editor,State auditor again issues subpoena to Clay County in citizen-mandated audit,5.9342414869199995,5.20924148692,0.725,zero_shot,zero_shot,Missouri Auditor Issues Subpoena for Clay County Audit Documents,5.525297666021501,0.40894382089849834,6.786616e-05,4.8736835,4.8804865,4.7281256,4.124632,4.9060726,4.7997074,1.0552989,0.9,5.0,True,4.75,0.75,1.0,5.0,5.0,agentic_selected,agentic_selected,Missouri Auditor Nicole Galloway Issues Subpoena to Clay County Officials,5.209597691529999,5.0,True
editorial,"Editorial selector: preserve balanced editorial scoring, then boost candidates preferred by editorial reviewers and busy readers.",100,travel,original,original,human_editor,"Boca Raton's Mizner Park jazzes up plaza with new restaurants, stores, bars and entertainment",5.788353990034999,5.063353990034999,0.725,zero_shot,zero_shot,Mizner Park to Revitalize Retail Mix with New Tenants and Pop-Up Shops,5.41309539601,0.3752585940249986,0.00021566793,4.786108,4.840303,4.5023937,4.0616093,4.8793497,4.652202,0.69447446,0.7272727272727273,5.0,True,5.0,1.0,1.0,5.0,5.0,generic_sft,generic_sft,Boca Raton shopping plaza in need of a refresh after losing tenants,5.09553212005,3.0,True
specificity,"Specificity selector: preserve source-supported detail scoring, then boost candidates that remain clear and audience-fit.",1,news,zero_shot,zero_shot,api_zero_shot_generator,NASA Astronauts on ISS Face Challenges of Long Spacewalks,5.449880706841856,4.968630706841856,0.48124999999999996,generic_sft,generic_sft,NASA astronauts need to be in good physical condition to make spacewalks,5.37066471676,0.07921599008185609,0.00010971178,4.85689,4.885587,4.633436,4.1384172,4.9065876,4.7633214,0.6962812,0.2857142857142857,5.0,True,4.75,1.0,1.0,5.0,4.75,generic_sft,generic_sft,NASA astronauts need to be in good physical condition to make spacewalks,4.97066471676,4.0,True
specificity,"Specificity selector: preserve source-supported detail scoring, then boost candidates that remain clear and audience-fit.",2,foodanddrink,zero_shot,zero_shot,api_zero_shot_generator,Lodi Celebrates International Tempranillo Day with Winery Tour and Tastings,5.688698402666249,5.08869840266625,0.6,agentic_selected,agentic_selected,Lodi Hosts Fourth Annual Tour of Tempranillo This Weekend,5.552020542378643,0.1366778602876062,0.000101894075,4.8683696,4.883463,4.7181835,4.250622,4.9066567,4.805086,0.7908407,0.625,5.0,True,4.75,0.25,0.0,5.0,5.0,agentic_candidate,2_c2,Lodi Hosts Fourth Annual Tour of Tempranillo This Weekend,5.102020566366888,,True
specificity,"Specificity selector: preserve source-supported detail scoring, then boost candidates that remain clear and audience-fit.",3,travel,zero_shot,zero_shot,api_zero_shot_generator,Roller Coasters Today: Speed Records and Thrilling Designs,5.370249362847143,4.826499362847143,0.54375,specificity_sft,specificity_sft,"Roller coasters break speed records, hurl passengers through space",5.1085225698515,0.26172679299564283,0.0004820778,4.6609154,4.7772074,4.2046022,3.9334552,4.8035665,4.497764,1.0881518,0.7142857142857143,4.0,True,4.0,0.75,1.0,4.0,4.25,generic_sft,generic_sft,"Roller coasters break speed records, hurl passengers through space",5.1085225698515,4.0,True
specificity,"Specificity selector: preserve source-supported detail scoring, then boost candidates that remain clear and audience-fit.",4,sports,zero_shot,zero_shot,api_zero_shot_generator,Seattle Seahawks Defeat Unbeaten 49ers in a Thrilling Comeback Victory,5.593823623437999,4.993823623438,0.6,generic_sft,generic_sft,Seattle Seahawks win over 49ers,5.2121174834723325,0.38170613996566694,0.00014257236,4.842174,4.857371,4.6551003,4.1187735,4.89145,4.7449236,0.53802186,0.5,5.0,True,5.0,1.0,1.0,5.0,5.0,generic_sft,generic_sft,Seattle Seahawks win over 49ers,5.080867483472333,4.0,True
specificity,"Specificity selector: preserve source-supported detail scoring, then boost candidates that remain clear and audience-fit.",5,sports,original,original,human_editor,Depth charts: Projected starters for Iowa State vs. No. 23 Texas,5.559258821151928,4.959258821151928,0.6,zero_shot,zero_shot,Cyclones and Longhorns Announce Starters for 2019 Big 12 Matchup,5.455705936025572,0.10355288512635585,0.00014219871,4.8615875,4.869842,4.756526,4.1565304,4.900281,4.8028927,0.39811862,0.1428571428571428,5.0,True,5.0,1.0,1.0,5.0,5.0,generic_sft,generic_sft,Cyclones and Longhorns Listed starters for 2019 Big 12 Conference matchup at Jack Trice Stadium,5.173453909160668,3.0,True
specificity,"Specificity selector: preserve source-supported detail scoring, then boost candidates that remain clear and audience-fit.",6,health,zero_shot,zero_shot,api_zero_shot_generator,Local airman returns home to Miami Valley to warm welcome from family and friends,5.596393258174999,5.1463932581749985,0.45,generic_sft,generic_sft,"Airman returns home to Miami Valley, greeted by family and friends",5.5916777933395,0.004715464835499006,0.0002580485,4.86919,4.876531,4.752138,4.228689,4.9000688,4.8059835,1.1079931,0.7,5.0,True,4.75,0.75,1.0,5.0,4.0,generic_sft,generic_sft,"Airman returns home to Miami Valley, greeted by family and friends",5.160427793339499,5.0,True
specificity,"Specificity selector: preserve source-supported detail scoring, then boost candidates that remain clear and audience-fit.",7,news,zero_shot,zero_shot,api_zero_shot_generator,Students at Hartford's Weaver campus aim to unite two school communities,5.672876540645555,5.122876540645555,0.5499999999999999,original,original,"Hartford's Weaver forging a new identity at campus shared by public, magnet students",5.5534701427135,0.11940639793205499,0.0012563798,4.8656015,4.8846827,4.7064734,4.2446003,4.9081917,4.796686,0.88689506,0.7777777777777778,5.0,True,4.75,0.5,1.0,5.0,5.0,specificity_sft,specificity_sft,Hartford's new Weaver campus works to erase stark lines dividing the building's two school communities,5.161276146960052,4.0,True
specificity,"Specificity selector: preserve source-supported detail scoring, then boost candidates that remain clear and audience-fit.",8,sports,zero_shot,zero_shot,api_zero_shot_generator,Domingue Seeks Regular Playing Opportunity Ahead of Free Agency,5.0732222334172,4.7732222334172,0.3,agentic_selected,agentic_selected,Domingue Seeking Regular Playing Opportunity Ahead of Free Agency,4.8824576921039995,0.1907645413132002,0.000104090184,4.685709,4.804673,4.266836,3.9646938,4.8533516,4.484534,0.79117244,0.375,5.0,True,4.5,0.75,1.0,5.0,4.0,zero_shot,zero_shot,Domingue Seeks Regular Playing Opportunity Ahead of Free Agency,4.7732222334172,5.0,False
specificity,"Specificity selector: preserve source-supported detail scoring, then boost candidates that remain clear and audience-fit.",9,news,agentic_candidate,9_c1,agentic_generator_v3_candidate,Driver Fatally Shot in St. Paul on Sunday Night,5.618446443173161,5.149696443173161,0.46875,zero_shot,zero_shot,"Driver Fatally Shot in St. Paul, Police Investigate Incident",5.560543193992142,0.057903249181018523,0.0001238635450135,4.871634483337402,4.882228851318359,4.73665189743042,4.173893928527832,4.903974533081055,4.7996368408203125,0.6108731627464294,1.0,,True,5.0,0.0,0.0,5.0,4.25,agentic_candidate,9_c1,Driver Fatally Shot in St. Paul on Sunday Night,5.149696443173161,,False
specificity,"Specificity selector: preserve source-supported detail scoring, then boost candidates that remain clear and audience-fit.",10,sports,generic_sft,generic_sft,generic_sft_generator,Oklahoma's first-round playoff pairings begin next week,5.496569065370299,5.1465690653703,0.35000000000000003,zero_shot,zero_shot,Oklahoma Playoffs Begin Next Week with First-Round Pairings Announced,5.492729250349776,0.0038398150205232184,8.8048066e-05,4.8489037,4.8608394,4.7229767,4.159399,4.893324,4.7969427,0.99694407,0.875,3.0,True,3.5,0.0,0.0,3.0,4.0,zero_shot,zero_shot,Oklahoma Playoffs Begin Next Week with First-Round Pairings Announced,5.173979250349777,5.0,True
specificity,"Specificity selector: preserve source-supported detail scoring, then boost candidates that remain clear and audience-fit.",11,lifestyle,zero_shot,zero_shot,api_zero_shot_generator,"Decade Features Multiple Princesses, New Queen, King, and Future King of Pop",5.729852024177777,5.129852024177778,0.6,round2_final,round2_final,"Decade Includes Several Princesses, New Queen, and Future King of Pop",5.343865578300555,0.3859864458772222,0.002337608,4.8420553,4.877178,4.6663065,4.1543655,4.9031057,4.738538,1.0308505,0.8888888888888888,5.0,True,5.0,1.0,1.0,5.0,5.0,zero_shot,zero_shot,"Decade Features Multiple Princesses, New Queen, King, and Future King of Pop",5.129852024177778,5.0,False
specificity,"Specificity selector: preserve source-supported detail scoring, then boost candidates that remain clear and audience-fit.",12,sports,zero_shot,zero_shot,api_zero_shot_generator,Celtics' Javonte Green steps up during close game after Hayward's injury,5.013657018272249,4.526157018272249,0.4875,agentic_selected,agentic_selected,Javonte Green Contributes as Celtics Thrive Without Gordon Hayward,4.788757407663499,0.22489961060874997,0.000115679395,4.5111322,4.695771,3.9509983,3.5719318,4.782935,4.187411,0.26856154,0.5,5.0,True,4.5,1.0,1.0,4.0,4.5,agentic_candidate,12_c3,Javonte Green Contributes as Celtics Thrive Without Gordon Hayward,4.770007458109831,,True
specificity,"Specificity selector: preserve source-supported detail scoring, then boost candidates that remain clear and audience-fit.",13,travel,zero_shot,zero_shot,api_zero_shot_generator,"Game wardens investigate fatal ATV crash in Montville, killing 30-year-old Rachel Curtis",5.728310332588166,5.165810332588166,0.5625,agentic_selected,agentic_selected,Game Wardens Investigate Fatal ATV Crash Near Belfast,5.187415961646001,0.5408943709421656,0.00010517573,4.8718805,4.8740177,4.7483654,4.2091203,4.9044576,4.8170466,1.0475426,0.8333333333333334,5.0,True,5.0,1.0,1.0,5.0,4.5,generic_sft,generic_sft,Game wardens investigating fatal crash in small town west of Belfast,5.1677862495393,4.0,True
specificity,"Specificity selector: preserve source-supported detail scoring, then boost candidates that remain clear and audience-fit.",14,finance,generic_sft,generic_sft,generic_sft_generator,Critics say Procter & Gamble contributes to deforestation and should use recycled materials for paper products,5.760828378823168,5.179578378823168,0.5812499999999999,zero_shot,zero_shot,Critics urge Procter & Gamble to address deforestation and use recycled materials,5.741651279845556,0.019177098977611884,0.00072971743,4.8449187,4.865028,4.7206354,4.1831923,4.8877172,4.7906733,1.1769032,1.0,4.0,True,4.75,0.25,0.0,5.0,4.75,generic_sft,generic_sft,Critics say Procter & Gamble contributes to deforestation and should use recycled materials for paper products,5.179578378823168,4.0,False
specificity,"Specificity selector: preserve source-supported detail scoring, then boost candidates that remain clear and audience-fit.",15,news,zero_shot,zero_shot,api_zero_shot_generator,Plant Officials Inform Workers of Tentative Contract Agreement Less Than 12 Hours Later,5.559051177687364,5.146551177687364,0.4125,generic_sft,generic_sft,Plant officials tell workers during early shifts less than 12 hours after proposed contract agreement,5.308196165051954,0.25085501263540966,8.371322e-05,4.8667674,4.875832,4.738467,4.1820374,4.9032965,4.802994,0.9535592,0.8181818181818182,4.0,True,3.75,0.75,1.0,4.0,3.5,generic_sft,generic_sft,Plant officials tell workers during early shifts less than 12 hours after proposed contract agreement,5.158196165051954,3.0,True
specificity,"Specificity selector: preserve source-supported detail scoring, then boost candidates that remain clear and audience-fit.",16,travel,agentic_selected,agentic_selected,agentic_selector_v3,Halloween Film Festival at Tampa Theatre Includes Live Podcast and Rocky Horror Talk,5.703392671511364,5.159642671511364,0.54375,zero_shot,zero_shot,Tampa Theatre Hosts Halloween Film Festival with Live Shows and Talks,5.616017543330333,0.08737512818103088,0.0001580825,4.8746696,4.8772144,4.737503,4.1734715,4.907622,4.8056087,1.0613705,0.8181818181818182,5.0,True,4.75,0.0,0.0,5.0,4.25,agentic_selected,agentic_selected,Halloween Film Festival at Tampa Theatre Includes Live Podcast and Rocky Horror Talk,5.159642671511364,5.0,False
specificity,"Specificity selector: preserve source-supported detail scoring, then boost candidates that remain clear and audience-fit.",17,news,zero_shot,zero_shot,api_zero_shot_generator,"Texas Officials, Including Gov. Abbott, Criticize Austin's Homelessness Policies",5.503975087433556,5.135225087433556,0.36875,generic_sft,generic_sft,Texas Gov. Greg Abbott targets left-leaning homelessness policies,5.3023473839255555,0.20162770350800052,0.00015072916,4.863575,4.881174,4.7241697,4.1800904,4.90353,4.7982917,0.9834556,0.7777777777777778,5.0,True,4.25,0.0,0.0,4.0,4.25,zero_shot,zero_shot,"Texas Officials, Including Gov. Abbott, Criticize Austin's Homelessness Policies",5.135225087433556,5.0,False
specificity,"Specificity selector: preserve source-supported detail scoring, then boost candidates that remain clear and audience-fit.",18,news,zero_shot,zero_shot,api_zero_shot_generator,Trump Undergoes Medical Tests at Walter Reed as Part of Annual Physical,5.579973638576279,5.1174736385762785,0.46249999999999997,agentic_selected,agentic_selected,Trump Undergoes Medical Tests at Walter Reed for Annual Physical,5.5573855523894995,0.02258808618677932,0.00020652267,4.873452,4.883783,4.729767,4.1638136,4.909898,4.7917175,0.52792716,0.8888888888888888,5.0,True,4.75,0.75,1.0,5.0,4.5,zero_shot,zero_shot,Trump Undergoes Medical Tests at Walter Reed as Part of Annual Physical,5.1174736385762785,5.0,False
specificity,"Specificity selector: preserve source-supported detail scoring, then boost candidates that remain clear and audience-fit.",19,health,generic_sft,generic_sft,generic_sft_generator,"Exercise before breakfast leads to more fat loss, but not weight loss",5.462249463555501,5.0309994635555,0.43125,zero_shot,zero_shot,Study finds pre-breakfast exercise increases fat loss without affecting weight loss,5.3631396216175915,0.09910984193790906,0.00018070321,4.8246546,4.8680544,4.560074,4.0984364,4.888109,4.706149,0.7471119,0.8,5.0,True,4.0,0.0,0.0,4.0,3.75,generic_sft,generic_sft,"Exercise before breakfast leads to more fat loss, but not weight loss",5.0309994635555,5.0,False
specificity,"Specificity selector: preserve source-supported detail scoring, then boost candidates that remain clear and audience-fit.",20,sports,zero_shot,zero_shot,api_zero_shot_generator,Bengals' Giovani Bernard suffers knee injury during Week 10 game against Ravens,5.706130995152363,5.124880995152363,0.5812499999999999,generic_sft,generic_sft,Cincinnati Bengals lose running back Giovani Bernard to knee injury,5.685439345561277,0.020691649591086048,0.00027728552,4.872093,4.867287,4.760122,4.1548514,4.894618,4.813695,0.6702874,0.8181818181818182,5.0,True,3.75,0.0,0.0,4.0,4.75,zero_shot,zero_shot,Bengals' Giovani Bernard suffers knee injury during Week 10 game against Ravens,5.124880995152363,5.0,False
specificity,"Specificity selector: preserve source-supported detail scoring, then boost candidates that remain clear and audience-fit.",21,lifestyle,zero_shot,zero_shot,api_zero_shot_generator,Worcester's School Committee election shows limited progress on racial representation,5.574724413509916,4.974724413509916,0.6,agentic_selected,agentic_selected,Worcester Voters Elect One Person of Color to School Committee,5.2627361136205,0.3119882998894159,8.7827015e-05,4.8474674,4.886293,4.6169806,4.1111956,4.9086347,4.7437043,0.76580524,0.3333333333333333,4.0,True,5.0,1.0,1.0,5.0,5.0,agentic_selected,agentic_selected,Worcester Voters Elect One Person of Color to School Committee,5.0939861136205,5.0,True
specificity,"Specificity selector: preserve source-supported detail scoring, then boost candidates that remain clear and audience-fit.",22,news,agentic_selected,agentic_selected,agentic_selector_v3,Ocean City and Clearview Meet Again in South Jersey Group 3 Final,5.563307204798279,5.050807204798279,0.5125,original,original,"South Jersey, Group 3 final preview: Ocean City at Clearview",5.5031522895550005,0.06015491524327832,9.189551e-05,4.81143,4.8578615,4.6070976,4.0472274,4.886771,4.6804686,0.6563957,0.8888888888888888,5.0,True,4.25,0.0,0.0,5.0,4.5,agentic_candidate,22_c1,Ocean City and Clearview Meet Again in South Jersey Group 3 Final,5.050807242983178,,True
specificity,"Specificity selector: preserve source-supported detail scoring, then boost candidates that remain clear and audience-fit.",23,finance,zero_shot,zero_shot,api_zero_shot_generator,Buy Microsoft at semiannual value level or above weekly moving average,5.740871056833799,5.1596210568337995,0.5812499999999999,round1_final,round1_final,Buy Microsoft at semiannual value level or above weekly moving average,5.1596210568337995,0.5812499999999998,0.000102207036,4.8672523,4.885198,4.698696,4.1858406,4.913401,4.7785983,0.8519098,1.0,5.0,True,5.0,1.0,1.0,5.0,4.75,zero_shot,zero_shot,Buy Microsoft at semiannual value level or above weekly moving average,5.1596210568337995,5.0,False
specificity,"Specificity selector: preserve source-supported detail scoring, then boost candidates that remain clear and audience-fit.",24,news,original,original,human_editor,Tractor-trailer wedges itself under Waterbury bridge Monday morning,5.7244111295252775,5.143161129525278,0.5812499999999999,agentic_selected,agentic_selected,Waterbury Police Respond to Stuck Tractor-Trailer Under Bridge,5.443019250207,0.2813918793182779,0.00014434945,4.8724136,4.8837204,4.7109866,4.13931,4.9091887,4.7820897,0.87613744,0.8888888888888888,5.0,True,4.75,0.75,1.0,5.0,4.75,original,original,Tractor-trailer wedges itself under Waterbury bridge Monday morning,5.143161129525278,5.0,False
specificity,"Specificity selector: preserve source-supported detail scoring, then boost candidates that remain clear and audience-fit.",25,lifestyle,agentic_selected,agentic_selected,agentic_selector_v3,Adam's Corner and Fisher House Support Military Families with Housing and Child Care,5.783189969474999,5.183189969474999,0.6,zero_shot,zero_shot,Adam's Corner and Fisher House Offer Support for Military Families,5.725633305079499,0.057556664395500334,0.0003617345,4.8610916,4.874755,4.749033,4.2165117,4.8979807,4.8077536,1.1241388,0.9,5.0,True,5.0,0.25,0.0,5.0,5.0,generic_sft,generic_sft,Adam's Corner and Fisher House provide military families resources,5.183733243321999,5.0,True
specificity,"Specificity selector: preserve source-supported detail scoring, then boost candidates that remain clear and audience-fit.",26,news,agentic_selected,agentic_selected,agentic_selector_v3,Sacramento Man Welcomes Healdsburg Couple and Their 18 Dogs,5.74767636813357,5.14767636813357,0.6,zero_shot,zero_shot,"Sacramento man houses Healdsburg couple and their 18 dogs, including puppies",5.706939021133556,0.04073734700001452,0.0008985651,4.866089,4.8775806,4.733493,4.1717005,4.902401,4.7908545,0.91725016,0.8571428571428571,4.0,True,3.75,0.0,0.0,4.0,5.0,generic_sft,generic_sft,"Sacramento man opens doors to 18 dogs, 11 of which are five-week-old puppies",5.151699994143167,4.0,True
specificity,"Specificity selector: preserve source-supported detail scoring, then boost candidates that remain clear and audience-fit.",27,sports,original,original,human_editor,At-track photos: 2019 Kansas playoff weekend,5.6667376257983335,5.085487625798334,0.5812499999999999,zero_shot,zero_shot,Photos from NASCAR Cup and Xfinity Series Playoff Weekend at Kansas Speedway,5.4781830874835,0.1885545383148335,0.0001453723,4.867891,4.8736835,4.741886,4.102025,4.9073687,4.7948303,0.66523105,0.6666666666666666,3.0,True,5.0,1.0,1.0,5.0,4.75,agentic_candidate,27_c1,Photos from NASCAR Cup and Xfinity Series Playoff Weekend at Kansas Speedway,5.1781831104635785,,True
specificity,"Specificity selector: preserve source-supported detail scoring, then boost candidates that remain clear and audience-fit.",28,sports,zero_shot,zero_shot,api_zero_shot_generator,Frank Vogel aims to maximize opportunity with the Lakers,5.1006455087111995,4.8193955087111995,0.28125,specificity_sft,specificity_sft,"Lakers' Frank Vogel is aware of the great situation he's in with the Lakers, and wants to make the best of it",4.963742615001515,0.13690289370968411,9.8102864e-05,4.7266884,4.7963667,4.4022474,4.0383606,4.8327017,4.5715523,0.3407422,0.5,4.0,True,4.25,0.5,1.0,5.0,3.75,specificity_sft,specificity_sft,"Lakers' Frank Vogel is aware of the great situation he's in with the Lakers, and wants to make the best of it",4.982492615001515,4.0,True
specificity,"Specificity selector: preserve source-supported detail scoring, then boost candidates that remain clear and audience-fit.",29,finance,zero_shot,zero_shot,api_zero_shot_generator,Rhode Island's October unemployment rate remains steady at 3.6 percent,5.5757246447455,5.0882246447455,0.4875,agentic_selected,agentic_selected,October Unemployment in Rhode Island Remains Stable at 3.6 Percent,5.381234885460143,0.19448975928535717,0.00011166501,4.8671584,4.883402,4.695332,4.216015,4.908441,4.790327,0.89587474,0.625,5.0,True,4.5,0.5,1.0,4.0,4.5,specificity_sft,specificity_sft,"Rhode Island's unemployment rage for October was 3.6 percent, the same as September",5.161094873849499,2.0,True
specificity,"Specificity selector: preserve source-supported detail scoring, then boost candidates that remain clear and audience-fit.",30,finance,original,original,human_editor,What apartments will $900 rent you in Pleasant Valley right now?,5.597786791984999,4.997786791984999,0.6,zero_shot,zero_shot,Apartment Rentals in Pleasant Valley Available for $900/Month,5.437188403200571,0.160598388784428,0.0002843067,4.8501854,4.875641,4.69662,4.19974,4.9019804,4.753765,0.3136295,0.5,5.0,True,5.0,1.0,1.0,5.0,5.0,zero_shot,zero_shot,Apartment Rentals in Pleasant Valley Available for $900/Month,5.137188403200571,5.0,True
specificity,"Specificity selector: preserve source-supported detail scoring, then boost candidates that remain clear and audience-fit.",31,autos,zero_shot,zero_shot,api_zero_shot_generator,"Duane Roots' 1,500hp Charger Hellcat Features E90 Fuel and Nitrous Boost",5.74595900938625,5.16470900938625,0.5812499999999999,agentic_candidate,31_c3,"Duane Roots' Charger Hellcat Runs on E90, Nitrous, and 18 psi Boost",5.596281266872391,0.1496777425138589,0.000120912475,4.8692675,4.879922,4.735708,4.221343,4.900066,4.799885,1.1563072,0.8,5.0,True,4.75,0.75,1.0,5.0,4.75,agentic_candidate,31_c3,"Duane Roots' Charger Hellcat Runs on E90, Nitrous, and 18 psi Boost",5.202531266872391,,True
specificity,"Specificity selector: preserve source-supported detail scoring, then boost candidates that remain clear and audience-fit.",32,autos,zero_shot,zero_shot,api_zero_shot_generator,Interstate 70 reopens near Hoke Road after rollover crash cleared,5.711189381685055,5.129939381685055,0.5812499999999999,agentic_selected,agentic_selected,Interstate 70 Reopens Near Hoke Road After Rollover Crash,5.633397680202998,0.07779170148205683,9.699749e-05,4.8693485,4.870487,4.755722,4.1884713,4.898173,4.812114,0.8013591,0.7777777777777778,5.0,True,5.0,0.75,1.0,5.0,4.75,agentic_selected,agentic_selected,Interstate 70 Reopens Near Hoke Road After Rollover Crash,5.152147680202998,5.0,True
specificity,"Specificity selector: preserve source-supported detail scoring, then boost candidates that remain clear and audience-fit.",33,autos,agentic_selected,agentic_selected,agentic_selector_v3,State Highway Patrol Attempts to Stop Vehicle on Park Road,5.355624178918199,5.155624178918199,0.2,zero_shot,zero_shot,State Highway Patrol Attempts to Stop Vehicle for Traffic Violation in Wapakoneta,5.260147087067335,0.0954770918508645,6.6662404e-05,4.871664,4.8805494,4.732802,4.118103,4.9071536,4.791433,0.96001047,0.875,4.0,True,2.25,0.0,0.0,2.0,3.0,agentic_selected,agentic_selected,State Highway Patrol Attempts to Stop Vehicle on Park Road,5.155624178918199,4.0,False
specificity,"Specificity selector: preserve source-supported detail scoring, then boost candidates that remain clear and audience-fit.",34,sports,zero_shot,zero_shot,api_zero_shot_generator,"Dolphins Prepare for NFL Draft, Showcase Top College Prospects in Week 11",5.577806101559557,5.127806101559557,0.44999999999999996,agentic_selected,agentic_selected,Week 11 College Football Highlights Key Prospects for Dolphins' Draft Strategy,5.381026272244111,0.1967798293154459,9.520888e-05,4.8663654,4.86875,4.759097,4.2058034,4.89913,4.815244,0.767103,0.7777777777777778,5.0,True,4.25,0.0,0.0,4.0,5.0,zero_shot,zero_shot,"Dolphins Prepare for NFL Draft, Showcase Top College Prospects in Week 11",5.127806101559557,5.0,False
specificity,"Specificity selector: preserve source-supported detail scoring, then boost candidates that remain clear and audience-fit.",35,sports,zero_shot,zero_shot,api_zero_shot_generator,Yankees' James Paxton acknowledges tipping pitches after Astros matchup in April,5.701155919186499,5.1011559191865,0.6,agentic_selected,agentic_selected,Astros' Reputation for Sign Stealing Noted by Yankees Before Game 2,5.230568253971,0.47058766521549966,7.452403e-05,4.873251,4.874934,4.73592,4.145009,4.9033737,4.8052397,0.9459625,0.6,5.0,True,5.0,1.0,1.0,5.0,5.0,generic_sft,generic_sft,Astros are good at stealing signs and picking up on opposing pitchers' small tells,5.1154835719594995,3.0,True
specificity,"Specificity selector: preserve source-supported detail scoring, then boost candidates that remain clear and audience-fit.",36,health,agentic_selected,agentic_selected,agentic_selector_v3,Scientists Intentionally Infect Healthy Individuals to Study Virus Progression,5.35885859392,5.09635859392,0.26249999999999996,zero_shot,zero_shot,Scientists to Intentionally Infect Healthy Individuals for Virus Research,5.333744327300713,0.02511426661928695,0.0009000024,4.8600655,4.885249,4.687722,4.1913695,4.904375,4.7786407,1.0490552,0.625,5.0,True,4.0,0.0,0.0,4.0,3.5,agentic_candidate,36_c1,Scientists Intentionally Infect Healthy Individuals to Study Virus Progression,5.096358693219371,,True
specificity,"Specificity selector: preserve source-supported detail scoring, then boost candidates that remain clear and audience-fit.",37,lifestyle,specificity_sft,specificity_sft,specificity_sft_generator,"Wedding gowns made from quilted Northern toilet paper, tape, glue, and a needle and thread",5.370831692166667,5.070831692166667,0.3,zero_shot,zero_shot,Wedding Gowns Created from Quilted Northern Toilet Paper and Craft Supplies,5.079157296333333,0.29167439583333366,0.19242851,4.8530674,4.8752346,4.7028103,4.2189713,4.896714,4.777454,0.9573439,1.0,5.0,True,4.0,0.0,0.0,4.0,4.0,specificity_sft,specificity_sft,"Wedding gowns made from quilted Northern toilet paper, tape, glue, and a needle and thread",5.070831692166667,5.0,False
specificity,"Specificity selector: preserve source-supported detail scoring, then boost candidates that remain clear and audience-fit.",38,sports,zero_shot,zero_shot,api_zero_shot_generator,Voting Open for Grand Rapids Area's Top Player from Postseason Openers,5.344394638403554,4.7631446384035545,0.5812499999999999,agentic_selected,agentic_selected,Vote for Grand Rapids' Top Player from Last Week's Playoff Openers,5.192240301890556,0.15215433651299826,8.158256e-05,4.6672597,4.803702,4.1319947,3.7943518,4.8557367,4.346362,0.5620171,0.7777777777777778,5.0,True,5.0,1.0,1.0,5.0,4.75,agentic_selected,agentic_selected,Vote for Grand Rapids' Top Player from Last Week's Playoff Openers,4.910990301890556,4.0,True
specificity,"Specificity selector: preserve source-supported detail scoring, then boost candidates that remain clear and audience-fit.",39,sports,zero_shot,zero_shot,api_zero_shot_generator,"Hawaii Man Catches Over 100-Pound Ulua, Fulfilling Fisherman's Dream",5.4327969153,5.0952969153,0.33749999999999997,original,original,Hawaii angler lands rare giant ulua,5.426509015763165,0.006287899536834729,0.000214966,4.866301,4.8728333,4.761167,4.2478056,4.8919516,4.811717,0.975702,0.5,5.0,True,4.5,0.25,0.0,5.0,4.5,generic_sft,generic_sft,Hawaii man fulfills dream of fishing with ulua weighing 100 pounds,5.134593968403055,5.0,True
specificity,"Specificity selector: preserve source-supported detail scoring, then boost candidates that remain clear and audience-fit.",40,autos,original,original,human_editor,"1 dead, 2 injured in U.S. 127 head-on collision near Camden, state patrol says",5.513484119151499,5.0259841191515,0.4875,zero_shot,zero_shot,"Head-on collision on U.S. 127 leaves one dead, two injured",5.492179178114,0.021304941037499248,9.134633e-05,4.856574,4.8814993,4.6733646,4.0851316,4.904056,4.7556305,0.31692275,0.7,5.0,True,4.25,0.5,0.0,4.0,4.5,generic_sft,generic_sft,State patrol working to determine who went left of center in head-on collision along U.S. 127 south of Camden,5.077040651006968,4.0,True
specificity,"Specificity selector: preserve source-supported detail scoring, then boost candidates that remain clear and audience-fit.",41,finance,original,original,human_editor,"Online petition to keep divisive Braves tomahawk chop nears 60,000",5.3953157335304445,4.8328157335304445,0.5625,agentic_selected,agentic_selected,Kevin Mooneyhan Reflects on Loss in Game 5 and Tomahawk Chop,5.308566049753642,0.08674968377680248,9.038092e-05,4.80822,4.871195,4.5366626,4.107171,4.899358,4.686382,0.038991705,0.2222222222222222,4.0,True,4.5,1.0,1.0,5.0,4.5,agentic_selected,agentic_selected,Kevin Mooneyhan Reflects on Loss in Game 5 and Tomahawk Chop,5.058566049753642,5.0,True
specificity,"Specificity selector: preserve source-supported detail scoring, then boost candidates that remain clear and audience-fit.",42,weather,generic_sft,generic_sft,generic_sft_generator,Fort Collins celebrates 20th anniversary of climate action efforts,5.7283484240595,5.1470984240595,0.5812499999999999,specificity_sft,specificity_sft,Fort Collins celebrates 20th anniversary of climate action,5.6914216596100715,0.03692676444942844,9.402209e-05,4.856181,4.8639936,4.7236958,4.177697,4.896754,4.78408,0.96010804,0.875,4.0,True,4.0,0.0,0.0,4.0,4.75,agentic_candidate,42_c1,Fort Collins Marks 20th Anniversary of Climate Action with Free Lincoln Center Event,5.182431590762081,,True
specificity,"Specificity selector: preserve source-supported detail scoring, then boost candidates that remain clear and audience-fit.",43,news,generic_sft,generic_sft,generic_sft_generator,Trump equates hate crime allegation to current impeachment process,5.621868662604499,5.0406186626044995,0.5812499999999999,specificity_sft,specificity_sft,Trump equates case of hate crime allegation made by actor Jussie Smollett to current impeachment process,5.449076666093718,0.1727919965107816,0.00014193199,4.815591,4.8549495,4.561731,3.9935536,4.8893175,4.6720505,0.77742577,0.875,4.0,True,4.5,0.0,0.0,4.0,4.75,specificity_sft,specificity_sft,Trump equates case of hate crime allegation made by actor Jussie Smollett to current impeachment process,5.149076666093718,4.0,True
specificity,"Specificity selector: preserve source-supported detail scoring, then boost candidates that remain clear and audience-fit.",44,finance,agentic_selected,agentic_selected,agentic_selector_v3,Current Low-End Rental Prices in Zilker for Apartment Hunters,5.270459477517999,4.9204594775179995,0.35000000000000003,zero_shot,zero_shot,Low-End Rental Prices in Zilker Trending for Apartment Hunters,5.222922947855,0.04753652966299882,8.164996e-05,4.7985144,4.862555,4.4716196,4.052878,4.9006634,4.643513,0.4329515,0.625,4.0,True,4.0,0.0,0.0,4.0,4.0,agentic_selected,agentic_selected,Current Low-End Rental Prices in Zilker for Apartment Hunters,4.9204594775179995,4.0,False
specificity,"Specificity selector: preserve source-supported detail scoring, then boost candidates that remain clear and audience-fit.",45,health,generic_sft,generic_sft,generic_sft_generator,"CBD can be found in food, drinks, and even skincare products",5.5182525132124995,5.1245025132125,0.39375,zero_shot,zero_shot,"CBD is increasingly available in food, drinks, and skincare products",5.377967654694142,0.14028485851835715,0.00053148175,4.837046,4.8740225,4.602432,4.1628723,4.8941855,4.7423697,1.0298139,1.0,5.0,True,3.5,0.0,0.0,4.0,3.25,specificity_sft,specificity_sft,CBD marketed as a natural solution to aches and pains,5.128607244249,4.0,True
specificity,"Specificity selector: preserve source-supported detail scoring, then boost candidates that remain clear and audience-fit.",46,foodanddrink,zero_shot,zero_shot,api_zero_shot_generator,Eat the Frog Fitness and MOOYAH Burgers to Open at Hill Center Brentwood,5.712004828879278,5.168254828879278,0.54375,agentic_selected,agentic_selected,Eat the Frog Fitness and MOOYAH to Open in Hill Center Brentwood,5.6931374716434995,0.018867357235778925,0.00037937533,4.869565,4.8769255,4.7471604,4.2171974,4.90184,4.7993045,0.9708569,0.8888888888888888,5.0,True,4.0,1.0,1.0,4.0,4.25,zero_shot,zero_shot,Eat the Frog Fitness and MOOYAH Burgers to Open at Hill Center Brentwood,5.168254828879278,5.0,False
specificity,"Specificity selector: preserve source-supported detail scoring, then boost candidates that remain clear and audience-fit.",47,news,zero_shot,zero_shot,api_zero_shot_generator,Unrepaired sinkhole in Lebanon causes stress for resident Debbie Carpenter,5.671768599181999,5.109268599181999,0.5625,agentic_selected,agentic_selected,Unrepaired Sinkhole on Elm Street Causes Stress for Local Resident,5.384601597779,0.28716700140299967,8.932404e-05,4.871096,4.8859186,4.7231927,4.1752353,4.908931,4.790562,1.0000964,0.625,5.0,True,5.0,1.0,1.0,5.0,4.5,zero_shot,zero_shot,Unrepaired sinkhole in Lebanon causes stress for resident Debbie Carpenter,5.109268599181999,5.0,False
specificity,"Specificity selector: preserve source-supported detail scoring, then boost candidates that remain clear and audience-fit.",48,travel,agentic_selected,agentic_selected,agentic_selector_v3,Texas Parks and Wildlife Highlights Bobwhite Quail Hunting Experience,5.174712256257249,5.043462256257249,0.13125000000000003,zero_shot,zero_shot,Hunting bobwhite quail remains a cherished tradition in Texas,5.135480449857143,0.03923180640010582,0.000103086095,4.82013,4.862571,4.56825,4.073179,4.8955917,4.677417,0.7091484,0.875,4.0,True,3.0,0.0,0.0,3.0,2.75,agentic_candidate,48_c2,Texas Parks and Wildlife Highlights Bobwhite Quail Hunting Experience,5.0434622601296715,,True
specificity,"Specificity selector: preserve source-supported detail scoring, then boost candidates that remain clear and audience-fit.",49,health,zero_shot,zero_shot,api_zero_shot_generator,Maximizing Gym Workouts in 20 to 30 Minutes for Targeted Muscle Training,5.405068803038857,4.905068803038857,0.5,agentic_selected,agentic_selected,Maximizing Gym Time: Effective Workouts in 20 to 30 Minutes,4.921052358623666,0.4840164444151904,0.00047140912,4.8204083,4.8729286,4.5805435,4.189252,4.8954954,4.7268085,0.3871842,0.2857142857142857,4.0,True,4.75,1.0,1.0,5.0,5.0,zero_shot,zero_shot,Maximizing Gym Workouts in 20 to 30 Minutes for Targeted Muscle Training,4.905068803038857,4.0,False
specificity,"Specificity selector: preserve source-supported detail scoring, then boost candidates that remain clear and audience-fit.",50,foodanddrink,zero_shot,zero_shot,api_zero_shot_generator,Vice Officers Raid Building Linked to Design District Massage Parlor,5.644621330681556,5.1508713306815554,0.49374999999999997,agentic_candidate,50_c2,Design District Massage Parlor Raided by Vice Officers,5.452601501054596,0.19201982962696018,8.189972e-05,4.8693085,4.870652,4.74751,4.168494,4.89659,4.80634,1.0557768,0.7777777777777778,5.0,True,4.25,1.0,1.0,5.0,4.25,agentic_candidate,50_c2,Design District Massage Parlor Raided by Vice Officers,5.152601501054596,,True
specificity,"Specificity selector: preserve source-supported detail scoring, then boost candidates that remain clear and audience-fit.",51,news,generic_sft,generic_sft,generic_sft_generator,Liberals take early lead after polls close in four provinces,5.503110964604556,5.034360964604556,0.46875,original,original,Trudeau's Liberals take early lead after first Canadian polls close,5.4438119711985,0.059298993406056155,7.596878e-05,4.825691,4.8580475,4.595265,4.0897074,4.889672,4.7098,0.69285375,0.7777777777777778,4.0,True,4.25,0.25,0.0,4.0,4.25,generic_sft,generic_sft,Liberals take early lead after polls close in four provinces,5.034360964604556,4.0,False
specificity,"Specificity selector: preserve source-supported detail scoring, then boost candidates that remain clear and audience-fit.",52,finance,agentic_selected,agentic_selected,agentic_selector_v3,Councilmember Opposes Massive Rent Increases and Unjust Evictions,5.476017422323321,5.126017422323321,0.35000000000000003,specificity_sft,specificity_sft,Councilmember: 'We can't allow massive rent increases and unjust evictions to happen anymore',5.383776533354364,0.09224088896895655,9.2731345e-05,4.852791,4.8921795,4.6912932,4.20714,4.9109826,4.779312,0.8605366,0.8571428571428571,5.0,True,4.0,0.0,0.0,4.0,4.0,agentic_selected,agentic_selected,Councilmember Opposes Massive Rent Increases and Unjust Evictions,5.126017422323321,5.0,False
specificity,"Specificity selector: preserve source-supported detail scoring, then boost candidates that remain clear and audience-fit.",53,finance,agentic_selected,agentic_selected,agentic_selector_v3,Fosun Acquires Thomas Cook Brand for $14.2 Million,5.673180164077166,5.073180164077167,0.6,generic_sft,generic_sft,Fosun snaps up Thomas Cook for 11 million ($14.2 million),5.6586056150444985,0.01457454903266786,7.786131e-05,4.8470736,4.8729234,4.6568193,4.1663427,4.899345,4.7560873,0.5918751,0.8333333333333334,4.0,True,4.0,0.0,0.0,4.0,5.0,agentic_selected,agentic_selected,Fosun Acquires Thomas Cook Brand for $14.2 Million,5.073180164077167,4.0,False
specificity,"Specificity selector: preserve source-supported detail scoring, then boost candidates that remain clear and audience-fit.",54,news,zero_shot,zero_shot,api_zero_shot_generator,Dogs Available for Adoption at Centers in Seattle Area,5.652092079553333,5.089592079553333,0.5625,generic_sft,generic_sft,Pet adoption centers in Seattle: Dogs up for adoption,5.435803789256,0.21628829029733332,0.0001294084,4.8661137,4.880831,4.735577,4.1713324,4.907694,4.8001213,0.6944825,0.6666666666666666,5.0,True,4.25,0.75,1.0,5.0,4.5,generic_sft,generic_sft,Pet adoption centers in Seattle: Dogs up for adoption,5.154553789256,5.0,True
specificity,"Specificity selector: preserve source-supported detail scoring, then boost candidates that remain clear and audience-fit.",55,health,zero_shot,zero_shot,api_zero_shot_generator,Becoming a dentist is a long and costly process in health care,5.352806847943571,4.8090568479435705,0.54375,generic_sft,generic_sft,"A dentist is a long, costly, and demanding endeavor",4.879348444961,0.4734584029825708,0.0011291433,4.6953263,4.821965,4.1301565,3.9660337,4.856329,4.4960775,0.68528366,0.8571428571428571,5.0,True,4.25,0.75,1.0,5.0,4.25,generic_sft,generic_sft,"A dentist is a long, costly, and demanding endeavor",4.816848444961,2.0,True
specificity,"Specificity selector: preserve source-supported detail scoring, then boost candidates that remain clear and audience-fit.",56,news,zero_shot,zero_shot,api_zero_shot_generator,"Gilroy mother accused of drowning daughter says she ""just snapped"" in dispatcher call",5.491788312404546,5.104288312404546,0.3875,generic_sft,generic_sft,"Gilroy mother accused of drowning 2-year-old daughter tells dispatcher she ""just snapped""",5.290099908166667,0.20168840423787948,0.012287869,4.86632,4.8825445,4.7010736,4.077816,4.9070215,4.7724047,0.95839393,0.7272727272727273,5.0,True,4.25,0.5,0.0,4.0,4.5,zero_shot,zero_shot,"Gilroy mother accused of drowning daughter says she ""just snapped"" in dispatcher call",5.104288312404546,5.0,False
specificity,"Specificity selector: preserve source-supported detail scoring, then boost candidates that remain clear and audience-fit.",57,news,original,original,human_editor,Debbie Wasserman Schultz defends calling Ken Cuccinelli a white supremacist,5.709902732650556,5.109902732650556,0.6,zero_shot,zero_shot,Rep. Debbie Wasserman Schultz Defends Calling USCIS Director Cuccinelli a White Supremacist,5.680939481399863,0.02896325125069321,0.0026361109,4.867338,4.88085,4.7331944,4.13597,4.904441,4.7915273,0.71504617,0.7777777777777778,5.0,True,5.0,1.0,1.0,5.0,5.0,generic_sft,generic_sft,Rep. Debbie Wasserman Schultz stands by remarks from USCIS Director Ken Cuccinelli,5.164515404066999,4.0,True
specificity,"Specificity selector: preserve source-supported detail scoring, then boost candidates that remain clear and audience-fit.",58,lifestyle,zero_shot,zero_shot,api_zero_shot_generator,Effective Cleaning Products That Save Time and Avoid Harsh Chemicals,5.535150365489334,5.041400365489333,0.49374999999999997,round1_final,round1_final,Effective Cleaning Products That Save Time and Avoid Harsh Chemicals,5.041400365489333,0.49375000000000036,0.00033350632,4.8421755,4.882513,4.5877056,4.1642113,4.9036837,4.7372227,0.884678,0.6666666666666666,5.0,True,4.25,0.5,1.0,5.0,4.25,zero_shot,zero_shot,Effective Cleaning Products That Save Time and Avoid Harsh Chemicals,5.041400365489333,5.0,False
specificity,"Specificity selector: preserve source-supported detail scoring, then boost candidates that remain clear and audience-fit.",59,health,specificity_sft,specificity_sft,specificity_sft_generator,"Patient's name has not been released, but there's a breakdown of what we do know",4.965946603484849,4.403446603484849,0.5625,original,original,Patient dies in ER at WellSpan York Hospital what we know now,4.690528320138,0.27541828334684926,0.9999627,4.7181587,4.826149,4.2262745,3.9405432,4.847687,4.500238,0.6719245,0.9090909090909092,4.0,True,4.25,0.25,0.0,4.0,4.5,specificity_sft,specificity_sft,"Patient's name has not been released, but there's a breakdown of what we do know",4.403446603484849,4.0,False
specificity,"Specificity selector: preserve source-supported detail scoring, then boost candidates that remain clear and audience-fit.",60,news,zero_shot,zero_shot,api_zero_shot_generator,Sky Valley Education Center teachers evacuate students after fluorescent lights catch fire,5.7586479023495,5.1586479023495,0.6,agentic_selected,agentic_selected,Sky Valley Education Center Teachers Evacuate Students After Fluorescent Lights Catch Fire,5.7586479023495,0.0,0.00021150589,4.8692775,4.8744884,4.7548566,4.213519,4.8997016,4.805964,1.1293716,0.75,5.0,True,5.0,1.0,1.0,5.0,5.0,generic_sft,generic_sft,Students evacuated at Sky Valley Education Center after noxious fumes caught fire,5.164609173193182,5.0,True
specificity,"Specificity selector: preserve source-supported detail scoring, then boost candidates that remain clear and audience-fit.",61,foodanddrink,original,original,human_editor,San Francisco chefs find nostalgia in Japanese milk bread,5.169289726090001,4.569289726090001,0.6,zero_shot,zero_shot,San Francisco Chefs Embrace Milk Bread Amid Sourdough Tradition,4.849570361503333,0.3197193645866676,0.0037775198,4.4460154,4.663471,3.9355755,3.6388848,4.7497473,4.136075,0.52201355,0.75,4.0,True,5.0,1.0,1.0,5.0,5.0,original,original,San Francisco chefs find nostalgia in Japanese milk bread,4.569289726090001,4.0,False
specificity,"Specificity selector: preserve source-supported detail scoring, then boost candidates that remain clear and audience-fit.",62,news,zero_shot,zero_shot,api_zero_shot_generator,Authorities discover additional preserved fetuses at Dr. Ulrich Klopfer's home,5.655636942844501,5.1118869428445,0.54375,generic_sft,generic_sft,"Dr. Klopfer's family finds 2,246 preserved fetuses at Illinois home",5.2712859681185,0.38435097472600077,0.00010570479,4.8700995,4.883072,4.735978,4.1576424,4.905344,4.805813,0.9952254,0.625,5.0,True,4.75,1.0,1.0,5.0,4.25,agentic_candidate,62_c1,"Family Discovers 2,246 Preserved Fetuses at Dr. Ulrich Klopfer's Illinois Home",5.151956061765021,,True
specificity,"Specificity selector: preserve source-supported detail scoring, then boost candidates that remain clear and audience-fit.",63,foodanddrink,zero_shot,zero_shot,api_zero_shot_generator,30 Vintage Christmas Desserts Inspired by Grandma for Your Holiday Feast,5.352629986499999,4.7526299865,0.6,original,original,30 Vintage Christmas Desserts Inspired by Grandma,5.3408539065,0.011776079999999745,0.99997723,4.866006,4.875146,4.7446656,4.2476134,4.899939,4.8039293,1.1006558,1.0,4.0,True,5.0,0.0,0.0,5.0,5.0,zero_shot,zero_shot,30 Vintage Christmas Desserts Inspired by Grandma for Your Holiday Feast,4.7526299865,4.0,False
specificity,"Specificity selector: preserve source-supported detail scoring, then boost candidates that remain clear and audience-fit.",64,lifestyle,agentic_selected,agentic_selected,agentic_selector_v3,Fire Causes Major Damage at St. Bernadette School in South Seattle,5.610572129995499,5.141822129995499,0.46875,zero_shot,zero_shot,St. Bernadette Catholic School Cancels Classes After Overnight Fire Damage,5.466777555933778,0.14379457406172147,8.850001e-05,4.869769,4.886978,4.707058,4.1724143,4.9117393,4.7876844,0.89028645,0.875,4.0,True,3.75,0.0,0.0,4.0,4.25,zero_shot,zero_shot,St. Bernadette Catholic School Cancels Classes After Overnight Fire Damage,5.166777555933778,5.0,True
specificity,"Specificity selector: preserve source-supported detail scoring, then boost candidates that remain clear and audience-fit.",65,travel,zero_shot,zero_shot,api_zero_shot_generator,Volunteers Spread Holiday Cheer to Seniors Through Senior Santa Program in Brevard County,5.630659547581363,5.161909547581363,0.46875,generic_sft,generic_sft,Volunteers bring holiday cheer to Brevard County seniors as part of TRIAD's Senior Santa program,5.452766936731667,0.1778926108496961,0.0028900579,4.869133,4.875537,4.743514,4.206662,4.9011846,4.804123,1.0836372,0.8181818181818182,5.0,True,5.0,1.0,1.0,5.0,4.25,generic_sft,generic_sft,Volunteers bring holiday cheer to Brevard County seniors as part of TRIAD's Senior Santa program,5.190266936731667,5.0,True
specificity,"Specificity selector: preserve source-supported detail scoring, then boost candidates that remain clear and audience-fit.",66,sports,original,original,human_editor,Penn State's James Franklin gives student in Michigan State shirt his instead,5.464867202322727,4.983617202322727,0.48124999999999996,zero_shot,zero_shot,James Franklin Gives Penn State Shirt to Student Wearing Spartans Gear,5.397001360512,0.06786584181072719,0.023882871,4.8364882,4.8736763,4.609929,3.9936118,4.9055223,4.697749,0.49297142,0.6363636363636364,4.0,True,4.25,1.0,1.0,4.0,4.75,agentic_candidate,66_c3,Megan McNeely Receives Penn State T-Shirt from Coach Franklin on Campus,5.049665839390623,,True
specificity,"Specificity selector: preserve source-supported detail scoring, then boost candidates that remain clear and audience-fit.",67,sports,zero_shot,zero_shot,api_zero_shot_generator,Les Miles prepares for reunion with Oklahoma State this weekend,5.440066016663573,5.140066016663573,0.3,agentic_selected,agentic_selected,Les Miles Prepares for Reunion with Oklahoma State This Weekend,5.440066016663573,0.0,0.0003313017,4.865306,4.8729496,4.743598,4.175773,4.9021225,4.8074474,0.80353546,0.8571428571428571,5.0,True,4.0,0.0,0.0,4.0,4.0,agentic_candidate,67_c1,Les Miles Prepares for Reunion with Oklahoma State This Weekend,5.140066070991036,,True
specificity,"Specificity selector: preserve source-supported detail scoring, then boost candidates that remain clear and audience-fit.",68,news,zero_shot,zero_shot,api_zero_shot_generator,Kentucky Representatives and Mitch McConnell Respond After Vote,5.410387187593144,5.041637187593143,0.36875,generic_sft,generic_sft,Kentucky's Mitch McConnell has strong words in Senate,5.2445601853598225,0.16582700223332125,8.595392e-05,4.8200636,4.8662596,4.652108,4.0009046,4.8991914,4.73971,0.70406544,0.7142857142857143,5.0,True,4.25,0.25,0.0,4.0,4.25,zero_shot,zero_shot,Kentucky Representatives and Mitch McConnell Respond After Vote,5.041637187593143,5.0,False
specificity,"Specificity selector: preserve source-supported detail scoring, then boost candidates that remain clear and audience-fit.",69,lifestyle,original,original,human_editor,13 Things You Never Knew About Manatees,5.282794356499999,4.6827943565,0.6,zero_shot,zero_shot,13 Fascinating Facts About Manatees You May Not Know,5.098897265,0.18389709149999955,0.99997973,4.8581495,4.8798637,4.7049007,4.176492,4.9085135,4.778804,0.6029211,1.0,4.0,True,4.75,0.75,1.0,5.0,5.0,original,original,13 Things You Never Knew About Manatees,4.6827943565,4.0,False
specificity,"Specificity selector: preserve source-supported detail scoring, then boost candidates that remain clear and audience-fit.",70,sports,generic_sft,generic_sft,generic_sft_generator,Rafael Nadal pulls out of Paris Masters with abdominal injury,5.696601822183999,5.1153518221839995,0.5812499999999999,zero_shot,zero_shot,Rafael Nadal Withdraws from Paris Masters Due to Abdominal Injury,5.671981079809999,0.024620742374000137,0.00011622848,4.8506756,4.864719,4.6659174,4.143898,4.8907847,4.7626534,0.9154998,0.875,5.0,True,4.75,0.0,0.0,5.0,4.75,generic_sft,generic_sft,Rafael Nadal pulls out of Paris Masters with abdominal injury,5.1153518221839995,5.0,False
specificity,"Specificity selector: preserve source-supported detail scoring, then boost candidates that remain clear and audience-fit.",71,finance,agentic_candidate,71_c2,agentic_generator_v3_candidate,"8,000 Square-Foot Scottsdale Mansion Sold in Metro Phoenix",5.574350262162625,5.161850262162625,0.4125,generic_sft,generic_sft,"8,000-square-foot mansion in Scottsdale sold in metro Phoenix",5.5580731691992,0.016277092963425055,7.679621921852231e-05,4.864199638366699,4.878684997558594,4.744028091430664,4.190246105194092,4.905894756317139,4.801574230194092,0.7174867391586304,1.0,,True,3.75,0.0,0.0,4.0,3.5,agentic_candidate,71_c2,"8,000 Square-Foot Scottsdale Mansion Sold in Metro Phoenix",5.161850262162625,,False
specificity,"Specificity selector: preserve source-supported detail scoring, then boost candidates that remain clear and audience-fit.",72,health,agentic_selected,agentic_selected,agentic_selector_v3,Connor Murphy Highlights Photo Manipulation Strategies in 2016 YouTube Video,5.392068958583333,5.129568958583333,0.26249999999999996,agentic_candidate,72_c3,Connor Murphy Highlights Photo Manipulation Strategies in 2016 YouTube Video,5.129568974937623,0.2624999836457098,0.009011355,4.8709254,4.8676662,4.7573037,4.2035065,4.891799,4.8112397,1.0537984,0.6666666666666666,5.0,True,3.5,0.0,0.0,4.0,3.5,agentic_candidate,72_c3,Connor Murphy Highlights Photo Manipulation Strategies in 2016 YouTube Video,5.129568974937623,,True
specificity,"Specificity selector: preserve source-supported detail scoring, then boost candidates that remain clear and audience-fit.",73,lifestyle,agentic_selected,agentic_selected,agentic_selector_v3,Spooky Wedding Shoot Offers Halloween Inspiration for Your Big Day,5.161962432777779,4.711962432777779,0.45,zero_shot,zero_shot,Spooky Wedding Shoot Offers Dark Inspiration for Halloween Lovers,5.120945582499999,0.04101685027777968,0.9999497,4.8607883,4.8744373,4.7453947,4.234141,4.9008274,4.8009343,0.9349276,0.8888888888888888,5.0,True,3.75,0.0,0.0,4.0,4.0,agentic_candidate,73_c1,Spooky Wedding Shoot Offers Halloween Inspiration for Your Big Day,4.711962448226081,,True
specificity,"Specificity selector: preserve source-supported detail scoring, then boost candidates that remain clear and audience-fit.",74,news,zero_shot,zero_shot,api_zero_shot_generator,3 On Your Side shares tips to identify scam phone calls,5.311081166685,4.711081166685,0.6,agentic_selected,agentic_selected,3 On Your Side Warns of Social Security Administration Scam Calls,5.1721964201874995,0.13888474649750027,0.0011284407,4.628233,4.7576857,4.1133575,3.7259629,4.8321676,4.376608,0.6588421,0.625,5.0,True,5.0,1.0,1.0,5.0,5.0,agentic_candidate,74_c2,3 On Your Side Warns of Social Security Administration Scam Calls,4.8721964236246995,,True
specificity,"Specificity selector: preserve source-supported detail scoring, then boost candidates that remain clear and audience-fit.",75,travel,agentic_selected,agentic_selected,agentic_selector_v3,Milwaukee's Scooter Program Resumes Operations After Halloween Snowstorm,5.723903594073,5.142653594073,0.5812499999999999,zero_shot,zero_shot,Milwaukee scooter program resumes operations after brief winter weather break,5.683244278941249,0.040659315131750695,0.00071430206,4.8694296,4.884919,4.6774864,4.161977,4.9126024,4.7894487,1.0267048,0.875,5.0,True,4.75,0.0,0.0,5.0,4.75,agentic_candidate,75_c1,Milwaukee's Scooter Program Resumes Operations After Halloween Snowstorm,5.142653608322143,,True
specificity,"Specificity selector: preserve source-supported detail scoring, then boost candidates that remain clear and audience-fit.",76,news,zero_shot,zero_shot,api_zero_shot_generator,Steny Hoyer discusses impeachment decision after diplomats' testimony on Morning Joe,5.6477528652845,5.1665028652844995,0.48124999999999996,agentic_selected,agentic_selected,Steny Hoyer Discusses Impeachment Decision After Hearing with Kent and Taylor,5.520525869359277,0.12722699592522257,7.842159e-05,4.8717422,4.877677,4.7465363,4.163328,4.9024897,4.8027105,1.1509342,0.8,5.0,True,4.0,0.75,1.0,4.0,4.75,generic_sft,generic_sft,Steny Hoyer joins Morning Joe to discuss impeachment hearing,5.1776299028365,4.0,True
specificity,"Specificity selector: preserve source-supported detail scoring, then boost candidates that remain clear and audience-fit.",77,sports,original,original,human_editor,49ers offense still at less than full strength ahead of game vs. Arizona,5.603310266553799,5.022060266553799,0.5812499999999999,specificity_sft,specificity_sft,Garoppolo and 49ers offense could operate at less than full strength Sunday against Arizona,5.4186064761795,0.18470379037429918,7.8045436e-05,4.851741,4.882155,4.6408024,4.0501547,4.910471,4.7381153,0.42958242,0.7,5.0,True,4.75,1.0,1.0,5.0,4.75,generic_sft,generic_sft,49ers quarterback Jimmy Garoppolo and 49ers offense could operate at significantly less than full strength Sunday,5.129310671410833,4.0,True
specificity,"Specificity selector: preserve source-supported detail scoring, then boost candidates that remain clear and audience-fit.",78,weather,zero_shot,zero_shot,api_zero_shot_generator,Federal forecasters predict milder-than-average winter for much of the U.S,5.638204091547499,5.1507040915474995,0.4875,original,original,"Mild but changeable winter weather predicted for much of U.S., federal forecasters say",5.607022006519499,0.031182085028000017,0.00014958545,4.867734,4.8780546,4.7258835,4.170186,4.9042625,4.7953124,0.9314367,0.875,5.0,True,4.25,0.0,0.0,4.0,4.5,zero_shot,zero_shot,Federal forecasters predict milder-than-average winter for much of the U.S,5.1507040915474995,5.0,False
specificity,"Specificity selector: preserve source-supported detail scoring, then boost candidates that remain clear and audience-fit.",79,sports,zero_shot,zero_shot,api_zero_shot_generator,Michigan Wolverines Release Pregame Injury Report Ahead of Penn State Game,5.6859923372319985,5.104742337231999,0.5812499999999999,original,original,Michigan injury report: Here's who is expected to play at Penn State,5.53504426494611,0.1509480722858889,8.819504e-05,4.867448,4.870308,4.7596817,4.141307,4.8961763,4.8169174,0.7215235,0.7,5.0,True,4.0,0.0,0.0,4.0,4.75,generic_sft,generic_sft,Michigan Wolverines face No. 7 Penn State in Big Ten matchup,5.142688221063,4.0,True
specificity,"Specificity selector: preserve source-supported detail scoring, then boost candidates that remain clear and audience-fit.",80,finance,zero_shot,zero_shot,api_zero_shot_generator,20 Countries Identified as Frequent Tax Havens by Oxfam Research,5.6248323592641425,5.074832359264143,0.5499999999999999,agentic_selected,agentic_selected,Top 20 Countries Identified as Tax Havens by Oxfam Research,5.557475988094643,0.06735637116949977,0.00075416354,4.8382416,4.879306,4.666025,4.178813,4.911183,4.759884,0.8088341,0.7142857142857143,5.0,True,4.5,1.0,1.0,4.0,5.0,zero_shot,zero_shot,20 Countries Identified as Frequent Tax Havens by Oxfam Research,5.074832359264143,5.0,False
specificity,"Specificity selector: preserve source-supported detail scoring, then boost candidates that remain clear and audience-fit.",81,health,zero_shot,zero_shot,api_zero_shot_generator,Aaron Archer loses 40 pounds through HIIT workouts and calorie tracking,5.749287453248056,5.149287453248056,0.6,agentic_selected,agentic_selected,Aaron Archer Loses 40 Pounds Through HIIT and Weight Training,5.7066662977655,0.04262115548255618,0.00032062735,4.868296,4.881296,4.7414865,4.182453,4.902417,4.8084497,1.0417798,0.7777777777777778,5.0,True,5.0,1.0,1.0,5.0,5.0,zero_shot,zero_shot,Aaron Archer loses 40 pounds through HIIT workouts and calorie tracking,5.149287453248056,5.0,False
specificity,"Specificity selector: preserve source-supported detail scoring, then boost candidates that remain clear and audience-fit.",82,news,original,original,human_editor,3 former LMPD officers plead guilty to federal charges of falsifying overtime records,5.6311833506864994,5.0311833506865,0.6,zero_shot,zero_shot,Three former Louisville officers ordered to pay restitution for overtime fraud,5.463932867361278,0.16725048332522174,0.00014007403,4.8470597,4.8791556,4.639016,4.122882,4.90399,4.7541695,0.71863914,0.6,5.0,True,5.0,1.0,1.0,5.0,5.0,agentic_selected,agentic_selected,Louisville Police Officers Plead Guilty to Overtime Fraud Scheme,5.1180085075993,4.0,True
specificity,"Specificity selector: preserve source-supported detail scoring, then boost candidates that remain clear and audience-fit.",83,autos,zero_shot,zero_shot,api_zero_shot_generator,Crashes near I-265 and I-65 in Louisville cause traffic backups,4.9373497031976425,4.356099703197643,0.5812499999999999,original,original,Crashes causing backups near I-265 and I-65 in Louisville,4.9127736602535,0.024576042944142173,0.00011576591,4.223631,4.53988,3.6168246,3.3948693,4.6707554,3.8224216,0.7513074,0.7142857142857143,5.0,True,4.5,0.0,0.0,5.0,4.75,agentic_candidate,83_c1,Two Crashes Cause Major Traffic Issues Near I-265 and I-65 in Louisville,4.418425983924034,,True
specificity,"Specificity selector: preserve source-supported detail scoring, then boost candidates that remain clear and audience-fit.",84,sports,generic_sft,generic_sft,generic_sft_generator,Head coach may have doomed his team - and his kicker - with questionable call,5.651381450872,5.170131450872,0.48124999999999996,zero_shot,zero_shot,Head coach's questionable call puts team and kicker at risk,5.428754956042499,0.22262649482950092,0.00011507584,4.854831,4.8644133,4.7297854,4.1555433,4.8926744,4.7816753,0.9370012,1.0,3.0,True,4.75,0.75,1.0,5.0,4.75,generic_sft,generic_sft,Head coach may have doomed his team - and his kicker - with questionable call,5.170131450872,3.0,False
specificity,"Specificity selector: preserve source-supported detail scoring, then boost candidates that remain clear and audience-fit.",85,weather,zero_shot,zero_shot,api_zero_shot_generator,"Video Captures Snow Progression in Point Place, Ohio, Amid Frozen Clock",5.7050437116357,5.1050437116357,0.6,agentic_selected,agentic_selected,"Video Showcases Snow Progression in Point Place, Ohio on Nov. 12",5.509971038248,0.19507267338769996,8.4385254e-05,4.8770037,4.875555,4.737275,4.1956143,4.9041095,4.7919927,0.74117935,0.7,5.0,True,5.0,1.0,1.0,5.0,5.0,agentic_candidate,85_c1,"Video Showcases Snow Progression in Point Place, Ohio on Nov. 12",5.141221038899675,,True
specificity,"Specificity selector: preserve source-supported detail scoring, then boost candidates that remain clear and audience-fit.",86,foodanddrink,round2_final,round2_final,critic_guided_rewriter_round2,Hash Kitchen in Phoenix Offers 60-Ingredient Bloody Mary Bar,5.56149260367,5.1114926036699995,0.45,agentic_selected,agentic_selected,Hash Kitchen in Phoenix Features Arizona's Largest Bloody Mary Bar,5.507809634030556,0.053682969639443634,0.0008069474,4.863878,4.8778596,4.699691,4.1857424,4.901242,4.7804437,0.9055655,0.75,4.0,True,4.0,0.0,0.0,4.0,4.0,round1_final,round1_final,Hash Kitchen in Phoenix Offers 60-Ingredient Bloody Mary Bar,5.1114926036699995,,True
specificity,"Specificity selector: preserve source-supported detail scoring, then boost candidates that remain clear and audience-fit.",87,news,zero_shot,zero_shot,api_zero_shot_generator,"Great white shark over 2,000 pounds spotted off US East Coast",5.6988311940235,5.1175811940235,0.5812499999999999,generic_sft,generic_sft,Great white shark swimming along US East Coast,5.5792352391355005,0.11959595488799923,0.00012210217,4.8678536,4.879323,4.750188,4.1565466,4.902688,4.8026195,0.6604203,0.8,5.0,True,5.0,0.25,0.0,5.0,4.75,generic_sft,generic_sft,Great white shark swimming along US East Coast,5.1292352391355,4.0,True
specificity,"Specificity selector: preserve source-supported detail scoring, then boost candidates that remain clear and audience-fit.",88,sports,zero_shot,zero_shot,api_zero_shot_generator,Bengals Continue Search for Future Quarterback After Finley's Performance,5.687033279441499,5.087033279441499,0.6,agentic_selected,agentic_selected,Bengals Assess Quarterback Options Following Finley's Performance,5.3425110832467855,0.34452219619471336,0.00011189013,4.8724475,4.8749914,4.7517853,4.1762333,4.9025106,4.8057785,0.92947865,0.5,5.0,True,5.0,1.0,1.0,5.0,5.0,generic_sft,generic_sft,Finley: Bengals still looking for quarterback of the future,5.13258818316925,5.0,True
specificity,"Specificity selector: preserve source-supported detail scoring, then boost candidates that remain clear and audience-fit.",89,lifestyle,original,original,human_editor,Photographer tends a picture-perfect garden in Oakdale,5.4653487617589995,4.865348761759,0.6,round2_final,round2_final,Michelle Mero Riedel Cultivates a Garden in Oakdale,5.403939408316667,0.06140935344233256,0.00048158498,4.7790747,4.8427114,4.400676,4.0248413,4.8802514,4.584903,0.5402175,0.5,4.0,True,5.0,1.0,1.0,5.0,5.0,round2_final,round2_final,Michelle Mero Riedel Cultivates a Garden in Oakdale,5.103939408316667,4.0,True
specificity,"Specificity selector: preserve source-supported detail scoring, then boost candidates that remain clear and audience-fit.",90,foodanddrink,agentic_selected,agentic_selected,agentic_selector_v3,Food52 Celebrates Enduring Popularity of Nancy Silverton's Chopped Salad Recipe,5.393752423063889,4.993752423063889,0.4,zero_shot,zero_shot,Food52 Highlights Chopped Salad Popularized by Nancy Silverton at Pizzeria Mozza,5.261483780555555,0.13226864250833348,0.0071497685,4.831656,4.8680973,4.5847206,4.1103516,4.9009495,4.7131777,0.97226155,0.4444444444444444,5.0,True,4.0,0.0,0.0,4.0,4.0,agentic_selected,agentic_selected,Food52 Celebrates Enduring Popularity of Nancy Silverton's Chopped Salad Recipe,4.993752423063889,5.0,False
specificity,"Specificity selector: preserve source-supported detail scoring, then boost candidates that remain clear and audience-fit.",91,news,original,original,human_editor,"SoCal Man Who Donated $900K to Trump Will Plead Guilty to Hiding Work as Foreign Agent, Illegal Campaign Contributions",5.444146441303333,4.937896441303334,0.50625,agentic_selected,agentic_selected,Imaad Shah Zuberi to Plead Guilty to Concealing Foreign Agent Work and Campaign Violations,5.2715449288906635,0.17260151241266986,0.0001530934,4.8355207,4.8670053,4.5822563,3.9451928,4.900224,4.678533,0.645795,0.5625,5.0,True,5.0,1.0,1.0,5.0,4.75,agentic_candidate,91_c2,Imaad Shah Zuberi to Plead Guilty to Concealing Foreign Agent Work and Campaign Violations,5.02154496831787,,True
specificity,"Specificity selector: preserve source-supported detail scoring, then boost candidates that remain clear and audience-fit.",92,sports,zero_shot,zero_shot,api_zero_shot_generator,Monty Williams praises Juwan Howard's coaching curiosity in first year at Michigan,5.322788967499999,5.0227889674999995,0.3,generic_sft,generic_sft,Michigan coach Juwan Howard asks questions about coaching,5.180401361131,0.14238760636899972,0.16910745,4.864789,4.8688564,4.747952,4.233318,4.896329,4.8048215,0.6726893,0.7,5.0,True,3.75,0.0,0.0,3.0,4.0,generic_sft,generic_sft,Michigan coach Juwan Howard asks questions about coaching,5.130401361131,4.0,True
specificity,"Specificity selector: preserve source-supported detail scoring, then boost candidates that remain clear and audience-fit.",93,news,original,original,human_editor,Last month hottest October on record: EU climate service,5.644381625173,5.044381625173,0.6,zero_shot,zero_shot,"October 2023 recorded as the hottest October globally, exceeding previous records",5.566450142969999,0.07793148220300061,0.00016850406,4.8091354,4.8561077,4.505973,3.9723685,4.894776,4.620138,0.80882037,1.0,4.0,True,5.0,1.0,1.0,5.0,5.0,zero_shot,zero_shot,"October 2023 recorded as the hottest October globally, exceeding previous records",5.097700142969999,5.0,True
specificity,"Specificity selector: preserve source-supported detail scoring, then boost candidates that remain clear and audience-fit.",94,health,original,original,human_editor,69 Texas Nursing Homes Make U.S. News 'Best' Ratings,5.652728111078713,5.0527281110787134,0.6,zero_shot,zero_shot,U.S. News & World Report announces 2019-20 best nursing homes ratings,5.612726118045778,0.04000199303293517,0.00013434046,4.8664885,4.883072,4.697624,4.1407995,4.9113417,4.782112,0.6745827,0.5714285714285714,5.0,True,5.0,1.0,1.0,5.0,5.0,zero_shot,zero_shot,U.S. News & World Report announces 2019-20 best nursing homes ratings,5.143976118045778,4.0,True
specificity,"Specificity selector: preserve source-supported detail scoring, then boost candidates that remain clear and audience-fit.",95,weather,zero_shot,zero_shot,api_zero_shot_generator,Intense storm brings 50-mph winds and large waves to Great Lakes shores,5.759396207318499,5.159396207318499,0.6,agentic_selected,agentic_selected,Waves Hit Lake Superior and Lake Michigan Amid Severe Storm This Week,5.371590376428333,0.38780583089016574,0.00025831707,4.8717513,4.870765,4.7508698,4.198122,4.8980236,4.811575,0.85953,0.9,5.0,True,5.0,1.0,1.0,5.0,5.0,zero_shot,zero_shot,Intense storm brings 50-mph winds and large waves to Great Lakes shores,5.159396207318499,5.0,False
specificity,"Specificity selector: preserve source-supported detail scoring, then boost candidates that remain clear and audience-fit.",96,travel,agentic_selected,agentic_selected,agentic_selector_v3,"Next Month, Explore the City on Your Own Moped",5.011731602357142,4.4117316023571425,0.6,zero_shot,zero_shot,Mopeds available for rent next month for personal exploration,4.7727064566458575,0.23902514571128464,0.07577143,4.3774357,4.630973,3.7570436,3.7095432,4.700727,4.0113673,0.33239943,0.7142857142857143,5.0,True,5.0,0.75,1.0,5.0,5.0,generic_sft,generic_sft,You'll be able to see it from your own moped driven by you next month,4.595840915166668,3.0,True
specificity,"Specificity selector: preserve source-supported detail scoring, then boost candidates that remain clear and audience-fit.",97,weather,original,original,human_editor,Minnesota Farms Report Low Yields After 'Extremely Challenging' Weather Conditions,5.3098585529185,4.7286085529185,0.5812499999999999,zero_shot,zero_shot,Minnesota farmer faces challenges with low crop production amid early November snow,5.259235662324226,0.050622890594273606,9.124907e-05,4.6538987,4.7874503,4.123337,3.8787072,4.8435993,4.378188,1.0392492,0.4,4.0,True,5.0,1.0,1.0,5.0,4.75,zero_shot,zero_shot,Minnesota farmer faces challenges with low crop production amid early November snow,4.909235662324226,5.0,True
specificity,"Specificity selector: preserve source-supported detail scoring, then boost candidates that remain clear and audience-fit.",98,lifestyle,zero_shot,zero_shot,api_zero_shot_generator,Campaign seeks missing photos of 11 Detroit veterans from Vietnam Memorial,5.598055746371749,5.148055746371749,0.45,agentic_selected,agentic_selected,Wall of Faces Campaign Seeks Photos of 11 Missing Detroit Veterans,5.296743990837499,0.3013117555342495,7.4930285e-05,4.871791,4.88062,4.734021,4.1671333,4.905659,4.8084974,0.8567625,0.875,5.0,True,4.0,0.0,0.0,4.0,4.0,agentic_selected,agentic_selected,Wall of Faces Campaign Seeks Photos of 11 Missing Detroit Veterans,5.159243990837499,5.0,True
specificity,"Specificity selector: preserve source-supported detail scoring, then boost candidates that remain clear and audience-fit.",99,news,original,original,human_editor,State auditor again issues subpoena to Clay County in citizen-mandated audit,5.769045780227998,5.169045780227998,0.6,zero_shot,zero_shot,Missouri Auditor Issues Subpoena for Clay County Audit Documents,5.54063359791935,0.2284121823086478,6.786616e-05,4.8736835,4.8804865,4.7281256,4.124632,4.9060726,4.7997074,1.0552989,0.9,5.0,True,4.75,0.75,1.0,5.0,5.0,original,original,State auditor again issues subpoena to Clay County in citizen-mandated audit,5.169045780227998,5.0,False
specificity,"Specificity selector: preserve source-supported detail scoring, then boost candidates that remain clear and audience-fit.",100,travel,original,original,human_editor,"Boca Raton's Mizner Park jazzes up plaza with new restaurants, stores, bars and entertainment",5.570608040886045,4.970608040886045,0.6,zero_shot,zero_shot,Mizner Park to Revitalize Retail Mix with New Tenants and Pop-Up Shops,5.333228408242333,0.23737963264371142,0.00021566793,4.786108,4.840303,4.5023937,4.0616093,4.8793497,4.652202,0.69447446,0.7272727272727273,5.0,True,5.0,1.0,1.0,5.0,5.0,generic_sft,generic_sft,Boca Raton shopping plaza in need of a refresh after losing tenants,5.071326079545,3.0,True
