seed_id,category,summary,best_variant,worst_variant,original_headline,original_rationale,original_clickbait_penalty,original_faithfulness,original_clarity,original_specificity,original_attractiveness,original_non_clickbait,original_overall,zero_shot_headline,zero_shot_rationale,zero_shot_clickbait_penalty,zero_shot_faithfulness,zero_shot_clarity,zero_shot_specificity,zero_shot_attractiveness,zero_shot_non_clickbait,zero_shot_overall,optimized_headline,optimized_rationale,optimized_clickbait_penalty,optimized_faithfulness,optimized_clarity,optimized_specificity,optimized_attractiveness,optimized_non_clickbait,optimized_overall,agentic_selected_headline,agentic_selected_rationale,agentic_selected_clickbait_penalty,agentic_selected_faithfulness,agentic_selected_clarity,agentic_selected_specificity,agentic_selected_attractiveness,agentic_selected_non_clickbait,agentic_selected_overall,zero_shot_local_final_score,zero_shot_local_quality_reward,zero_shot_local_pairwise_reward,zero_shot_local_pred_faithfulness,zero_shot_local_pred_clarity,zero_shot_local_pred_specificity,zero_shot_local_pred_overall,optimized_local_final_score,optimized_local_quality_reward,optimized_local_pairwise_reward,optimized_local_pred_faithfulness,optimized_local_pred_clarity,optimized_local_pred_specificity,optimized_local_pred_overall,agentic_selected_local_final_score,agentic_selected_local_quality_reward,agentic_selected_local_pairwise_reward,agentic_selected_local_pred_faithfulness,agentic_selected_local_pred_clarity,agentic_selected_local_pred_specificity,agentic_selected_local_pred_overall,agentic_vs_zero_overall_delta,agentic_vs_optimized_overall_delta,agentic_vs_zero_faithfulness_delta,agentic_vs_zero_clarity_delta,agentic_vs_zero_specificity_delta,agentic_vs_zero_attractiveness_delta,agentic_vs_zero_non_clickbait_delta,agentic_vs_zero_local_delta,agentic_vs_optimized_local_delta,case_type,agentic_loss_dimensions_vs_zero
1,news,"There's really nothing easy about being a NASA astronaut on the International Space Station, and the same goes for spacewalking outside of the orbiting laboratory. It's hard work, and when spacewalks stretch on for hours and hours, you have to be in excellent physical condition to make it through.",zero_shot,original,NASA's Christina Koch got a little bit messy during first all-female spacewalk,"While it mentions a specific astronaut and a unique event, it doesn't fully convey the challenges discussed in the summary.",0.999892,3,3,3,3,4,3,NASA Astronauts on ISS Face Challenges of Long Spacewalks,Accurately reflects the challenges faced by astronauts and aligns closely with the summary.,0.00010971178,5,5,4,4,5,5,NASA Astronauts on ISS Face Challenges of Long Spacewalks,"Identical to zero_shot, and accurately represents the content of the summary.",0.00010971178,5,5,4,4,5,5,NASA Astronauts Face Challenges During Spacewalks on the ISS,"Effectively highlights the challenges faced by astronauts during spacewalks, consistent with the summary.",0.00016358134,5,5,4,4,5,5,6.432365,4.68208,0.6962812,4.85689,4.885587,4.633436,4.7633214,6.432365,4.68208,0.6962812,4.85689,4.885587,4.633436,4.7633214,6.1435165,4.47879,0.6726011,4.7001286,4.7814927,4.243772,4.4957066,0,0,0,0,0,0,0,-0.2888485000000003,-0.2888485000000003,tie_or_mixed,
2,foodanddrink,"LODI -- Spain's king of red grapes, Tempranillo, has found a home in Lodi, where talented growers and winemakers respect and know how to handle the variety. To celebrate International Tempranillo Day, Bokisch Vineyards is putting on the fourth annual Lodi Tour of Tempranillo Friday through Sunday. This year, 13 boutique wineries in the Lodi American Viticultural Area will showcase their ...",original,optimized,Tour of Tempranillo offers taste of Lodi's take on the Spanish varietal,Captures the essence and purpose of the event clearly and engagingly.,0.0002376439,5,5,5,4,5,5,Lodi Celebrates International Tempranillo Day with Winery Tour and Tastings,Accurately reflects the celebration of Tempranillo with specific event details.,0.000101894075,5,5,5,4,5,5,Lodi Celebrates International Tempranillo Day with Winery Tour and Tastings,"Identical to the zero_shot, also accurately describes the event without exaggeration.",0.000101894075,5,5,5,4,5,5,Lodi Hosts Fourth Annual Tour of Tempranillo This Weekend,Clearly communicates the event details while maintaining interest.,0.00014586773,5,5,5,4,5,5,6.5198545,4.7239714,0.7908407,4.8683696,4.883463,4.7181835,4.805086,6.5198545,4.7239714,0.7908407,4.8683696,4.883463,4.7181835,4.805086,6.503255,4.7174034,0.7589402,4.8699236,4.882144,4.7190776,4.8060102,0,0,0,0,0,0,0,-0.016599499999999878,-0.016599499999999878,tie_or_mixed,
3,travel,"Today, roller coasters have become instruments of adrenaline (or torture, depending on your perspective). They break speed records, hurl passengers through space, and some are even designed to trick riders.",agentic_selected,original,The Best Roller Coasters Around the World,"The headline suggests rankings, but lacks specifics from the summary.",0.99994624,3,4,2,3,4,3,Roller Coasters Today: Speed Records and Thrilling Designs,Captures the essence of the summary and provides specific elements.,0.0004820778,4,5,4,4,5,4,Roller Coasters Today: Speed Records and Thrilling Designs,Same as zero_shot; well articulated and specific to the summary.,0.0004820778,4,5,4,4,5,4,Roller Coasters: Thrilling Speed Records and Innovative Designs,Very engaging and covers all necessary aspects while remaining faithful.,0.00023779803,4,5,4,5,5,5,6.2819552,4.4695024,1.0881518,4.6609154,4.7772074,4.2046022,4.497764,6.2819552,4.4695024,1.0881518,4.6609154,4.7772074,4.2046022,4.497764,6.0739985,4.373767,0.92331755,4.5610523,4.73071,4.0059576,4.346936,1,1,0,0,0,1,0,-0.20795669999999955,-0.20795669999999955,local_reward_underestimates_agentic,
4,sports,"The Seattle Seahawks once again rallied for a win, this time over the previously unbeaten 49ers. And this Seattle team is for real, writes Mike Jones.",zero_shot,agentic_selected,We always believe': Win over 49ers proves Seattle Seahawks' mindset is more than just lip service,Captures the essence of the Seahawks' mindset and their win while attributing it to Mike Jones.,0.00021865632,5,5,5,4,5,5,Seattle Seahawks Defeat Unbeaten 49ers in a Thrilling Comeback Victory,Clearly conveys the main event with excitement and detail.,0.00014257236,5,5,5,5,5,5,Seattle Seahawks Defeat Unbeaten 49ers in a Thrilling Comeback Victory,Identical to zero_shot; effectively communicates the significance of the victory.,0.00014257236,5,5,5,5,5,5,Mike Jones Highlights Seahawks' Impressive Victory Over 49ers,Highlights Mike Jones but lacks the same excitement and detail about the event.,0.000116833195,5,5,4,4,5,4,6.35817,4.669379,0.53802186,4.842174,4.857371,4.6551003,4.7449236,6.35817,4.669379,0.53802186,4.842174,4.857371,4.6551003,4.7449236,6.481703,4.664088,0.85555065,4.833261,4.8483276,4.6721115,4.7405195,-1,-1,0,0,-1,-1,0,0.12353300000000011,0.12353300000000011,local_reward_overestimates_agentic,"specificity, attractiveness"
5,sports,Listed starters for the Cyclones and Longhorns in their 2019 Big 12 Conference matchup at Jack Trice Stadium in Ames.,original,optimized,Depth charts: Projected starters for Iowa State vs. No. 23 Texas,Accurately conveys the essence of the summary with clarity and specificity.,0.00014219871,5,5,5,4,5,5,Cyclones and Longhorns Announce Starters for 2019 Big 12 Matchup,Captures the matchup details clearly with relevant teams and event.,8.874534e-05,5,5,5,4,5,5,Cyclones and Longhorns Announce Starters for 2019 Big 12 Matchup,Identical to zero_shot; clear and specific about the matchup.,8.874534e-05,5,5,5,4,5,5,Cyclones and Longhorns Announce Starters for 2019 Big 12 Matchup,Identical to zero_shot; maintains clarity and specificity.,8.874534e-05,5,5,5,4,5,5,6.5468,4.7142377,0.8498505,4.863799,4.863076,4.7774925,4.816195,6.5468,4.7142377,0.8498505,4.863799,4.863076,4.7774925,4.816195,6.5468,4.7142377,0.8498505,4.863799,4.863076,4.7774925,4.816195,0,0,0,0,0,0,0,0.0,0.0,tie_or_mixed,
6,health,A local airman returned home to the Miami Valley on Friday and was greeted by dozens of family and friends.,zero_shot,original,Local Airman returns from 6 Months in Afghanistan,Clearly states the event and location but lacks details about the personal welcome.,7.13402e-05,5,5,4,4,5,4,Local airman returns home to Miami Valley to warm welcome from family and friends,"Accurately conveys the event with emphasis on the warm welcome, enhancing appeal.",0.0002580485,5,5,5,5,5,5,Local airman returns home to Miami Valley to warm welcome from family and friends,"Identical to zero_shot, effectively highlights the homecoming and welcome.",0.0002580485,5,5,5,5,5,5,Local Airman Returns Home to Miami Valley to Warm Welcome,Well-structured and similarly effective as the zero_shot and optimized headlines.,0.00011943014,5,5,5,5,5,5,6.6530457,4.7229447,1.1079931,4.86919,4.876531,4.752138,4.8059835,6.6530457,4.7229447,1.1079931,4.86919,4.876531,4.752138,4.8059835,6.614156,4.7237434,1.0132711,4.867895,4.8789034,4.7454557,4.801484,0,0,0,0,0,0,0,-0.03888969999999947,-0.03888969999999947,tie_or_mixed,
7,news,"Students at Hartford's new Weaver campus are working to erase stark lines dividing the building's two school communities, the public school drawing students from the neighborhoods and the magnet arts school that mostly serves the suburbs. Working with staff and administrators, they're trying to counteract some of the unintended consequences of relocating and reorganizing three high schools ...",original,agentic_selected,"Hartford's Weaver forging a new identity at campus shared by public, magnet students",Clearly conveys the main goal of the students and the context of the schools involved.,0.00042799397,5,5,5,4,5,5,Students at Hartford's Weaver campus aim to unite two school communities,Effectively communicates the aim of the students while maintaining clarity.,0.0012563798,5,5,5,4,5,5,Students at Hartford's Weaver campus aim to unite two school communities,"Same as zero_shot, it summarizes the key points concisely.",0.0012563798,5,5,5,4,5,5,Weaver Campus Students Address Divisions of Public and Magnet Arts Schools,Describes the situation accurately and highlights the initiative taken by students.,0.00035594133,5,5,5,4,5,5,6.551743,4.7198915,0.88689506,4.8656015,4.8846827,4.7064734,4.796686,6.551743,4.7198915,0.8868951,4.8656015,4.8846827,4.7064734,4.796686,6.514684,4.6902623,0.8791834,4.850502,4.8708744,4.666378,4.7560177,0,0,0,0,0,0,0,-0.037059000000000175,-0.037059000000000175,tie_or_mixed,
8,sports,"Considering that Domingue is slated to be an unrestricted free agent this summer, finding an opportunity to play regularly (even if it isn't necessarily at the NHL level to start with) would be ideal.",zero_shot,original,Louis Domingue changes agents amid attempt to play at NHL level again,Mentions agent change but lacks focus on free agency goals.,7.25154e-05,4,4,2,3,4,3,Domingue Seeks Regular Playing Opportunity Ahead of Free Agency,Captures Domingue's goal clearly and accurately.,0.000104090184,5,5,4,4,5,5,Domingue Seeks Regular Playing Opportunity Ahead of Free Agency,Identical to zero_shot; maintains clarity and accuracy.,0.000104090184,5,5,4,4,5,5,Domingue Seeking Regular Playing Opportunity Ahead of Free Agency,Similar to zero_shot with slight wording variation; remains strong.,0.00014255088,5,5,4,4,5,5,6.209888,4.5015483,0.79117244,4.685709,4.804673,4.266836,4.484534,6.209888,4.5015483,0.79117244,4.685709,4.804673,4.266836,4.484534,5.9721036,4.354798,0.69270205,4.5599375,4.7309623,4.0146356,4.240163,0,0,0,0,0,0,0,-0.23778440000000067,-0.23778440000000067,tie_or_mixed,
9,news,A driver was fatally shot in St. Paul on Sunday night and police are searching for the person responsible.,original,optimized,Driver dies after being shot in St. Paul's Summit-U area,Accurately describes the incident with clear information about location.,9.4133684e-05,5,5,4,4,5,4,"Driver Fatally Shot in St. Paul, Police Investigate Incident","Directly reports the incident with police involvement, clear and engaging.",8.47197e-05,5,5,4,4,5,4,"Driver Fatally Shot in St. Paul, Police Investigate Incident","Identical to zero_shot, maintains clarity and relevance.",8.47197e-05,5,5,4,4,5,4,Police Investigate Fatal Shooting of Driver in St. Paul,Highlights police investigation effectively while retaining clarity.,6.949725e-05,5,5,4,4,5,4,6.4766555,4.7009177,0.7247644,4.8682165,4.8818855,4.7116127,4.786676,6.4766555,4.7009177,0.7247644,4.8682165,4.8818855,4.7116127,4.786676,6.47087,4.698854,0.7217772,4.862611,4.87605,4.707402,4.7819176,0,0,0,0,0,0,0,-0.005785499999999999,-0.005785499999999999,tie_or_mixed,
10,sports,The playoffs begin next week across Oklahoma. Here is a complete list of the first-round playoff pairings for each class. Class 6A-I Moore at Edmond Santa Fe Jenks at Mustang Norman at Owasso Tulsa Union at Broken Arrow Class 6A-II Sapulpa at Stillwater Choctaw at Muskogee Midwest City at Bixby Tulsa Washington at Del City Class 5A Woodward at Noble Tulsa Kelley at Collinsville Pryor ...,zero_shot,original,High school football: First-round playoff pairings,"Covers the main theme and is clear, but lacks detail about the location.",0.00011913487,5,5,4,4,5,4,Oklahoma Playoffs Begin Next Week with First-Round Pairings Announced,Detailed and clear while maintaining interest without being clickbait.,7.894984e-05,5,5,4,5,5,5,Oklahoma Playoffs Begin Next Week with First-Round Pairings Announced,Identical to zero_shot; maintains a strong presentation.,7.894984e-05,5,5,4,5,5,5,Oklahoma Playoffs: First-Round Pairings for All Classes Announced,Provides clear context about Oklahoma playoffs with a compelling angle.,7.859595e-05,5,5,4,5,5,5,6.617356,4.716293,1.032315,4.868193,4.868157,4.7516747,4.814538,6.617356,4.716293,1.032315,4.868193,4.868157,4.7516747,4.814538,6.5741024,4.701014,0.9705945,4.865255,4.878493,4.7120337,4.7859564,0,0,0,0,0,0,0,-0.04325359999999989,-0.04325359999999989,tie_or_mixed,
11,lifestyle,"It's a decade where you'll meet multiple princesses, a new Queen, The King, Prince and the future King of Pop.",zero_shot,original,50+ Amazing Things That Happened in the '50s,Does not relate to the summary and confuses the decade with unrelated content.,0.99997723,1,1,1,1,1,1,"Decade Features Multiple Princesses, New Queen, King, and Future King of Pop",Clearly describes the main elements of the summary with specific details.,0.002337608,5,5,5,4,5,5,"Decade Includes Several Princesses, New Queen, and Future King of Pop",Accurately conveys the content of the summary using clear language.,0.0012045939,5,5,5,4,5,5,Meet the New Queen and Future King of Pop This Decade,Focuses on engaging elements but less specific about multiple princesses.,0.99996614,4,5,4,5,5,4,6.5673823,4.682229,1.0308505,4.8420553,4.877178,4.6663065,4.738538,6.5307384,4.660137,1.008254,4.832629,4.874334,4.619362,4.7073746,5.6619263,4.4466276,0.82202727,4.64983,4.7875266,4.215491,4.378809,-1,-1,-1,0,-1,1,0,-0.905456,-0.8688120999999995,zero_shot_beats_agentic,"faithfulness, specificity"
12,sports,"When Monday's game against the Mavericks was tied at 86-86, one of the five Celtics on the floor wasn't even on an NBA roster last year. Now, that might not be surprising if the Celtics were floundering, but they're not. They're doing just the opposite. Now, there is an opportunity for others to contribute as a result of Gordon Hayward's injury. Even with that being the case, Javonte Green wasn't told by Brad Stevens he might see minutes in a...",zero_shot,original,Javonte Green didn't expect to play as much as he did vs. Mavericks,"The headline captures Javonte Green's unexpected contribution, though lacks details on the game context.",0.48741767,4,4,4,3,5,4,Celtics' Javonte Green steps up during close game after Hayward's injury,"This headline is detailed, clear, and accurately presents Green's contributions in context of the game and Hayward's injury.",0.000115679395,5,5,5,4,5,5,Celtics' Javonte Green steps up during close game after Hayward's injury,Identical to zero_shot; it effectively conveys the key points while maintaining clarity.,0.000115679395,5,5,5,4,5,5,Javonte Green Contributes as Celtics Thrive Without Gordon Hayward,"The headline conveys a positive spin on Green's contribution, though it's less specific about the game's context.",7.802297e-05,5,5,4,4,5,4,5.717996,4.2753663,0.26856154,4.5111322,4.695771,3.9509983,4.187411,5.717996,4.2753663,0.26856154,4.5111322,4.695771,3.9509983,4.187411,6.0788207,4.474311,0.49199218,4.6978617,4.7923803,4.2837276,4.4876575,-1,-1,0,0,-1,0,0,0.36082469999999933,0.36082469999999933,local_reward_overestimates_agentic,specificity
13,travel,Game wardens are investigating a fatal crash involving an all-terrain passenger vehicle in a small town west of Belfast. The wardens say the crash killed 30-year-old Rachel Curtis of Montville in her hometown on Sunday. They say Curtis was a passenger on an ATV that was traveling on a dirt road when it crashed before noon. The warden service says it is working with the district attorney's office to determine if the driver of the ATV will be...,zero_shot,agentic_selected,Charges possible after woman dies in ATV crash,The headline is clear and engaging but lacks detail on the location and victim's name.,8.957738e-05,4,5,3,4,5,4,"Game wardens investigate fatal ATV crash in Montville, killing 30-year-old Rachel Curtis","This headline includes all relevant details and is engaging, making it the strongest option.",0.00010517573,5,5,5,5,5,5,"Game wardens investigate fatal ATV crash in Montville, killing 30-year-old Rachel Curtis","Identical to zero_shot, it captures essential details attractively and clearly.",0.00010517573,5,5,5,5,5,5,Game Wardens Investigate Fatal ATV Crash Near Belfast,The headline lacks specifics about the victim and town but is still clear and not misleading.,6.947412e-05,4,4,3,4,5,4,6.6271944,4.720525,1.0475426,4.8718805,4.8740177,4.7483654,4.8170466,6.6271944,4.720525,1.0475426,4.8718805,4.8740177,4.7483654,4.8170466,6.600581,4.713587,1.0005205,4.8722253,4.87965,4.7301464,4.8076663,-1,-1,-1,-1,-2,-1,0,-0.026613399999999565,-0.026613399999999565,zero_shot_beats_agentic,"faithfulness, clarity, specificity, attractiveness"
14,finance,Critics say Procter & Gamble contributes to deforestation and should use recycled materials for paper products,zero_shot,original,Environmentalists' new target? Charmin toilet paper,"While it captures interest, it doesn't mention the specific criticisms.",6.3036845e-05,3,4,2,3,4,3,Critics urge Procter & Gamble to address deforestation and use recycled materials,"Accurate, clear, specific, and non-clickbait.",0.0003393238,5,5,5,4,5,5,Critics urge Procter & Gamble to address deforestation and use recycled materials,Same as zero_shot; clear and detailed.,0.0003393238,5,5,5,4,5,5,Procter & Gamble Criticized for Deforestation and Paper Product Sourcing,Offers a solid summary but lacks engagement compared to zero_shot.,0.000100612255,4,4,4,3,5,4,6.616434,4.707067,1.0651855,4.8579364,4.879862,4.725152,4.7936535,6.616434,4.707067,1.0651855,4.8579364,4.879862,4.725152,4.7936535,6.559323,4.6852036,0.9843832,4.8534775,4.8753405,4.6857705,4.7698984,-1,-1,-1,-1,-1,-1,0,-0.05711099999999991,-0.05711099999999991,zero_shot_beats_agentic,"faithfulness, clarity, specificity, attractiveness"
15,news,Plant officials told workers during early shifts less than 12 hours after a proposed tentative contract agreement was announced publicly.,original,agentic_selected,"Ford-UAW deal includes closing Romeo Engine Plant, moving 600 jobs",Accurately reflects details from the summary.,5.964781e-05,5,5,5,4,5,5,Plant Officials Inform Workers of Tentative Contract Agreement Less Than 12 Hours Later,Conveys key information but lacks specifics on implications.,8.371322e-05,4,5,4,3,5,4,Plant Officials Inform Workers of Tentative Contract Agreement Less Than 12 Hours Later,Same as zero_shot; lacks depth and specifics.,8.371322e-05,4,5,4,3,5,4,Plant Officials Inform Workers of Contract Agreement within 12 Hours,Less specific; omits crucial details about the contract.,8.200507e-05,4,5,3,3,5,4,6.5798373,4.711038,0.9535592,4.8667674,4.875832,4.738467,4.802994,6.5798373,4.711038,0.9535592,4.8667674,4.875832,4.738467,4.802994,6.5690904,4.7103834,0.9318446,4.8661146,4.8774843,4.7311954,4.801433,0,0,0,0,-1,0,0,-0.010746900000000004,-0.010746900000000004,tie_or_mixed,specificity
16,travel,": CELEBS AND KID PARTIESTampa Theatre is shaking up its annual Halloween film festival Nightmare on Franklin Street with two live shows. Catch the popular horror-comedy podcast The Last Podcast on the Left at 8 p.m. Friday. $34.50-$44.50. And Barry Bostwick, the star of The Rocky Horror Picture Show, will give a talk before a screening of the cult classic at 7 p.m. and midnight ...",agentic_selected,original,Top things to do in Tampa Bay this weekend: Oct. 18-20,Doesn't directly reference the specific events or guests.,0.99991024,2,4,2,3,4,3,Tampa Theatre Hosts Halloween Film Festival with Live Shows and Talks,Accurately captures the essence of the event but lacks specific details.,0.00013053334,4,5,3,4,5,4,Tampa Theatre Hosts Halloween Film Festival with Live Shows and Talks,Same as 'zero_shot'; effectively communicates the event.,0.00013053334,4,5,3,4,5,4,Halloween Film Festival at Tampa Theatre Includes Live Podcast and Rocky Horror Talk,"Most comprehensive and engaging, including key details about the events.",0.0001580825,5,5,5,5,5,5,6.5654583,4.7097425,0.92228675,4.8726864,4.878105,4.7250147,4.804549,6.5654583,4.7097425,0.92228675,4.8726864,4.878105,4.7250147,4.804549,6.6260953,4.7122736,1.0613705,4.8746696,4.8772144,4.737503,4.8056087,1,1,1,0,2,1,0,0.06063699999999983,0.06063699999999983,agentic_beats_zero_shot,
17,news,State officials including Republican Gov. Greg Abbott have targeted Austin's left-leaning policies toward homelessness as encampments have grown more prevalent in Texas' capital city.,zero_shot,original,"Homeless Become More Visible in Austin, Sparking Political Clash",Highlights the issue but lacks specifics on political actions.,0.00011034349,4,4,3,3,4,3,"Texas Officials, Including Gov. Abbott, Criticize Austin's Homelessness Policies",Accurately reflects the summary with clear details.,0.00015072916,5,5,4,4,5,5,"Texas Officials, Including Gov. Abbott, Criticize Austin's Homelessness Policies",Same as zero_shot; effectively conveys the key facts.,0.00015072916,5,5,4,4,5,5,Gov. Greg Abbott and State Officials Address Growing Homeless Encampments in Austin,"Strong focus on specific people and issues, accurately represents the summary.",0.00011856933,5,4,5,4,5,5,6.586177,4.708072,0.9834556,4.863575,4.881174,4.7241697,4.7982917,6.586177,4.708072,0.9834556,4.863575,4.881174,4.7241697,4.7982917,6.5859966,4.7137117,0.9586054,4.8706903,4.8797646,4.7427063,4.806328,0,0,0,-1,1,0,0,-0.00018040000000052459,-0.00018040000000052459,tie_or_mixed,clarity
18,news,"President Donald Trump was at Walter Reed National Medical Center on Saturday for what the White House said were medical tests as part of his annual physical. The appointment wasn't on his weekend public schedule that was released Friday night, and his last physical was in February. Press secretary Stephanie Grisham said the 73-year-old Trump was ``anticipating a very busy 2020'' and wanted to take advantage of ``a free...",zero_shot,original,White House: Trump having tests as part of medical checkup,Accurately reflects the event but lacks details like urgency and context.,8.9775596e-05,4,5,4,3,5,4,Trump Undergoes Medical Tests at Walter Reed as Part of Annual Physical,"Comprehensive, clear, and informative with specifics on location and context.",0.00020652267,5,5,5,4,5,5,Trump Undergoes Medical Tests at Walter Reed as Part of Annual Physical,"Identical to zero_shot, maintains high quality across all metrics.",0.00020652267,5,5,5,4,5,5,Trump Undergoes Medical Tests at Walter Reed for Annual Physical,"Clear and specific, but phrasing lacks the annual context implied in the other variants.",0.00014453469,5,5,4,4,5,4,6.409044,4.7088146,0.52792716,4.873452,4.883783,4.729767,4.7917175,6.409044,4.7088146,0.52792716,4.873452,4.883783,4.729767,4.7917175,6.387979,4.7065506,0.48261368,4.8729463,4.884719,4.723256,4.789939,-1,-1,0,0,-1,0,0,-0.02106500000000011,-0.02106500000000011,zero_shot_beats_agentic,specificity
19,health,"In a small study, researchers found that exercising before breakfast led to more fat loss, but not weight loss, than eating beforehand.",zero_shot,original,"The best time to exercise is before breakfast, a new study says",Misleadingly suggests a definitive 'best time' when results are more nuanced.,0.10456466,3,4,2,3,3,3,Study finds pre-breakfast exercise increases fat loss without affecting weight loss,Accurately reflects study findings and is clear and specific.,0.00017534287,5,5,4,4,5,5,Study finds pre-breakfast exercise increases fat loss without affecting weight loss,"Identical to zero_shot, correctly conveys the study's findings.",0.00017534287,5,5,4,4,5,5,Study Finds Morning Exercise More Effective for Fat Loss,More effective for fat loss is vague; doesn't specify it doesn't affect weight.,0.00021112993,4,4,2,4,4,3,6.3418474,4.5803967,0.8112627,4.7775145,4.8160925,4.4637985,4.6390686,6.3418474,4.5803967,0.8112627,4.7775145,4.8160925,4.4637985,4.6390686,6.4483423,4.658763,0.8228848,4.824965,4.856825,4.6045327,4.7164025,-2,-2,-1,-1,-2,0,-1,0.10649490000000039,0.10649490000000039,local_reward_overestimates_agentic,"faithfulness, clarity, specificity, non_clickbait"
20,sports,"The Cincinnati Bengals lost running back Giovani Bernard to a knee injury during the team's Week 10 game against the Baltimore Ravens. Bernard went to the blue tent in the second quarter and the team quickly ruled him out. They then revised it to a doubtful tag before he unexpectedly made his return in the second half. At the time of the injury, the Ravens had a 28-3 lead and Bernard had turned two carries into 10 yards while serving as the...",agentic_selected,optimized,"Giovani Bernard suffers knee injury vs. Ravens, eventually returns",Accurately depicts the injury and recovery while being clear and specific.,0.00010583348,5,5,5,4,5,5,Bengals' Giovani Bernard suffers knee injury during Week 10 game against Ravens,Clearly presents the injury event with specific details.,0.00027728552,5,5,5,4,5,5,Bengals' Giovani Bernard suffers knee injury during Week 10 game against Ravens,Identical to zero_shot; effectively communicates the injury and specifics.,0.00027728552,5,5,5,4,5,5,Cincinnati Bengals' Giovani Bernard Returns After Knee Injury Against Ravens,"Highlights the return aspect, making it more engaging while maintaining specificity and clarity.",9.898959e-05,5,5,5,5,5,5,6.4702597,4.7086673,0.6702874,4.872093,4.867287,4.760122,4.813695,6.4702597,4.7086673,0.6702874,4.872093,4.867287,4.760122,4.813695,6.476571,4.704641,0.69360685,4.8719716,4.870617,4.756279,4.811598,0,0,0,0,0,1,0,0.006311300000000131,0.006311300000000131,tie_or_mixed,
21,lifestyle,"In April of this year student activists called for acknowledgment of inaction regarding racism in Worcester's schools. Last month, Worcester voters took to the polls with their selections for the district's new School Committee. The vote reveals that student activists' calls for change have fallen upon deaf ears. With only one person of color elected, Worcester's schools will continue to be ...",agentic_selected,original,"As I See It: What Worcester's election means for school discipline, representation","The headline mentions school discipline and representation, but lacks a clear focus on the specific outcome of the election.",0.015042855,3,3,2,2,4,3,Worcester's School Committee election shows limited progress on racial representation,Clearly states the outcome of the election and its implications for racial representation.,8.7827015e-05,5,4,4,3,5,4,Worcester's School Committee election shows limited progress on racial representation,"Identical to zero_shot, accurately reflects the election outcomes with a focus on representation.",8.7827015e-05,5,4,4,3,5,4,Worcester Voters Elect One Person of Color to School Committee,"Directly highlights the election of one person of color, making the outcome very clear and specific.",0.00012844751,5,4,5,4,5,5,6.44614,4.670263,0.76580524,4.8474674,4.886293,4.6169806,4.7437043,6.44614,4.670263,0.76580524,4.8474674,4.886293,4.6169806,4.7437043,6.456513,4.6806316,0.759027,4.852068,4.8875427,4.6383176,4.744663,1,1,0,0,1,1,0,0.01037300000000041,0.01037300000000041,agentic_beats_zero_shot,
22,news,"South Jersey, Group 3 2-Ocean City at 1-Clearview How they got here: Ocean City and Clearivew seem to meet in the sectional final every season, and it's no shock to see both programs back with the years they've both put together. Ocean City continued its impressive play from a year ago, earning wins against Haddonfield and Bishop Eustace to prove itself as one of the state's best. The Red ...",agentic_selected,optimized,"South Jersey, Group 3 final preview: Ocean City at Clearview",Accurately reflects the game preview while being clear and direct.,8.39721e-05,5,5,5,4,5,5,Ocean City Faces Clearview in South Jersey Group 3 Sectional Final,"Conveys the matchup accurately and clearly, interesting for readers.",9.597054e-05,5,5,5,4,5,5,Ocean City Faces Clearview in South Jersey Group 3 Sectional Final,Same as zero_shot; effectively states the matchup and context.,9.597054e-05,5,5,5,4,5,5,Ocean City and Clearview Meet Again in South Jersey Group 3 Final,"Highlights the rivalry aspect, making it compelling without being misleading.",9.189551e-05,5,5,5,5,5,5,6.1926193,4.5034747,0.6730204,4.7030582,4.773589,4.387124,4.4856577,6.1926193,4.5034747,0.6730204,4.7030582,4.773589,4.387124,4.4856577,6.3619533,4.633109,0.6563957,4.81143,4.8578615,4.6070976,4.6804686,0,0,0,0,0,1,0,0.1693340000000001,0.1693340000000001,tie_or_mixed,
23,finance,"Buy Microsoft on weakness to its semiannual value level at $131.71, or buy at Friday's close if the stock is above $138.17, the key weekly moving average. The target is its quarterly risky level at $152.47.",zero_shot,original,How to Trade Microsoft on Solid Earnings but No New Intraday High,Doesn't convey the specific buy levels and includes unsupported claim about earnings.,0.000100248915,2,2,1,2,2,2,Buy Microsoft at semiannual value level or above weekly moving average,Accurately captures the trading advice with specific levels.,0.000102207036,5,5,5,4,5,5,Buy Microsoft at semiannual value level or above weekly moving average,"Identical to zero_shot, providing clear and specific trading advice.",0.000102207036,5,5,5,4,5,5,Investors Urged to Buy Microsoft on Weakness or Above Key Moving Average,Communicates urgency but lacks specifics on price levels.,7.012128e-05,4,4,4,3,4,4,6.5285125,4.7064357,0.8519098,4.8672523,4.885198,4.698696,4.7785983,6.5285125,4.7064357,0.8519098,4.8672523,4.885198,4.698696,4.7785983,5.9809284,4.308394,0.88826245,4.5161276,4.6762514,3.9284735,4.2074146,-1,-1,-1,-1,-1,-1,-1,-0.5475840999999999,-0.5475840999999999,zero_shot_beats_agentic,"faithfulness, clarity, specificity, attractiveness, non_clickbait"
24,news,WATERBURY A tractor-trailer found itself stuck under a railroad bridge Monday morning. Police said the truck wedge itself under the bridge at West Main Street and Sperry Street. There were some delays in the area while they worked to remove the truck. It's unknown at this time if there was any structural damage to the bridge. Traffic Accident Tractor Trailer stuck under R&R bridge West ...,original,agentic_selected,Tractor-trailer wedges itself under Waterbury bridge Monday morning,Accurately describes the event with clarity and specificity.,0.00014434945,5,5,5,4,5,5,"Tractor-trailer gets stuck under railroad bridge in Waterbury, causing delays",Accurately conveys the incident and its impact on traffic.,0.0001619593,5,5,5,4,5,5,"Tractor-trailer gets stuck under railroad bridge in Waterbury, causing delays","Similar to 'zero_shot', it effectively details the incident.",0.0001619593,5,5,5,4,5,5,Waterbury Police Respond to Stuck Tractor-Trailer Under Bridge,"Focuses on police response, slightly less specific on the accident details.",0.00012401954,5,5,4,4,5,4,6.4791417,4.651853,0.887894,4.8421774,4.8654547,4.618211,4.710967,6.4791417,4.651853,0.887894,4.8421774,4.8654547,4.618211,4.710967,6.5033627,4.666273,0.90212274,4.8485484,4.8636827,4.6500483,4.7378626,-1,-1,0,0,-1,0,0,0.024221000000000714,0.024221000000000714,local_reward_overestimates_agentic,specificity
25,lifestyle,Adam's Corner and Fisher House provide military families resources such as housing and child care.,zero_shot,original,Adam's Corner celebrates the bravery of our Armed Forces and bring joy to children | Opinion,Focuses on bravery and joy without mentioning the specific resources.,0.9999472,2,2,2,3,3,2,Adam's Corner and Fisher House Offer Support for Military Families,Accurately describes the support provided without embellishment.,0.00015656649,5,5,5,4,5,5,Adam's Corner and Fisher House Offer Support for Military Families,"Identical to zero_shot, maintains clarity and precision.",0.00015656649,5,5,5,4,5,5,Adam's Corner and Fisher House Support Military Families with Housing and Child Care,Clearly highlights the two main resources provided to military families.,0.0003617345,5,5,5,4,5,5,6.6282115,4.717235,1.0685761,4.860915,4.876834,4.7388115,4.8045473,6.6282115,4.717235,1.0685761,4.860915,4.876834,4.7388115,4.8045473,6.6526723,4.7176156,1.1241388,4.8610916,4.874755,4.749033,4.8077536,0,0,0,0,0,0,0,0.02446079999999995,0.02446079999999995,tie_or_mixed,
26,news,"A Sacramento man has opened his doors to a Healdsburg couple and their 18 dogs, 11 of which are five-week-old puppies.",zero_shot,agentic_selected,Sacramento Man Takes Wildfire Evacuees And Their 18 Dogs,Captures the main point but lacks detail about the puppies.,0.00062651443,4,5,4,4,5,4,"Sacramento man houses Healdsburg couple and their 18 dogs, including puppies",Accurately conveys all key details and is engaging.,0.00040606316,5,5,5,5,5,5,"Sacramento man houses Healdsburg couple and their 18 dogs, including puppies",Identical to zero_shot; offers a complete view with clarity.,0.00040606316,5,5,5,5,5,5,Sacramento Man Welcomes Healdsburg Couple and Their 18 Dogs,Good headline but misses the detail about the puppies.,0.0008985651,4,5,4,4,5,4,6.5501375,4.6762314,0.98499274,4.850172,4.865766,4.6800814,4.755479,6.5501375,4.6762314,0.98499274,4.850172,4.865766,4.6800814,4.755479,6.561074,4.706969,0.91725016,4.866089,4.8775806,4.733493,4.7908545,-1,-1,-1,0,-1,-1,0,0.010936499999999683,0.010936499999999683,local_reward_overestimates_agentic,"faithfulness, specificity, attractiveness"
27,sports,Check out photos from the Monster Energy NASCAR Cup Series and NASCAR Xfinity Series playoff weekend at Kansas Speedway.,zero_shot,original,At-track photos: 2019 Kansas playoff weekend,"While the headline mentions the event and location, it lacks clear mention of the series associated with the weekend.",0.0001453723,4,4,3,3,5,3,Photos from NASCAR Cup and Xfinity Series Playoff Weekend at Kansas Speedway,"This headline accurately describes the event, is clear, and incorporates important details.",0.00019886337,5,5,5,4,5,5,Photos from NASCAR Cup and Xfinity Series Playoff Weekend at Kansas Speedway,Identical to the zero_shot; it captures all key details effectively.,0.00019886337,5,5,5,4,5,5,Kansas Speedway Hosts NASCAR Cup and Xfinity Series Playoff Events,This headline conveys the event and location well but lacks a direct mention of the photography.,8.390502e-05,4,4,4,4,5,4,6.535733,4.7021546,0.84700626,4.862961,4.864395,4.768443,4.811496,6.535733,4.7021546,0.84700626,4.862961,4.864395,4.768443,4.811496,6.5420904,4.6978335,0.87938577,4.865288,4.8686867,4.7454715,4.8059015,-1,-1,-1,-1,-1,0,0,0.006357400000000624,0.006357400000000624,local_reward_overestimates_agentic,"faithfulness, clarity, specificity"
28,sports,"Frank Vogel is aware of the great situation he's in with the Lakers, and he wants to make the best of it.",original,agentic_selected,"Frank Vogel says Lakers are 'coolest organization in the NBA,' calls coaching LeBron James and rest of team 'opportunity of a lifetime",The headline captures the essence of Vogel's sentiment about the Lakers and specifically quotes his praise.,0.0001711038,5,5,5,5,5,5,Frank Vogel aims to maximize opportunity with the Lakers,"While it conveys Vogel's intention, it lacks specific details of his comments and enthusiasm.",9.8102864e-05,4,5,3,4,5,4,Frank Vogel aims to maximize opportunity with the Lakers,"Similar to the zero_shot, it summarizes Vogel's aim but does not include his strong sentiments.",9.8102864e-05,4,5,3,4,5,4,Lakers' Frank Vogel Aims to Maximize Coaching Situation,The headline indicates Vogel's intention but misses the emotional and specific elements of his statement.,6.863086e-05,4,5,3,4,5,4,6.1033015,4.551197,0.3407422,4.7266884,4.7963667,4.4022474,4.5715523,6.1033015,4.551197,0.3407422,4.7266884,4.7963667,4.4022474,4.5715523,5.852836,4.3664293,0.35920942,4.556081,4.6930623,4.074291,4.335376,0,0,0,0,0,0,0,-0.2504654999999998,-0.2504654999999998,tie_or_mixed,
29,finance,"PROVIDENCE -- Rhode Island's seasonally adjusted unemployment rage for October was 3.6 percent, the same as September, the state Department of Labor and Training announced Thursday The number of unemployed Rhode Island residents -- those residents classified as available for and actively seeking employment -- was 19,900, down 100 from September, the DLT said. The number of employed Rhode ...",zero_shot,original,"R.I. unemployment rate stays at 3.6%, same as U.S",Mentioning the U.S. adds context but lacks specific details from the summary.,6.6706154e-05,4,5,3,4,5,4,Rhode Island's October unemployment rate remains steady at 3.6 percent,Clearly reflects the main claim and provides specificity.,0.00011166501,5,5,5,4,5,5,Rhode Island's October unemployment rate remains steady at 3.6 percent,Same as zero_shot; well-rounded and accurate.,0.00011166501,5,5,5,4,5,5,October Unemployment in Rhode Island Remains Stable at 3.6 Percent,Accurately conveys the information while remaining clear and specific.,8.803866e-05,5,5,5,4,5,5,6.5486474,4.7121015,0.89587474,4.8671584,4.883402,4.695332,4.790327,6.5486474,4.7121015,0.89587474,4.8671584,4.883402,4.695332,4.790327,6.542954,4.705488,0.9025047,4.864088,4.881623,4.6819286,4.7755356,0,0,0,0,0,0,0,-0.005693400000000182,-0.005693400000000182,tie_or_mixed,
30,finance,Curious just how far your dollar goes in Pleasant Valley? Here's what you can get in neighborhood apartment rentals for $900/month.,original,zero_shot,What apartments will $900 rent you in Pleasant Valley right now?,Directly addresses what $900 can rent in Pleasant Valley.,0.0002843067,5,5,5,4,5,5,Apartment Rentals in Pleasant Valley Available for $900/Month,Clearly states the rental cost and location.,0.00018207384,5,5,5,4,5,5,Apartment Rentals in Pleasant Valley Available for $900/Month,"Identical to zero_shot, clear and direct.",0.00018207384,5,5,5,4,5,5,Exploring $900 Monthly Apartment Options in Pleasant Valley Neighborhoods,Engaging and informative without being misleading.,0.00015989348,5,5,5,4,5,5,6.4970484,4.7153788,0.73368,4.8675947,4.8810673,4.74497,4.7885056,6.4970484,4.7153788,0.73368,4.8675947,4.8810673,4.74497,4.7885056,6.46593,4.7020383,0.7146039,4.8598022,4.883251,4.6882467,4.761348,0,0,0,0,0,0,0,-0.031118399999999546,-0.031118399999999546,tie_or_mixed,
31,autos,"Duane Roots' 1,500hp 6.2L Hemi Charger Hellcat runs on E90 and nitrous, with a huge helping of boost (18 psi) from a 4.5L Whipple blower.",zero_shot,original,"Horsepower! The 1,500hp Hellcat King","The headline lacks specific details about the car's features and misrepresents its function, making it less faithful.",0.98977053,2,3,2,4,3,2,"Duane Roots' 1,500hp Charger Hellcat Features E90 Fuel and Nitrous Boost",Clearly outlines key features of the car while being engaging and straightforward.,0.000120912475,5,5,5,4,5,5,"Duane Roots' 1,500hp Charger Hellcat Features E90 Fuel and Nitrous Boost","Similar to zero_shot, it accurately details the car's features and maintains clarity.",0.000120912475,5,5,5,4,5,5,"Duane Roots' 1,500hp Hemi Charger Hellcat Features E90 and Nitrous",Effectively communicates relevant features while remaining clear and direct.,0.00013025012,5,5,5,4,5,5,6.666444,4.7189283,1.1563072,4.8692675,4.879922,4.735708,4.799885,6.666444,4.7189283,1.1563072,4.8692675,4.879922,4.735708,4.799885,6.6549635,4.716792,1.1341395,4.8681436,4.879551,4.731502,4.795096,0,0,0,0,0,0,0,-0.011480500000000227,-0.011480500000000227,tie_or_mixed,
32,autos,Interstate 70 has reopened near Hoke Road after a rollover crash left all westbound lanes closed around 1 a.m.,original,optimized,I-70 westbound reopened after single-car rollover crash,Accurately describes the event and its location clearly.,0.00015996394,5,5,5,4,5,5,Interstate 70 reopens near Hoke Road after rollover crash cleared,Covers the necessary details in a clear and straightforward manner.,9.699749e-05,5,5,5,4,5,5,Interstate 70 reopens near Hoke Road after rollover crash cleared,Similar to zero_shot but slightly redundant due to lack of change.,9.699749e-05,5,5,5,4,5,5,Interstate 70 Reopens Near Hoke Road After Rollover Crash,"Presents the information effectively with proper capitalization, adding a polished touch.",8.701066e-05,5,5,5,4,5,5,6.525454,4.7149,0.8013591,4.8693485,4.870487,4.755722,4.812114,6.525454,4.7149,0.8013591,4.8693485,4.870487,4.755722,4.812114,6.5338535,4.717266,0.8166386,4.8698697,4.8733783,4.7570653,4.8188734,0,0,0,0,0,0,0,0.008399500000000337,0.008399500000000337,tie_or_mixed,
33,autos,"State Highway Patrol troopers tried to stop a vehicle after it went left of center around 2:19 a.m. on Park Road near state Route 49, according to a release from Wapakoneta Ohio State Highway Patrol.",zero_shot,original,"Troopers attempt to stop impaired driver, ends with vehicle into tree","The headline captures the main incident but adds the detail of the vehicle hitting a tree, which is not confirmed in the summary.",0.00036339843,4,4,3,3,4,4,State Highway Patrol Attempts to Stop Vehicle for Traffic Violation in Wapakoneta,This headline accurately reflects the incident and includes specific information about the location and action taken by the patrol.,6.896948e-05,5,5,4,4,5,5,State Highway Patrol Attempts to Stop Vehicle for Traffic Violation in Wapakoneta,Identical to zero_shot and thus maintains the same strengths.,6.896948e-05,5,5,4,4,5,5,State Highway Patrol Attempts to Stop Vehicle on Park Road,"This variant is clear and accurate, but lacks the context of the traffic violation.",6.6662404e-05,5,5,3,3,5,4,6.5723357,4.6952076,0.9651711,4.8689156,4.880374,4.725061,4.7886887,6.5723357,4.6952076,0.9651711,4.8689156,4.880374,4.725061,4.7886887,6.575172,4.6987557,0.96001047,4.871664,4.8805494,4.732802,4.791433,-1,-1,0,0,-1,-1,0,0.002836300000000236,0.002836300000000236,local_reward_overestimates_agentic,"specificity, attractiveness"
34,sports,"With the Miami Dolphins rebuilding and holding three 2020 first-round picks in the NFL draft, it is never too early to watch some of the top prospects across the college landscape. Week 11 of the college football season offers a few great opportunities to view some of these players in action against some of the best teams in the nation. Here's a look at a few top players you can watch in South ...",zero_shot,agentic_selected,Do some couch scouting for Dolphins draft: Here are top prospects to watch this weekend,Clearly conveys the focus on college prospects related to the Dolphins' draft.,0.7555712,5,5,4,4,5,4,"Dolphins Prepare for NFL Draft, Showcase Top College Prospects in Week 11",Accurately captures the Dolphins' focus on college prospects for the draft.,9.520888e-05,5,5,4,5,5,5,"Dolphins Prepare for NFL Draft, Showcase Top College Prospects in Week 11","Duplicating the zero_shot score, it accurately represents the content.",9.520888e-05,5,5,4,5,5,5,Week 11 College Football Highlights Key Prospects for Dolphins' Draft Strategy,Highlights key prospects but lacks explicit mention of the Dolphins' draft context.,0.00030527526,4,5,4,4,5,4,6.5137343,4.718323,0.767103,4.8663654,4.86875,4.759097,4.815244,6.5137343,4.718323,0.767103,4.8663654,4.86875,4.759097,4.815244,6.52245,4.7184277,0.7947781,4.870524,4.8753424,4.7403135,4.813654,-1,-1,-1,0,0,-1,0,0.00871569999999977,0.00871569999999977,local_reward_overestimates_agentic,"faithfulness, attractiveness"
35,sports,"HOUSTON The Astros have a reputation for being good at stealing signs and picking up on opposing pitchers' small tells, especially at Minute Maid Park. The Yankees know all too well what the Astros are capable of. In April, James Paxton got hit hard, allowing five earned runs on eight hits in just four innings work here. After that, the Yankees left-hander, who will start Game 2 for the Yankees Sunday night, said he was told he was tipping...",zero_shot,agentic_selected,"James Paxton, Yankees know Astros can and will pick up on pitching signs",The headline covers the main point but lacks specificity about the matchup context.,9.9351855e-05,4,4,3,3,5,4,Yankees' James Paxton acknowledges tipping pitches after Astros matchup in April,Clearly states the acknowledgment of tipping pitches in relation to a specific matchup.,7.452403e-05,5,5,4,4,5,5,Yankees' James Paxton acknowledges tipping pitches after Astros matchup in April,"Identical to zero_shot, maintains clarity and relevance.",7.452403e-05,5,5,4,4,5,5,Astros' Reputation for Sign Stealing Noted by Yankees Before Game 2,Notes Astros' reputation but doesn't directly tie it to Paxton's experience.,9.403562e-05,4,4,3,3,5,4,6.5740933,4.704973,0.9459625,4.873251,4.874934,4.73592,4.8052397,6.5740933,4.704973,0.9459625,4.873251,4.874934,4.73592,4.8052397,6.3711414,4.6211643,0.7036164,4.8272686,4.862274,4.574611,4.693218,-1,-1,-1,-1,-1,-1,0,-0.2029519000000004,-0.2029519000000004,zero_shot_beats_agentic,"faithfulness, clarity, specificity, attractiveness"
36,health,Intentionally infecting healthy people with the virus will enable scientists to better understand the progression of the illness.,zero_shot,original,Spreading the flu is putting researchers one step closer to a universal vaccine,Mentions flu and universal vaccine without supporting details from the summary.,0.0025403206,3,4,3,3,5,3,Scientists to Intentionally Infect Healthy Individuals for Virus Research,Directly reflects the summary with clarity and focus.,0.0001258933,5,5,4,4,5,5,Scientists to Intentionally Infect Healthy Individuals for Virus Research,Same as zero_shot; clear and accurately summarizes the action.,0.0001258933,5,5,4,4,5,5,Scientists Intentionally Infect Healthy Individuals to Study Virus Progression,Effectively communicates the study’s purpose while maintaining focus.,0.0009000024,5,5,4,4,5,5,6.5296736,4.665282,1.0034614,4.841586,4.880216,4.5911946,4.7299995,6.5296736,4.665282,1.0034614,4.841586,4.880216,4.5911946,4.7299995,6.599693,4.702757,1.0490552,4.8600655,4.885249,4.687722,4.7786407,0,0,0,0,0,0,0,0.07001940000000051,0.07001940000000051,tie_or_mixed,
37,lifestyle,"You won't believe these wedding gowns are made from only Quilted Northern toilet paper, tape, glue, and a needle and thread.",zero_shot,original,These 12 exquisite wedding dresses are made from toilet paper,Misses specific materials and could imply more than just toilet paper.,0.9999769,3,4,2,3,4,3,Wedding Gowns Created from Quilted Northern Toilet Paper and Craft Supplies,Accurately includes all materials and is clear and specific.,0.99576026,5,5,5,5,5,5,Wedding Gowns Created Using Quilted Northern Toilet Paper and Craft Supplies,Similar to zero_shot but with minor phrasing differences; equally effective.,0.9918847,5,5,5,5,5,5,Wedding Gowns Crafted from Quilted Northern Toilet Paper Materials,Clear and specific but slightly less engaging in phrasing.,0.9995757,5,4,5,5,5,4,6.1020694,4.7159038,1.0097103,4.8642673,4.8818917,4.7142906,4.7907057,6.0550976,4.6963406,0.95453405,4.855366,4.877095,4.666438,4.765567,6.061913,4.7127857,0.9292547,4.859912,4.879822,4.703539,4.788989,-1,-1,0,-1,0,0,0,-0.04015640000000076,0.006815399999999805,zero_shot_beats_agentic,clarity
38,sports,"The second round of the playoffs are up next, but there's still one more thing to settle when it comes to last week's postseason openers. Who was the Grand Rapids area's top player? It's not an easy question because there were plenty of good choices. Check out the candidates below and vote for your favorite. Votes as many times as you want through 9 a.m. Friday. Just remember to have fun with ...",zero_shot,original,Vote for Grand Rapids Player of the Week 10,The headline is somewhat clear but lacks specificity about the event timing and context.,0.004300327,3,4,2,3,4,3,Voting Open for Grand Rapids Area's Top Player from Postseason Openers,"Clearly states the purpose and context of the voting, making it informative and engaging.",8.158256e-05,5,5,5,4,5,5,Voting Open for Grand Rapids Area's Top Player from Postseason Openers,"Identical to 'zero_shot', providing accurate information about the voting context.",8.158256e-05,5,5,5,4,5,5,Vote for Grand Rapids' Top Player from Last Week's Playoff Openers,Accurate and clear but slightly less attractive than the zero-shot options.,0.0013418237,5,4,4,3,5,4,6.035014,4.4290366,0.5620171,4.6672597,4.803702,4.1319947,4.346362,6.035014,4.4290366,0.5620171,4.6672597,4.803702,4.1319947,4.346362,6.182954,4.5592785,0.47328162,4.7775927,4.8598137,4.398122,4.559599,-1,-1,0,-1,-1,-1,0,0.1479399999999993,0.1479399999999993,local_reward_overestimates_agentic,"clarity, specificity, attractiveness"
39,sports,A Hawaii man has fulfilled a dream shared by shore fishermen throughout the islands with the catch of an ulua weighing 100 pounds or more.,zero_shot,agentic_selected,Hawaii angler lands rare giant ulua,Accurately conveys the catch but lacks detail on the weight.,0.00011230423,5,5,4,4,5,4,"Hawaii Man Catches Over 100-Pound Ulua, Fulfilling Fisherman's Dream",Provides clear details on the catch and context of fulfillment.,0.000214966,5,5,5,5,5,5,"Hawaii Man Catches Over 100-Pound Ulua, Fulfilling Fisherman's Dream",Identical to zero_shot; effectively communicates the key details.,0.000214966,5,5,5,5,5,5,"Hawaii Man Catches 100-Pound Ulua, Realizing Fishermen's Dream",Similar to other variants but slightly less specific on the weight.,0.00018531973,5,5,4,4,5,4,6.602852,4.726201,0.975702,4.866301,4.8728333,4.761167,4.811717,6.602852,4.726201,0.975702,4.866301,4.8728333,4.761167,4.811717,6.5783052,4.722074,0.9279218,4.866071,4.876852,4.746889,4.8062925,-1,-1,0,0,-1,-1,0,-0.024546800000000424,-0.024546800000000424,zero_shot_beats_agentic,"specificity, attractiveness"
40,autos,"UPDATE @ 12:16 a.m. (Oct. 25): The state patrol is working to determine who went left of center in the head-on collision along U.S. 127 south of Camden that left one dead and two others with serious, non-life threatening injuries, said Sgt. Dallas Root, Dayton Post.",original,agentic_selected,"1 dead, 2 injured in U.S. 127 head-on collision near Camden, state patrol says",Accurately summarizes the incident with clear details.,9.134633e-05,5,5,5,4,5,5,"Head-on collision on U.S. 127 leaves one dead, two injured",Covers the main facts of the collision clearly and accurately.,8.697308e-05,5,5,5,4,5,5,"Head-on collision on U.S. 127 leaves one dead, two injured","Same as zero_shot, accurately presents key information.",8.697308e-05,5,5,5,4,5,5,State Patrol Investigates Fatal Collision on U.S. 127 Near Camden,"Highlights the investigation aspect, but less emphasis on the impact of the accident.",6.342117e-05,5,4,5,4,5,4,6.2145114,4.6366563,0.26808536,4.841213,4.8792343,4.5813694,4.697812,6.2145114,4.6366563,0.26808536,4.841213,4.8792343,4.5813694,4.697812,6.3182197,4.6634865,0.44255427,4.8562145,4.8730145,4.6371746,4.737109,-1,-1,0,-1,0,0,0,0.10370830000000009,0.10370830000000009,local_reward_overestimates_agentic,clarity
41,finance,"Losing Game 5 of the National League Division Series was crushing, but losing the tomahawk chop as well would be too much for Kevin Mooneyhan.",agentic_selected,optimized,"Online petition to keep divisive Braves tomahawk chop nears 60,000",Captures the main event and context regarding the tomahawk chop.,9.038092e-05,5,5,5,4,5,4,Kevin Mooneyhan faces disappointment after Game 5 loss and losing tomahawk chop,Mixes Game loss and chop; clear but less focused.,0.00036489815,4,4,4,3,5,4,Kevin Mooneyhan faces disappointment after Game 5 loss and losing tomahawk chop,Similar to zero_shot; clear but lacks unique distinction.,0.00036489815,4,4,4,3,5,4,Kevin Mooneyhan Reflects on Loss in Game 5 and Tomahawk Chop,Comprehensive and reflective; well-balanced in context.,0.00012714023,5,5,5,4,5,5,5.144972,3.697583,0.73155016,3.8483732,4.0474596,3.4811952,3.5298438,5.144972,3.697583,0.73155016,3.8483732,4.0474596,3.4811952,3.5298438,6.4336085,4.6690664,0.7201176,4.8427653,4.8645926,4.663273,4.745376,1,1,1,1,1,1,0,1.2886365,1.2886365,agentic_beats_zero_shot,
42,weather,Fort Collins is celebrating the 20th anniversary of the city's climate action efforts with a free event at the Lincoln Center.,agentic_selected,optimized,"Fort Collins, CSU hosting event to celebrate 20 years of climate action",Accurate and informative but could specify the location of the event.,9.096689e-05,5,5,4,4,5,4,Fort Collins marks 20 years of climate action with free event,"Clear and accurate, but lacks specific location detail.",0.00013578494,5,5,4,4,5,4,Fort Collins marks 20 years of climate action with free event,"Similar to zero_shot, clear but needs location details.",0.00013578494,5,5,4,4,5,4,Fort Collins Marks 20th Anniversary of Climate Action with Free Lincoln Center Event,"Most specific and attractive, includes event location.",0.00013313103,5,5,5,5,5,5,6.2942867,4.5528107,0.8079828,4.7260475,4.7991915,4.4128466,4.575922,6.2942867,4.5528107,0.8079828,4.7260475,4.7991915,4.4128466,4.575922,6.6286316,4.714605,1.0596592,4.869922,4.8694277,4.7550554,4.8070583,1,1,0,0,1,1,0,0.3343449000000005,0.3343449000000005,agentic_beats_zero_shot,
43,news,"President Donald Trump on Monday equated the case of a hate crime allegation made by actor Jussie Smollett to the current impeachment process being imposed by Congress, calling both a ""scam.""",original,agentic_selected,Trump equates the Smollett case to impeachment inquiry,Accurately conveys Trump's comparison without embellishing.,0.0001542942,5,5,5,4,5,5,Trump Compares Jussie Smollett Hate Crime Allegation to Impeachment Process,Effectively summarizes the comparison while providing context.,0.002652174,5,5,5,4,5,5,Trump Compares Jussie Smollett Hate Crime Allegation to Impeachment Process,Similar to zero_shot; presents a clear comparison.,0.002652174,5,5,5,4,5,5,Trump Calls Jussie Smollett's Hate Crime Allegation a 'Scam,"Includes 'scam' which adds an emotional tone, but clear overall.",0.0033478625,5,4,5,4,5,4,6.4602175,4.664969,0.7884085,4.8514423,4.87381,4.6614323,4.7372503,6.4602175,4.664969,0.7884085,4.8514423,4.87381,4.6614323,4.7372503,6.4128914,4.655058,0.7281897,4.8236523,4.873507,4.6257715,4.7194347,-1,-1,0,-1,0,0,0,-0.04732609999999937,-0.04732609999999937,zero_shot_beats_agentic,clarity
44,finance,"If you're apartment hunting, you know how hard it can be to find a bargain nearby. So what does the low-end rental price in Zilker look like these days?",original,optimized,"The most affordable apartments for rent in Zilker, Austin",Clearly states the focus on affordable rentals in a specific area.,0.18665883,5,5,4,4,5,4,Low-End Rental Prices in Zilker Trending for Apartment Hunters,Captures the trend in low-end rentals but lacks specificity on pricing.,0.0001268381,4,4,4,4,5,4,Low-End Rental Prices in Zilker Trending for Apartment Hunters,"Similar to zero_shot, it mentions trends but not specific details.",0.0001268381,4,4,4,4,5,4,Current Low-End Rental Prices in Zilker for Apartment Hunters,"Directly addresses current rental prices, clear and specific.",8.164996e-05,5,5,4,4,5,4,6.1685076,4.6052065,0.30979225,4.7901707,4.863282,4.4689283,4.64237,6.1685076,4.6052065,0.30979225,4.7901707,4.863282,4.4689283,4.64237,6.223727,4.609781,0.4329515,4.7985144,4.862555,4.4716196,4.643513,0,0,1,1,0,0,0,0.05521940000000036,0.05521940000000036,tie_or_mixed,
45,health,"Often marketed as a natural solution to aches and pains, CBD can now be found in food, drinks, and even skincare products.",zero_shot,original,8 Questions to Ask Yourself Before Using CBD,"The headline poses questions, but does not reflect the summary about CBD's availability.",0.99996746,3,4,3,3,4,3,"CBD is increasingly available in food, drinks, and skincare products",Accurately reflects the summary and is clear and informative.,0.00073071814,5,5,5,4,5,5,"CBD is increasingly available in food, drinks, and skincare products","Same as zero_shot, very effective as a headline.",0.00073071814,5,5,5,4,5,5,"CBD Gains Popularity in Food, Drinks, and Skincare Products","Captivating and relevant, but less clear than zero_shot and optimized.",7.551396e-05,5,4,5,4,5,4,6.4204497,4.6032143,0.9842398,4.774933,4.8484483,4.4282274,4.6507316,6.4204497,4.6032143,0.9842398,4.774933,4.8484483,4.4282274,4.6507316,6.3747034,4.5722513,0.9429402,4.762372,4.822989,4.4165363,4.61939,-1,-1,0,-1,0,0,0,-0.04574630000000024,-0.04574630000000024,zero_shot_beats_agentic,clarity
46,foodanddrink,"Eat the Frog Fitness and MOOYAH Burgers, Fries & Shakes are headed for Hill Center Brentwood.",zero_shot,original,2 more business openings on tap at Hill Center Brentwood,Vague about which businesses are opening.,8.9972884e-05,3,4,2,3,4,3,Eat the Frog Fitness and MOOYAH Burgers to Open at Hill Center Brentwood,"Clear and specific, mentions both businesses.",0.00037937533,5,5,5,4,5,5,Eat the Frog Fitness and MOOYAH Burgers to Open at Hill Center Brentwood,"Identical to zero_shot, equally effective.",0.00037937533,5,5,5,4,5,5,Eat the Frog Fitness and MOOYAH to Open in Hill Center Brentwood,"Very similar to others, still clear and specific.",0.00026051857,5,5,5,4,5,5,6.5950623,4.7196503,0.9708569,4.869565,4.8769255,4.7471604,4.7993045,6.5950623,4.7196503,0.9708569,4.869565,4.8769255,4.7471604,4.7993045,6.5473733,4.7151427,0.8663261,4.868863,4.8802567,4.733155,4.788739,0,0,0,0,0,0,0,-0.04768900000000009,-0.04768900000000009,tie_or_mixed,
47,news,"LEBANON, Pa. -There's an unrepaired sinkhole in a Lebanon neighborhood and it's causing more problems than one. The location of it has people playing the blame game and now it's all falling back on one person. The hole on Elm Street is causing a whole lot of problems for Debbie Carpenter of Lebanon. ""I'm very stressed,"" Carpenter said. ""I'm very upset about this whole thing. I just want it to ...",zero_shot,original,"City, resident at odds over sinkhole repair in Lebanon",Mentions the city and a resident but lacks detail about the sinkhole's location affecting one specific person.,6.137994e-05,4,4,3,3,4,3,Unrepaired sinkhole in Lebanon causes stress for resident Debbie Carpenter,"Fully accurate, clear, and specific with the resident's name and highlights stress caused.",8.932404e-05,5,5,5,4,5,5,Unrepaired sinkhole in Lebanon causes stress for resident Debbie Carpenter,Identical to zero_shot; accurate and specific.,8.932404e-05,5,5,5,4,5,5,Unrepaired Sinkhole on Elm Street Causes Stress for Local Resident,"Highlights location on Elm Street, good specificity but less detail on resident's emotional state.",0.00014846938,5,5,4,4,5,4,6.596462,4.7095838,1.0000964,4.871096,4.8859186,4.7231927,4.790562,6.596462,4.7095838,1.0000964,4.871096,4.8859186,4.7231927,4.790562,6.541472,4.6917667,0.92613184,4.861163,4.888007,4.674019,4.763093,-1,-1,0,0,-1,0,0,-0.054990000000000094,-0.054990000000000094,zero_shot_beats_agentic,specificity
48,travel,"A fading piece of Americana, bobwhite quail are iconic in Texas. The tradition of hunting them with friends and family is a social experience that can be second to none. ""Once people do it and experience it, it's something they'll never forget. The first flush of wild quail, how your heart jumps in your throat you feel like you're about to have a heart attack,"" said Robert Perez, upland game bird program leader for the Texas Parks and Wildlife...",zero_shot,original,Texas quail rebounding after a dismal 2018,The headline mentions a recovery but lacks emotional context about the hunting experience.,0.00012736641,3,4,3,3,4,3,Hunting bobwhite quail remains a cherished tradition in Texas,Accurately reflects the significance of quail hunting traditions and is engaging without being manipulative.,0.49349636,5,5,5,4,5,5,Hunting bobwhite quail remains a cherished tradition in Texas,Identical to zero_shot; effectively communicates the cherished tradition.,0.49349636,5,5,5,4,5,5,Texas Parks and Wildlife Highlights Bobwhite Quail Hunting Experience,Highlights Texas Parks and Wildlife but lacks the personal and emotional touch of the hunting experience.,0.000103086095,4,4,4,4,4,4,5.9487634,4.5844193,0.45559114,4.776138,4.844921,4.4186406,4.6169615,5.9487634,4.5844193,0.45559114,4.776138,4.844921,4.4186406,4.6169615,6.379622,4.6363716,0.7091484,4.82013,4.862571,4.56825,4.677417,-1,-1,-1,-1,-1,0,-1,0.43085860000000054,0.43085860000000054,local_reward_overestimates_agentic,"faithfulness, clarity, specificity, non_clickbait"
49,health,"Most machines you find at the gym are engineered to train specific muscles, but what if you only have 20, 30 minutes?",zero_shot,original,You Asked: What's the Most Effective Machine to Use at the Gym?,The headline is engaging but lacks specificity regarding the time constraint and focuses more on a question than a direct claim.,0.9973354,3,4,2,3,4,3,Maximizing Gym Workouts in 20 to 30 Minutes for Targeted Muscle Training,"Directly addresses the workout duration and muscle training aspect, making it clear and specific.",0.00047140912,4,5,4,4,5,4,Maximizing Gym Workouts in 20 to 30 Minutes for Targeted Muscle Training,Same as zero_shot; it effectively conveys the main idea and encourages reader interest.,0.00047140912,4,5,4,4,5,4,Maximizing Gym Time: Effective Workouts in 20 to 30 Minutes,Communicates the focus on maximizing workout time but is slightly less specific on target muscle training.,0.00041402454,4,5,3,4,5,4,6.2750816,4.667979,0.3871842,4.8204083,4.8729286,4.5805435,4.7268085,6.2750816,4.667979,0.3871842,4.8204083,4.8729286,4.5805435,4.7268085,5.748752,4.3339577,0.30200213,4.5217695,4.723272,3.8355749,4.2563634,0,0,0,0,-1,0,0,-0.5263296000000004,-0.5263296000000004,tie_or_mixed,specificity
50,foodanddrink,Vice officers stormed the building in connection with a Design District massage parlor that was also raided,zero_shot,original,Critically Acclaimed Southlake Restaurant Raided By Police,"Misleading as it suggests a specific restaurant was raided, while the summary refers to a massage parlor.",0.00042855594,2,3,2,3,3,2,Vice Officers Raid Building Linked to Design District Massage Parlor,Accurately reflects the summary details regarding the raid.,8.189972e-05,5,5,5,4,5,5,Vice Officers Raid Building Linked to Design District Massage Parlor,Same as zero_shot; accurately represents the event without adding unsupported claims.,8.189972e-05,5,5,5,4,5,5,Vice Officers Raid Building Linked to Design District Massage Parlor,Same as zero_shot; directly reflects the content of the summary.,8.189972e-05,5,5,5,4,5,5,6.6213956,4.708873,1.0557768,4.8693085,4.870652,4.74751,4.80634,6.6213956,4.708873,1.0557768,4.8693085,4.870652,4.74751,4.80634,6.6213956,4.708873,1.0557768,4.8693085,4.870652,4.74751,4.80634,0,0,0,0,0,0,0,0.0,0.0,tie_or_mixed,
51,news,"Canada's ruling Liberals took an early lead after polls closed in four provinces on Monday, as Prime Minister Justin Trudeau battled to remain in power after two major scandals and a spirited challenge by the opposition Conservatives.",zero_shot,agentic_selected,Trudeau's Liberals take early lead after first Canadian polls close,"Clearly states the lead of the Liberals after polls, but lacks mention of scandals.",8.835067e-05,5,5,4,4,5,4,Canada's Liberals Lead After Polls Close Amid Scandals and Conservative Challenge,Comprehensively captures the situation with mention of scandals and opposition.,6.892359e-05,5,5,5,4,5,5,Canada's Liberals Lead After Polls Close Amid Scandals and Conservative Challenge,"Identical to zero_shot, effectively conveys all necessary components.",6.892359e-05,5,5,5,4,5,5,Liberals Lead in Four Provinces After Polls Close in Canada,Mentioned provinces but lacks context about scandals.,7.545314e-05,5,5,4,4,5,4,6.426409,4.6364822,0.80291533,4.8370476,4.866744,4.5847235,4.6979356,6.426409,4.6364822,0.80291533,4.8370476,4.866744,4.5847235,4.6979356,6.374618,4.634694,0.6937958,4.829893,4.8629055,4.5648966,4.6957355,-1,-1,0,0,-1,0,0,-0.0517909999999997,-0.0517909999999997,zero_shot_beats_agentic,specificity
52,finance,"We simply can't allow massive rent increases and unjust evictions to happen anymore, councilmember says",zero_shot,original,"To help renters, LA moving to ban 'no fault' evictions",The headline is clear but lacks specificity about the 'no fault' evictions mentioned in the summary.,7.5156626e-05,4,4,4,3,4,3,Councilmember calls for action against rent increases and evictions,The headline accurately reflects the summary and clearly describes the councilmember's call to action.,7.838316e-05,5,5,5,4,5,5,Councilmember calls for action against rent increases and evictions,"This headline is identical to the zero_shot, maintaining clarity and specificity.",7.838316e-05,5,5,5,4,5,5,Councilmember Opposes Massive Rent Increases and Unjust Evictions,This headline encompasses the main issues of massive rent increases and evictions effectively.,9.2731345e-05,5,5,5,4,5,5,6.232775,4.56086,0.63719344,4.742735,4.8465996,4.3750243,4.563474,6.232775,4.56086,0.63719344,4.742735,4.8465996,4.3750243,4.563474,6.526844,4.706725,0.8605366,4.852791,4.8921795,4.6912932,4.779312,0,0,0,0,0,0,0,0.29406899999999947,0.29406899999999947,tie_or_mixed,
53,finance,"Chinese conglomerate Fosun has snapped up the Thomas Cook brand for 11 million ($14.2 million), weeks after the renowned British travel group went bust and left hundreds of thousands of holidaymakers stranded abroad.",zero_shot,agentic_selected,Fosun buys Thomas Cook brand for 11 million,Clear and factual but lacks context on the bankruptcy.,9.182782e-05,5,5,5,3,5,4,Fosun Acquires Thomas Cook Brand for $14.2 Million Following Bankruptcy,Informative and includes the important context of bankruptcy.,0.00010751142,5,5,5,4,5,5,Fosun Acquires Thomas Cook Brand for $14.2 Million Following Bankruptcy,Same as zero_shot; informs readers about the acquisition and context.,0.00010751142,5,5,5,4,5,5,Fosun Acquires Thomas Cook Brand for $14.2 Million,Accurate but lacks the crucial context on bankruptcy.,7.786131e-05,5,5,5,3,5,4,6.0538635,4.454842,0.53503114,4.646948,4.7537,4.243532,4.4573126,6.0538635,4.454842,0.53503114,4.646948,4.7537,4.243532,4.4573126,6.393501,4.685009,0.5918751,4.8470736,4.8729234,4.6568193,4.7560873,-1,-1,0,0,0,-1,0,0.33963749999999937,0.33963749999999937,local_reward_overestimates_agentic,attractiveness
54,news,Browse listings of dogs up for adoption at pet adoption centers in and around Seattle.,original,optimized,5 delightful doggies to adopt now in Seattle,Engaging and clear while specific to the location and service.,0.9999646,5,5,4,5,5,5,Dogs Available for Adoption at Centers in Seattle Area,Accurate and clear but lacks an engaging element.,0.0001294084,5,5,5,4,5,5,Dogs Available for Adoption at Centers in Seattle Area,"Similar to zero_shot, strong on details and clarity but less engaging.",0.0001294084,5,5,5,4,5,5,Seattle Adoption Centers Feature Listings of Dogs for New Homes,Very informative but lacks a warm or inviting tone.,0.00012782097,5,5,5,4,5,5,6.4749155,4.709422,0.6944825,4.8661137,4.880831,4.735577,4.8001213,6.4749155,4.709422,0.6944825,4.8661137,4.880831,4.735577,4.8001213,6.5914392,4.709864,0.97915983,4.8636675,4.8725843,4.7536097,4.812855,0,0,0,0,0,0,0,0.11652370000000012,0.11652370000000012,tie_or_mixed,
55,health,"As with other jobs in the health care sector, becoming a dentist is a long, costly, and demanding endeavor.",zero_shot,original,The Best and Worst States to Be a Dentist,Does not reflect the summary's focus on the process of becoming a dentist.,0.99995255,2,3,1,3,3,2,Becoming a dentist is a long and costly process in health care,Clear and concise summary of the process to become a dentist.,0.0011291433,5,5,4,4,5,5,Becoming a dentist is a long and costly process in health care,Matches the summary accurately and is easy to understand.,0.0011291433,5,5,4,4,5,5,Becoming a Dentist: A Long and Costly Journey in Health Care,"Good headline, slightly less clear due to length but still accurate.",0.0006000918,5,4,4,4,5,4,6.131658,4.487914,0.68528366,4.6953263,4.821965,4.1301565,4.4960775,6.131658,4.487914,0.68528366,4.6953263,4.821965,4.1301565,4.4960775,5.274948,3.9248526,0.5540576,4.013526,4.477345,3.2725856,3.6980104,-1,-1,0,-1,0,0,0,-0.8567099999999996,-0.8567099999999996,zero_shot_beats_agentic,clarity
56,news,"A Gilroy mother suspected of drowning her 2-year-old daughter told a dispatcher she ""just snapped"" as her child gave her ""a hard time,"" according to a court document.",original,agentic_selected,Gilroy mom suspected of killing 2-year-old daughter allegedly told dispatcher she 'just snapped,Accurately reflects the main claim with clear language.,0.9993616,5,5,5,4,5,5,"Gilroy mother accused of drowning daughter says she ""just snapped"" in dispatcher call",Maintains the essential details and communicates effectively.,0.012287869,5,5,5,4,5,5,"Gilroy mother accused of drowning daughter says she ""just snapped"" in dispatcher call","Similar to the zero_shot, effectively communicates the incident.",0.012287869,5,5,5,4,5,5,Court Document Reveals Gilroy Mother Struggled Before Drowning Daughter,Highlights the struggle mentioned in the summary while remaining factual.,0.00014788499,5,5,5,4,5,5,6.5495687,4.6829796,0.95839393,4.86632,4.8825445,4.7010736,4.7724047,6.5495687,4.6829796,0.95839393,4.86632,4.8825445,4.7010736,4.7724047,6.116145,4.449836,0.6565427,4.680691,4.7609186,4.2711916,4.473159,0,0,0,0,0,0,0,-0.43342369999999963,-0.43342369999999963,tie_or_mixed,
57,news,Rep. Debbie Wasserman Schultz (D-Fla.) said she stands by her remarks from earlier this week in which she called acting U.S. Citizenship and Immigration Services (USCIS) Director Ken Cuccinelli a white supremacist.,original,agentic_selected,Debbie Wasserman Schultz defends calling Ken Cuccinelli a white supremacist,"Clearly states who, what, and the specific remarks made.",0.0026361109,5,5,5,4,5,5,Rep. Debbie Wasserman Schultz Defends Calling USCIS Director Cuccinelli a White Supremacist,Accurately conveys the same information with formal tone.,0.00021090497,5,5,5,4,5,5,Rep. Debbie Wasserman Schultz Defends Calling USCIS Director Cuccinelli a White Supremacist,"Identical to zero_shot, maintaining clarity and detail.",0.00021090497,5,5,5,4,5,5,Debbie Wasserman Schultz Stands by Controversial Remarks on Ken Cuccinelli,"Less direct about the remarks, slightly less engaging.",0.00017617375,5,5,5,3,5,4,6.509677,4.703797,0.7851831,4.8665476,4.8755326,4.7480245,4.798293,6.509677,4.703797,0.7851831,4.8665476,4.8755326,4.7480245,4.798293,6.50821,4.697074,0.80023193,4.8682575,4.8787174,4.7300653,4.7837615,-1,-1,0,0,0,-1,0,-0.001466999999999885,-0.001466999999999885,zero_shot_beats_agentic,attractiveness
58,lifestyle,"Save time without sacrificing cleanliness at home with these mighty cleaning products. No stain, scum, or smell can handle the battle against them. As an added bonus, many of the products on the list are free of harsh chemicals and scents.",zero_shot,original,11 Powerful Products That Cut Your Cleaning Time in Half,Product claims don't specify the 'mighty' aspect and invents detail about 'cutting time in half.',0.999977,4,4,3,4,3,3,Effective Cleaning Products That Save Time and Avoid Harsh Chemicals,Accurately reflects the summary without embellishment. Clearly states benefits.,0.00033350632,5,5,4,4,5,5,Effective Cleaning Products That Save Time and Avoid Harsh Chemicals,Identical to zero_shot; effectively summarizes content and includes important details.,0.00033350632,5,5,4,4,5,5,Harsh Chemical-Free Cleaning Solutions for a Fresh Home,Focuses on the absence of harsh chemicals but less about time-saving aspect.,0.00040289984,4,5,4,3,5,4,6.486734,4.673194,0.884678,4.8421755,4.882513,4.5877056,4.7372227,6.486734,4.673194,0.88467836,4.8421755,4.882513,4.587705,4.7372227,5.872423,4.3099923,0.63828427,4.5073175,4.687114,3.8957033,4.209718,-1,-1,-1,0,0,-1,0,-0.6143109999999998,-0.6143109999999998,zero_shot_beats_agentic,"faithfulness, attractiveness"
59,health,"The name of the patient has not been released, and there's no clear answer as to how this tragedy happened, but here's a breakdown of what we do know.",agentic_selected,optimized,Patient dies in ER at WellSpan York Hospital what we know now,The headline conveys the main fact but lacks detail on the tragedy. It is clear but slightly vague.,0.00019373636,4,4,3,3,4,3,"Details are limited following patient tragedy, name withheld","Similar to the original but does not include the hospital name, maintaining clarity and focus on the tragedy.",0.00013161196,4,4,3,3,4,3,"Details are limited following patient tragedy, name withheld",Identical to the zero_shot; same strengths and weaknesses apply.,0.00013161196,4,4,3,3,4,3,Patient's Identity Remains Confidential Amid Ongoing Investigation,"Very clear and specific about the confidentiality aspect, appealing to readers interested in investigations.",0.00022102594,4,4,4,3,4,4,4.9598083,3.7945151,0.18256812,3.9374695,4.3602214,3.070082,3.630394,4.9598083,3.7945151,0.18256812,3.9374695,4.3602214,3.070082,3.630394,5.197516,3.978514,0.12543778,4.1713133,4.4808655,3.323494,3.8191955,1,1,0,0,1,0,0,0.23770770000000052,0.23770770000000052,agentic_beats_zero_shot,
60,news,"At first, teachers at Sky Valley Education Center simply evacuated students and used fans to clear the air when the fluorescent lights caught fire or smoked with noxious fumes.",zero_shot,original,"Toxic PCBs linger in schools; EPA, lawmakers fail to act",Doesn't focus on the evacuation incident directly and introduces unrelated elements.,7.567811e-05,2,3,2,3,4,2,Sky Valley Education Center teachers evacuate students after fluorescent lights catch fire,Directly addresses the incident in a clear and factual manner.,0.00021150589,5,5,4,4,5,5,Sky Valley Education Center teachers evacuate students after fluorescent lights catch fire,"Similar to zero_shot, provides clarity and focus on the event.",0.00021150589,5,5,4,4,5,5,Sky Valley Education Center Teachers Evacuate Students After Fluorescent Lights Catch Fire,"Clear, factual, and directly related to the event.",0.00021150589,5,5,4,4,5,5,6.6601243,4.719977,1.1293716,4.8692775,4.8744884,4.7548566,4.805964,6.6601243,4.719977,1.1293716,4.8692775,4.8744884,4.7548566,4.805964,6.6601243,4.719977,1.1293716,4.8692775,4.8744884,4.7548566,4.805964,0,0,0,0,0,0,0,0.0,0.0,tie_or_mixed,
61,foodanddrink,"In the land of sourdough, heavy loaves of dense Tartine Bakery bread and naturally fermented everything, milk bread might seem like a surprising choice for San Francisco chefs. But they love it. ""I think white bread is kind of taboo in the Bay Area food scene,"" said Anthony Strong, chef-owner of Prairie in the Mission. ""I feel a little guilty eating it sometimes. This isn't some sort of heirloom flour that was milled down the street."" Japanese...",zero_shot,agentic_selected,San Francisco chefs find nostalgia in Japanese milk bread,Captures the essence of the chef's feelings about milk bread but lacks specific context about traditions.,0.0037775198,4,5,4,4,5,4,San Francisco Chefs Embrace Milk Bread Amid Sourdough Tradition,"Faithfully represents the trend while being clear, specific, and engaging.",0.0019494374,5,5,5,5,5,5,San Francisco Chefs Embrace Milk Bread Amid Sourdough Tradition,Same as zero_shot; effectively conveys the message without embellishments.,0.0019494374,5,5,5,5,5,5,Milk Bread Gains Popularity Among Bay Area Chefs,Conveys popularity but is less specific and engaging compared to the top variants.,0.00018354465,4,4,4,4,5,4,5.793854,4.250225,0.5761521,4.4509583,4.6774054,3.912709,4.1058598,5.793854,4.250225,0.5761521,4.4509583,4.6774054,3.912709,4.1058598,5.734471,4.236308,0.5051302,4.4386888,4.6941276,3.8174884,4.0875483,-1,-1,-1,-1,-1,-1,0,-0.05938299999999952,-0.05938299999999952,zero_shot_beats_agentic,"faithfulness, clarity, specificity, attractiveness"
62,news,"After Dr. Ulrich Klopfer died in September his family found 2,246 preserved fetuses at his home in Illinois. Authorities have now found more.",zero_shot,agentic_selected,More fetal remains connected to dead abortion doctor found in Illinois,Clearly states the discovery related to the late doctor without exaggeration.,8.657821e-05,5,5,5,3,5,5,Authorities discover additional preserved fetuses at Dr. Ulrich Klopfer's home,Accurately describes the authorities' action and includes a specific reference to the doctor.,0.00010570479,5,5,5,4,5,5,Authorities discover additional preserved fetuses at Dr. Ulrich Klopfer's home,"Identical to the zero_shot variant, effectively conveys news without clickbait.",0.00010570479,5,5,5,4,5,5,"Family Discovers 2,246 Preserved Fetuses at Dr. Ulrich Klopfer's Illinois Home",Accurate but focuses more on initial discovery rather than recent findings.,0.00011707476,5,5,5,3,5,5,6.59589,4.708294,0.9952254,4.8700995,4.883072,4.735978,4.805813,6.59589,4.708294,0.9952254,4.8700995,4.883072,4.735978,4.805813,6.614335,4.7134914,1.0246933,4.8701506,4.877919,4.753271,4.810797,0,0,0,0,0,-1,0,0.018444999999999823,0.018444999999999823,tie_or_mixed,attractiveness
63,foodanddrink,Dust off your grandma's cookbook and make one of these vintage Christmas desserts for your holiday feast. The post 30 Vintage Christmas Desserts Inspired by Grandma appeared first on Taste of Home.,original,optimized,30 Vintage Christmas Desserts Inspired by Grandma,"Aligns perfectly with the summary, clear and direct.",0.99997723,5,5,5,5,5,5,30 Vintage Christmas Desserts Inspired by Grandma for Your Holiday Feast,"Adds detail about the holiday feast, which is relevant but slightly lengthy.",0.99997723,5,5,5,4,5,4,Vintage Christmas Desserts Featured from Grandma's Cookbook,"Less clear and specific about the context of 'inspired by Grandma,' slightly less appealing.",0.9999236,4,4,4,3,4,3,30 Vintage Christmas Desserts to Make for Holiday Feasts,"Good appeal and context, but slightly less faithful as it does not mention grandma directly.",0.99997616,4,4,4,5,5,4,6.1484127,4.72438,1.1006558,4.866006,4.875146,4.7446656,4.8039293,5.6332173,4.3949337,0.9008087,4.6049423,4.701971,4.199869,4.3611493,6.097123,4.7159305,0.99610925,4.8659706,4.8804207,4.724414,4.794982,0,1,-1,-1,-1,1,0,-0.05128969999999988,0.46390569999999975,tie_or_mixed,"faithfulness, clarity, specificity"
64,lifestyle,"A school in south Seattle had to cancel some classes after someone allegedly set fire to one of their buildings. St. Bernadette Catholic School on SW 128th Street in White Center released a statement Thursday, saying a fire caused major damage to their primary building, which houses the pre-school to third-grade classrooms. It happened overnight Wednesday into Thursday morning. School leaders said cleaners are working around the clock and...",zero_shot,original,Fire damages St. Bernadette Catholic School in south Seattle,The headline mentions the fire but lacks detail about the cancellation of classes.,7.1122144e-05,4,4,3,3,4,3,St. Bernadette Catholic School Cancels Classes After Overnight Fire Damage,"Clearly states the cancellation of classes due to the fire, covering key details effectively.",0.00042242632,5,5,4,4,5,5,St. Bernadette Catholic School Cancels Classes After Overnight Fire Damage,Identical to zero_shot and effectively conveys essential information about the incident.,0.00042242632,5,5,4,4,5,5,Fire Causes Major Damage at St. Bernadette School in South Seattle,"Highlights damage effectively but doesn't mention class cancellations, which is a key detail.",8.850001e-05,4,4,4,3,4,4,6.600176,4.7214513,0.9882413,4.8634167,4.8801756,4.739897,4.8095293,6.600176,4.7214513,0.9882413,4.8634167,4.8801756,4.739897,4.8095293,6.5467086,4.70656,0.89028645,4.869769,4.886978,4.707058,4.7876844,-1,-1,-1,-1,0,-1,-1,-0.05346740000000061,-0.05346740000000061,zero_shot_beats_agentic,"faithfulness, clarity, attractiveness, non_clickbait"
65,travel,"Every year, volunteers bring holiday cheer to seniors in long-term care facilities as part of the Brevard County TRIAD's Senior Santa program.",zero_shot,original,Senior Santa a great way to help area's elderly,Captures the essence of the program but lacks mention of volunteers and specific location.,0.98577917,4,4,3,3,4,3,Volunteers Spread Holiday Cheer to Seniors Through Senior Santa Program in Brevard County,Effectively communicates the program's purpose and includes all necessary details.,0.0028900579,5,5,5,4,5,5,Volunteers Spread Holiday Cheer to Seniors Through Senior Santa Program in Brevard County,"Identical to zero_shot, maintaining all the strengths.",0.0028900579,5,5,5,4,5,5,Brevard County TRIAD's Senior Santa Program Delivers Cheer to Seniors,Highlights the program and its organizers but slightly less specific about the joyous aspect.,0.0015475479,5,5,4,4,5,4,6.6361256,4.7170634,1.0836372,4.869133,4.875537,4.743514,4.804123,6.6361256,4.7170634,1.0836372,4.869133,4.875537,4.743514,4.804123,6.656619,4.721146,1.1245823,4.867642,4.8736553,4.749805,4.8089066,-1,-1,0,0,-1,0,0,0.020493400000000328,0.020493400000000328,local_reward_overestimates_agentic,specificity
66,sports,"Penn State junior Megan McNeely was just headed to class, when she heard a voice in the distance. ""Michigan State?! Why are you wearing that?"" That was from football coach James Franklin, who while walking across campus spotted McNeely wearing a T-shirt supporting the Spartans. (McNeely has family that went to MSU.) So Franklin's rectified McNeeley's wardrobe choice ... by giving her his Penn ...",agentic_selected,optimized,Penn State's James Franklin gives student in Michigan State shirt his instead,Clear and mostly faithful but slightly awkward phrasing.,0.023882871,4,5,4,4,5,4,James Franklin Gives Penn State Shirt to Student Wearing Spartans Gear,"Successful clarity and specificity, well phrased.",0.00073445664,4,5,4,4,5,4,James Franklin Gives Penn State Shirt to Student Wearing Spartans Gear,Same as zero_shot; clear and specific but not unique.,0.00073445664,4,5,4,4,5,4,Megan McNeely Receives Penn State T-Shirt from Coach Franklin on Campus,Most specific and engaging while being fully faithful.,0.11817248,5,5,5,5,5,5,6.261334,4.571645,0.58250856,4.7969904,4.844542,4.49654,4.610119,6.261334,4.571645,0.58250856,4.7969904,4.844542,4.49654,4.610119,6.3811717,4.6682615,0.7159594,4.8590713,4.876827,4.6737742,4.7446885,1,1,1,0,1,1,0,0.1198377000000006,0.1198377000000006,agentic_beats_zero_shot,
67,sports,"Kansas coach Les Miles says he's ready for the reunion. Miles, who has guided the Jayhawks to a 3-6 record, will return to a previous stop this weekend: Stillwater, where KU will play at Oklahoma State on Saturday. ""I think I will enjoy walking in that stadium,"" Miles said, ""more than anybody else."" Miles recalls his days as Oklahoma State coach fondly. He was there from 2001-04, ...",zero_shot,original,"KU Jayhawks football vs. Oklahoma State Cowboys: Kickoff time, TV, 5 things to know",Focuses on game details rather than Miles' reunion.,0.8125072,2,3,2,3,4,3,Les Miles prepares for reunion with Oklahoma State this weekend,Directly addresses Miles' sentiments about the reunion.,0.0003313017,5,5,5,4,5,5,Les Miles prepares for reunion with Oklahoma State this weekend,Identical to zero_shot; captures the essence of the summary.,0.0003313017,5,5,5,4,5,5,Les Miles Prepares for Reunion with Oklahoma State This Weekend,Effective wording; maintains clarity and directness.,0.0003313017,5,5,5,4,5,5,6.5194674,4.7100263,0.80353546,4.865306,4.8729496,4.743598,4.8074474,6.5194674,4.7100263,0.80353546,4.865306,4.8729496,4.743598,4.8074474,6.5194674,4.7100263,0.80353546,4.865306,4.8729496,4.743598,4.8074474,0,0,0,0,0,0,0,0.0,0.0,tie_or_mixed,
68,news,"A few of Kentucky's representatives had something to say after the vote, and Majority Leader Mitch McConnell had strong words in the Senate",zero_shot,agentic_selected,How Kentucky's House delegation voted on the Trump impeachment inquiry rules,Title indicates the topic but lacks focus on McConnell's comments.,0.008309144,4,4,4,3,4,3,Kentucky Representatives and Mitch McConnell Respond After Vote,Clearly states who responded and maintains the context of the vote.,8.595392e-05,5,5,5,4,5,5,Kentucky Representatives and Mitch McConnell Respond After Vote,"Identical to zero_shot, effectively captures the essence of the situation.",8.595392e-05,5,5,5,4,5,5,Kentucky Representatives Respond to Recent Vote Outcomes,"Lacks inclusion of McConnell, reducing the headline's impact.",9.5002186e-05,4,4,4,3,4,3,6.400662,4.6418014,0.70406544,4.8200636,4.8662596,4.652108,4.73971,6.400662,4.6418014,0.70406544,4.8200636,4.8662596,4.652108,4.73971,5.909703,4.3779097,0.4451595,4.578582,4.744028,4.0791426,4.36646,-2,-2,-1,-1,-1,-1,-1,-0.49095899999999926,-0.49095899999999926,zero_shot_beats_agentic,"faithfulness, clarity, specificity, attractiveness, non_clickbait"
69,lifestyle,These gentle giants are not only adorable they're also fascinating. Here are a few surprising facts about perhaps the sweetest sea creatures. The post 13 Things You Never Knew About Manatees appeared first on Reader's Digest.,zero_shot,agentic_selected,13 Things You Never Knew About Manatees,Directly matches the summary with a clear list format.,0.99997973,5,5,4,4,5,4,13 Fascinating Facts About Manatees You May Not Know,Accurately reflects the content while sounding engaging.,0.9999776,5,5,4,5,5,5,Manatees Display Unique Behaviors and Characteristics,"Describes manatees well, but lacks the list element that captures the summary.",0.26178342,4,5,3,4,5,4,13 Unique Insights into the Lives of Manatees,Insightful but does not clearly indicate a list format which is prominent in the summary.,0.9999683,4,5,4,4,5,4,5.9754877,4.7085123,0.7143781,4.8592625,4.879689,4.7151227,4.7891426,5.0872884,3.9261594,0.347813,4.048188,4.4373617,3.3505294,3.722336,5.456537,4.431267,0.4091918,4.627527,4.771125,4.1196766,4.3954487,-1,0,-1,0,0,-1,0,-0.5189507000000004,0.3692485999999997,zero_shot_beats_agentic,"faithfulness, attractiveness"
70,sports,"Rafael Nadal pulled out of the Paris Masters with an abdominal injury just minutes before the scheduled start of his semi-final against Denis Shapovalov on Saturday, and admitted his participation at the ATP Tour Finals was in doubt. The 33-year-old has battled multiple injuries throughout his career and also pulled out of the Paris Masters on his last appearance in 2017 before the quarter-finals.",zero_shot,original,"Super sad' Nadal out of Paris Masters, doubt for ATP Finals","While it conveys the main event, it includes subjective language ('super sad') which detracts from a neutral tone.",7.7158984e-05,4,4,4,3,4,3,Rafael Nadal Withdraws from Paris Masters Due to Abdominal Injury,Accurate and straightforward without unnecessary embellishments.,0.0001246982,5,5,5,4,5,5,Rafael Nadal Withdraws from Paris Masters Due to Abdominal Injury,"Same quality as zero_shot, clear and factual.",0.0001246982,5,5,5,4,5,5,Rafael Nadal Withdraws from Paris Masters Due to Abdominal Injury,"Identical to previous options, maintaining strong clarity and faithfulness.",0.0001246982,5,5,5,4,5,5,6.5148845,4.684062,0.88480824,4.8567114,4.872182,4.666294,4.768574,6.5148845,4.684062,0.88480824,4.8567114,4.872182,4.666294,4.768574,6.5148845,4.684062,0.88480824,4.8567114,4.872182,4.666294,4.768574,0,0,0,0,0,0,0,0.0,0.0,tie_or_mixed,
71,finance,"A nearly 8,000 square-foot mansion in Scottsdale with a finished basement was among this week's priciest homes sold in metro Phoenix.",zero_shot,original,"A Scottsdale mansion with a rooftop view deck, home theater sells for $2.65M",Includes details not mentioned in the summary.,0.000106684216,3,4,3,4,4,3,Scottsdale Mansion Among Metro Phoenix's Priciest Home Sales This Week,Accurately reflects the summary without extraneous details.,0.0407836,5,5,4,4,5,5,Scottsdale Mansion Among Metro Phoenix's Priciest Home Sales This Week,"Identical to zero_shot, well-crafted and faithful to summary.",0.0407836,5,5,4,4,5,5,Scottsdale Mansion Among Priciest Homes Sold This Week,"Straightforward and accurate, captures main points of summary.",0.008039768,5,5,4,4,5,5,6.577266,4.716689,0.98203886,4.865999,4.876877,4.7508526,4.807577,6.577266,4.716689,0.98203886,4.865999,4.876877,4.7508526,4.807577,6.5540857,4.7145295,0.89219224,4.863401,4.880082,4.742587,4.8054457,0,0,0,0,0,0,0,-0.02318029999999993,-0.02318029999999993,tie_or_mixed,
72,health,Connor Murphy posted a video to his YouTube channel in 2016 that highlights the ways people can manipulate their appearance for photos.,optimized,original,A bodybuilder showed how fitness influencers can make their bodies look Instagram-perfect in before-and-after photos,Mentions fitness influencers but adds a comment on Instagram that isn't detailed in the summary.,0.99996614,4,4,4,3,4,3,Connor Murphy's 2016 YouTube Video Highlights Photo Appearance Manipulation Techniques,"Accurately reflects the content, is clear and specific without being misleading.",0.9998982,5,5,5,4,5,5,Connor Murphy Describes Appearance Manipulation Techniques in 2016 Video,Effectively summarizes the video content in a clear and specific way.,0.99960154,5,5,5,4,5,5,Connor Murphy Highlights Photo Manipulation Strategies in 2016 YouTube Video,"Accurate representation of the video and its content, clear and specific.",0.009011355,5,5,5,4,5,5,6.13054,4.7141347,1.0726571,4.867812,4.8701515,4.7449684,4.812809,6.098426,4.7102237,0.9979957,4.8711166,4.8711853,4.741049,4.8008575,6.623723,4.717072,1.0537984,4.8709254,4.8676662,4.7573037,4.8112397,0,0,0,0,0,0,0,0.49318300000000015,0.5252970000000001,tie_or_mixed,
73,lifestyle,"If you love Halloween, this spooky wedding shoot is a great way to get a little dark inspiration for your big day.",zero_shot,original,"This Halloween Corn Maze Wedding Is Dark, Sophisticated, and Bone-Chillingly Beautiful","While it captures the theme well, the term 'bone-chillingly beautiful' could be seen as overly dramatic.",0.9999758,4,4,3,5,3,4,Spooky Wedding Shoot Offers Dark Inspiration for Halloween Lovers,It accurately captures the essence of the summary in a clear and appealing way.,0.99993205,5,5,4,4,5,5,Halloween Wedding Shoot Highlights Dark-Themed Inspirations for Ceremonies,It effectively conveys the theme while remaining precise and engaging.,0.9997918,5,5,4,4,5,5,Spooky Wedding Shoot Offers Halloween Inspiration for Your Big Day,Clearly reflects the summary and appeals to the target audience without exaggeration.,0.9999497,5,5,4,4,5,5,6.0404067,4.7166,0.8534025,4.860353,4.8771334,4.7326155,4.7998986,5.914695,4.6509085,0.7589252,4.80589,4.847642,4.6195536,4.7224245,6.0780296,4.7202177,0.9349276,4.8607883,4.8744373,4.7453947,4.8009343,0,0,0,0,0,0,0,0.03762289999999968,0.16333459999999977,tie_or_mixed,
74,news,"3 ON YOUR SIDE (3TV) - The 3 On Your Side Team gets a lot of emails from viewers wondering if certain phone calls are legit or scams. So, we want to share some of those calls with you, so you know what to look out for. [WATCH: 3 On Your Side warns about scam phone calls] First up, there's one call we've been getting a lot of questions about regarding the Social Security Administration. Here's a sample. ""This call is from the Department of Social...",zero_shot,original,Don't be duped by 'phony' phone calls,The headline is vague about specifics related to the scams.,0.9999181,3,4,2,3,4,3,3 On Your Side shares tips to identify scam phone calls,This headline is informative and directly addresses the content.,0.0011284407,5,5,4,4,5,5,3 On Your Side shares tips to identify scam phone calls,"Identical to the zero_shot, effectively conveys the core message.",0.0011284407,5,5,4,4,5,5,3 On Your Side Warns of Social Security Administration Scam Calls,Highlights the specific scam while remaining engaging and clear.,0.00017306625,5,5,5,4,5,5,6.030445,4.3953934,0.6588421,4.628233,4.7576857,4.1133575,4.376608,6.030445,4.3953934,0.6588421,4.628233,4.7576857,4.1133575,4.376608,6.1533055,4.4539967,0.74641275,4.6822042,4.785039,4.246336,4.4719133,0,0,0,0,1,0,0,0.12286049999999982,0.12286049999999982,tie_or_mixed,
75,travel,"Winter is not stopping Milwaukee's pilot scooter program even if snow did for a day. The city ordered scooter companies to move the vehicles off the streets before Thursday's storm. Scooters were back on Milwaukee's streets Friday after the Halloween snowstorm forced them into temporary storage according to a Lime spokesman. ""We monitor the weather in addition to a number of other things we do. And our robust operations staff decided to pull...",zero_shot,original,Snow puts skids on scooters for day,Captures the impact of snow but lacks detail about the program's resumption.,0.0008529665,3,4,3,3,4,3,Milwaukee scooter program resumes operations after brief winter weather break,Clearly conveys the resumption of operations with specific context.,6.8424575e-05,5,5,5,4,5,5,Milwaukee scooter program resumes operations after brief winter weather break,Duplicates zero_shot; effectively summarizes the story.,6.8424575e-05,5,5,5,4,5,5,Milwaukee's Scooter Program Resumes Operations After Halloween Snowstorm,Accurately represents the situation with a clear and engaging headline.,0.00071430206,5,5,5,4,5,5,6.602837,4.7089005,1.0220531,4.8764324,4.884158,4.7082515,4.7975254,6.602837,4.7089005,1.0220531,4.8764324,4.884158,4.7082515,4.7975254,6.589666,4.699949,1.0267048,4.8694296,4.884919,4.6774864,4.7894487,0,0,0,0,0,0,0,-0.013170999999999822,-0.013170999999999822,tie_or_mixed,
76,news,Majority Leader Steny Hoyer joins Morning Joe to discuss Wednesday's hearing with top diplomats George Kent and Bill Taylor and why he will make a decision on impeachment after he's heard all of the testimony.,zero_shot,original,Rep. Hoyer: I'll reserve judgment until I hear all testimony,Accurately reflects Hoyer's position but is a bit less specific about the diplomats.,0.0008823743,5,5,4,3,5,4,Steny Hoyer discusses impeachment decision after diplomats' testimony on Morning Joe,"Clear, specific, and accurately captures the essence of the discussion.",7.842159e-05,5,5,5,4,5,5,Steny Hoyer discusses impeachment decision after diplomats' testimony on Morning Joe,"Identical to zero_shot, effectively communicates the topic.",7.842159e-05,5,5,5,4,5,5,Steny Hoyer Discusses Impeachment Decision After Hearing with Kent and Taylor,"Clearly presents the key figures and event, maintaining accuracy.",8.614093e-05,5,5,5,4,5,5,6.6614814,4.7098775,1.1509342,4.8717422,4.877677,4.7465363,4.8027105,6.6614814,4.7098775,1.1509342,4.8717422,4.877677,4.7465363,4.8027105,6.623089,4.7022305,1.0745311,4.8704424,4.8777537,4.735626,4.800133,0,0,0,0,0,0,0,-0.038392400000000215,-0.038392400000000215,tie_or_mixed,
77,sports,"If the start of Thursday's practice is any indication, quarterback Jimmy Garoppolo and his 49ers offense could operate at significantly less than full strength Sunday against Arizona. Tight end George Kittle (ankle/knee injuries), wide receiver Emmanuel Sanders (ribs) and running back Matt Breida (ankle) didn't participate in the portion of practice open to the media. Sanders, wearing his No. 17 jersey and sweats, was walking off the field as...",original,agentic_selected,49ers offense still at less than full strength ahead of game vs. Arizona,Directly conveys the state of the 49ers' offense while being clear and specific.,7.8045436e-05,5,5,5,4,5,5,49ers offense shows potential injuries ahead of game against Arizona,Suggests potential injuries but lacks specific details on player participation.,7.25695e-05,4,4,4,3,5,4,49ers offense shows potential injuries ahead of game against Arizona,Similar to zero_shot; implies issues without stating specific injuries.,7.25695e-05,4,4,4,3,5,4,49ers' Jimmy Garoppolo Faces Offensive Challenges Ahead of Arizona Matchup,Highlights Jimmy Garoppolo but doesn't focus enough on team injury specifics.,0.00010099695,4,4,4,5,5,4,6.362687,4.6785226,0.50335,4.857478,4.878561,4.678378,4.7633314,6.362687,4.6785226,0.50335,4.857478,4.878561,4.678378,4.7633314,6.3846717,4.680665,0.5566193,4.85876,4.8830347,4.671941,4.766123,0,0,0,0,0,2,0,0.021984699999999968,0.021984699999999968,tie_or_mixed,
78,weather,"A milder-than-average winter is predicted across much of the country, federal forecasters said in the official U.S. winter outlook released Thursday.",original,optimized,"Mild but changeable winter weather predicted for much of U.S., federal forecasters say",Accurately summarizes the forecast with clarity and specificity.,0.00011046329,5,5,5,4,5,5,Federal forecasters predict milder-than-average winter for much of the U.S,Correctly conveys the prediction without embellishment.,0.00014958545,5,5,5,4,5,5,Federal forecasters predict milder-than-average winter for much of the U.S,"Similar to zero_shot, clearly presents the forecast.",0.00014958545,5,5,5,4,5,5,Federal Forecasters Predict Milder-Than-Average Winter Nationwide,Effectively communicates the forecast in a direct manner.,8.4692394e-05,5,5,5,4,5,5,6.565825,4.7067323,0.9314367,4.867734,4.8780546,4.7258835,4.7953124,6.565825,4.7067323,0.9314367,4.867734,4.8780546,4.7258835,4.7953124,6.5383444,4.696066,0.90098476,4.862791,4.8829765,4.692696,4.777069,0,0,0,0,0,0,0,-0.02748060000000052,-0.02748060000000052,tie_or_mixed,
79,sports,A pregame injury report before the Michigan Wolverines face No. 7 Penn State in a Big Ten matchup,original,agentic_selected,Michigan injury report: Here's who is expected to play at Penn State,Clearly conveys the key details without exaggeration.,0.0010306137,5,5,4,4,5,5,Michigan Wolverines Release Pregame Injury Report Ahead of Penn State Game,Accurately reflects the content and includes key details.,8.819504e-05,5,5,5,4,5,5,Michigan Wolverines Release Pregame Injury Report Ahead of Penn State Game,Identical to 'zero_shot' and maintains clarity and detail.,8.819504e-05,5,5,5,4,5,5,Injury Report: Michigan Wolverines Prepare for No. 7 Penn State Matchup,Less specific with regard to the injury report; focuses more on the matchup.,7.6392374e-05,4,4,3,4,5,4,6.4878335,4.7057405,0.7215235,4.867448,4.870308,4.7596817,4.8169174,6.4878335,4.7057405,0.7215235,4.867448,4.870308,4.7596817,4.8169174,6.49436,4.7040777,0.7498021,4.861349,4.8708296,4.7514944,4.8119917,-1,-1,-1,-1,-2,0,0,0.006526500000000546,0.006526500000000546,local_reward_overestimates_agentic,"faithfulness, clarity, specificity"
80,finance,"It's tax season, and in the past couple of weeks you've probably been checking out your return or figuring out how you're going to pay your bill. Large corporations and wealthy individuals, though? They've figured out a way around that. These are the 20 countries that most often serve as tax havens, based mostly on research from activist group Oxfam.",zero_shot,original,The biggest tax havens in the world,The headline is vague about the context and lacks specifics about the source.,0.1449021,3,4,2,3,4,3,20 Countries Identified as Frequent Tax Havens by Oxfam Research,"Fully accurate and clear, directly referencing the source and specifics.",0.00075416354,5,5,5,4,5,5,20 Countries Identified as Frequent Tax Havens by Oxfam Research,Identical to zero_shot and effectively covers the key points.,0.00075416354,5,5,5,4,5,5,Top 20 Countries Identified as Tax Havens by Oxfam Research,"Accurate and appealing, efficiently communicates the article's focus.",0.00030719725,5,5,5,4,5,5,6.4835715,4.689789,0.8088341,4.8382416,4.879306,4.666025,4.759884,6.4835715,4.689789,0.8088341,4.8382416,4.879306,4.666025,4.759884,6.3704553,4.6462607,0.67940724,4.805868,4.8750825,4.5631795,4.700268,0,0,0,0,0,0,0,-0.11311620000000033,-0.11311620000000033,tie_or_mixed,
81,health,"Approaching his 40th birthday, Aaron Archer found himself at 230 pounds and nearly 25 percent body fat. He started doing regular HIIT workouts in addition to weight training and calorie tracking, and lost 40 pounds.",zero_shot,original,How This Guy Lost 40 Pounds and Got Shredded for His 40th Birthday,"While engaging, it uses 'shredded' which is a vague term and may feel exaggerated.",0.9999765,4,4,4,4,2,3,Aaron Archer loses 40 pounds through HIIT workouts and calorie tracking,"Clear and factual, with solid details on the methods used.",0.00032062735,5,5,5,4,5,5,Aaron Archer loses 40 pounds through HIIT workouts and calorie tracking,"Same as zero_shot, accurately reflects the summary.",0.00032062735,5,5,5,4,5,5,Aaron Archer Loses 40 Pounds Through HIIT and Weight Training,"Accurate and clear, includes the methods used for the weight loss.",0.00013704941,5,5,5,4,5,5,6.6180444,4.7131896,1.0417798,4.868296,4.881296,4.7414865,4.8084497,6.6180444,4.7131896,1.0417798,4.868296,4.881296,4.7414865,4.8084497,6.5571227,4.691691,0.96880215,4.854999,4.880127,4.68069,4.7748795,0,0,0,0,0,0,0,-0.060921699999999746,-0.060921699999999746,tie_or_mixed,
82,news,Three former Louisville Metro Police Department officers will have to pay back thousands of dollars in restitution for an overtime scheme that lasted years. Sgt. Brian Stanfield and Detectives Todd Roadhouse and Mark Final pleaded guilty to federal wire fraud charges Monday. The three officers admitted to submitting overtime requests and collecting payments for hours they did not actually work. As part of a unit in the department's Narcotics...,original,agentic_selected,3 former LMPD officers plead guilty to federal charges of falsifying overtime records,Directly states the pleads and details about the charges.,0.00014007403,5,5,5,4,5,5,Three former Louisville officers ordered to pay restitution for overtime fraud,Accurate but lacks details about the plea.,0.00013204537,5,5,4,4,5,4,Three former Louisville officers ordered to pay restitution for overtime fraud,Identical to zero_shot; maintains accuracy but same details.,0.00013204537,5,5,4,4,5,4,Louisville Police Officers Plead Guilty to Overtime Fraud Scheme,Covers the main point effectively but slightly vague on restitution.,6.0516446e-05,5,5,4,4,5,4,6.4591393,4.6874733,0.7176542,4.865513,4.8859444,4.6865273,4.7814283,6.4591393,4.6874733,0.7176542,4.865513,4.8859444,4.6865273,4.7814283,6.495168,4.6885095,0.8106279,4.8650928,4.8871794,4.6783934,4.7697096,0,0,0,0,0,0,0,0.03602869999999925,0.03602869999999925,tie_or_mixed,
83,autos,"Two crashes caused major issues Thursday morning near I-265 and I-65 in south Louisville. A jackknifed semi closed the ramp from I-265 West to I-65 North. That ramp has since opened. Sign up for our Newsletters The semi was leaking fuel. Another accident also blocked lanes on I-65 North, just inside I-265. READ THE FULL STORY:Crashes causing backups near I-265 and I-65 in Louisville CHECK OUT WLKY:Live. Local. Late-Breaking. Get the top...",agentic_selected,optimized,Crashes causing backups near I-265 and I-65 in Louisville,"Accurately reflects the summary content with clear, specific information.",8.631277e-05,5,5,5,4,5,5,Crashes near I-265 and I-65 in Louisville cause traffic backups,"Similar to the original, effectively conveying the key points of the summary.",0.00011576591,5,5,5,4,5,5,Crashes near I-265 and I-65 in Louisville cause traffic backups,"Identical to zero_shot, maintaining relevance and clarity.",0.00011576591,5,5,5,4,5,5,Two Crashes Cause Major Traffic Issues Near I-265 and I-65 in Louisville,Highlights the number of accidents and their impact effectively while maintaining clarity.,0.00011404928,5,5,5,5,5,5,5.57995,4.0412426,0.7513074,4.223631,4.53988,3.6168246,3.8224216,5.57995,4.0412426,0.7513074,4.223631,4.53988,3.6168246,3.8224216,5.634511,4.0911975,0.71715355,4.280794,4.5717835,3.6833408,3.8966374,0,0,0,0,0,1,0,0.05456099999999964,0.05456099999999964,tie_or_mixed,
84,sports,The head coach may have doomed his team - and his kicker - with the questionable call.,original,optimized,Matt Nagy defends decision to kneel before Eddy Pineiro miss,Directly attributes the decision to the head coach and mentions the kicker.,0.00019735262,5,5,5,4,5,5,Head coach's questionable call puts team and kicker at risk,"Main idea is clear, but lacks specificity about the individuals involved.",7.166435e-05,4,4,4,4,5,4,Head coach's questionable call puts team and kicker at risk,Same as zero_shot; clear but less specific about the incident.,7.166435e-05,4,4,4,4,5,4,Head Coach's Questionable Call Puts Team and Kicker at Risk,Similar to optimized; uses capitalization but does not add new info.,7.166435e-05,4,4,4,4,5,4,6.467198,4.705496,0.6809526,4.867671,4.880582,4.735339,4.796631,6.467198,4.705496,0.6809526,4.867671,4.880582,4.735339,4.796631,6.467198,4.705496,0.6809526,4.867671,4.880582,4.735339,4.796631,0,0,0,0,0,0,0,0.0,0.0,tie_or_mixed,
85,weather,"Twitter user Brian the Brachiosaurus created a lovely video showing the progression of the snow in Point Place, Ohio, on Nov. 12, even though their clock literally froze from freezing rain at 3:44 p.m.",zero_shot,original,Brian the Brachiosaurus' snow time-lapse,"While it is a creative title, it lacks specifics about the location and event.",0.7741772,3,4,2,3,5,3,"Video Captures Snow Progression in Point Place, Ohio, Amid Frozen Clock","Provides a clear, descriptive, and engaging summary of the video.",8.4385254e-05,5,5,5,4,5,5,"Video Captures Snow Progression in Point Place, Ohio, Amid Frozen Clock",Identical to zero_shot; effectively conveys the necessary details.,8.4385254e-05,5,5,5,4,5,5,"Video Showcases Snow Progression in Point Place, Ohio on Nov. 12","Very clear and informative, accurately capturing the essence of the summary.",0.00014267056,5,5,5,4,5,5,6.5002575,4.7151146,0.74117935,4.8770037,4.875555,4.737275,4.7919927,6.5002575,4.7151146,0.74117935,4.8770037,4.875555,4.737275,4.7919927,6.5066,4.7132926,0.7615257,4.874704,4.877939,4.7361813,4.790002,0,0,0,0,0,0,0,0.006342499999999696,0.006342499999999696,tie_or_mixed,
86,foodanddrink,Phoenix brunch restaurant Hash Kitchen has 60 ingredients on the largest bloody mary bar in Arizona. Here's the trick to making the massive drinks.,original,optimized,Here's the trick pros use to make massive bloody marys at Hash Kitchen in Phoenix,Captures the key details about Hash Kitchen and the trick.,0.99997926,5,5,5,4,5,5,Hash Kitchen in Phoenix Features Arizona's Largest Bloody Mary Bar with 60 Ingredients,Accurately presents the establishment and feature with full detail.,0.9760265,5,5,5,4,5,5,Hash Kitchen in Phoenix Offers 60-Ingredient Bloody Mary Bar,Provides essential details but lacks the intrigue of 'the trick.',0.0008069474,5,5,5,3,5,4,Hash Kitchen in Phoenix Features Arizona's Largest Bloody Mary Bar,Highlights the size and uniqueness of the bar effectively.,0.0143963145,5,5,5,4,5,5,6.1128454,4.704605,1.0351007,4.861634,4.8734555,4.7136984,4.7791185,6.545506,4.7029815,0.9055655,4.863878,4.8778596,4.699691,4.7804437,6.4533873,4.656487,0.8383167,4.8307858,4.858897,4.628352,4.7136164,0,1,0,0,0,0,0,0.34054189999999984,-0.09211869999999944,tie_or_mixed,
87,news,"A great white shark that weighs over 2,000 pounds and measures 15 feet, 5 inches long has been swimming along the US East Coast.",zero_shot,original,"A 2,000-pound great white shark is swimming off the coast of Florida","Claims the shark is off Florida, which is not confirmed by summary.",0.9654256,4,5,4,4,5,4,"Great white shark over 2,000 pounds spotted off US East Coast","Accurate and clear, directly aligns with the summary.",0.00012210217,5,5,5,4,5,5,"Great white shark over 2,000 pounds spotted off US East Coast","Identical to zero_shot, maintains clarity and accuracy.",0.00012210217,5,5,5,4,5,5,"Great White Shark Weighing Over 2,000 Pounds Spotted Off US East Coast","Well-phrased and precise, follows the summary closely.",0.00014944402,5,5,5,4,5,5,6.46413,4.7083645,0.6604203,4.8678536,4.879323,4.750188,4.8026195,6.46413,4.7083645,0.6604203,4.8678536,4.879323,4.750188,4.8026195,6.512591,4.710874,0.77417654,4.868062,4.877255,4.757064,4.8064666,0,0,0,0,0,0,0,0.04846099999999964,0.04846099999999964,tie_or_mixed,
88,sports,Finley put together a performance that indicates the Bengals are still looking for their quarterback of the future.,zero_shot,original,Life came at Ryan Finley fast in his first career start,The headline references Finley's experience but lacks specificity about quarterback search.,0.0023023416,3,4,2,3,4,3,Bengals Continue Search for Future Quarterback After Finley's Performance,Clearly states the ongoing search for a quarterback based on Finley's performance.,0.00011189013,5,5,5,4,5,5,Bengals Continue Search for Future Quarterback After Finley's Performance,Identical to zero_shot; effectively communicates the situation regarding the Bengals' quarterback search.,0.00011189013,5,5,5,4,5,5,Bengals Assess Quarterback Options Following Finley's Performance,Accurately summarizes the Bengals' assessment of quarterback options following the performance.,7.509215e-05,5,5,5,4,5,5,6.576265,4.71333,0.92947865,4.8724475,4.8749914,4.7517853,4.8057785,6.576265,4.71333,0.92947865,4.8724475,4.8749914,4.7517853,4.8057785,6.533112,4.696508,0.88999224,4.857889,4.8772526,4.696967,4.771376,0,0,0,0,0,0,0,-0.04315300000000022,-0.04315300000000022,tie_or_mixed,
89,lifestyle,"Michelle Mero Riedel's carefully composed garden in Oakdale is always ready for its close-up. The beds and plots are kept meticulously weeded and deadheaded, and she doesn't hesitate to move a plant that has grown too tall for the plants around it. ""I really like a tidy garden,"" said Mero Riedel. As a professional photographer, Mero Riedel relies on having a photogenic subject right outside ...",zero_shot,optimized,Photographer tends a picture-perfect garden in Oakdale,"Clearly describes the subject and location, though slightly less specific about photography.",0.00048158498,5,5,4,4,5,4,Michelle Mero Riedel's Oakdale Garden Perfectly Suited for Photography,Provides specific details about the subject and aligns well with the summary.,0.99994695,5,5,5,4,5,5,Michelle Mero Riedel Cultivates a Garden in Oakdale,"While clear, it lacks specificity about the garden's photogenic qualities.",0.034303363,4,5,3,3,5,4,Professional Photographer Michelle Mero Riedel Showcases Her Tidy Oakdale Garden,"Successfully combines photography, the subject's profession, and the tidiness of the garden.",0.9952615,5,5,5,5,5,5,5.9569554,4.7187076,0.6517351,4.862734,4.88412,4.7078805,4.7943087,6.4689083,4.7191873,0.72044235,4.8639574,4.882606,4.712986,4.7947817,6.045392,4.719933,0.84793997,4.8668933,4.875667,4.7364693,4.8046837,0,1,0,0,0,1,0,0.08843659999999964,-0.4235163000000002,tie_or_mixed,
90,foodanddrink,"Every week in Genius Recipes often with your help! Food52 Creative Director and lifelong Genius-hunter Kristen Miglore is unearthing recipes that will change the way you cook. Why does everyone keep talking about this chopped salad? It first started making waves in 2006 when Nancy Silverton put it on the menu at Pizzeria Mozza in Los Angeles. Thirteen years later, Food52 community members are still writing to me to tell me how genius it is. It...",agentic_selected,original,The Genius Chopped Salad Everyone's (Still) Talking About,The headline captures the salad's popularity but lacks specifics about its origin.,0.9999753,4,4,3,4,4,3,Food52 Highlights Chopped Salad Popularized by Nancy Silverton at Pizzeria Mozza,"It provides clear, specific information about the salad and its creator.",0.9984445,5,5,4,3,5,4,Food52 Highlights Chopped Salad Recipe by Nancy Silverton from Pizzeria Mozza,Similar to the zero_shot but slightly less engaging.,0.9999254,5,5,4,3,5,4,Food52 Celebrates Enduring Popularity of Nancy Silverton's Chopped Salad Recipe,Highlights the salad’s popularity and credits its origin effectively.,0.0071497685,5,5,4,4,5,5,6.1220436,4.6958637,1.1179762,4.862514,4.884901,4.6752124,4.7652254,6.1170063,4.69666,1.106478,4.861659,4.8849745,4.6752505,4.76402,6.500872,4.6543674,0.97226155,4.831656,4.8680973,4.5847206,4.7131777,1,1,0,0,0,1,0,0.3788284000000006,0.3838657000000003,agentic_beats_zero_shot,
91,news,"An Arcadia man with a history of donating to Democrats and Republicans in federal elections including $900,000 funneled to President Trump's inaugural committee is expected to plead guilty to falsifying records to conceal his work as a foreign agent and making almost $1 million in illegal campaign contributions, prosecutors said Tuesday. Imaad Shah Zuberi, a 49-year-old campaign fundraiser ...",agentic_selected,optimized,"SoCal Man Who Donated $900K to Trump Will Plead Guilty to Hiding Work as Foreign Agent, Illegal Campaign Contributions",Accurately summarizes the case with clear details.,0.0001530934,5,5,5,4,5,5,Arcadia Man Expected to Plead Guilty to Falsifying Records and Illegal Campaign Contributions,Lacks specificity on the man's identity and contribution details.,0.00010741684,4,5,4,3,5,4,Arcadia Man Expected to Plead Guilty to Falsifying Records and Illegal Campaign Contributions,"Similar to zero_shot, but no unique details or enhancements.",0.00010741684,4,5,4,3,5,4,Imaad Shah Zuberi to Plead Guilty to Concealing Foreign Agent Work and Campaign Violations,Provides the man's name and comprehensive details on the charges.,8.9490546e-05,5,5,5,5,5,5,5.7804527,4.2168856,0.581931,4.499372,4.675839,3.869426,4.055873,5.7804527,4.2168856,0.581931,4.499372,4.675839,3.869426,4.055873,6.3293247,4.614041,0.60553396,4.834204,4.8777122,4.5668917,4.665574,1,1,1,0,1,2,0,0.5488720000000002,0.5488720000000002,agentic_beats_zero_shot,
92,sports,"Monty Williams felt first-year Michigan coach Juwan Howard could do anything, but he was one of the first coaches Howard asked questions about coaching.",original,agentic_selected,How Suns coach Monty Williams helped Michigan's Juwan Howard become a coach,"The headline accurately reflects the summary, clearly conveys the relationship between the two coaches, and highlights Juwan Howard's curiosity.",0.0024301982,5,5,5,4,5,5,Monty Williams praises Juwan Howard's coaching curiosity in first year at Michigan,This is a strong headline that encapsulates the essence of the summary while being engaging.,0.16910745,5,5,5,4,5,5,Monty Williams praises Juwan Howard's coaching curiosity in first year at Michigan,Identical to 'zero_shot' and effectively conveys the relationship and Juwan Howard's request for help.,0.16910745,5,5,5,4,5,5,Juwan Howard Seeks Coaching Advice from Monty Williams,"While relevant, it lacks the emphasis on praise for Howard's curiosity and is less comprehensive about the context.",0.00015641846,4,4,4,3,5,4,6.38968,4.7203135,0.6726893,4.864789,4.8688564,4.747952,4.8048215,6.38968,4.7203135,0.6726893,4.864789,4.8688564,4.747952,4.8048215,6.428351,4.6754355,0.6995033,4.840164,4.865491,4.6610546,4.7482805,-1,-1,-1,-1,-1,-1,0,0.0386709999999999,0.0386709999999999,local_reward_overestimates_agentic,"faithfulness, clarity, specificity, attractiveness"
93,news,"Last month was the hottest October ever recorded worldwide, according to data released by the European Union's satellite monitoring service on Tuesday. Globally, temperatures were 0.69 degrees Celsius (1.25 degrees Fahrenheit) warmer than the average October from 1981 to 2010, and 0.01 C warmer than the previous record holder, October 2015. This is equivalent to 1.2 Celsius above the pre-industrial average, the Copernicus Climate Change Service...",zero_shot,agentic_selected,Last month hottest October on record: EU climate service,"Accurate and clear, but lacks specific data about temperature and comparison.",0.00016850406,5,5,4,4,5,4,"October 2023 recorded as the hottest October globally, exceeding previous records","Comprehensively reflects the summary, including specific record details.",0.0040724734,5,5,5,5,5,5,"October 2023 recorded as the hottest October globally, exceeding previous records",Identical to zero_shot; accurately conveys all key information.,0.0040724734,5,5,5,5,5,5,October 2023 Recorded as Hottest October in History Worldwide,"Vague with 'in history,' lacks specific temperature context.",0.01217235,4,5,4,4,5,4,6.555793,4.71212,0.90127516,4.8704553,4.8782578,4.7238293,4.794442,6.555793,4.71212,0.90127516,4.8704553,4.8782578,4.7238293,4.794442,6.467942,4.6873684,0.7725284,4.8599577,4.875386,4.667277,4.756551,-1,-1,-1,0,-1,-1,0,-0.08785100000000057,-0.08785100000000057,zero_shot_beats_agentic,"faithfulness, specificity, attractiveness"
94,health,U.S. News & World Report released its new ratings for the best nursing homes in 2019-20 on Tuesday.,original,optimized,69 Texas Nursing Homes Make U.S. News 'Best' Ratings,Highlights the specific number of Texas nursing homes on the list.,0.00013434046,5,5,5,4,5,5,U.S. News & World Report announces 2019-20 best nursing homes ratings,Accurately conveys information but lacks specific details about Texas homes.,7.895496e-05,5,5,3,3,5,4,U.S. News & World Report announces 2019-20 best nursing homes ratings,"Same as zero_shot, with no added value or detail.",7.895496e-05,5,5,3,3,5,4,U.S. News & World Report Releases 2019-20 Nursing Home Ratings,Accurate but similarly lacks detail about Texas nursing homes.,8.583818e-05,5,5,3,3,5,4,6.5353622,4.6942015,0.8758494,4.870807,4.8787575,4.7209835,4.792992,6.5353622,4.6942015,0.8758494,4.870807,4.8787575,4.7209835,4.792992,6.586931,4.703941,0.9747615,4.871458,4.874775,4.7473,4.805682,0,0,0,0,0,0,0,0.05156880000000008,0.05156880000000008,tie_or_mixed,
95,weather,"Waves pummeled the shores of Lake Superior and Lake Michigan early this week as an intense storm system swept across the Great Lakes. Winds howled from the Dakotas through Michigan, and AccuWeather Reporter Blake Naftel witnessed the power of the storm first-hand along the eastern shores of Lake Michigan. Naftel was in Grand Haven, Michigan, on Tuesday morning when 50-mph wind gusts lashed the area. Those strong winds spawned large waves that...",zero_shot,original,Huge storm blows through and makes lake look like raging ocean,Uses vivid language but is somewhat exaggerated and less specific.,0.0047404417,3,4,3,3,2,3,Intense storm brings 50-mph winds and large waves to Great Lakes shores,"Accurate, clear, and provides specific details about the storm.",0.00025831707,5,5,5,4,5,5,Intense storm brings 50-mph winds and large waves to Great Lakes shores,Identical to zero_shot; delivers a clear and specific message.,0.00025831707,5,5,5,4,5,5,Waves Hit Lake Superior and Lake Michigan Amid Severe Storm This Week,Clear and specific but less urgent or compelling compared to the others.,0.0037428509,4,4,4,4,5,4,6.5494123,4.716668,0.85953,4.8717513,4.870765,4.7508698,4.811575,6.5494123,4.716668,0.85953,4.8717513,4.870765,4.7508698,4.811575,6.5592175,4.7124395,0.90355116,4.8709908,4.8786654,4.7331657,4.8072557,-1,-1,-1,-1,-1,0,0,0.009805199999999736,0.009805199999999736,local_reward_overestimates_agentic,"faithfulness, clarity, specificity"
96,travel,"Next month, however, you'll be able to see it from your own moped driven by you.",original,optimized,Uber Is Launching Mopeds in Paris,"Clearly states the new moped offering by Uber in Paris, making it relevant and engaging.",0.78442544,5,5,5,4,5,5,Mopeds available for rent next month for personal exploration,"Accurate but lacks mention of Uber, reducing specificity and attractiveness.",0.00040115666,4,5,4,3,5,4,Mopeds available for rent next month for personal exploration,"Identical to zero_shot with the same strengths and weaknesses, still lacking Uber's name.",0.00040115666,4,5,4,3,5,4,"Next Month, Explore the City on Your Own Moped","Highlights personal exploration, making it very attractive while maintaining clarity and specificity.",0.07577143,5,5,5,5,5,5,5.6464815,4.2316866,0.3498457,4.419306,4.644534,3.7673135,4.0742445,5.6464815,4.2316866,0.3498457,4.419306,4.644534,3.7673135,4.0742445,5.5649595,4.200716,0.33239943,4.3774357,4.630973,3.7570436,4.0113673,1,1,1,0,1,2,0,-0.08152200000000054,-0.08152200000000054,local_reward_underestimates_agentic,
97,weather,"Minnesota resident Carol Bauer captured video of a farmer driving his tractor through his fields as snow fell in Graceville, on November 6. Bauer told Storyful weather conditions this year made it challenging for farmers in west-central Minnesota, leading to low crop production. Many acres were not planted due to a wet summer and fall, and even some hail throughout the year, according to Bauer. ""Farmers had to plant cover crops to stop soil erosion or preventive planting instead of a productive crop,"" said Bauer. ""Now we are trying to finish up with wet fall snow. "" Credit: Carol Bauer via Storyful",zero_shot,original,Minnesota Farms Report Low Yields After 'Extremely Challenging' Weather Conditions,Captures the challenging conditions but adds 'extremely' which isn't supported.,9.124907e-05,4,4,4,4,5,4,Minnesota farmer faces challenges with low crop production amid early November snow,"Accurate and straightforward, clearly presents the situation.",9.504433e-05,5,5,4,4,5,5,Minnesota farmer faces challenges with low crop production amid early November snow,Identical to zero_shot; clear and faithful.,9.504433e-05,5,5,4,4,5,5,"Wet Weather Challenges Farmers in West-Central Minnesota, as Shown in Graceville Video","Specific and contextual, includes location and conditions.",0.00013626796,5,5,5,4,5,5,6.4057865,4.5526567,1.107571,4.751567,4.83354,4.325797,4.550824,6.4057865,4.5526567,1.107571,4.751567,4.83354,4.325797,4.550824,6.228018,4.4310074,1.0808158,4.648526,4.781562,4.099642,4.372191,0,0,0,0,1,0,0,-0.1777685,-0.1777685,tie_or_mixed,
98,lifestyle,"The Wall of Faces campaign has been tracking down photos of the more than 58,000 faces on the Vietnam Veterans Memorial. But images from 11 men from Detroit are missing.",zero_shot,original,Help find photos of these 11 Vietnam Veterans from Detroit,"Clearly states the campaign and the focus on 11 veterans, but lacks specific mention of the Vietnam Memorial.",0.9999497,5,5,4,4,5,4,Campaign seeks missing photos of 11 Detroit veterans from Vietnam Memorial,"Comprehensive and informative, mentioning the campaign and context of the Vietnam Memorial with specifics.",7.4930285e-05,5,5,5,4,5,5,Campaign seeks missing photos of 11 Detroit veterans from Vietnam Memorial,"Identical to zero_shot, effectively states facts with a clear focus on the campaign.",7.4930285e-05,5,5,5,4,5,5,Wall of Faces Campaign Seeks Photos of 11 Missing Detroit Veterans,"Prominently mentions the Wall of Faces Campaign and the specific missing photos, providing clarity and interest.",8.430925e-05,5,5,5,4,5,5,6.5416245,4.7102695,0.8567625,4.871791,4.88062,4.734021,4.8084974,6.5416245,4.7102695,0.8567625,4.871791,4.88062,4.734021,4.8084974,6.583287,4.7127547,0.9564009,4.8708825,4.8792934,4.7368174,4.806503,0,0,0,0,0,0,0,0.04166250000000016,0.04166250000000016,tie_or_mixed,
99,news,"Missouri State Auditor Nicole Galloway has again issued a subpoena to Clay County officials pushing the county to turn over documents related to a citizen-mandated audit. ""Given the past conduct of the county in evading the audit, the subpoena was issued to get answers on behalf of Clay County citizens,"" the auditor's office said in a statement. Sign up for our Newsletters In October, a judge dismissed a lawsuit filed by the Clay County...",agentic_selected,optimized,State auditor again issues subpoena to Clay County in citizen-mandated audit,Directly conveys the main issue with clear context.,6.786616e-05,5,5,5,4,5,5,Missouri Auditor Issues Subpoena for Clay County Audit Documents,Clear and precise but lacks mention of the auditor's name.,5.9537957e-05,5,5,4,4,5,4,Missouri Auditor Issues Subpoena for Clay County Audit Documents,Similar to zero_shot; clear but lacks personal touch with the auditor's name.,5.9537957e-05,5,5,4,4,5,4,Missouri Auditor Nicole Galloway Issues Subpoena to Clay County Officials,"Includes the auditor's name and context, providing a strong headline.",6.325694e-05,5,5,5,5,5,5,6.597362,4.695241,1.03368,4.8752003,4.8834267,4.7047853,4.7937565,6.597362,4.695241,1.03368,4.8752003,4.8834267,4.7047853,4.7937565,6.6108437,4.7029276,1.0435917,4.8764515,4.8819323,4.7239885,4.801329,1,1,0,0,1,1,0,0.013481699999999819,0.013481699999999819,agentic_beats_zero_shot,
100,travel,"Mizner Park, a 28-year-old shopping plaza in downtown Boca Raton, was in need of a refresh after losing some tenants in recent years. Now, the owner is energizing its retail mix with restaurants, bars, stores, entertainment, and some pop-up retailers. H u00e4stens, a company that sells handmade bedding from Sweden, will open in December, according to Mizner Park's management, followed by ...",original,agentic_selected,"Boca Raton's Mizner Park jazzes up plaza with new restaurants, stores, bars and entertainment",Clearly summarizes the efforts to improve Mizner Park and is engaging.,0.00021566793,5,5,5,5,5,5,Mizner Park to Revitalize Retail Mix with New Tenants and Pop-Up Shops,Accurate but lacks the engaging detail found in the original.,8.637798e-05,5,5,4,4,5,4,Mizner Park to Revitalize Retail Mix with New Tenants and Pop-Up Shops,Same scores as zero_shot; content is identical.,8.637798e-05,5,5,4,4,5,4,Mizner Park in Boca Raton to Revitalize Retail Mix with New Tenants,Includes location but slightly less engaging than the original.,7.072595e-05,5,5,5,4,5,4,6.1965966,4.551429,0.5493288,4.752061,4.826253,4.3934298,4.566735,6.1965966,4.551429,0.5493288,4.752061,4.826253,4.3934298,4.566735,6.277313,4.5956335,0.5911131,4.787797,4.846362,4.4919825,4.6371956,0,0,0,0,1,0,0,0.08071640000000002,0.08071640000000002,tie_or_mixed,
